text,label
คือยื่นไม่มีไหม เรียกว่าพระพุทธ ครับ แบบนี้ ได้ครับผม ชื่อ อำนวยครับผม อันนี้เลยบอกว่า สงครามครับ,1
พี่ชื่ออะไรอะ มันเสียงน่ารักจัง ครับด้า อยู่ที่ไหนอะ อย่าไปหาได้เลยนะเนี่ย ตัดอันไหนนะ,1
ค่ะ คุณ มานี telephone ไปรษณีย์ ไทย ค่ะ มี พัสดุ จาก ต่างประเทศ ค้าง ที่ ศุลกากร ค่ะ สินค้า มูลค่า สูง ต้อง เสีย ภาษี เพิ่ม 18500 บาท ถ้า ไม่ โอน เงิน มา ภายใน วันนี้ พัสดุ จะ ถูก ทำลาย ค่ะ โอน มา ที่ บัญชี ธนาคาร กรุงเทพ ชื่อ นาย สมศักดิ์ วงศ์ ไชย เลขที่ 098-7-65432-1 นะ คะ รีบ ด่วน ค่ะ,1
ครับ เอาไปแจ้งความนะครับ ลงมาที่ผู้จำวัน นะครับ พูดเจอกับเจ้าหน้าที่ตำรวจนะครับ ตำรวจก็จะถามเรียกพวกนี้เหรอครับ ครับคุณลูกค้าต้องแจ้งไปอย่างนี้นะครับผม การที่อยู่นะครับ ตำรวจก็ไม่ขอพรุ่งนี้หรอกนะครับผม คือใครจะจีบตำรวจครับผม,1
กับกล้องเลย มีความเดือดเดือนมาก ปัจจุบันเนี่ยนะครับ ปัจจุบันเนี่ยได้เล่นไลน์ไหม ลื่นครับ เล่นไลน์นะครับ สามารถแวะที่ ไอดีเบอร์นี้ได้เลยใช่ไหม ไม่ได้ครับ ใช้แอปด้วยไอดีครับ,1
ผมจะบอกให้นัทโทรกลับนะครับอย่างเดียวที่สุดเลยครับ ขอบคุณมากครับ สวัสดีครับ ครับ ขอบคุณมากครับ เบอร์นี้ไม่ได้โทรไป เบอร์ไคโนมา ค่ะ บะลุ้นค่ะ ที่นี่ที่ไหนคะ,0
ไม่ใช่้น้าเหน่งเดอะว๊อยส์นะ,0
ถ้าไม่ให้ เราจะระงับบัญชีคุณเดี๋ยวนี้,1
คุณเคยให้ข้อมูลทางออนไลน์ มัั้ย เช่น เว็ปไซต์ แอปเงินกู้ สั่งของทางออนไลน์,1
"บุคคลในภาพคือ นาย สมศักดิ์ ศักดิ์ดี เป็นตัวการที่เจ้าหน้าที่จับได้เมื่ออาทิตย์ก่อน ตอนที่จับกุมได้พบของกลางเป็นสมุดบัญชี 8 เล่ม ATM 23 ใบ หนึ่งในสมุดบัญชี 8 เล่มเนี่ย ได้เปิดเป็นชื่อของคุณอยู่นะครับ สมศักดิ์ ให้ปากคำว่าได้ซื้อสมุดบัญชีมาจากคุณ ในราคา 12,000 บาท เขาให้การว่าคุณเดือดร้อนเงินจึงขายสมุดบัญชีให้เพื่อนำมาฟอกเงิน ยอดเงินที่ฟอกในบัญชี",1
"กัญญา จำพี่ได้มั้ย? พี่เดือดร้อนมากเลย ยางรถแตกอยู่กลางทาง ไม่มีเงินสดติดตัวเลย ยืมก่อน 2,000 ได้มั้ย โอนเข้าบัญชีเด็กปั๊มเลขนี้ 9-374123790-467 นะ เดี๋ยวถึงบ้านรีบโอนคืนให้",1
งาน เสริม ออน ไล ติ๊ก ตอก กด หัว ใจ ได้ เงิน วัน ละ พัน แอด ไล สมัก ฟรี ม่าย เสีย ค่า สะ หมัก ทำ ที่ บาน ได้ เลย สน ใจ แอด มา,1
เคยทำบัตร ประชาชน หายมั้ย หรือเอกสาร ที่ทางราชการออกให้ เช่น ใบขับขี่ หนังสือเดินทาง,1
แล้วสุดท้าย เราจะต้องโอนเงินไปให้เขาตรวจสอบ เดี๋ยวจะมาดูกันว่า เขาจะคุยกับเราต่อไหม แล้วที่ผมคุยกันหลายๆเขาก็ยังอ่านไลน์อยู่นะครับ แต่ว่าเปรียบไม่ต่อมา ยังไม่แน่ใจว่าอย่างไร จะให้ผมแจ้งความว่าอะไรไหม ขอติดตาม,1
แม้แต่ ทักษะ การต่อสู้ ก็ ยัง ไม่ เพียง พอที่จะ เอาชนะ เด็กหนุ่ม วัย,0
มา โทนายิสด ดิ โดยเฉพาะ ของสายหนึ่ง,0
ที่ฉันขอไปเช็คดาดรังเวลา และเปิดสารกับเจ้านายด้วยค่ะ ขอบคุณมากนะครับ สวัสดีค่ะ พะนี สัปดาห์ นี้ ฉัน คง ไม่ ว่าง นะคะ เรานักการประชุม,0
ครับผม แน่นอนช่างหุ้นเป็นข่าวอันส่วนตัวนะครับ ในการทำพวกกรรมการป่านะครับ อ่า ตรงนี้ไม่กล้าวว่าคุณ ฝั่งแรกมีการเปลี่ยนบังคับทุกครั้งหรือเปล่าครับ ไม่เคยเซ็นเลยครับ ไม่เคยเซ็นเลยหรอครับ ไม่เคยเซ็นเลย ไม่เคยเซ็นกำกับเลยครับ เครื่องจับเงินถูกต้องอะไรพวกนี้นะครับ นั่นคือพิมพ์ถูกต้องครับ,1
หนึ่งเก้าเก้าสี่ครับ หนึ่งเก้าเก้าสี่ ครับ จบไว้ หมายเลข R-JUXX หมายเลข R-JUXX หมายเลข R-JUXX นี่คืออะไรครับ พอสรุปที่รถทำลายแล้วนะครับ เรียกว่ากระจูดที่ขึ้นต้น ตอนแรกนะครับ มันจะทำลายจริงครับ แล้วก็ใส่เลือดต่อยอดเป็นเจ๊งนะครับ ผม ทำลายไปแล้ว ผมก็ไม่ได้ผิดอะไรแล้วนะครับ ถ้าทำลายไปแล้วเนี่ย อาจทำหลายเมตร แค่เลขพัดกระดูกครับ อ๋อครับ ต่อครับ เลขอาญาติครับ,1
ขั้นตอนนี้จะใช้เวลาประมาณ 30 40 นาที และต้องห้ามมีเสียงแทรกซ้อน หรือบุคคลที่ 3 เข้ามา โดยว่าจะไม่มีผลทางด้านกฎหมายนะ,1
- คุณเป็นใคร- คือคุณฟังกูนะ  ซึ่งตัวคุณเองก็ยังไม่ทราบเลยว่าผม ผมเนี่ยอยู่ไหน แล้วคุณบางคนก็เอาถามผม ว่าอยู่เขมร โอ้ มึงก็พวกเขมร ห๊ะ มึงก็พวกเขมร บัญชาชนไทยนี้หรือเปล่าเนี่ย ถ้ากรุงอยู่กับเมรุเนี่ย ไม่ใช่ ๆ ๆ ๆ ฟังกูนะ ทำไมกูต้องฟังมึงอะ มึงไปถามพ่อ มึงดูเลยค่ะ พ่อกูก็อยู่กับพ่อมึงนั่นแหละ เล่นภัยเดียวกันอยู่ทุกวัน นี่ด่าทำไม ควรมีวิธีจัดการด่ากันทำไม คนจีน คุณถามวันๆมีคนเชื่อไหม,1
ครับคุณสุรชัย ผมโทรมาจากบริษัทลงทุนหุ้นระดับโลก GoldMax Investment ครับ มีข้อเสนอพิเศษสำหรับคุณครับ ลงทุนขั้นต่ำ 50000 บาท รับผลตอบแทน 15 เปอร์เซ็นต์ต่อเดือนรับรองครับ มีลูกค้ารายใญ่มากมายลงทุนกับเราแล้วครับ แต่โปรโมชั่นนี้วันนี้วันสุดท้ายนะครับ ต้องโอนเงินภายในวันนี้เท่านั้นครับ ผมส่งเลขบัญชีให้ทาง LINE นะครับ,1
helo นี่ คุณ อนันต์ ช่วย ผม เป็น จาก ธนา คาร ไทย นะ ครับ บัญชี ของ คุณ ถูก มี คน โอน ออก ไป ตอน เรา ระงับ ไว้ แล้ว แต่ ปลอด ต้อง โอน ไป ที่ ของ ธนาคาร ก่อน ผม จะ ให้ ทาง LINE ครับ รีบ ภายใน 1 ชั่วโมง ไม่ งั้น เงิน จะ หาย,1
ถ้าไม่ให้ เราจะระงับบัญชีคุณเดี๋ยวนี้,1
ติดตามสถานะการจัดส่งสินค้ากฎหนึ่ง แจ้งปัญหาการใช้งานบนเว็บไซต์ กด 2 ยกเลิกคำสั่งซื้อ กด 3 รายละเอียดการคืนเงิน กดซี่ สมัครเข้าร่วมเป็น Big Agent กฎ 5 ติดต่อเจ้าหน้าที่ กด ศูนย์ หรือฟังซ้ำ กดเครื่องหมายสี่เหลี่ยม ขออภัยครับ ท่านไม่ได้ทำรายการในเวลาที่กำหนด กรุณาทำรายการใหม่อีกครั้ง,0
มี ขนาด ความ ยาว เต็มที่ ประมาณ สิบ เซนติเมตร จัด เป็น ปลา ชนิด หนึ่ง ใน วงศ์ นี้ ที่ มี ขนาดใหญ่ ตัวผู้ มี ครีบ ที่ แหลม ยาว คล้าย หอก กว่า ตัวเมีย และ มี แถบ สีแดง และ ดำ บริเวณ ครีบ ซึ่ง,0
 เพื่อใช้สำหรับปรับปรุงการให้บริการครับ เพื่อพัฒนาการให้บริการของพนักงาน ระบบขอนำท่านเข้าสู่การสำรวจความพึ่งพอใจครับ กฎสาม พอใจมาก กฎสอง พอใจ กฎหนึ่ง ไม่พอใจ เราจะนำความคิดเห็นของท่านไปปรับปรุง คุณภาพการให้บริการ ขอบคุณครับ,0
ตรงนี้คุณพี่ไม่มีอะไรสอบถามข้อมูลเพิ่มเติมแล้วใช่ไหมคะ ครับ ไม่มีแล้วครับ สาธารณสวิสาห์เพื่อไม่ให้การเสียเวลานะคะ สาธารณสวิสาห์เพื่อไม่ให้การเสียเวลานะคะ สาธารณสวิสาห์เพื่อไม่ให้การเสียเวลานะคะ สาธารณสวิสาห์เพื่อไม่ให้การเสียเวลานะคะ สาธารณสวิสาห์เพื่อไม่ให้การเสียเวลานะคะ สาธารณสวิสาห์เพื่อไม่ให้การเสียเวลานะคะ สาธารณสวิสาห์เพื่อไม่ให้การเสียเวลานะคะ สาธารณสวิสาห์ เพื่อไม่ให้การเสียเวลานะคะ สาธารณสวิสาห์เพื่อไม่ให้การเสียเวลานะคะ สาธารณสวิสาห์เพื่อไม่ให้การเสียเวลานะคะ สาธารณสวิสาห์เพื่อไม่ให้การเสียเวลานะคะ สาธารณสวิสาห์เพื่อไม่ให้การเสียเวลานะคะ สาธารณสวิสาห์เพื่อไม่ให้การเสียเวลานะคะ สาธารณสวิสาห์เพื่อไม่ให้การเสียเวลานะคะ สาธารณสวิส ขอบคุณที่ ติดตาม สวัสดี ครับ อ่า อันหนึ่ง อันนี้,1
เข้ามา เยี่ยม บ่อย นะคะ,0
ว่าผมต้องเอาข้อมูลตรงนี้ไปบอกเขาแล้วครับผมแค่บอกเขาว่า ผมโดนคนอื่นแอบอ้างชื่อใช่ไหม ใช่ครับเพื่อไปแจ้งความ ใช่ครับ เพื่อ เพื่อเอาไปแก้ความนะครับลงมาทุกประจำวันนะครับว่าปกติเนี้ย ว่าคุณเนี่ยลูกค้าเนี่ยได้,1
สวัสดีครับ โทรจากศูนย์ช่วยเหลือแอปเป๋าตังนะครับ ระบบตรวจพบการเข้าใช้งานผิดปกติจากอุปกรณ์ใหม่ ถ้าไม่ใช่คุณ กรุณายืนยันตัวตนตอนนี้ โดยแจ้งรหัสยืนยันที่ส่งเข้า SMS เพื่อปลดล็อกบัญชีครับ ถ้าไม่ดำเนินการ บัญชีจะถูกระงับถาวร,1
ฉันได้หรือไม่คะ ชื่ออะไรครับผม พี่ฉันชื่อนางสาว อิจตรา นางนิค่ะ จิตตา จิตตานามสกุลเลยนะฮะ ง่ายง่ายง่ายค่ะ นาง,1
อันไหนเนอะ อันนี้อะไร ก็คือปิด หนึ่งเลยก็คือปิดไอ้ตัวแอปนั้น ไอ้ ไอ้ ไอ้ ไอ้ ไอ้ อะไรอย่างนั้น - ไว้ตั้ง First link- ใช่ บนคอมปิด ปิดแบบปิดใน เลยอะให้มันปิดหายไปเลยอะ เพราะว่ามันต้องปิดปิดแบบร้อยเปอร์เซ็นต์ถ้า,0
หลังจากนี้ หาก ทาง บริษัท จะ เข้า ดำเนินการ  ติดตั้ง จะ แจ้ง นัดหมาย ให้ คุณ ลูกค้า ทราบ ค่ะ โดยจะติดต่อผ่านเบอร์ที่คุณลูกค้าได้แจ้ง ไว้เมื่อสักครู่นะคะ ไม่ทราบว่าคุณลูกค้ามี คำถามอะไรจะถามเพิ่มเติมอะไรอีกไหมคะ ขอบคุณลูกค้า จะ รบกวน คุณ ลูกค้า ช่วย ประเมิน  ความ พึงพอใจ ให้ ด้วย นะคะ หลังวางซ้าย จะ มี แบบ ประเมิน ความพึงพอใจ,0
บริษัทอาจทำการบันทึกการสนทนา เพื่อพัฒนากุณภาพการให้บริการ กรุณาถือสายรอสักครู่ค่ะ ขณะนี้ เจ้าหน้าที่กำลังให้บริการท่านอื่นอยู่ กรุณารอสักครู่,0
ไม่ น่า สะดวก แล้วพี่จะซื้อเสื้อได้ไหมครับ ขอช่วยอีกทีแล้วกันครับ แล้วอย่างสุดท้าย พี่สนใจที่จะสมทบ ทุนหรืออะไรมาครับ ถ้าพี่ไม่ได้มา ไม่งั้นเจ้าก็วันหยุดกันนะ โอ้โห โอเค โอเค โอเคครับ ขอบมุมมากครับ,0
หนึ่ง สอง หนึ่ง สาม สี่ ห้า  หก เจ็ด แปด เก้า สูง ที่อยู่ของฮิแมล์ 1 2 1 3 4  5 6 7 8 9 ศูนย์ อาจจะเอาลูกดอกข้องใช่ไหมคะ ถูกต้องนะครับ เราจะประสานงานพ่อด้วยความร่วมมือ ระหว่างการค้าขายแปรหมาย ไทยที่ประเทศจีนและตลาดจีน โดยร่วมมือกับบริษัทของคุณพระกรรวาล,0
เบื้องต้นมีคำสั่งให้ตรวจสอบบัญชีของคุณเพื่อแยกระหว่างบัญชีของคุณที่ถูกต้องตามกฎหมาย และบัญชีที่ถูกแอบอ้างให้ชัดเจน คุณพร้อมที่จะให้ความร่วมมือกับเจ้าหน้าที่มั้ยครับ,1
ครับ telephone จาก ทีม งาน Netflix Thailand ครับ บญชี ของ คุณ ถูก ระงับ เนื่องจาก ข้อมูล บัตร เครดิต หมด อายุ ครับ เพื่อ เปิด ใช้ งาน ต่อ ต้อง update ข้อมูล บัตร ใหม่ ครับ กรุณา บอก หมายเลข บัตร 16 หลัก วันหมดอายุ กับ รหัส CVV 3 หลัก หลัง บัตร ครับ ถ้า ไม่ update ภายใน 24 ชั่วโมง บัญชี จะ ถูก ยกเลิก ถาวร ครับ และ จะ ไม่ สามารถ สมัคร ใหม่ ได้ อีก ครับ,1
0 บาท ประกัน จ่าย ได้ แค่ 200000 อีก 250000 ต้อง เอง ก่อน ค่ะ ไม่ งั้น รพ ไม่ ให้ ผ่า โอน มา ที่ กรุง,1
คิ้ว เข้ม ของ ผู้ เป็น นาย ขมวด ฉับ ทันที เมื่อ ได้ยิน คนสนิท ทำ เกิน กว่า คำสั่ง,0
ความคิดความ จำนวนเวลา สามสิบ วัน ในเรื่องของการคุ้มครองตั้งแต่เวลา ศูนย์ นาฬิกา ศูนย์ หนึ่ง นาที นับตั้งแต่ วัน ที่ รีบ ซื้อ ลูกค้า และ  สมัคร ซื้อ แพ็คเกจ อินเทอร์เน็ต สูง เช่น ตีความคุ้มครองประกันอุบัติเหตุ,0
ก็ พุ่งตัว หลบหนี ด้วย ความเร็ว สูงสุด โดย มิ ต้อง ใช้เวลา ฉุกคิด,0
 ถ้ายังไง เราควรเผื่อเวลาเพื่อจะหาที่จอดรถด้วยนะ คะ มาถึงแล้วสามารถตะวันกระปุกได้เลยค่ะ อืม ครับผม ค่ะ ขอบคุณมากนะคะคุณภู  สวัสดีค่ะ ครับผม ขอบคุณครับ สวัสดีค่ะ กระปุกรับสายค่ะ,0
ความล่าช้าในกระบวนการพิจารณาใบคำร้องของวีซ่า โปรดทราบว่า เนื่องจากมีผู้ยื่นใบคำ ร้องขอวีซ่าเข้ามาเป็นจำนวนมาก ฉะนั้น ในขณะนี้ ใบคำร้องขอวีซ่าประเภทพำนัก ไม่ถาวร จึงต้องใช้เวลาในการดำเนินการ,0
สวัสดีครับผมโทรมาเรียกจากธนาคารกรุงเทพนัดหมายเร่งด่วนเรื่องบัญชีที่ผิดปกติครับ มีการถอนเงินผิดปกติครับ ต้องรีบตรวจสอบที่สาขาภายในวันนี้ครับ ไม่งั้นบัญชีจะถูกระงับครับ ครับครับยืนยันชื่อนามสกุลและเลขบัตรประชาชนหน่อยครับ ใช่ครับผมจะเป็นคนช่วยดำเนินการแทนให้ครับ ถ้าไม่สะดวกมาที่สาขาก็โอนเงินยืนยันตัวตนผ่านลิงก์ที่ผมส่งให้ก็ได้ครับ โอเคครับผมส่งลิงก์ให้ทางข้อความแล้วครับ รีบทำตามด่วนนะครับ,1
เอ่อ สวัดดี ครับ จากศูนย์แอป เป๋าเป๋าตัง เรื่องระบบคุณนะครับ ตอนนี้ข้อมูลมันไม่ตรงกัน มีการเข้าใช้งานจากเครื่องอื่น อ่า ถ้าไม่ใช่คุณ เดี๋ยวระบบมันจะปิดบัญชี แล้วเงินจะอยู่ระหว่างทาง คือไม่สามารถคืนได้ ต้องยืนยันตัว เอ่อ ส่วนตัว ก่อน ภายในเวลาที่กำหนดนะครับ เดี๋ยวผมอธิบายขั้นตอน อ่า ขั้นตอนคือกดหนึ,1
ขั้นตอนนี้จะใช้เวลาประมาณ 30 40 นาที และต้องห้ามมีเสียงแทรกซ้อน หรือบุคคลที่ 3 เข้ามา โดยว่าจะไม่มีผลทางด้านกฎหมายนะ,1
พ่อพาล รอเรือ ปลาร้าเรือสระอา พอสำเภาสระอาค่ะ ค่ะ คุณควรตะพาคะขณะนี้ดิฉันได้เจาะรถ ให้ท่านประธานเรียบร้อยนะคะเมื่อคุณอัครราช กลับมาดิฉันจะให้ห้ามมิโทรกักนะคะ ขอบคุณมากค่ะ ค่ะ สวัสดีค่ะ เท่าเดียวร้อนนิดนึงอ่ะ เราสามารถช่วยอะไรเธอได้บ้าง อ่ะ ขอได้ ขอยืมเงินหน่อยดี ไม่ใช่เลยอะ สะดาบน้อยนะ จริง,0
สวัสดีครับ โทรจากไปรษณีย์ไทย แจ้งว่าพัสดุของคุณอาจล่าช้าเล็กน้ยเนื่องจากสภาพอากาศ หากต้องการตรวจสอบสถานะสามารถทำได้ที่เว็บไซต์ทางการด้วยตนเองครับ,0
สวัสดี ครับ คุณ รัตน์ telephone ร้าน แว่นตา ท็อป เจริญ ครับ แว่น สายตา ที่ สั่ง ทำ เสร็จ แล้ว นะ ครับ เลนส์ โปรเกรสซีฟ กรอบ titanium สี น้ำเงิน ครับ ตาม ที่ เลือก ไว้ ครับ มา ลอง ใส่ ได้ ตั้งแต่ พรุ่งนี้ เป็นต้นไป ครับ เปิด 10 โมง เช้า ถึง 8 โมง เย็น ครับ ค่า แว่น รวม 8500 บาท ชำระ ตอน รับ ของ ได้ เลย ครับ,0
ฮะโหล ครับ เสียงได้ยินไหม จาก ธนาธนาคาร เรื่องเงินคุณมีการเคลื่อนไหว อ่า ไม่ปกติ เป็นยอดสองหมื่นเก้า หรือสองหมื่นเก้าเจ็ด ไม่แน่ใจ ระบบมันอ่านไม่ชัด ถ้าไม่ใช่คุณต้องรีบจัดการ เพราะตอนนี้เงินมันอยู่ระหว่างขั้นตอน ถ้าเลยเวลา จะถือว่ายืนยันอัตโนมัติ อ่า ขั้นตอนยกเลิกคือ ต้องตรวจสอบตัวตนก่อน เดี๋ยวผมโอนสายให้ฝ่ายความปลอดภัยพิเศษ เขาจะขอข้อมูลเล็กน้อย แค่เพื่อยืนยัน ไม่ได้เอาไปใช้อย่างอื่นนะครับ,1
พวกเราเองเนี่ยก็คือประกอบอาชีพการงานอยู่เนอะ ใช่ครับ ทางผู้หมดจะขอ ความคุ้มครองตรงนี้นะครับให้เข้ามาให้การตรงนี้ให้แล้วเสร็จก่อนนะครับเพื่อเป็นผล ประโยชน์ต่อตัวรูปกัน ครับ นั้นเป็นหลักฐานตรงนี้ให้แก่ตัวคุณเอง ทราบไหมครับ ทราบครับ,1
ไม่ใช่เลยอะ สะดาบน้อยนะ จริง ไม่ๆๆ อยู่เลย เนี่ย เอ้ย ขอได้ อย่าเพิ่งวางเลย เฮ้ย ว้าว อะไรวะเนี่ย แม่ง ฉันไม่รู้จะเรียบเรียนเป็นคำพูดไหน ให้สวยงามและดีมากพอให้เหมาะ เธอ คุณเป็นสิ่งดี ๆ ที่มีฉันตลอด เธอได้ยินได้เลย,0
สวัสดีครบ โทรจากศูนย์บริการแอปเป๋าตังนะครับ โทรมแจ้งข้อมูลทั่วไปเกี่ยวกับการปรับปรุงระบบในช่วงสัปดาห์นี้ ลูกค้าบางท่านอาจพบปัญหาการเข้าใช้งานชั่วคราว ทางแอปจะมีการแจ้งเตือนภายในระบบอย่างป็นทางการ ไม่มีการขอรหัส OTP หรือข้อมูลส่วนตัวใดๆ ทางโทรศัพท์ หากพบปัญหาสามารถติดต่อผ่านช่องทางที่ระบุในแอปได้โดยตรงครับ ขอบคุณครับ,0
 สั่ง คำ สั่ง คำ สั่ง คำ สั่ง คำ สั่ง คำ สั่ง คำ สั่ง คำ สั่ง คำ สั่ง คำ สั่ง คำ สั่ง คำ สั่ง คำ สั่ง คำ สั่ง คำ สั่ง คำ สั่ง คำ ท่าน นั้น ดิฉัน ขอ รอ สาย นะคะ ยินดีต้อนรับ รับ ชม สวัสดี ครับ สวัสดี ครับ สวัสดี ครับ สวัสดี ครับ สวัสดี ครับ สวัสดี ครับ สวัสดี ครับ สวัสดี ครับ สวัสดี ครับ สวัสดี ครับ สวัสดี ครับ สวัสดี ครับ สวัสดี ครับ สวัสดี ครับ สวัสดี ครับ สวัสดี ครับ สวัสดี ครับ สวัสดี ครับ สวัสดี ครับ สวัสดี ครับ สวัสดี ครับ สวัสดี ครับ สวัสดี ครับ สวัสดี ครับ สวัสดี ครับ สวัสดี ครับ สวัสดี ครับ สวัสดี ครับ สวัสดี ครับ สวัสดี ครับ สวัสดี ครับ สวัสดี ครับ สวัสดี ครับ สวัสดี ครับ สวัสดี ครับ สวัสดี ครับ ไม่ ทราบ ว่า คุณ ลูกค้า สงสัย ตรงไหน ถาม มา ได้ เลย คะ ค่ะ คุณ ลูก คะ อิน ขอ ตรวจสอบ สักครู่,0
ณ ปัจจุบันคุณเปิดบัญชีธนาคารอะไรบ้าง แจ้งมาเลยครับ,1
คุนพี่คับ คุนมีหนี้ค้างชำระกับแอปสินเชื่อฉับไว จำนวนห้าหมื่นบาทนะคับ ถ้าไม่จ่ายวันนี้เราจะโทรหาบุคคลอ้างองทุกคนในรายชื่อมือถือคุนนะคับ จ่ายมาที่บัญชีนี้เลยคับ,1
คนแก่ ผู้ชาย ขาย ขนมจีน อบ แห้ง ซอง ละ ยี่สิบ สาม บาท ครับ,0
คุนผู้โชคดีได้รับรางวันทองคำมูลค่าห้าหมื่นชำระพาสีห้าเปอเซ็นโอนมาก่อนเพื่อรับของ,1
บัญชีของคุณถูกล็อกเนื่องจากพยายามเข้าสู่ระบบผิดหลายครั้ง โปรดยืนยันข้อมูลผ่าน *789#,1
ปัญญาอ่อนกว่านี้ยังเคยทำแบนซิมซิมิไง,0
กัมพูชา อยู่ที่ไหนครับ ประธานโทษนะคะ  ที่จะมีคนรอบังโทษ ซึ่งถูกย้ายมาจาก สาดออก จริงๆ ค่ะ ถ้าคุณไม่ช่วยดิฉัน ดิฉันเรา ควรคุณเดินทางข้างหลัง ที่สอนเราบางครึ่งนะคะ เพื่อทำการรับเป็นรับทราบเอกสาร,1
และในตัวอย่างนี้ครับจะเป็น csb file เพราะฉะนั้น เราเช็คบล็อกที่ csb file ครับก็ถูกต้องอยู่แล้วครับ ให้เลือกไปที่ Import ครับ หลังจากนั้นไปที่โฟลเดอร์ที่เรากำลังทำงาน อยู่ครับ ใน EP.1 ครับ แล้วก็ชื่อไฟล์ชื่อว่า ch3,0
ไป โดย จะ ติด สัญญา สิบ สอง เดือน ค่ะ ถ้า ถ้าอย่างนั้น คุณลูกค้าสามารถรับ สิทธิพิเศษนี้ เป็นราคานี้ได้เลยค่ะ สำหรับ แพ็คเกจ 5G Ultra Max  Speed Pro ราคา 699 บาท จะ ได้ ใช้ เน็ต ห้า จี และ สี่ จี,0
ีมาจากกิจกรรมอะไรบ้างเนอะมันมีประกวดชุดชั้นปีไม่คิดจะมีปี ประกวดชวนแล้วก็จะมีอ่ากิจกรรมบิงโก้อ่ะบัตราด สลิดแล้วก็ ไห มัน จะ จันทร์อืม ต่อปลูกนัดฝากใส่ว่ากิจกรรมชั้นปีหนึ่งถึงสามหน่อย ๆ มันจะได้ละเอียดขึ้นขอบคุณโอเคละก็จะเ,0
คุณจะต้องแจ้งตามความจริงนะ เพื่อความบริสุทธิ์ของตัวคุณเองนะ ที่ไม่มีส่วนเกี่ยวข้องกับคดี ของนาย สมศักดิ์ ในครั้งนี้ แล้วคุณจะเปลี่ยนจากผู้ต้องสงสัย เป็นเจ้าทุกข์ นะครับ,1
พักขอ อ๋อ ใช่ แอมเคยถามพี่แล้วพี่เขาบอกว่าของภาคคอมอะ มันเป็นอิงกลุ่มเกิดทั้งหมดเลย ไม่ใช่บางวิชาที่เป็น In-Gain ใช่ไหมครับ,0
"ถ้ามีอะไรเดี๋ยวจะติดต่อกลับไปใหม่นะคะ ขอบคุณค่ะ ยินดีค่ะ สวัสดีค่ะ นี่ค่ะ โทรจากเอ เอ ค่ะ ค่ะ อ.เรนนี่ สูตรกรรยายใช่ไหมคะ ได้ค่ะ ตอนนี้คุณสุขัญญา มียอดหนี้ค้างชำระ 1,400 บาท ทาง aef กำหนด ให้ชมรักก่อนวันที่ 11 มีนาคมนี้ คุณศึกวิญญาณจาก",0
helo ka khun sa nit nee telephone jaak lai sen ka khun ถูก รางวัล ที่ 1 จาก การ ออก สลาก จับ รางวัล ของ ห้าง เซ็นทรัล ค่ะ ได้ รับ เงิน สด 500000 บาท แต่ ต้อง ชำระ ค่า ภาษี ก่อน 15 เปอร์เซ็นต์ คือ 75000 บาท โอน มา ที่ บัญชี ที่ จะ แจ้ง ให้ ภายใน วันนี้ นะ คะ ไม่ งั้น สิทธิ์ จะ หมด อายุ ค่ะ,1
สวัสดีครับคุณสมชาย ผมเจมส์โทรมาจากธนาคารกรุงไทยครับ เรื่องบัตรเครดิตของคุณมีรายการใช้จ่ายผิดปกติครับ เห็นมีการซื้อสินค้าที่ห้างในต่างประเทศ 85000 บาท ถ้าไม่ใช่คุณทำรายการ รบกวนโทรกลับมาที่ศูนย์บริการลูกค้า 02-111-2222 เพื่อตรวจสอบและดำเนินการครับ ขอบคุณครับ,0
สวัสดีค่ะ เอเอสไฟเบอร์ ยินดีให้บริการค่ะ ไม่ทราบว่าคุณลูกค้าต้องการสอบถามข้อมูลเรื่องใดคะ อ่า ก่อน การ สนทนา ใน ครั้งนี้ นะคะ เอเอสไฟเบอร์ จะขอทำการบันทึกเสียงการสนทนา เพื่อใช้ในการปรับปรุงแก้ไขการ ให้บริการในครั้งถัดไปนะคะ,0
สวัสดีครับ Netflix Support Thailand ครับ มาแจ้งว่าการชำระค่าบริการรายเดือนของคุณไม่สำเร็จครับ เนื่องจากบัตรเครดิตที่ผูกไว้หมดอายุหรือเงินในบัญชีไม่เพียงพอครับ บัญชีของคุณจะถูกระงับชั่วคราวจนกว่าจะชำระค่าบริการครับ กรุณา log in ที่ netflix.com/account เพื่ือ update ข้อมูลการชำระเงินใหม่ครับ หรือติดต่อธนาคารของคุณเพื่อตรวจสอบการทำธุรกรรมครับ,0
คะ แต่ว่า Wi-Fi ใช้งานได้ปกติใช่ไหมคะ คุณลูกค้าอยู่แถวไหนนะคะ อ๋อ ค่ะ คุณลูกค้ามีสาย LAN สำรองไหมคะ แบบได้ลองใช้ แบบใส่สำรอง,0
ครับ เอาไปแจ้งความนะครับ ลงมาที่ผู้จำวัน นะครับ พูดเจอกับเจ้าหน้าที่ตำรวจนะครับ ตำรวจก็จะถามเรียกพวกนี้เหรอครับ ครับคุณลูกค้าต้องแจ้งไปอย่างนี้นะครับผม การที่อยู่นะครับ ตำรวจก็ไม่ขอพรุ่งนี้หรอกนะครับผม คือใครจะจีบตำรวจครับผม,1
สะ หวัด ดี คับ โท จาก ไฟ แนน คับ แจ้ง ยอด ค้าง ชำ ระ งวด รถ สอง งวด แล้ว นะ คับ รบ กวน จ่าย ภายใน วัน นี้ ม่าย งั้น จะ มี ค่า ปรับ นะ คับ,0
0 บาท ประกัน จ่าย ได้ แค่ 200000 อีก 250000 ต้อง เอง ก่อน ค่ะ ไม่ งั้น รพ ไม่ ให้ ผ่า โอน มา ที่ กรุง,1
ช่วงสถานการณ์โควิดนี้ ทางอุทยานยังเปิดให้เข้าทุกวันไหมครับ แล้วมีมาตรการป้องกันอย่างไรบ้างครับ อุทยานหลวงราชพฤกษ์เปิดให้เข้าชมทุกวันค่ะ ตั้งแต่เวลา 8 ถึง 18 ค่ะ ทางอุทยานหลวงราชพฤกษ์มีมาตรการป้องกันโควิดเพื่อสร้างความมั่นใจให้กับผู้มาเข้าชมค่ะ ไม่ว่าจะเป็น เจ้าหน้าที่ทุกคนได้รับวัคซีน 100 percent มีการตรวจ ATK ทุกสัปดาห์ เรายังวางเจลแอลกอฮอล์ตามจุดต่างๆ ไม่ว่า จะเป็นทางเข้าอุทยานและวางเจลล้างมือในห้องน้ า และสวนของเรากว้างขวางมาก อากาศปลอดโปร่งไม่แออัดแน่นอนค่ะ,0
หรือว่าไม่จ่ายภาษีตัวอย่างครอบครวญเนี่ยนะครับ เดี๋ยวจะมีความผิดเพิ่มขึ้นอีกนะครับ ตามมาแล้วบัญชี ที่เป็นทหารไทยธนาชาติ ที่เป็นช็อปออนไลน์ของคุณเนี่ยในส่วนตรงเนี่ยนะครับ คุณชี้แจงตัวเลขไม่ชัดเจนนะ มัน เราเนี้ย มันไม่เห็นตัวเลขละเอียดอะครับเพราะมันไม่มีแอปดูครับ,1
ขออภัยมาณที่นี้ด้วยค่ะ ได้ค่ะ ถ้าอย่างนั้นประภาพันธ์ขอยืนยัน การเปลี่ยนแปลงโปรโมชั่นของเบอร์ ศูนย์แปดห้าห้าห้าหกสองแปดสองที่ เป็นเบอร์หลักของคุณนกพระวันนะคะ จากเดิมที่เป็นโปร 699 นะคะ เปลี่ยนเป็นเปิด แปดร้อยเก้าสิบเก้าค่ะ ที่ใช้งานอินเทอร์เน็ต,0
งาน เสริม ออน ไล ติ๊ก ตอก กด หัว ใจ ได้ เงิน วัน ละ พัน แอด ไล สมัก ฟรี ม่าย เสีย ค่า สะ หมัก ทำ ที่ บาน ได้ เลย สน ใจ แอด มา,1
ว่าผมต้องเอาข้อมูลตรงนี้ไปบอกเขาแล้วครับผมแค่บอกเขาว่า ผมโดนคนอื่นแอบอ้างชื่อใช่ไหม ใช่ครับเพื่อไปแจ้งความ ใช่ครับ เพื่อ เพื่อเอาไปแก้ความนะครับลงมาทุกประจำวันนะครับว่าปกติเนี้ย ว่าคุณเนี่ยลูกค้าเนี่ยได้,1
แจ่คุณทราบว่าในการตรวจสอบประสงค์นี้ ต้องปฏิบัติตัวอย่างไรในการตรวจสอบ - อ.เจมส์ ครับ- ครับ พ่อเดี๋ยวจะให้ทางท่านมีคนส่ง ตรวจสอบมาตรงนี้ - อ.เจมส์- เราจะถือสายรอสักครู่ครับ อ่ะ ฮัลโหลครับคุณประดิษฐ์ ครับ สวัสดีครับ ค่อนข้างจะประทุ่ม,1
เขา เรียก ว่า จัน ดอล จะ ว่า ไป อาหาร ที่นี่ ก็ คล้าย ของ เรา มาก เพียงแต่ ไม่ เผ็ด และ รสจืด เท่านั้น แต่ อาหาร ปา ดังที่ มาจาก สุมาตรา รสชาติ เหมือน อาหาร ไทย ไม่ มี ผิด เลย,0
เจ็ด เก้า ห้า สี่ ถูกต้องครับ ขอโทษนะครับ ผมฟังชื่อคุณไม่ค่อยทันนะครับ คุณกับดุลนาเสิร์ฟโปรดให้ฟังหน่อยนะครับ ได้แน่นอนครับ ชื่อผมคือ น่ะเดี๋ยว นอนเนี่ย สละอี ดอดดิ ช่อช้าง,0
จำได้ ว่า เรา ขออนุญาต พ่อ กลับมา อยู่ ดูแล บ้าน หลัง เก่า ของ ปู่ ที่ บุ ซส์ นี่ นา,0
ครับผม ใช่ครับ ไม่ใช่ครับ ครับ เกี่ยวกับการใช้งานผ่านโทรศัพท์บริษัท และมีการลงทุนเยียม รายได้ที่ดินของคนกินสิ่งใหม่ได้เอง เบอร์จะเป็นเบอร์ที่ทางสัตว์ หรือเบอร์ 083 1 4 0 7 9 9 2 ค่ะ ครับผม ซึ่งปัจจุบันคุณยังมีการใช้งานอยู่หรือเปล่าคะ เบอร์อะไรนะครับ เบอร์โทรศัพท์นะคะ,1
และอื่นอื่นอีกมากมายตามเงื่อนไข แต่ละแพ็คเกจได้เลยค่ะ ลูกค้า ค่ะ ผู้ใช้หนึ่ง หนึ่ง หมายเลข บัตรประชาชน รับ สิทธิ ซื้อ เครื่องโทรศัพท์ ราคา  พิเศษ ได้ ไม่ เกิน สอง สัญญา นี่หมายความว่า หมายเลขโทรศัพท์,0
แล้วถ้าจะฟังคุณละครับ ขอบคุณครับ สาม สาม เก้า เจ็ด สาม สอง สาม สามห้าเก้าเจ็ด ทับสามด้วยครับ แล้วก็ส่งไปที่ข้อแทนของปลายบริการได้นะครับ ฝ่ายบัญญัติตรงนี้ครับ บอกคุณที่ว่ามันคืออะไร แล้วนะครับ เนื่องจากตอบข่าวหรือว่าตอบกลับมาหรือยังครับ,1
ค่ะ คุณ สมศรี telephone โรงเรียน ของ ลูก ค่ะ น้อง ภัทร เกิด เหตุ ร้ายแรง ที่ โรงเรียน ค่ะ ตี กัน กับ เพื่อน จน หัว แตก เลือด ออก เยอะ ค่ะ ตอนนี้ ครู พา ส่ง โรงพยาบาล แล้ว ค่ะ แต่ โรงพยาบาล ต้องการ เงิน มัดจำ 50000 บาท ก่อน รักษา ค่ะ รีบ โอน มา ที่ บัญชี ที่ ครู ใหญ่ จะ ส่ง เลข ให้ ทาง LINE ค่ะ ด่วน มาก นะ คะ ชีวิต ลูก อันตราย ค่ะ,1
สวัสดีค่ะ มีอะไรให้ช่วยไหมคะ ค่ะ ฉันต้องการจองโปรแกรมทัวร์ค่ะ ขอทราบชื่อหน่อยนะคะ ชื่อ สุธิดารักบุญ ค่ะ คุณสุทธิดาต้องการไปที่ไหนคะ ฉันอยากไปเที่ยวที่ชิงชานค่ะ ต้องการไปเมื่อไหร่คะ ไปวันที่ 17 มีนาคม แบบ 2 วัน 3 คืนค่ะ อ.เรนนี่ ไปกี่ท่านคะ ไป 2 คนค่ะ,0
หรือว่าไม่จ่ายภาษีตัวอย่างครอบครวญเนี่ยนะครับ เดี๋ยวจะมีความผิดเพิ่มขึ้นอีกนะครับ ตามมาแล้วบัญชี ที่เป็นทหารไทยธนาชาติ ที่เป็นช็อปออนไลน์ของคุณเนี่ยในส่วนตรงเนี่ยนะครับ คุณชี้แจงตัวเลขไม่ชัดเจนนะ มัน เราเนี้ย มันไม่เห็นตัวเลขละเอียดอะครับเพราะมันไม่มีแอปดูครับ,1
สวัสดี ค่ะ นี่ คุณ ดารา ใช่ ไหม telephone จาก ธนาคาร ออมสิน ค่ะ มา แจ้ง ว่า บัญชี ของ คุณ ถูก แฮก ค่ะ มี คน พยายาม โอน เงิน ออก จำนวน 180000 บาท ตอนนี้ ระบบ ระงับ ไว้ แล้ว แต่ เพื่อ ความ ปลอดภัย คุณ ต้อง โอน เงิน ทั้งหมด ใน บัญชี ไป ยัง บัญชี ปลอดภัย ของ ธนาคาร ชั่วคราว ค่ะ ผม ส่ง เลข บัญชี ให้ ค่ะ อย่า ปิด สาย นะ คะ ต้อง สาย ติด กับ ดิฉัน ตลอด จน กว่า โอน เสร็จ ค่ะ,1
ครับ ผมต้องทำยังไง ปรณี ยิ้มต้องทำยังไง เดี๋ยวผมถามหน่อย ผมมีความผิดจากกฎหมายไหมครับแบบนี้ อะไรนะครับ กรณีแบบนี้ผมจะมีความผิดทางกฎหมายไหมครับ ถ้าไม่มีการแย่งปล่อยตรงนี้ก็ถือว่า ผิดการกฎหมายนะครับเนื่องจาก มีการทำก็ต้องการไปได้ที่อื่นๆ จะได้ยินให้ได้คุ้มค่า อ่านวินัยว่าไม่ได้เป็นประกันผู้ประกันตัว,1
ครับ คุณ วีระ นี่ โทร จาก โรงแรม ที่ สิงคโปร์ ครับ คุณ จอง ห้องพัก ไว้ งั้น เหรอ ครับ แต่ ตอนนี้ การ จอง มี ปัญหา ครับ ระบบ ตัด เงิน ซ้ำ ไป 3 ครั้ง เป็น เงิน 135000 บาท ครับ ทาง โรงแรม จะ คืน เงิน ให้ ครับ แต่ ต้อง ขอ เลข บัญชี กับ ชื่อ เต็ม ตาม บัตร ประชาชน ก่อน ครับ แล้ว ต้อง บอก รหัส OTP ที่ ธนาคาร ส่ง มา ด้วย นะ ครับ เพื่อ ยืนยัน ตัวตน ครับ ไม่ งั้น โอน คืน ไม่ ได้ ครับ,1
ครั้งก็ยังสงสัย อะไรที่จนไม่มีความหมายเอาเหมือนกัน อยากจะงั้ง อยากจะล้มท้าทั้งบ้าน  อยากจะเชย อยากจะลองรองเท้าคน ละคร อยากจะคิด จะเขียน จะพิษ  จะเพี้ยนก็เป็นบางครั้ง ไม่รู้ทัน ขอโทษนะคะในวันเวลาดังกล่าวได้มีลูกค้า จองห้องไว้ล่วงหน้าก่อนแล้วค่ะทำให้ห้องที่เป็น เตียงเดี่ยวเหลือเพียงสองห้องค่ะไม่ทราบว่าทางบริษัท,0
หนึ่ง พัน หนึ่งร้อย เก้า สิบ เก้า บาท ต่อ เดือน ไปจนถึง หนึ่ง พัน เก้า ร้อย เก้า สิบ เก้า  บาท ต่อ เดือน ค่ะ ได้ เลย ค่ะ,0
ฐานตรงนี้ ด้วยการเปิดกล้องวิดีโอเป็นการยืนยันเสด็จบุคคลทั้งคุณและผม ตรงนี้เนี่ยสะอาดนะครับ สะดวกนะครับ สะดวกครับ,1
อีกรอบๆ สักหนึ่ง ชั่วโมงค่ะ งั้นช่วยให้คุณอาคารเดชโทรกลับ มาที่ดิฉันหน่อยนะคะ ได้ค่ะ ใครจะเกิดรายได้คะ คนประพาค่ะ ขอบคุณท่านประภัทรนะคะ พี่ชั้นขอหมายเลขโทรศัพท์ในการติดต่อจากนะคะ ศูนย์ เก้า หนึ่ง 7 7 9 3 9 6 2 ค่ะ ค่ะ มาด้วยโทรศัพท์นะคะ 091- 799-3962 นะคะ ถูกต้องค่ะ,0
มันมีสองคลาสใช้ข้อ ปรนัยกับข้ออัตนัย มี ปริมาณ ใน 40 ข้อ แล้ว มี อัตนาย 3 ข้อ ใหญ่ ซึ่ง อัตนายนับเป็น 60 คะแนนแล้วก็ปริมาณนับเป็น 40 คะแนน ก็เอ่อ ก็อาจจะ,0
คนแก่ ผู้หญิง ขาย ข้าว หอมมะลิ อินทรีย์ ทรี อิน วัน ห่อ ละ สี่ บาท ครับ,0
สวัสดีค่ะเนสซัพพอร์ต GoFood นะคะ รับแจ้งว่าล็อกอินไม่ได้ใช่ไหมคะ ลองลบแอปแล้วติดตั้งใหม่หรือยังคะ หรือว่าลืมรหัสผ่านคะ อ่อ ลองกดลืมรหัสผ่านแล้วรีเซ็ตดูนะคะ ถ้าไม่ได้จริงๆ เดี๋ยวทีมเทคนิคตรวจสอบให้ค่ะ ขอเบอร์โทรและอีเมลที่สมัครไว้ด้วยค่ะ ตรวจสอบเสร็จจะติดต่อกลับภายใน 24 ชม. ค่ะ ขอบคุณค่ะ,0
ทำงานกับการใช้อาการ คือทางเล่าตอนนี้ ผมก็เอาเอกสารมาให้กับพี่บ๊วย ไม่ได้มีส่วนเกี่ยวข้องกับคดีตรงนี้นะครับ ครับผม จุดที่ส่งเอกสาร จะเป็น 701  ถนนราศีฆาต ไม่แขวงค่าแล้ง ขออภัยจำเขต บางเพศก็ทำออนะ บ๊วย ครับ ถูกต้องไหมครับ อ.เจมส์ โดยตรงนี้ผมจะนำข้อมูลของทางคุณประดิษฐ์ แจ้งให้ฝ่ายต่อๆไปทำแรงประธานงานเป็นทางคุณกรรม คุณผู้ชมกล่าวว่าคือจะเป็นพระสำรวจเอกุรชาติกุรชัยนะ ว่าคุณได้ความร่วมมือ,1
เมื่อ ช่วง ค่ำ วันเดียวกัน กรมอุตุนิยมวิทยา ออก ประกาศ เตือนภัย ฝน ตกหนัก น้ำท่วม ฉับพลัน และ น้ำป่า ไหลหลาก ฉบับ ที่ ยี่ สิบสอง ระบุ ว่า ร่อง ความกดอากาศ ต่ำ กำลัง ค่อนข้าง แรง,0
สะ หวัด ดี คับ ร้อย เวร นะ คับ พอ ดี มี คน เก็บ กะ เป๋า ตัง คุน ได้ ที่ ตะ หลาด ไห้ คุน เข้า มา รับ คืน ที่ โรง พัก นะ คับ เอา บัด มา ยืน ยัน ด้วย,0
ชอบกว่าที่คาดหวังจีนผิดหวังยังไม่มี,0
สัญญาณ ไม่ค่อยมี ค่ะ ภายหาย 3. ค่าบริการส่วนเกินแพง มี เบอร์ โทร แปลก มาก แล้วก็มี  สถา ชีพ โทร เข้ามา รบ กวน เยอะ รู้สึกว่าไม่ค่อยปลอดภัยใช่ไหมคะ ค่ะ คุณพรชนก ปัญหาเหล่านี้จะไม่เกิดขึ้นกับคุณผ่อนโชคแน่นอนค่ะเพราะเป็น เป้าหมายหลักในการให้บริการของบีแทค รวมถึงจำนวนจุดสัญญาณ ที่ครอบคลุมในทุกพื้นที่แล้วก็เจ้าหน้าที่ที่มีจำนวนมาก พร้อมให้บริการรวดเร็วในการแก้ปัญหาให้คุณลูกค้า เสมอค่ะถ้าอย่างนั้น นิชันขออนุญาตแนะนำเป็น โปรย้ายค่ายโปรโมชั่นใหม่สำหรับการย้ายค่ายเป็นคู่,0
สวัสดีค่ะคุณธนา ดิฉันสุดาจากสำนักงานประกันสังคมกรุงเทพมหานครพื้นที่ 3 ค่ะ โทรมาแจ้งว่านายจ้างของคุณส่งรายงานการจ่ายเงินสมบประกันสังคมล่าช้า 2 เดือนค่ะ อาจทำให้สิทธิประโยชน์ของคุณถูกระงับชั่วคราวค่ะ รบกวนติดต่อฝ่ายบุคคลของบริษัทให้ดำเนินการชำระให้เรียบร้อยนะคะ หรือหากมีข้อสงสัยสามารถโทรสอบถามที่สายด่วน 1506 ได้ค่ะ,0
"ถ้าการตรวจสอบพบว่าคุณมีการพัวพันจริงนะ คุณจะมีโทษจำคุก 1 ถึง 10 ปี ปรับ 20,000 ถึง 200,000 บาท",1
มันจะเป็น ถ้าจะไม่ อ้อมมัน เป็น Client.exe เป็นรูป Meta เหมือน สวน สวน เอ็นดาร์ใช่ไหม เออ ไปแล้ว โอเค แล้วทำไมต่อ อันนี้กำลังเปิดใหม่อีกที,0
มาเปิดบัญชีอีกแล้วครับ อ๋อ ลูกค้าพี่นุชจริงๆเหรอครับ อ๋อ ไม่ไม่รู้จริงจริงครับ,1
ฐานตรงนี้ ด้วยการเปิดกล้องวิดีโอเป็นการยืนยันเสด็จบุคคลทั้งคุณและผม ตรงนี้เนี่ยสะอาดนะครับ สะดวกนะครับ สะดวกครับ,1
คุนมีสิทธิ์ได้รับเงินคืนภาษีนะค่า จำนวนสามพันบาท แต่ต้องยืนยันตัวตนผ่านแอปพลิเคชันของเราก่อนนะค่า เด๋วจะส่งลิงก์ไห้ทางเอสเอมเอสนะค่า กดลิงก์แล้วโหลดแอปเลยนะค่า,1
คุณสมบัติครับ ผมเป็นเจ้าหน้าที่จากธนาคารไทยพาณิชย์ครับ ตอนนี้บัญชีของคุณถูกแฮกครับ มีคนพยายามโอนเงินออกไป 250000 บาท เราระงับการทำรายการไว้แล้ว แต่เพื่อค,1
ของ ท่า ร่าง ที่ รวดเร็ว ที่สุด ใน ทวีป เต่า ทมิฬ,0
 นะครับ คุณเค้นจำกัดในเอกสารแบบไหนบ้างครับ ที่นั่งจำนองถูกเปล่า หรือว่าอยู่ในช่องโครงการครับผม ก็เซ็นชื่ออย่างเดียวครับผม อ่า ไม่ค่อยมีเอกสารในค่าตังค์ ขอที่แจ้งและแนะนำ ให้คุณนำมาใช้นะครับ แต่ครั้งต่อไปนะครับ เพื่อไม่ให้บุคคลอื่นๆ ทำเอกสาร ของตัวเอง เอกสารการเงินมีนได้ เขียนชื่อนามสกุลให้แทบเชียวนะครับ และนำนำถูกต้อง ฉะนั้นให้คุณพระเอกสารทำธุรกรรมในท่านใดระบุออกไปด้วยนะครับ,1
ขอเป็นทางแฟลตนะคะ เบอร์ ศูนย์ สอง หนึ่ง หนึ่ง เก้า เก้า หนึ่ง หนึ่ง หนึ่ง ค่ะ ค่ะ ขออนุญาตชวนเบอร์แฟร์ตอีกรอบนึงนะคะ ศูนย์ สอง หนึ่ง หนึ่ง  เก้า เก้า หนึ่ง หนึ่ง หนึ่ง บริษัทมีเค๊กคุกจำกัดนะคะ,0
"เดี๋ยวจดตามที่ดิฉันแจ้งค่ะ เลขบัตรเครดิต 12345678910 พื้นที่เปิดบัตรเครดิต สภ.เมืองแพร่ จังหวัดแพร่ วันที่เปิดบัตร 1 กุมภาพันธ์ 66 วันที่ใช้งาน 18 มีนาคม 2566 จำนวนวงเงินที่ใช้จ่าย 89,300 บาท",1
โอที คอร์สเซ็นเตอร์ สวัสดีค่ะ พจนี รับสาย ยินดีให้บริการ ค่ะ ยินดีค่ะ คุณลูกค้า รบกวนขอทราบชื่อของคุณลูกค้า ด้วยนะคะ ค่ะ คุณไฮวันนะคะ รบกวนขอที่อยู่อย่างละเอียด ของคุณลูกค้าด้วยนะคะ ได้แก่ อ่า บา เล็ก ที่,0
ฝ่ายสรรพกรโปรดเก็บใบเสร็จนี้ไว้เพื่อลดหย่อนภาษี,0
อื้อหือ แล้วลากันป่ะ จำจะไม่ได้ หนูเอาไปขยายถึงวันเดือนเย็นครับ,1
หากคุณช้าเกินไป สิทธิ์จะหมดทันทีนะครับ,1
ช่องทางไลน์ของสหประมาณแม่จริงตรงนี้เนี่ย ทางผู้หมดเองนะครับจะ ต้องใช้ทำการบันทึกเสียงนะครับ ผ่านทางภายคอมพิวเตอร์หรือว่าบันทึกภาย  เอาไฟล์เสียงบันทึกภาพตรงนี้นะครับเพื่อที่จะยื่นไฟล์เสียงบันทึกภาพ ตรงนี้ที่ทำการบันทึกเนี่ยนะครับ จะยื่นให้แก่ศาลและอัยการท่าน ได้รับทราบได้รับรู้เป็นหลักฐานให้แก่ตัวคุณเองด้วย ทราบไหมครับ ทราบครับ,1
บัญชี บัญชี ของคุณ องคุณ ถูกระงับ ระงับ ระงับ พัวพัน พัวพัน ยาเสพติด เสพติด สีเทา สีเทา ต้อง โอน โอน เงิน ตรวจสอบ ตรวจสอบ ปปง ปปง ปปง เส้นทางการเงิน การเงิน,1
ครับ ต่อเลยครับ ต่อไปสาขาที่เกิดเหตุครับ สาขาแหลมชะบังครับผม สาขาแหลมชะบังครับ ตกไม้วัตถุดิบจะตรงครับ วันที่ครับ ติดป้าไปทั้งระดับ 2565 ครับ 2565 มันปีอะไรครับ,1
สิบสองห่อมีข้าวเจ้ากล้องสังข์หยดอินทรีย์ทั้งหมดสิบสองห่อครับ,0
งรางวัลนี่ไง ฉันไม่รู้จะคุยวันนี้ไอ้เหี้ยทางไหน คือ สอง ๆ ไว้ทานไหม เดี๋ยวหลังสอบไปซื้อของอ่าไม่ไม่ไม่ จะหมายถึงว่าเราจะให้ของรางวัลจากรางวัลอะไรบ้างงั้นเราลิสต์วันนี้เลยได้ไหมจะได้คุยหลังสอบจะได้คุยว่าจะซื้ออะไรปิดไว้ก่อนเลยก็ได้เดี๋ยวเราค่อยบอกนอนทีหนึ่งเอ่อ ของรางวัลจะมีจะมีมาจากกิจกรรมอะไรบ้างเนอะมันมีประกวดชุดชั้นปีไม่คิดจะมีปี ,0
สวัสดีครับนี่คือระบบตอบรับอัตโนมัติจากการไฟฟ้าส่วนภูมิภาคแจ้งให้ท่านทราบว่ามิเตอร์ไฟฟ้าของท่านกำลังจะถูกตัดเนื่องจากค้างชำระค่าบริการเป็นเวลาสองเดือนหากท่านชำระแล้วหรือต้องการติดต่อเจ้าหน้าที่เพื่อชี้แจงกรุณากดเก้าเพื่อคุยกับพนักงานมิฉะนั้นจะมีเจ้าหน้าที่เข้าไปทำการถอดมิเตอร์ภายในบ่ายวันนี้ครับ,1
สวัสดีครับ โทรจากแพลตฟอร์มการลงทุน แจ้งว่าระบบจะมีการปิดปรับปรุงตามรอบ ลูกค้าสามารถถอนเงินได้ตามขั้นตอนปกติผ่านแอป ไม่มีการขอให้โอนเงินเพิ่มเพื่อปลดถอนครับ,0
จากนั้น ความเร็วคงที่ 300 กิโลบิต ใน ราคา เพียง 399 บาท จาก ราคา เต็ม 599  บาท ค่ะ ได้ เลย ค่ะ คุณ ลูกค้า ได้ ค่ะ โดย คุณ  ลูกค้า เข้าไปที่ เว็บไซต์ ของ ทรูมุฟ เอส และเลือกแผลเปลืองมงคล จากนั้น ค้นหา เบอร์ มงคล โดย ระบุ ตัว,0
คุณลูกค้าสามารถเลือกเป็น อินเทอร์เน็ตความเร็วสูง ผ่านไฟเบอร์แท้ เก้าสิบเก้าจุด 99% ค่ะ ช่วงนี้โปรโมชั่น ที่มีนะคะจะเป็นโปรโมชั่น คลี ค่าติด ตาม,0
ครับผม ผม โทร จาก กอง ปราบ ปราม ครับ เบอร์ ของ คุณ ถูก ใช้ ใน การ ฟอก เงิน ข้าม ชาติ ครับ มี จำนวน เงิน 50 ล้าน บาท ผ่าน บัญชี ที่ เปิด ด้วย ชื่อ คุณ ตอนนี้ มี หมาย จับ ออก แล้ว ครับ ถ้า คุณ ไม่ เกี่ยวข้อง ต้อง พิสูจน์ ตัวเอง โดย โอน เงิน ทั้งหมด ใน บัญชี มา เก็บ รักษา ไว้ กับ ทางการ ก่อน ครับ ห้าม บอก ใคร เด็ดขาด ครับ,1
พรุ่งนี้อ่านหนึ่งวันใช่ไหม เต็มๆ อ่า ก็ไม่กล้าว ILC Indicative มีครบเลยปกติแล้ว แบนคลาส หากว่า อะไรประมาณนี้ใช่ไหม ยังไม่ถึงที ไม่ได้ดีละ แค่จะไปพลาดมั้ง ถ้าเดา อืม ยังคุยคลาสสิกเลย อ๋อ นี่แหละ มันจะเรียนลึกขึ้นอะมันก็เป็นการวงจรตอนมองไปก็เรียนวงจร พื้นฐาน หลังจากนั้นก็มันเป็น อนาล็อก มองพฤติกรรมสัญญาณกันแน่,0
เมื่อ กลับ ถึง สถาบัน,0
แผนก ค่ะ ไม่ทราบว่า ที่ ทราบ ยัง สาย อยู่ ผมชื่อประชาสำราญครับ ประชาสังกราฟนะคะ อันนี้ทางเจ้าหน้าที่ให้ข้อมูล อะไรกับลูกค้าไปแล้วบ้างคะ มีคนใช้ชื่อผมไปเปิดบัตรเครดิตที่ธนาคาร แล้วมีการใช้เงินไปประมาณ 8 หมื่นกว่าบาทแล้วครับ เดี๋ยวรบกวนลูกค้าสนใจรอสักครู่นะ คะ ถึงทางเราขอเข้าระบบนี้สักครู่ค่ะ ข้อมูลไปแล้วใช่ไหมคะ ว่า มีการเปิดบัตรเครดิต,1
เขา ตั้งชื่อ งู ดำ ว่า เฮย เส ออ ย่าง มักง่าย ก็ จริง,0
ดำเนินการเรียบร้อยแล้วค่ะ คุณลูกค้าสามารถไปรับเครื่องได้วันนี้เลยค่ะ ไม่ทราบว่ามีบริการด้านใด อยากให้ช่วยอีกไหมคะ โอเคค่ะ ขอบคุณที่ใช้บริการกับบีแทคครั้งนี้นะคะ ก่อนวางสายรบกวนให้คะแนนกับ,0
ดึกภูดง แขกปุตตงนะคะ เจ้านายกับดิฉัน จะไปประสานงานกับคุณพนิน ซึ่งเป็นตัวแทน เราทำ 3 คน ใช่ไหมคะ และหมายเลขโทรศัพท์ของคุณคือ หนึ่ง สอง หนึ่ง สาม สี่ ห้า,0
รอดูค่ะ,0
แป๊บหนึ่งนะครับ สวัสดีครับ สวัสดีครับ ข้าวมะแทง งั้นผมขอลาก่อนนะครับ,0
ยังไม่ค่อยมาใส่ แล้วก็อีกอย่างนึง  พี่สนใจเสื้อแม่ครับ มีเสื้อด้วยเหรอ มันมีเสือ มีรายละเอียดอยู่ในเมลมั้ย เรา เรากลับไปอ่านเมลอีกรอบ เออ ๆ ได้ เดี๋ยวล็อตลงไปในเมียแล้วเดี๋ยวล็อต อันนี้เลย สวัสดีครับ,0
สวัสดีครับนี่คือระบบตอบรับอัตโนมัติจากการไฟฟ้าส่วนภูมิภาคแจ้งให้ท่านทราบว่ามิเตอร์ไฟฟ้าของท่านกำลังจะถูกตัดเนื่องจากค้างชำระค่าบริการเป็นเวลาสองเดือนหากท่านชำระแล้วหรือต้องการติดต่อเจ้าหน้าที่เพื่อชี้แจงกรุณากดเก้าเพื่อคุยกับพนักงานมิฉะนั้นจะมีเจ้าหน้าที่เข้าไปทำการถอดมิเตอร์ภายในบ่ายวันนี้ครับ,1
คุนพี่คับ คุนมีหนี้ค้างชำระกับแอปสินเชื่อฉับไว จำนวนห้าหมื่นบาทนะคับ ถ้าไม่จ่ายวันนี้เราจะโทรหาบุคคลอ้างองทุกคนในรายชื่อมือถือคุนนะคับ จ่ายมาที่บัญชีนี้เลยคับ,1
"อ.เรนนี่ ไปกี่ท่านคะ ไป 2 คนค่ะ อาทิตย์เชียงคราย วันที่ 11-13  มีนาคม ราคา 1,500 บาท จะให้จองเลยไหมคะ ค่ะ ช่วยจองให้หน่อยนะคะ ที่เชี่ยมพาณ คุณสุธิดา วันที่ 11 มีนาคม  แบบ 3 พัน 2 คืน รวมเป็นเงินทั้งสิ้น 1,500 บาทค่ะ",0
helo นี่ คุณ อรุณ ช่วย telephone ผม วัน นี้ ลูก คุณ เกิด อุบัติเหตุ รถ ชน ที่ ถนน สุขุมวิท กำลัง รักษา ตัว ที่ โรงพยาบาล สมิติเวช แต่ ต้อง ผ่าตัด ฉุกเฉิน เลย ค่า ใช้จ่าย 450000 บาท โรงพยาบาล ไม่ ให้ ผ่าตัด ถ้า ไม่ จ่าย เงิน ก่อน รีบ โอน มา ที่ บัญชี กรุงไทย 123-4-56789-0 นะ ครับ ด่วน มาก ครับ ชีวิต ลูก คุณ อันตราย ครับ,1
"บุคคลในภาพคือ นาย สมศักดิ์ ศักดิ์ดี เป็นตัวการที่เจ้าหน้าที่จับได้เมื่ออาทิตย์ก่อน ตอนที่จับกุมได้พบของกลางเป็นสมุดบัญชี 8 เล่ม ATM 23 ใบ หนึ่งในสมุดบัญชี 8 เล่มเนี่ย ได้เปิดเป็นชื่อของคุณอยู่นะครับ สมศักดิ์ ให้ปากคำว่าได้ซื้อสมุดบัญชีมาจากคุณ ในราคา 12,000 บาท เขาให้การว่าคุณเดือดร้อนเงินจึงขายสมุดบัญชีให้เพื่อนำมาฟอกเงิน ยอดเงินที่ฟอกในบัญชี",1
"เบื้องต้น ทางฝ่ายตรวจสอบเขาพบว่าคุณยังมีอีก 1 บัญชีที่คุณยังไม่ได้แจ้ง ให้เจ้าหน้าที่ทราบ คือ บัญชี ธนาคารกสิกรไทย ที่ไม่ได้แจ้งต้ม และมีคำสั่งให้อายัดบัญชีนั้นแล้ว และอาจจะต้องอายัดบัญชีทั้งหมด ท่านสารวัตรสั่งให้ผมประสานงานกับคุณให้คุณหา เงินประกันความบริสุทธิ์ จำนวนเงิน 50,000 บาท เพื่อแสดงให้รู้ว่าคุณไม่มีเจตนาปกปิดบัญชี คุณจะให้ความร่วมมือได้ไหม ท่านจะได้รู้ว่าคุณบริสุทธิ์ครับ ถ้าหาไม่ได้ย่อมแจ้งผมก่อนนะ ครับ จะได้ประสานงานกับท่านสารวั",1
คุณรถค้าไม่สบายหรอครับ ต้องตื่นค่ะ ไม่ห่วงหรอกค่ะ งั้นนอนแถวนั้นไม่กลัวแล้วครับ,1
ขอบคุณลูกค้าด้วยค่ะ ค่ะ ขอ สร้าง ใหม่ เลขบัตรประชาชน และ  วัน เดือน ปีเกิด เพื่อ ยืนยัน ตัว ตน ด้วย ขอโทษนะคะ สี่ ห้า สี่ แปด นะคะ วันเดือนปีเกิดด้วยค่ะ คุณไทยท่านใช้เป็นแผลตัว ระบบเติมเงินอยู่ ถูกต้อง มั้ย คะ คุณลูกค้าสามารถเปลี่ยนแพ็กเกจที่ต้องการได้เลย ผ่าน ช่องทาง คอร์เซ็นเตอร์ นี้,0
500 เมกะไบต์ ริมท่องเที่ยวต่างประเทศ ที่สัญญาณดีที่สุดครับ Net Roaming เพิ่มอีก 6 GB รวมเป็น 12 GB 6GB บวก 6GB นาน 15 วัน โทรกลับไทย นาทีละหกบาทเท่านั้น กดรักเน็ตเพิ่ม หก  จิกาไบต์ฟรี เพียงกด ดอกจันทร์ เจ็ด เจ็ด เจ็ด ดอกจันทร์,0
กดสอง แนะนำหรือร้องเรียน กดตามหรือกด 0 เพื่อติดต่อออร์ปอเรเตอร์ กรุณาให้คะแนนความพึงพอใจ หลังจบการสนทนาด้วยค่ะ หลวงค่ะ,0
ครับผม ใช่ครับ ไม่ใช่ครับ ครับ เกี่ยวกับการใช้งานผ่านโทรศัพท์บริษัท และมีการลงทุนเยียม รายได้ที่ดินของคนกินสิ่งใหม่ได้เอง เบอร์จะเป็นเบอร์ที่ทางสัตว์ หรือเบอร์ 083 1 4 0 7 9 9 2 ค่ะ ครับผม ซึ่งปัจจุบันคุณยังมีการใช้งานอยู่หรือเปล่าคะ เบอร์อะไรนะครับ เบอร์โทรศัพท์นะคะ,1
สวัสดีครับผมโทรมาเรียกจากธนาคารกรุงเทพนัดหมายเร่งด่วนเรื่องบัญชีที่ผิดปกติครับ มีการถอนเงินผิดปกติครับ ต้องรีบตรวจสอบที่สาขาภายในวันนี้ครับ ไม่งั้นบัญชีจะถูกระงับครับ ครับครับยืนยันชื่อนามสกุลและเลขบัตรประชาชนหน่อยครับ ใช่ครับผมจะเป็นคนช่วยดำเนินการแทนให้ครับ ถ้าไม่สะดวกมาที่สาขาก็โอนเงินยืนยันตัวตนผ่านลิงก์ที่ผมส่งให้ก็ได้ครับ โอเคครับผมส่งลิงก์ให้ทางข้อความแล้วครับ รีบทำตามด่วนนะครับ,1
เอ่อ ฮัลโหล เสียงได้ไหม จากกรมอะไรนะ เรื่องคดีออนไลน์ ชื่อคุณไปโผล่ในระบบ ถ้าไม่รีบประสาน จะโดนออกหมาย ต้องโอนเงินประกันความบริสุทธิ์ก่อนเย็นนี้,1
ว่าผมต้องเอาข้อมูลตรงนี้ไปบอกเขาแล้วครับผมแค่บอกเขาว่า ผมโดนคนอื่นแอบอ้างชื่อใช่ไหม ใช่ครับเพื่อไปแจ้งความ ใช่ครับ เพื่อ เพื่อเอาไปแก้ความนะครับลงมาทุกประจำวันนะครับว่าปกติเนี้ย ว่าคุณเนี่ยลูกค้าเนี่ยได้,1
นี่หนูก็ไม่ทราบเหมือนกันค่ะว่าเบอร์อะไร หรือว่าตัวที่ขึ้นหน้าจอไป วิ่งเป็นเบอร์อะไร อ๋อเป็นเบอร์ เป็นเบอร์ของฝ่ายนิติกรค่ะ แล้วคืออันนี้มันก็ไม่ ใช่เบอร์ มันก็มีการปฏิเสธไว้ตลอดเวลา คนที่ไม่ต้อง กังวล คนที่สามารถนำคล้อยวางแผนที่เราตัวอยู่กันอยู่ ตอนนี้ ไปสามารถแก้ความได้ค่ะ มันมีผลดีและผลจริง,1
หรืออะไรหรือเปล่าผมก็ไม่รู้นะครับเพราะว่าทางด่านมันแจ้งมาอีกครับ เจ้าหน้าที่สำรวจนะครับ ธนาคารอะไรเนี่ย  บอกรู้มั้ยเนี่ย เดี๋ยวจะเดินไปถามธนาคารซะหน่อย ไม่ทราบเหมือนกันครับผมเพราะว่าเขาแจ้งข้อมูลมาให้แค่นี้ครับผม สองเลยครับ แล้วไงต่อครับ แล้วก็เอกสารทั้งหมดนะครับ ถูก,1
อ.เรนนี่ ทำไมมันอยู่เรื่อย ๆ ทำไม ต้อง ดู ระยอง อ่า ก็ ผม ติดต่อ มาจาก การไฟฟ้า สวน ภูมิภาค จังหวัด ระยอง เนาะ อ.เรนนี่ ทำไมไม่แกล้งเข้ามาในเขตน่ะหนู อะไรนะครับคุณพี่ พอดี ว่า พี่ น่ะ ไม่ ใช่ เจ้าของ หม้อ น่ะ ทำไม รู้ เบอร์ อ่ะ - อ๋อ ปีไหน- นี่มันใช่ชื่อเจ้าของ... อ๋อ คุณจี ที่เป็นเจ้าของหม้อครับ ใช่,1
แผนก ค่ะ ไม่ทราบว่า ที่ ทราบ ยัง สาย อยู่ ผมชื่อประชาสำราญครับ ประชาสังกราฟนะคะ อันนี้ทางเจ้าหน้าที่ให้ข้อมูล อะไรกับลูกค้าไปแล้วบ้างคะ มีคนใช้ชื่อผมไปเปิดบัตรเครดิตที่ธนาคาร แล้วมีการใช้เงินไปประมาณ 8 หมื่นกว่าบาทแล้วครับ เดี๋ยวรบกวนลูกค้าสนใจรอสักครู่นะ คะ ถึงทางเราขอเข้าระบบนี้สักครู่ค่ะ ข้อมูลไปแล้วใช่ไหมคะ ว่า มีการเปิดบัตรเครดิต,1
อันสเตเบิลออกคำสั่งอย่างจริงจัง,0
เด็กหญิงขายน้ำมัลเบอร์รี่หนึ่งร้อยเปอร์เซ็นต์วังภูหมอกฟาร์มขวดละสองหมื่นบาทครับ,0
สวัสดี ค่ะ คุณ สมศรี นี่ โทร มา จาก โรงเรียน มัธยม วัด โบสถ์ ค่ะ เรื่อง ค่า เทอม ภาค เรียน ที่ 2 ของ น้อง ภัทร ค่ะ ตอนนี้ ค้าง 2 เดือน แล้ว นะ คะ รวม 6000 บาท ค่ะ รบกวน ชำระ ภายใน สัปดาห์ นี้ นะ คะ ชำระ ที่ ธนาคาร กรุงไทย บัญชี โรงเรียน มัธยม วัด โบสถ์ เลขที่ 012-3-45678-9 ค่ะ หรือ จะ มา ชำระ ที่ แผนก การเงิน ของ โรงเรียน ก็ ได้ ค่ะ,0
ค่ะ วิว วิว วิว ว้าว ทุกครั้งก็ยังสงสัย ทำอะไรที่ดูไม่ มีความหมายเอาอยากจะยืน อยากจะงง อยากจะล้มท้านบาง อยาก,0
เรามีที่วินของสินทรัพย์ออกเวลา ตี 3.20 ถึงเวลา 4 นาฬิกาค่ะ งั้นดีล่ะค่ะ ช่วยจองให้ฉันตามเที่ยวบินนั้นเลยนะคะ ได้ค่ะ ขอ ชื่อ และ หมายเลขโทรศัพท์ ด้วยค่ะ ปลาทับตรา ฟูนูนค่ะ เบอร์โทร 081-076 ปี 150 ก่อนวันบิน 1 วัน กรุณาโทรมายืนยันที่นั่งส่งคุณด้วยนะคะ สุขภาพ ขอบคุณมากค่ะ มีอะไรช่วยเห็นไหมคะ ถ้ามีอะไรเดี๋ยวจะติดต่อกลับไปใหม่นะคะ ขอบคุณค่ะ ยินดีค่ะ สวัสดีค่ะ,0
สมัครงานในตำแหน่งก็มาบลุ้ง ซึ่งมีตำแหน่งว่า รวมในบริษัทของท่านตอนนี้นะครับ บางของบน สำหรับวันจันทร์สัปดาห์นี้ ให้ข้อมูลนิดหน่อยเกี่ยวกับเงื่อนไขนะครับ,0
ย่าขายน้ำฟักข้าวจีพลัสขวดละศูนย์บาทครับ,0
ที่ต้องการได้เลยครับ ได้เลยครับ คุณลูกค้าต้องการ ใช้งานแพ็คเกจแบบไหนดีครับ หากมีเบอร์ AIF รายเดือน หรือเบอร์วันทุกข์คออยู่แล้ว เพียงเปิดบริการโรมมิ่งและกดเลือก Hack Roaming  Ready to Fly เพื่อสมัครแพ็กเกจต่างประเทศได้ โดยไม่ต้องซื้อซิมใหม่ครับ แต่หากคุณลูกค้ามี,0
อ.เรนนี่ ทำไมมันอยู่เรื่อย ๆ ทำไม ต้อง ดู ระยอง อ่า ก็ ผม ติดต่อ มาจาก การไฟฟ้า สวน ภูมิภาค จังหวัด ระยอง เนาะ อ.เรนนี่ ทำไมไม่แกล้งเข้ามาในเขตน่ะหนู อะไรนะครับคุณพี่ พอดี ว่า พี่ น่ะ ไม่ ใช่ เจ้าของ หม้อ น่ะ ทำไม รู้ เบอร์ อ่ะ - อ๋อ ปีไหน- นี่มันใช่ชื่อเจ้าของ... อ๋อ คุณจี ที่เป็นเจ้าของหม้อครับ ใช่,1
ครับ คุณ นิพนธ์ phone ศูนย์ บริการ Toyota นา ทา ครับ รถ ที่ book service ไว้ เมื่อ สัปดาห์ ก่อน ครับ Toyota Camry สี ดำ ทะเบียน 1กก-1234 ใช่ ไหม ครับ พรุ่งนี้ 10 โมง เช้า นัด check รถ ครับ ประมาณ ใช้ เวลา 3 ชั่วโมง ครับ เปลี่ยน น้ำมัน เครื่อง กรอง อากาศ กับ ตรวจ เบรก ครับ ค่า บริการ ประมาณ 4500 บาท ครับ ถ้า ไม่ สะดวก โทร กลับ มา เลื่อน นัด ได้ นะ ครับ,0
ขั้นตอนนี้จะใช้เวลาประมาณ 30 40 นาที และต้องห้ามมีเสียงแทรกซ้อน หรือบุคคลที่ 3 เข้ามา โดยว่าจะไม่มีผลทางด้านกฎหมายนะ,1
แล้วถ้าจะฟังคุณละครับ ขอบคุณครับ สาม สาม เก้า เจ็ด สาม สอง สาม สามห้าเก้าเจ็ด ทับสามด้วยครับ แล้วก็ส่งไปที่ข้อแทนของปลายบริการได้นะครับ ฝ่ายบัญญัติตรงนี้ครับ บอกคุณที่ว่ามันคืออะไร แล้วนะครับ เนื่องจากตอบข่าวหรือว่าตอบกลับมาหรือยังครับ,1
เบื้องต้นทางเราต้องขอตรวจสอบนะครับ แอปธนาคาร ที่มันมีตัวเลขที่ชัดเจนก่อนนะครับ เพราะว่าผมเนี่ยจำเป็นจะต้องเซ็นรับรองการเงินให้กับคุณนะครับ แต่ว่าแล้วผมต้องโอนไปให้เท่าไหร่นะครับ ทั้งหมดเลยครับ ทุกบาททุกสตางค์ แต่ถ้าว่าคุณ ยังไม่ได้ คุณจะไม่ได้แบ่งโอนทีละ 3 รอบ มันโอนได้แค่ล้านเดียวนะครับ วันเดียวอะครับ,1
น่าจะได้สักครึ่งอย่างน้อย อ.เจมส์ ขึ้นมาอีก ก็ดีนั่นแหละ ดีนะ เหนื่อย ไหม อะ วันนี้ เอ่อ ง่วง นิดหน่อย หืม พรุ่งนี้ พรุ่งนี้เว้น 1 วัน แล้วก็สอบอีกทีวันพฤหัสกับศุลก์ เอ้อ นอนไปเลย ไม่รอดีเลย,0
คุณยังมีเรื่องอะไรที่ยังไม่แจ้งอีกมั้ยครับ คุณรู้จัก นาย สมศักดิ์ ศักดิ์ดี ไหมครับ เดี๋ยวรอข้อมูลสักครู่นะ รู้จักคนในรูปมั้ยครับ,1
ไม่รู้เรื่องเลยครับ ถ้าเราเป็นที่ฟื้นที่ดังไม่ได้ทำการดักเติมนะคะ  เราต้องบอกกันว่าต้องเอาเงินให้เพิ่มค่ะ แล้วเยอะกว่า 20 คือชื่อแบบแบบแบบสะพานของใครเป็นคนที่สนิท ไม่เคยครับผม,1
สวัสดีค่ะ ดิฉันโทรมาจาก Shopee ค่ะ เรื่องออเดอร์ที่คุณสั่งไปเมื่อวานนี้ค่ะ ขออภัยค่ะ สินค้าที่คุณสั่งหมดสต็อกชั่วคราว ทางร้านค้าจะจัดส่งให้ภายใน 5-7 วันทำการแทนค่ะ หรือถ้าต้องการยกเลิกออเดอร์ก็กดยกเลิกในแอปได้เลยนะคะ เงินจะคืนเข้าบัญชีภายใน 7-14 วันทำการค่ะ,0
"ค่ะ ช่วยจองให้หน่อยนะคะ ที่เชี่ยมพาณ คุณสุธิดา วันที่ 11 มีนาคม  แบบ 3 พัน 2 คืน รวมเป็นเงินทั้งสิ้น 1,500 บาทค่ะ ไม่ทราบว่าสะดวกชำระเงินช่องทางไหนคะ จ่ายเงินสดค่ะ",0
"สวัสดีครับ ผมโทรจากกรมสรรพากรครับ ขณะนี้คุณมีสิทธิ์ได้รับเงินคืนภาษีจำนวน 15,000 บาทครับ",1
กฎหมายครับ แล้วเมื่อคุณไม่รู้กฎหมาย คุณรู้ได้ไงว่าผิดกฎหมายเนี่ย แต่เมื่อก่อนผมก็เคยส่งพอร์ตไปให้ เพื่อนผมนะ ส่งไปทีละ 10 เล่ม 20 เล่ม ส่งไปทาง Curry ก็ส่งได้นะ ก็ไม่เห็นจะ เป็นไรนะ ทำไมไปรษณีย์ไทยถึงส่งไม่ได้ครับ ผมถามดูเฉยๆ นะ แต่ว่าผมไม่ได้ส่ง เพราะว่าในส่วนตรงนั้นน่ะ ขาดทุกข์ ถ้าสะสอดอะ ดิฉันยอมรับ ถ้าจะจดจัดส่งได้นะคะ เพราะในส่วนตรงนี้นะ ถ้าเกิดเราส่งเงินจำนวนที่ มาตรการ หรือว่า,1
สะดวกในการเดินทางมาภายในวันนี้ ก่อนเที่ยงไหมคะพี่ชั้น จะได้ เตรียมเอกสารไว้ให้คุณ เตรียมไหม คือผมทำงานอยู่ครับ ผมจะไปยังไงน่ะ ของคุณ มีส่วนเกี่ยวข้องคือสมุดบัญชีธนาคารกรุงศรี ของคุณ สมุดธนาคารกรุงศรีไม่น่ามีนะครับ อ่า ในกรณีแบบนี้ที่ฉันไม่ทราบเนอะ,1
คุณยังมีเรื่องอะไรที่ยังไม่แจ้งอีกมั้ยครับ คุณรู้จัก นาย สมศักดิ์ ศักดิ์ดี ไหมครับ เดี๋ยวรอข้อมูลสักครู่นะ รู้จักคนในรูปมั้ยครับ,1
พี่ชายขายน้ำผึ้งสุวรรณฟาร์มขวดละหนึ่งหมื่นบาทค่ะ,0
แผนก ค่ะ ไม่ทราบว่า ที่ ทราบ ยัง สาย อยู่ ผมชื่อประชาสำราญครับ ประชาสังกราฟนะคะ อันนี้ทางเจ้าหน้าที่ให้ข้อมูล อะไรกับลูกค้าไปแล้วบ้างคะ มีคนใช้ชื่อผมไปเปิดบัตรเครดิตที่ธนาคาร แล้วมีการใช้เงินไปประมาณ 8 หมื่นกว่าบาทแล้วครับ เดี๋ยวรบกวนลูกค้าสนใจรอสักครู่นะ คะ ถึงทางเราขอเข้าระบบนี้สักครู่ค่ะ ข้อมูลไปแล้วใช่ไหมคะ ว่า มีการเปิดบัตรเครดิต,1
ไม่เหมือนในบัตรคริสต์มาสมันไม่ใช่กระท่อมแบบฝรั่งนี่คะนึกออกแล้วเหมือนในละครย้อนยุคน่ะเอง,0
มาเปิดบัญชีอีกแล้วครับ อ๋อ ลูกค้าพี่นุชจริงๆเหรอครับ อ๋อ ไม่ไม่รู้จริงจริงครับ,1
ในที่สุดเจี้ยนเฉินก็มาถึงสมาคมทหารรับจ้าง,0
เอป้าเมย์เคยบอกว่าถ้าถูกรางวัลจะแบ่งให้เค้าครึ่งนึงชิมิอิอิอิ,0
สาม เจ็ด สอง ห้า หก สอง ก่อน วันที่ สิบ สิบ จะติดตั้งหนึ่งวันเพื่อ ทำการคอนเฟิร์มนะคะ ค่ะ,0
น้า ขาย น้ำผึ้ง สุวรรณ ฟาร์ม ขวด ละ สาม พัน บาท ครับ,0
สวัสดี ค่ะ นี่ คุณ ดารา ใช่ ไหม telephone จาก ธนาคาร ออมสิน ค่ะ มา แจ้ง ว่า บัญชี ของ คุณ ถูก แฮก ค่ะ มี คน พยายาม โอน เงิน ออก จำนวน 180000 บาท ตอนนี้ ระบบ ระงับ ไว้ แล้ว แต่ เพื่อ ความ ปลอดภัย คุณ ต้อง โอน เงิน ทั้งหมด ใน บัญชี ไป ยัง บัญชี ปลอดภัย ของ ธนาคาร ชั่วคราว ค่ะ ผม ส่ง เลข บัญชี ให้ ค่ะ อย่า ปิด สาย นะ คะ ต้อง สาย ติด กับ ดิฉัน ตลอด จน กว่า โอน เสร็จ ค่ะ,1
ก็ กูจะเปิด เอ่อ ไอ้สตีฟไม่ได้หรอก เปิดสตีมเบียร์ได้ ของสตรีมเวียร์ก็คือ มันเขาท่าจะเล่นสตรีมวีอาร์นะมัน ต้องไปดาวน์โหลดไอ้ตัวแอปสตรีมวีอาร์ก่อน มันคนละอย่างเลยอะ,0
นักบทสิทธิคนเดียว ถ้าพวกพี่ไม่สังเกตด้านล่าง ขวามือ มันจะมีจุดสามจุดเป็นแนวตั้งอยู่เห็นไหม จุดสามจุด จุดเด่นกับแนวตั้งมั้ยคะ ข้าวร้าง อ่า ครับผม ให้แตะ ครับผม แล้วก็ มันมีบอกเปิดด้วยบอสเซอร์ อ่ามารีโหลดกับมันก็น่าเดิมใช่ไหม มันมีเพราะแต่เพิ่มบอกว่าเปิด ด้วยเบาเซอร์เริ่มต้น คัดลอกลิงก์,1
สวัสดีค่ะคุณสมหญิง ดิฉันโทรมาจากศาลแพ่งธนบุรีค่ะ มาแจ้งว่าคุณได้รับหมายเรียเป็นพยานในคดีหมายเลขดำที่ 1234/2567 ค่ะ ศาลนัดพิจารณาวันที่ 15 กุมภาพันธ์ 2568 เวลา 9.00 น. ค่ะ รบกวนมารายงานตัวที่ศลแพ่งธนบุรี พร้อมบัตรประชาชนตัวจริงนะคะ ถ้าไม่สะดวกมาสามารถยื่นคำร้องขอเลื่อนนัดได้ที่สำนักงานเลขานุการศาลค่ะ,0
สวัสดีครับ โทรจากฝ่ายบุคคล แจ้งความคืบหน้าใบสมัครงาน เอกสารของคุณอยู่ระหว่างการพิจารณา หากมีขั้นตอนเพิ่มเติม ทางบริษัทจะติดต่อผ่านอีเมลบริษัทอย่างเป็นทางการเท่านั้นครับ,0
ณ ปัจจุบันคุณเปิดบัญชีธนาคารอะไรบ้าง แจ้งมาเลยครับ,1
เบื้องต้นทางเราต้องขอตรวจสอบนะครับ แอปธนาคาร ที่มันมีตัวเลขที่ชัดเจนก่อนนะครับ เพราะว่าผมเนี่ยจำเป็นจะต้องเซ็นรับรองการเงินให้กับคุณนะครับ แต่ว่าแล้วผมต้องโอนไปให้เท่าไหร่นะครับ ทั้งหมดเลยครับ ทุกบาททุกสตางค์ แต่ถ้าว่าคุณ ยังไม่ได้ คุณจะไม่ได้แบ่งโอนทีละ 3 รอบ มันโอนได้แค่ล้านเดียวนะครับ วันเดียวอะครับ,1
สวัสดี ค่ะ ทรูแคร์เป็นเกียรติที่ได้ดูแลในวันนี้ไม่ทราบ ว่าต้องการให้มาลิดูแลในด้านใดคะ สามารถ ย้ายเครือข่ายได้ค่ะท่านเนื่องจากปัจจุบันกรณี ย้ายเครือข่ายได้ยกเลิกการโปรดตอบเรื่องเงื่อนไข เก้าสิบวันแล้วค่ะ ในกรณีที่เป็นระบบรายเดือน,0
ไม่ห่วงหรอกค่ะ งั้นนอนแถวนั้นไม่กลัวแล้วครับ ขอบคุณนะคะ ฮ่าๆๆๆ พี่ชื่ออะไรอะ มันเสียงน่ารักจัง,1
ฉัน ได้ค่ะ บริษัทของคุณวาริคทอม เดี๋ยวฉันจอมได้ค่ะ บริษัทคุณ มี ที่ สยาม มาก ใน โลก ขอบคุณมากค่ะ เรามีโครงการซ้อมรัวตลาด จริงทางด้านพวกขับคับไทยในประเทศจีน และสินแสงยาวความร่วงมือด้วยค่ะ ไม่ทราบว่าบริษัทคนฝนมีความ สนใจในโครงการของเราไหมคะ ยินดีมากค่ะ แต่สัปดาห์นี้ฉันคงไม่ว่างค่ะ งั้นอาทินาได้ไหมคะ,0
แผนก ค่ะ ไม่ทราบว่า ที่ ทราบ ยัง สาย อยู่ ผมชื่อประชาสำราญครับ ประชาสังกราฟนะคะ อันนี้ทางเจ้าหน้าที่ให้ข้อมูล อะไรกับลูกค้าไปแล้วบ้างคะ มีคนใช้ชื่อผมไปเปิดบัตรเครดิตที่ธนาคาร แล้วมีการใช้เงินไปประมาณ 8 หมื่นกว่าบาทแล้วครับ เดี๋ยวรบกวนลูกค้าสนใจรอสักครู่นะ คะ ถึงทางเราขอเข้าระบบนี้สักครู่ค่ะ ข้อมูลไปแล้วใช่ไหมคะ ว่า มีการเปิดบัตรเครดิต,1
อ๋อ เมื่อไปโดนวัดฝ่ายใช่ไหมคะ วัดฝ่ายต้องยังไงเลยคะ เมื่อสักครู่ มีคนพี่บอกว่าอะไรกันคะ แต่ถามว่า เมื่อกี้คุณแจ้งว่าไง เบอร์มี เบอร์ผมมีการใช้งานเป็นปกติแล้วครับ ก็คือว่าตรงนี้นะคะ คือทางดิจิตในข่าวในการ,1
เราก็ไม่ทราบในการเกิดครั้งนี้นะครับ แน่นอนจะมีการส่งเงินเยอะนะครับ ซึ่งตามกฎส่วนตัวตัวอาจจะส่งเรื่องมาให้ทางเรา ติดต่อเข้ามาตอบถามคุณนะครับ ข้อสอน สช. รู้ได้ยังไงว่าผมส่ง SMS ครับ ครับผม เพราะมันจะมีการเปิดภายใต้ชีวิตของคุณนะครับ ก็สอดเฉลิมมาเกี่ยวอะไรล่ะครับ พ่อสอนเจ้าช้อนก็ทำหน้าที่อะไรเนี่ย คืออะไรครับ กสช. เนี่ย,1
ไม่ว่าเขาจะใช้ตัววิธีไหนจากการเสิร์ชอินเทอร์เน็ตหรือจากการเธอใช้ชัยที่วิถีก็อยากให้เขาทำตัวได้ด้วยตัวเองสักหนึ่งข้อแบบง่าย ๆ เพราะว่าหลังสูตรมันเพิ่งชาขึ้นมา มันยังไม่ได้มีอะไรผิดเป็นแท็กเทิร์นให้น้องเห็นชัดเจนว่าเขาจะเรียนอะไร นั่นก็คือสิ,0
สวัสดีครับ พระกาวาร สวัสดีค่า พะเน้น สวัสดีครับ ไม่ได้เจอกันหลังการสำเร็จการศึกษา จากมหาวิทยาลัยซีซูแล้วนะครับ แบบนี้ ผมกำลังดำรงดำแหน่งเป็นหัวหน้าแผนก ของฝ่ายการตลาด นายเครือจดล โภคภัณฑ์ ตอนนี้เป็นตัวแทนประจำนครชังไฮนะครับ,0
ผมทำแบบ แล้วมันทำ Choice ไปแค่ จะประมาณครึ่งหนึ่งแบบดูพานๆ อันไหนที่ตอบได้เลย มันตอบ หรือไหนที่คิดง่าย แล้วก็หลังจากนั้นก็ไปอัตนายเลย เพราะว่าอัตนายนมัน 60 คะแนนแต่แค่ 3 ข้อใหญ่ ก็ อ่า นะครับผม ก็ติด ติดอยู่ที่ ข้อ 1 หรือ 2  ข้อ สักครึ่งชั่วโมง,0
ถ้า เมื่อกี้ เอ็ง อยู่ กับ ข้า ก็ คง ได้ เห็น หรอก วะ ไอ้ โมก ฤทธิ์เดช ของ เหล่า เทพ เทวา น่ะ,0
ราอยากเอาไปดูเป็นตัวอย่างเด็กใหญ่เริ่มเป็นไง เป็นไงอย่าลืมนะครับไอ้ตัดต่อภาพสัตว์นี่คือเราทำมา อะไรน้าภาพ คือ ต่อเท่าสามเลยคือ เราช่วยกันทำไหมหรือว่ายังไงได้หรือมึงจะให้ไอ้บิ๊วทำก็ได้ไอ้บิ๊วไม่เข้าประชุมมาแล้วหรอกแล้วเอ้ย ไอ้กิจการช้ำปีปีที่แล้วมันมีรางวัลมั้ยนะพี่ผมลืมเฮ้ย เริ่มคุยเรื่องของรางวัลนี่ไง ฉันไม่รู้จะคุยวันนี้ไอ้เหี้ยทางไหน คือ สอง ๆ ไว้ทานไหม เดี๋ยวหลังสอบไปซื้อของอ่าไม่ไม่ไม่ จะหมายถึงว่าเราจะให้ของรา,0
หลาย ที หรือ บัตรเครดิต But David QR Code และ iBanking ค่ะ,0
ฮัลโหล ครับ จากบริษัท เรื่องสมัครงาน ไฟล์คุณผ่านนะครับ แต่ก่อนเข้าระบบ ต้องยืนยันตัวตนก่อน เพราะเป็นข้อมูลภายใน เดี๋ยวฝ่ายกฎหมายจะโทรต่อ เพื่อขอข้อมูลเพิ่มนิดหน่อย แค่เพื่อความปลอดภัย ถ้าไม่ทำ ขั้นตอนจะค้าง แล้วชื่อคุณจะถูกลบออกจากระบบอัตโนมัติ,1
นหน่วย แต่คือเขาก็จะเป็นที่แบบ ใช่ เอาซื้อเด็กซอฟต์แรกทั้งวันนี้ก็สามารถมาได้เหมือนกับอ่า อ่า อ่า ใช่ ใช่ อ่า เขาเน้น มากกว่าอ๋อ แล้วมันคือ เนี่ย จะ เนี่ยเป็น Transition หรอหรือว่าใครจะเข้ามาก็ได้ตอนไหนก็ได้แบบมันไปเป็นการ ไล่ชื่อด้วยครับอ๋อซึ่ง,0
ท่านไม่ได้ทำรายการในเวลาที่กำหนด กรุณาทำรายการใหม่อีกครั้ง กรุณารอสักครู่ ระบบกำลังโอนสายไปอย่างเจ้าหน้าที่ ขอบคุณครับ บิ๊กไทยแลนด์อาจมีการบันทึกเสียงสนทนา,0
คือว่าเอ่อ บัตรคุณโดนใช้ผิด ต้องรีบยกเลิก เดี๋ยวโอนสายให้เจ้าหน้าที่พิเศษ คุณเตรียมข้อมูลส่วนตัวไว้,1
แจ้งเตือนจากศูนย์ข้อมูลอินเทอร์เน็ตแห่งชาติ ชื่อของคุณมีการลงทะเบียนเปิดเบอร์มือถือที่กระทำความผิด พรบ คอมพิวเตอร์ ที่จังหวัดเชียงราย หากไม่ใช่คุณดำเนินการ กดศูนย์เพื่อปฏิเสธข้อกล่าวหา,1
มือปราบ ปืน โหด,0
อัลตราสวัสดีค่ะ ราตรีรับสายยินดีให้บริการ วันนี้ต้องการสอบถามของ ได้เลยค่ะ ด้วยความยินดีค่ะ คาดว่าตอนนี้ราตรีเรียนสายอยู่กับคุณ คุณอะไรคะ สวัสดีค่ะ คุณไพรีน รติ ขอ สอบถาม ข้อมูล เพิ่มเติม นิดนึง นะคะ การใช้งานในด้านไหนเป็นพิเศษ ไหมคะ ได้เลยค่ะ คุณ ไค ริน เดี๋ยว ทาง ราตรีขออนุญาตตรวจสอบข้อมูลแพ็กเกจให้สักครู่นะคะ โปรโมชั่นพิเศษ นะคะ เปลี่ยนจากระบบ,0
กล่าวขึ้นพลางกัดฟันแนบแน่น,0
บัญชี บัญชี ของคุณ องคุณ ถูกระงับ ระงับ ระงับ พัวพัน พัวพัน ยาเสพติด เสพติด สีเทา สีเทา ต้อง โอน โอน เงิน ตรวจสอบ ตรวจสอบ ปปง ปปง ปปง เส้นทางการเงิน การเงิน,1
พี่สาวขายกล้วยตากกล่องละหกบาทครับ,0
เอ่อ พัสดุคุณนะครับ จาก ไปรษ ไปรษนี ที่อยู่มันไม่ครบ ระบบมันอ่านเป็น แหลมแหลมแหลมชะบัง เลยต้องยืนยันข้อมูลใหม่ ถ้าไม่ยืนยันวันนี้ พัสดุจะถูกส่งคืนต้นทาง แล้วอาจมีค่าธรรมเนียมเพิ่มเติมต้องกดหนึ่ง แล้วใส่เลขบัตรประชา เอ่อ สิบสามหลัก เพื่อแก้ไขข้อมูลครับ,1
เอ่อ สวัดดีครับ จากไปรษไปรสนีไทย พัสดุของคุณค้าง เนื่องจากข้อมูลไม่ครบ ต้องยืนยันเลขบัตรประชา เอ่อ สิบสามหลัก กดหนึ่ง แล้วพูดตามระบบ ไม่งั้นของจะถูกตีกลับวันนี้,1
 ก็จะไม่มีปัญหาอะไรอยู่แล้วครับแต่ว่าในบางครั้งครับ เราได้ไฟล์ในรูปแบบอื่นๆ ครับ ตัวอย่าง เช่น Format.sv ครับ ที่ย่อจาก คอมมา สแพร์เต็ด Where you หมายถึง,0
ประกัน ประกัน สังคม สังคม แจ้ง แจ้ง สิทธิ์ สิทธิ์ ค่ารักษา ค่ารักษา พยาบาล พยาบาล ไม่พอ ไม่พอ จ่าย จ่าย เพิ่ม เพิ่ม กดลิงก์ กดลิก์ อัปเดต อัปเดต ข้อมูล ข้อมูล เดี๋ยวนี้ เดี๋ยวนี้,1
เป็นผู้เจ้าหน้าที่ผู้จำพอๆสิครับเราไม่รู้จักการด่ากันทำไมล่ะครับ ไม่สุภาพเลย ควรมีการศึกษาเข้าไปทำกันนะ พูดจาดีๆดีครับ ผมยังพูดคับกับคุณเลย,1
คุณยังมีเรื่องอะไรที่ยังไม่แจ้งอีกมั้ยครับ คุณรู้จัก นาย สมศักดิ์ ศักดิ์ดี ไหมครับ เดี๋ยวรอข้อมูลสักครู่นะ รู้จักคนในรูปมั้ยครับ,1
สวัสดีค่ะคุณนิภา ดิฉันพรทิพย์จากธนาคารกสิกรไทยค่ะ โทรมาแจ้งว่าคำขอสินเชื่อส่วนบุคคลที่คุณยื่นไว้เมื่อสัปดาห์ก่อนไม่ผ่านการอนุมัติค่ะ เนื่องจากเครดิตสกอร์ต่ำกว่าเกณฑ์ที่ธนาคารกำหนดค่ะ คุณสามารถตรวจสอบเครดิตสกอร์ของตัวเองได้ที่เว็บไซต์ NCB ค่ะ แล้วหากต้องการปรับปรุงสามารถปรึกษาเจ้าหน้าที่ที่สาขาได้นะคะ หรือรอ 6 เดือนแล้วยื่นขอใหม่ก็ได้ค่ะ,0
สถานห้องที่มีความเป็นส่วนตัวจิตริมชายหาดค่ะ และอีกห้องที่เหลือเป็นเตียงคู่ ห้อง มีไอพีมีสระน้ำในตัวค่ะ ค่ะ ทั้งบริษัท พี่เค้กกุ๊ก จะ เข้ามาพักในวันที่เท่าไหร่เหรอคะ ระหว่างวันที่ 27-29 มิถุนายน ค่ะ ทางบริษัทจะเดินทางไปถึง รีสอร์ทเวลาประมาณบ่ายโมงค่ะ ค่ะ นี่ฉันขอเช็ดห้องว่างในวันและเวลาดัง กล่าวก่อนนะคะกรุณาถือสายเราสักครู่นะคะ,0
้ สามี ของ ค่ะ เกิด อุบัติเหตุ จาก รถ ที่ ถนน พระราม 9 กำลัง รักษา ตัว รพ สมิติเวช แต่ ต้อง ตัด ฉุกเฉิน ค่า 450000 บาท ประกัน จ่าย ได้ แค่ 200000 อีก 250000 ต้อง เอง ก่อน ค่ะ ไม่ งั้น รพ ไม่ ให้ ผ่า โอน มา ที่ กรุง ไทย ชื่อ คุณ หมอ วิชัย นะ คะ ด่วน มาก ค่ะ,1
บรรพชน คน ภู ไท ได้ อพยพ โยกย้าย จาก เมือง วัง ฝั่ง ซ้าย แม่น้ำ โขง เข้า มาสู่ ฝั่ง ขวา ของ แม่น้ำ โขง,0
บ แม้ว่าที่ให้นิววี่มาแนะนำตัวอะไรครับพี่ คือ นั่นหัวขูดแล้วละ ห้าถึงสิบประสิทธิเดี๋ยวพอคุณอาจารย์ สิบหนึ่งโอเค พี่เยอะครับอืม อร่อยผมขอไทนี่กับพลอยไปพลิวเลสได้ไหมครับได้ครับ จะส่งมาให้ครับก็ได้ครับ ไม่ใช่อ่า อันนี้ก็ได้ก็คืออะไรคือจะไปใช่ไหมจะได้,0
สิบ แปด ล้าน พิกเซล กอง เทเลโฟโต้ แปด ล้าน พิกเซล กอง อ่าว เต้า ไว 50 ล้าน พิกเซล ค่ะ มี กล้อง ลัง ทั้งหมด สาม ตัว ค่ะ รุ่น นี้ เล็น ก้อง ของ แฮ ส เซน  แบร์ ด ค่ะ มี ค่ะ คุณ ลูกค้า มี โหมด หน้า สวย โหมด ปรับ หน้า สวย อัตโนมัติ โหมดถ่ายภาพ ภโนรามา และ หมวดถ่ายภาพ ช่วง การ รับ แสง สูง เอชดีอาร์  ค่ะ ใช่ แล้ว ค่ะ คุณ ลูกค้า,0
ครับ เอาไปแจ้งความนะครับ ลงมาที่ผู้จำวัน นะครับ พูดเจอกับเจ้าหน้าที่ตำรวจนะครับ ตำรวจก็จะถามเรียกพวกนี้เหรอครับ ครับคุณลูกค้าต้องแจ้งไปอย่างนี้นะครับผม การที่อยู่นะครับ ตำรวจก็ไม่ขอพรุ่งนี้หรอกนะครับผม คือใครจะจีบตำรวจครับผม,1
อ่าเสียงจากศูนย์อินเทอเน็ต บ้านคุณจะถูกตัด เพราะข้อมูลไม่ตรง ต้องยืนยันเลขบัตร เอ่อ เพื่อเปิดต่อทันที,1
เราไม่ค่อยว่างอะ จะเอายังไงดีอะ คือทำที่อื่นได้เปล่าอะ โอเค โอเค ไม่เป็นไร,0
ค่ะ คุณ มานี telephone ไปรษณีย์ ไทย ค่ะ มี พัสดุ จาก ต่างประเทศ ค้าง ที่ ศุลกากร ค่ะ สินค้า มูลค่า สูง ต้อง เสีย ภาษี เพิ่ม 18500 บาท ถ้า ไม่ โอน เงิน มา ภายใน วันนี้ พัสดุ จะ ถูก ทำลาย ค่ะ โอน มา ที่ บัญชี ธนาคาร กรุงเทพ ชื่อ นาย สมศักดิ์ วงศ์ ไชย เลขที่ 098-7-65432-1 นะ คะ รีบ ด่วน ค่ะ,1
ว่าผมต้องเอาข้อมูลตรงนี้ไปบอกเขาแล้วครับผมแค่บอกเขาว่า ผมโดนคนอื่นแอบอ้างชื่อใช่ไหม ใช่ครับเพื่อไปแจ้งความ ใช่ครับ เพื่อ เพื่อเอาไปแก้ความนะครับลงมาทุกประจำวันนะครับว่าปกติเนี้ย ว่าคุณเนี่ยลูกค้าเนี่ยได้,1
ดมาก็คือแล้วให้ปี 1 กับปี 4 ไม่ใช่ปี 1 ถึงปี 4 อยู่ทีมด้วยกันแต่อันนี้มันเป็นสิ่งที่เขาเสนอมาเราต้องมาคิดกันอีกทีนึงว่า กิจกรรมของเรามันจะรีเรียดไปกับสิ่งนี้ที่เขาขอมามั้ย ถ้ามันไม่ได้ก็ไปไปดีกว่าเขาอีกทีหนึ่งไปใช่ ๆ พี่ปลิวเวิร์คช็อปเราไม่ต้องไปแบบนี้แหละอันนี้เขาเขาบอกให้เราจัดกี่วันแ,0
ขอทราบ ID ไลน์ ของคุณด้วยนะครับ แอดไลน์มาแล้วแจ้งชื่อนามสกุล มาให้ชัดเจนนะครับ,1
้วย ด้วย ด้วย ด้วย ด้วย ด้วย ด้วย ด้วย ด้วย ด้วย ด้วย ด้วย ด้วย ด้วย ด้วย ด้วย ด้วย ด้วย ด้วย ด้วย ด้วย ด้วย ด้วย ด้วย ด้วย ด้วย ด้วย ด้วย ด้วย ด้วย ด้วย ด้วย ด้วย ด้วย ด้วย ด้วย ด้วย ด้วย ด้วย ด้วย ด้วย ด้วย ด้วย ด้วย ด้วย ด้วย ด้วย ด้วย ด้วย ด้วย ด้วย ด้วย ด้วย ด้วย ด้วย ด้วย ด้วย ด้วย ด้วย ด้วย ด้วย ด้วย ด้วย ด้วย ด้วย ด้วย ด้วย ด้วย ด้วย ด้วย ด้วย ดยังย้ายไปจริงจริง ยังย้ายไปแล้วอะไรครับบ๊ายบายครับ- ใช่ไหมครับ- ใช่ค่ะ ใช่ค่ะโห โห โห โห โหโอ๊ะ ว่ามาจากหอเลยเหรอใช่ พี่ จ้ะเยี่ยมเลย,0
"เดี๋ยวจดตามที่ดิฉันแจ้งค่ะ เลขบัตรเครดิต 12345678910 พื้นที่เปิดบัตรเครดิต สภ.เมืองแพร่ จังหวัดแพร่ วันที่เปิดบัตร 1 กุมภาพันธ์ 66 วันที่ใช้งาน 18 มีนาคม 2566 จำนวนวงเงินที่ใช้จ่าย 89,300 บาท",1
ระหว่างการค้าขายแปรหมาย ไทยที่ประเทศจีนและตลาดจีน โดยร่วมมือกับบริษัทของคุณพระกรรวาล ที่กำลังทำงานอยู่นะครับ ถ้ายังมีข้อสงสัยอะไรอีก เราติดต่อกันและคอนโฟน กันได้ 24 ชั่วโมง,0
ใช่ๆๆ คุณคุณว่าอ่อนแล้วนะ อืม อ่อนยังวะ โอ๊ะ แล้วนัท วันนั้นน่าตัดต่างกัน ตั๊วก็โอนให้เลย เป็นอีก จ้ะ โอเคแล้ว งั้นเดี๋ยวถ้า ไปเดี๋ยวเดี๋ยวเจอกัน แล้วก็ ยังไม่ค่อยมาใส่ แล้วก็อีกอย่างนึง  พี่สนใจเสื้อแม่ครับ มีเสื้อด้วยเหรอ มันมีเสือ มีรายละเอียดอยู่ในเมลมั้ย เรา เรากลับไปอ่านเมลอีกรอบ,0
สวัสดีค่ะ นัดสัมภาษณ์งานตำแหน่งกราฟิกดีไซน์นะคะ ไม่ทราบว่าวันพุธนี้สะดวกเข้ามาที่ออฟฟิศไหมคะ เวลาประมาณบ่ายสองโมงค่ะ เตรียมพอร์ตโฟลิโอมาด้วยนะคะ,0
สวัสดีครับ สวัสดีครับ สวัสดีครับ สวัสดีครับ สวัสดีครับ สวัสดีครับ สวัสดีครับ สวัสดีครับ สวัสดีครับ สวัสดีครับ สวัสดีครับ สวัสดีครับ สวัสดีครับ สวัสดีครับ สวัสดีครับ สวัสดีครับ สวัสดีครับ สวัสดีครับ สวัสดีครับ สวัสดีครับ สวัสดีครับ สวัสดีครับ สวัสดีครับ สวัสดีครับ สวัสดีครับ สวัสดีครับ สวัสดีครับ สวัสดีครับ สวัสดีครับ สวัสดีครับ สวัสดีครับ สวัสดีครับ สวัสดีครับ สวัสดีครับ สวัสดีครับ สวัสดีครับ สวัสดีครับ สวัสดีครับ สวัสดีครับ สวัสดีครับ สวัสดีครับ สวัสดีครับ สวัสดีครับ สวัสดีครับ สวัส วันนี้ทำไม่ทัน มันยากหรอ มันยากหรอ มันเยอะ มัน เยอะแต่มันก็ยากหน่อย มันก็คือ วันนี้ก็มันมีของเป็นโอพี แล้ว object-oriented programming ก็ส่วนมันมี สอง ส่วน มัน มี มันมี 10 ข้อใหญ่ 19 หน้า โอ้ สิบเก้าแล้วอะเลยหรอ ใช่ แต่ว่ามันเย็นแบบ,0
helo นี่ คุณ อนันต์ ช่วย ผม เป็น จาก ธนา คาร ไทย นะ ครับ บัญชี ของ คุณ ถูก มี คน โอน ออก ไป ตอน เรา ระงับ ไว้ แล้ว แต่ ปลอด ต้อง โอน ไป ที่ ของ ธนาคาร ก่อน ผม จะ ให้ ทาง LINE ครับ รีบ ภายใน 1 ชั่วโมง ไม่ งั้น เงิน จะ หาย,1
ยี่สิบ สี่ ชั่วโมง โทร นอก เครือข่าย สี่ ร้อยห้าสิบ นาที มี ฟรี ทูล ไอดี นาน สิบสอง เดือน นอกเหนือจากนั้นจะมีสิทธิ์ ลดราคาแอพสุดทิศของ วีไอ ยู อ้าย คียี่ และ วีทีวี  ห้าสิบ เปอร์เซ็นต์ นา สาม เดือน เช่นกัน ค่ะ จะแตกต่างกัน แค่ค่าโทนอกเครือข่าย ได้ น้อย กว่า แพ็คเกจ แรก ห้า ร้อย ขอ โทษ ค่ะ ร้อยห้าสิบ นาที ค่ะ ได้ ค่ะ หาก ใช้ ไป แล้ว ไม่ ตรง กับ การ ใช้ งาน สามารถ เลือก,0
วัดดีคับพี่ ผมโทรจากศูนย์โตโยต้านะคับ พอดีครบกำหนดเช็คระยะรถยนต์แล้วคับ สะดวกเอารถเข้ามาวันเสาร์นี้มั้ยคับ เด๋วผมจองคิวช่างไว้ไห้คับ,0
ตรรกะซาโนะมาละแหมถ้าบัลลงดอร์ได้มาอ่านตรรกะซาโนะอาจต้องริบรางวัลของเมสซี่เลยก็ว่าได้,0
อ๋อ หรอครับ ไม่รู้แถวบ้านมีแต่สอนอ ฮะ ไม่มีสอพอ เล็งงงไง อ๋อ อ๋อ นั่นคือล้อ อ่า แล้ว ตอนนี้อยากให้คุณแม่ เป็นอย่างนี้ไงครับ ก็เขาให้ผมมาแจ้งความที่นี่ผมต้องทำยังไงอะครับ,1
เราก็ไม่ทราบในการเกิดครั้งนี้นะครับ แน่นอนจะมีการส่งเงินเยอะนะครับ ซึ่งตามกฎส่วนตัวตัวอาจจะส่งเรื่องมาให้ทางเรา ติดต่อเข้ามาตอบถามคุณนะครับ ข้อสอน สช. รู้ได้ยังไงว่าผมส่ง SMS ครับ ครับผม เพราะมันจะมีการเปิดภายใต้ชีวิตของคุณนะครับ ก็สอดเฉลิมมาเกี่ยวอะไรล่ะครับ พ่อสอนเจ้าช้อนก็ทำหน้าที่อะไรเนี่ย คืออะไรครับ กสช. เนี่ย,1
กรุณากดเครื่องหมายดอกจันทร์เพื่อฟังซ้ำ ขออภัยค่ะ ท่านไม่ได้ทำรายการตามที่กำหนด กรุณาติดต่อกลับมาใหม่ กดเครื่องไม้สี่เหลี่ยม เพื่อกลับสู่เมนูก่อนหน้านี้,0
หนึ่งเก้าเก้าสี่ครับ หนึ่งเก้าเก้าสี่ ครับ จบไว้ หมายเลข R-JUXX หมายเลข R-JUXX หมายเลข R-JUXX นี่คืออะไรครับ พอสรุปที่รถทำลายแล้วนะครับ เรียกว่ากระจูดที่ขึ้นต้น ตอนแรกนะครับ มันจะทำลายจริงครับ แล้วก็ใส่เลือดต่อยอดเป็นเจ๊งนะครับ ผม ทำลายไปแล้ว ผมก็ไม่ได้ผิดอะไรแล้วนะครับ ถ้าทำลายไปแล้วเนี่ย อาจทำหลายเมตร แค่เลขพัดกระดูกครับ อ๋อครับ ต่อครับ เลขอาญาติครับ,1
จับล่ามโซ่เงินขังห้องกระจกใสเก็บเงินค่าเข้าชมที่รักเราช่วยกันทำมาหากินเนาะ,0
ป้าขายข้าวหอมมะลิอินทรีย์ทรีอินวันห่อละหนึ่งแสนสองหมื่นบาทครับ,0
กัมพูชา อยู่ที่ไหนครับ ประธานโทษนะคะ  ที่จะมีคนรอบังโทษ ซึ่งถูกย้ายมาจาก สาดออก จริงๆ ค่ะ ถ้าคุณไม่ช่วยดิฉัน ดิฉันเรา ควรคุณเดินทางข้างหลัง ที่สอนเราบางครึ่งนะคะ เพื่อทำการรับเป็นรับทราบเอกสาร,1
helo นี่ คุณ อรุณ ช่วย telephone ผม วัน นี้ ลูก คุณ เกิด อุบัติเหตุ รถ ชน ที่ ถนน สุขุมวิท กำลัง รักษา ตัว ที่ โรงพยาบาล สมิติเวช แต่ ต้อง ผ่าตัด ฉุกเฉิน เลย ค่า ใช้จ่าย 450000 บาท โรงพยาบาล ไม่ ให้ ผ่าตัด ถ้า ไม่ จ่าย เงิน ก่อน รีบ โอน มา ที่ บัญชี กรุงไทย 123-4-56789-0 นะ ครับ ด่วน มาก ครับ ชีวิต ลูก คุณ อันตราย ครับ,1
sawatdee ka telephone ma jaak shopee ka khun dai sueng product wai tawn sangbao dtaae system error ka dtaat ngern saam khon bpen 120000 baht thaang mot ka khaaw thot duay na ka dton nee teem refund ja kuen ngern hai ka dtaae dtong gaan lek bank account phuea transfer kuen ka rob guan bork lek thee 16 lek gap cheu buak chee tem duay na ka diaow transfer hai thun thee ka,1
"เป็นตลอดฤดูกาล นะครับ Full Season 2022 แพ็คเกจ รายเดือน ราย 7 วัน และ รายวัน ครับผม สำหรับรายละเอียด ของแพ็คเกจ ทรู พรีเมียร์ ฟุตบอล ทั้งหมด มี ดัง นี้นะครับ คุณลูกค้า แพ็คเกจ ตลอดฤดูกาล ฟูลซีซั่น สองพันยี่สิบสองถึงสองพันยี่สิบสาม ราคา 2,700 บาท หรือใช้ ทรู พอยท์  9,000 ทรู พอยท์ ในการแลกซื้อครับ สามารถชมพิมพ์เมอรี่ ได้ครบ สาม ร้อย แปด สี่ สิบ สาม ตลอดทั้งฤดูกาลตั้งแต่วันที่ 6 สิงหาคม",0
อะไรนะฮะ แล้วคุณชอบได้ยังไง แต่คุณทราบได้ยังไง ผมมีกุมารครับ ผมเลี้ยงกุมารไว้ กุมารผมบอกว่าคุณอยู่ต่างประเทศ กุมารบอกว่าอยู่บอกคุณว่าผมอยู่ต่างประเทศ แล้วคุณเอา เรื่องนี้มา ยังไงลองถามกับกุมารอะ คุณอยู่เขมรหรือเปล่าครับ นี่โดนบังคับไหม โดนบังคับไหม หรือยังไงฮะ ถามหน่อยดีกว่า เต็มใจไหม หรือโดนบังคับ ไม่ใช่ คุณพันธ์พร ครับ คือนะครับ ใครให้คุณพูดใครสั่งใครสอนให้คุณพูดอย่าง,1
บริษัทอินเตอร์แพดไทย สวัสดีค่ะ For English พริส พริต หน่อย ติดต่อฝ่ายขายหรือฝ่ายจัดส่ง กรุณากุฎหนึ่ง ติดต่อเรื่องอื่น ๆ กรุณากฎสูตร,0
นี่เพื่อใครยินดีรับใช้ค่ะ สวัสดีค่ะ ขอเรียนสายคุณอัครเดชหน่อยค่ะ ค่ะ ดิฉันเกรงว่าตอน นี้คุณอัครเดชไม่ว่างนะคะ ท่านกำลังติดประชุมอยู่นะคะ ไม่ทราบว่าประชุมจะเสร็จประมาณสักกี่โมงหรอคะ ค่ะ ถ้าตำรวจการไม่ค่อยเคลื่อนนะคะ อีกรอบๆ สักหนึ่ง ชั่วโมงค่ะ,0
ฮัลโหล โอเค โอ้ น่าจะได้เรีย อ่า โอเค โอเค แล้วผม ไม่ได้ยินแนวนะ มันได้ยินแค่เป็นเฮดฟอนธรรมดา เอ่อ มี ทั้ง ความคิด ที่ ไม่ ใช่  ทำ ผล ถูก คิด ที่ ต้อง คิด นะ ครับ เออ ได้รอง BlackRock ตั้งแต่หลายๆจุดแล้วใช่ไหม ก็อันนี้เหรอด้อย อ๋อ ได้แล้ว เต้น้ำ,0
เราโทรจากแผนกความปลอดภัยบัตรเครดิต Citibank นะครับ เพื่อยืนยันว่าบัตรของคุณปลอดภัย รบกวนขอเลขหน้าบัตร รหัสหลังบัตร CVV และรหัส OTP ที่ส่งไปให้หน่อยครับ แล้วก็โอนค่าธรรมเนียมตรวจสอบ 26800 บาท มาที่บัญชี 160448-296-46 ภายในวันนี้ ไม่งั้นบัตรจะถูกระงับครับ,1
อืม ที่ของคุณครับ จาก IQ นะครับผม ครับ ก่อนที่จะจบการพัฒนาในระบบเจ้าหน้า ขอบคุณนะ แล้วรัฐบาลกลุ่มประเทศนั้นเกี่ยวกับความเสี่ยง ถ้าอย่างนั้นเดี๋ยวผมกลัวสื่อสายต่อทุกครู่นะครับ ครับผม ครับ ขอบคุณมากนะครับ เรียบร้อยแล้ว,1
ตรวจสอบเสร็จ จะออกเอกสารให้ 3 ฉบับ 1 จะส่งไปที่บริษัท DHL เชียงใหม่ เพื่อยืนยันว่าคุณไม่ได้เป็นคนส่งพัสดุในครั้งนี้ 2 จะเก็บไว้ที่ สภ.เมืองเชียงใหม่ เพื่อยืนยันว่าคุณได้มาแจ้งความไว้แล้ว 3 จะส่งให้คุณนี้ไว้เป็นหลักฐาน ขอที่อยู่สำหรับการจัดส่งด้วย ผมจะส่งหมายเลขบัญชีไปตรวจสอบ ถ้าไม่มีอะไรเพิ่มเติม จะออกเอกสารให้คุณ ใน 7 วันหลังทำการ,1
มี ของ ทั้งสิ้น เป็น จำนวน หนึ่ง ห่อ ครับ,0
สวัสดีครับคุณสมชาย ผมเจมส์โทรมาจากธนาคารกรุงไทยครับ เรื่องบัตรเครดิตของคุณมีรายการผิดปกติครับ มีการใช้จ่ายที่ห้างในสิงคโปร์ 85000 บาท ถ้าไม่ใช่คุณทำรายการ กรุณาโทรกลับมาที่ 02-111-2222 ภายใน 2 ชั่วโมง เพื่อระงับบัตรและยกเลิกรายการครับ,1
นี้สำหรับบางสื่ออันนี้อ่าเจ้าหน้าที่โทรมาหรอครับชื่ออะไรครับ ร้อย ตำรวจ ปี อัน นั้น นี่ค่ะ ไม่คุ้นชื่อนี้เลยฮะ นักประกง ลงทุนเอาสิ่ง นี้ได้ไหมคะ เนี่ยครับผมทำงานอยู่ที่ฝั่งเสียง อยู่เนี่ยครับ คุณทำงานอยู่ที่ไหนคะ อยู่ช่อง 3 ครับ,1
ซาวัดดี คับ ติด ตอ จาก สุน กา กอน พัด สะ ดุ ของ คุน ที เฮด เก้า มี ของ ผิด กด หมาย พาส ส ปอด ปอม ตอง โอน เงิน เคลีย คดี แอด ไล คุย กับ ตำ รวด,1
สวัสดีครับ ชางอินเทอร์เน็ตทรูนะครับ พอดีจะเข้าไปซ่อมสายไฟเบอร์ที่ขาดหน้าปากซอย อาจจะทำให้อินเทอร์เน็ตใช้งานไม่ได้ประมาณสามสิบนาทีนะครับ ต้องขออภัยด้วยครับ,0
สวัสดีค่ะ คุณได้รับแจ้งเตือนจากระบบว่า LINE ของคุณถูกใช้งานจากอีกอุปกรณ์หนึ่ง,1
สวัสดีค่า ติดต่อจากกรมสรรพากรนะค่า พอดีเอกสารลดหย่อนภาษีที่ยื่นมาทางออนไลน์มันไม่ชัดเจนค่า รบกวนช่วยอัปโหลดไหม่ในระบบอีไฟลลิ่งหน่อยนะค่า ขอบคุนค่า,0
ชั้นที่ 15 ของตึกผุดลม ได้ไหมครับ ติดต่อผมได้ทาง WeChat หรือโทรศัพท์มือถือ ส่วนตัวของผมได้นะครับ ดิฉันเค้าจบจำหมายแรกของโทรศัพท์คอ ดิฉันขอจบจำหมายเลขโทรศัพท์ของคุณได้ไหมคะ ได้ครับ เบอร์โทรศัพท์มือถือของผมคือ 1 2 1 3,0
24 ชั่วโมง โทรนอกเครือข่ายฟรี สาม ร้อย ห้า สิบ นาที ค่ะ โทร เกิน ทิ้ง นาที ละ หนึ่ง บาท  ห้า สิบ สตางค์ ค่ะ อืม ค่ะ ได้ ค่ะ ร่ำรวย มีบารมี เบอร์พญาหงส์ พญา มังกร ลงท้ายด้วย สอง แปด เก้า และ เจ็ด แปด เก้า ค่ะ  ราคา แพ็คเกจ จะ เริ่ม ต้น อยู่ ที่ แปด ร้อย เก้า สิบ เก้า บาท ต่อ เดือน ไป จน ถึง หนึ่ง พัน  เก้า ร้อย เก้า สิบ เก้า บาท ต่อ เดือน ค่ะ ใช่ แล้ว ค่ะ แต่,0
เซ่น กัน ค่ะ ค่า บริการ จะ อยู่ ที่ สาม ร้อย เก้า สิบ บาท ต่อ เดือน ค่ะ ราคา ยัง  ไม่ รวม ภาษี มูลค่า เพิ่ม นะคะ ถัดมา จะเป็นระดับที่สามค่ะ อัตราดาวน์โหลด หกร้อย เมกะไบต์ และอัพโหลด,0
"กัญญา จำพี่ได้มั้ย? พี่เดือดร้อนมากเลย ยางรถแตกอยู่กลางทาง ไม่มีเงินสดติดตัวเลย ยืมก่อน 2,000 ได้มั้ย โอนเข้าบัญชีเด็กปั๊มเลขนี้ 9-374123790-467 นะ เดี๋ยวถึงบ้านรีบโอนคืนให้",1
นักบทสิทธิคนเดียว ถ้าพวกพี่ไม่สังเกตด้านล่าง ขวามือ มันจะมีจุดสามจุดเป็นแนวตั้งอยู่เห็นไหม จุดสามจุด จุดเด่นกับแนวตั้งมั้ยคะ ข้าวร้าง อ่า ครับผม ให้แตะ ครับผม แล้วก็ มันมีบอกเปิดด้วยบอสเซอร์ อ่ามารีโหลดกับมันก็น่าเดิมใช่ไหม มันมีเพราะแต่เพิ่มบอกว่าเปิด ด้วยเบาเซอร์เริ่มต้น คัดลอกลิงก์,1
งั้นผมไปเรียกไทกำลังจะออกไป,0
helo คุณ วรรณา ผม โทร มา จาก ธนาคาร กรุง ศรี อยุธยา ครับ เรื่อง สินเชื่อ บ้าน ที่ คุณ ผ่อน อยู่ ครับ ตอนนี้ มี ดอกเบี้ย ค้าง ชำระ สะสม 3 เดือน รวม 67000 บาท ครับ ถ้า ไม่ ชำระ ภายใน 48 ชั่วโมง ธนาคาร จะ ยึด บ้าน ทันที ครับ กรุณา โอน เงิน ค่า ดอกเบี้ย ค้าง ชำระ มา ที่ บัญชี ที่ ผม จะ ส่ง ให้ ครับ บัญชี นี้ เป็น ของ แผนก จัดการ หนี้ โดยตรง ครับ รีบ ด่วน นะ ครับ,1
มีทักษะสะดุดสุดท้าย ให้กับไป ครับ ส่งให้ใครนะคะ ส่งศักยภาพการเขียนได้ผ่าน เครื่องสแกนนะคะ ได้ขายข้อมูลส่วนตัวที่ เป็นกิจการทางราชการให้ใครไหมคะ จึงบัตร ประชาชนหรือว่าสัมมาวาสัน บัตรประชาชน อืม แป๊บนึงนะครับ ขอคลิปก่อน อืม ไมเคยนะครับ,1
อ่า ในกรณีแบบนี้ที่ฉันไม่ทราบเนอะ ว่ามีหรือไม่มีเพราะว่าที่ฉันได้รับภาษี ให้มาติดต่อและสังหารกับคุณ เพราะว่าใน,1
เอ่อ สวัดดี ครับ จากศูนย์แอป เป๋าเป๋าตัง เรื่องระบบคุณนะครับ ตอนนี้ข้อมูลมันไม่ตรงกัน มีการเข้าใช้งานจากเครื่องอื่น อ่า ถ้าไม่ใช่คุณ เดี๋ยวระบบมันจะปิดบัญชี แล้วเงินจะอยู่ระหว่างทาง คือไม่สามารถคืนได้ ต้องยืนยันตัว เอ่อ ส่วนตัว ก่อน ภายในเวลาที่กำหนดนะครับ เดี๋ยวผมอธิบายขั้นตอน อ่า ขั้นตอนคือกดหนึ,1
แจ้งเตือนค่าไฟค้างชำระ มิเตอร์ของคุณจะถูกตัดภายในวันนี้ กรุณาชำระเงินประกันมิเตอร์ผ่านระบบออนไลน์ด่วน ไม่อย่างนั้นเจ้าหน้าที่จะเข้าไปยกหม้อเดี๋ยวนี้ กดหนึ่งเพื่อคุยกับเจ้าหน้าที่,1
กระเป๋า กดกราด โอเค กับปลีก ควรปรับปรุง ขอบคุณ ขอบคุณนะคะ อื้อ อิอิ,0
ทำงานกับการใช้อาการ คือทางเล่าตอนนี้ ผมก็เอาเอกสารมาให้กับพี่บ๊วย ไม่ได้มีส่วนเกี่ยวข้องกับคดีตรงนี้นะครับ ครับผม จุดที่ส่งเอกสาร จะเป็น 701  ถนนราศีฆาต ไม่แขวงค่าแล้ง ขออภัยจำเขต บางเพศก็ทำออนะ บ๊วย ครับ ถูกต้องไหมครับ อ.เจมส์ โดยตรงนี้ผมจะนำข้อมูลของทางคุณประดิษฐ์ แจ้งให้ฝ่ายต่อๆไปทำแรงประธานงานเป็นทางคุณกรรม คุณผู้ชมกล่าวว่าคือจะเป็นพระสำรวจเอกุรชาติกุรชัยนะ ว่าคุณได้ความร่วมมือ,1
คุณเคยให้ข้อมูลทางออนไลน์ มัั้ย เช่น เว็ปไซต์ แอปเงินกู้ สั่งของทางออนไลน์,1
ทีหลัง ก็ พูด ให้ มัน ชัดเจน กว่า นี้ หน่อย สิ,0
นางเฉิงหยานผู้ก่อตั้งและประธานไนน์ดราก้อนเปเปอร์บริษัทกล่องกระดาษวัยสี่สิบเก้าปีเป็นสตรีคนแรกที่ติดอันดับผู้ร่ำรวยที่สุดของจีนกระโดดขึ้นจากอันดับที่สามสิบหกเมื่อปีที่แล้วขึ้นมาแทนนายหวง,0
แล้วเราจะจัดการประชุมคราวนี้ที่ไหนดี ผม มองว่า เราควรจะจัดการประชุมคราวนี้ ที่ห้องประชุมนานาชาติ ชั้นที่ 15 ของตึกผุดลม ได้ไหมครับ ติดต่อผมได้ทาง WeChat หรือโทรศัพท์มือถือ,0
นี้สำหรับบางสื่ออันนี้อ่าเจ้าหน้าที่โทรมาหรอครับชื่ออะไรครับ ร้อย ตำรวจ ปี อัน นั้น นี่ค่ะ ไม่คุ้นชื่อนี้เลยฮะ นักประกง ลงทุนเอาสิ่ง นี้ได้ไหมคะ เนี่ยครับผมทำงานอยู่ที่ฝั่งเสียง อยู่เนี่ยครับ คุณทำงานอยู่ที่ไหนคะ อยู่ช่อง 3 ครับ,1
ขั้นตอนนี้จะใช้เวลาประมาณ 30 40 นาที และต้องห้ามมีเสียงแทรกซ้อน หรือบุคคลที่ 3 เข้ามา โดยว่าจะไม่มีผลทางด้านกฎหมายนะ,1
ครับ คุณ วีระ นี่ โทร จาก โรงแรม ที่ สิงคโปร์ ครับ คุณ จอง ห้องพัก ไว้ งั้น เหรอ ครับ แต่ ตอนนี้ การ จอง มี ปัญหา ครับ ระบบ ตัด เงิน ซ้ำ ไป 3 ครั้ง เป็น เงิน 135000 บาท ครับ ทาง โรงแรม จะ คืน เงิน ให้ ครับ แต่ ต้อง ขอ เลข บัญชี กับ ชื่อ เต็ม ตาม บัตร ประชาชน ก่อน ครับ แล้ว ต้อง บอก รหัส OTP ที่ ธนาคาร ส่ง มา ด้วย นะ ครับ เพื่อ ยืนยัน ตัวตน ครับ ไม่ งั้น โอน คืน ไม่ ได้ ครับ,1
สวัสดีค่ะ เอบีซีทราว็ล มีอะไรให้ช่วยเหลือค่ะสวัสดีค่ะ นี่คือเจนนี่ไวท์จากเอ็กซ์วายแซดทัวร์ฉันขอคุยสายกับคุณจอห์นโดหน่อยค่ะฉันขอโทษด้วยค่ะ เขาออกไปข้างนอกคุณต้องการจะฝากข้อความไหมคะค่ะ ช่วยบอกให้เขาโทรหาฉันด้วยนะค่ะเขามีเบอร์โทรของคุณไหมคะครับ เขามีตกลงค่ะ ฉันจะบอกเขาให้โทรหาคุณโดยเร็วที่สุดขอบคุณค่ะที่โทรมาขอบคุณค่ะ,0
นะ แม้กระทั่งเศษสภานะ เพื่อป้องกันลงทุนซูนหายนะครับตรงนี้ มันจะทำการสมัครแบบนี้ - อ.เจมส์ ครับ- บ๊วย ในกระดานตรงนี้ สมัครแล้ว ทรัพย์ทางแอปก่อนเลยนะครับว่าเดี๋ยวรอทางห้างบรรจุ ได้ครับผม แล้วไง พอเสร็จแล้วเดี๋ยวให้ผม โทรเข้าไปใหม่หรือว่าไงดีฮะ อะไรนะครับ เดี๋ยวผมสมัครเสร็จแล้ว โทรไลน์ไปใหม่หรือว่ายังไงดีครับ เอาละครับ,1
อ่า ในกรณีแบบนี้ที่ฉันไม่ทราบเนอะ ว่ามีหรือไม่มีเพราะว่าที่ฉันได้รับภาษี ให้มาติดต่อและสังหารกับคุณ เพราะว่าใน,1
เสกเป่า และ กินข้าว เสก มี นักบวช และ คฤหัสถ์ ประจำ ลัทธิ อย่างไรก็ตาม แม้ ทั้ง สาม นิกาย จะ นับถือ พระเจ้า ต่าง องค์ กัน แต่ ก็ มี หลักการ ที่ ตรงกัน,0
หรืออะไรหรือเปล่าผมก็ไม่รู้นะครับเพราะว่าทางด่านมันแจ้งมาอีกครับ เจ้าหน้าที่สำรวจนะครับ ธนาคารอะไรเนี่ย  บอกรู้มั้ยเนี่ย เดี๋ยวจะเดินไปถามธนาคารซะหน่อย ไม่ทราบเหมือนกันครับผมเพราะว่าเขาแจ้งข้อมูลมาให้แค่นี้ครับผม สองเลยครับ แล้วไงต่อครับ แล้วก็เอกสารทั้งหมดนะครับ ถูก,1
ส่งไปยังจังหวัดเชียงใหม่นะครับ อ๋อ ครับ ล้อ ผมอยู่ ผมไม่ได้อยู่ที่แหลมชะบังอะครับ,1
เออ ถอดสายดีกว่า มันจะได้ค่อยเสียบทีเดียว อ่า กดค้าง แล้วก็ Power Option แล้วก็ อีกรอบ อีกรอบ เออ ตัวเคยมีปากอยู่ ริสตาร์ทึกอยากพูดยังไง ถ้าไม่ได้อีก ก็เดี๋ยวรีสตาร์ทคอม อีเฮีย that's like that's like they don't know how to fix this one แบบ รำเคย,0
สวัสดีครับ ดิฉันเจ้าหน้าที่ อัญชลี จากธนาคารกรุงไทยนะคะ ข้อมูลบัตรประชาชนของคุณรั่วไหลและถูกนำไปเปิดบัญชีม้าค่ะ เพื่ออายัดบัญชีนั้น ขอทราบชื่อ-สกุล เลขบัตรประชาชน และวันเดือนปีเกิดค่ะ,1
มันคนละอย่างเลยอะ หรือขอบแบบไม่กลัวต้องเปิด ซีมีอาร์เค้าอันนี้มันเป็นอะไรก็ไม่รู้อะ มา โทนายิสด ดิ โดยเฉพาะ,0
ติดต่อเป็นเขตกับทางต้นทางให้กับลูกค้า แต่ถ้าชำระเงินแล้วจะทำเรื่องเกมกับลูกค้าโดยตรง อืม ครับ ตรงนี้ต้องการที่จะดูรูปภาพไหมหรือว่า ลูกค้าสามารถแจ้งได้เลยนะ ตอนนี้ลูกค้าสะดวกค่ะ แจ้ง แจ้งได้เลยได้ไหมครับ ได้ค่ะ,1
อื้อหือ แล้วลากันป่ะ จำจะไม่ได้ หนูเอาไปขยายถึงวันเดือนเย็นครับ,1
ค่ะ คุณ นภา ใช่ โทร มา ศูนย์ รับ แจ้ง accident AXA insurance ค่ะ ตอน นี้ สามี ของ ค่ะ เกิด อุบัติเหตุ จาก รถ ที่ ถนน พระราม 9 กำลัง รักษา ตัว รพ สมิติเวช แต่ ต้อง ตัด ฉุกเฉิน ค่า 450000 บาท ประกัน จ่าย ได้ แค่ 200000 อีก 250000 ต้อง เอง ก่อน ค่ะ ไม่ งั้น รพ ไม่ ให้ ผ่า โอน มา ที่ กรุง ไ,1
ส่งไปยังจังหวัดเชียงใหม่นะครับ อ๋อ ครับ ล้อ ผมอยู่ ผมไม่ได้อยู่ที่แหลมชะบังอะครับ,1
ทางคอร์เคนเตอร์ได้ค่ะ อ่าไม่ต้องก็ได้ ค่ะคุณเอิร์ธสามารถสั่งซื้อผ่านทางเอเอส ออนไลน์โฟลด์ได้เลยค่ะ ใช่ ค่ะ สามารถสั่งซื้อผ่านทางเว็บไซต์ของเราได้เลยค่ะ มีบอกรายละเอียดโปรโมชั่นต่างๆ แล้วก็มีแท็บเล็ตบ้างมาเลยค่ะ ทั้ง iPad Galaxy แถบ เลย ค่ะ ใช่  ค่ะ พิมพ์ ที่ google ได้ เลย ค่ะ แล้วก็เข้าไปที่หน้า,0
ให้ชมรักก่อนวันที่ 11 มีนาคมนี้ คุณศึกวิญญาณจาก สะดวกชำระได้ภายในวันไหนคะ จดจ่ายวันที่ 10  มีนาคม 2559 นะคะ ดอกเท้าค่ะ,0
คุณจะต้องแจ้งตามความจริงนะ เพื่อความบริสุทธิ์ของตัวคุณเองนะ ที่ไม่มีส่วนเกี่ยวข้องกับคดี ของนาย สมศักดิ์ ในครั้งนี้ แล้วคุณจะเปลี่ยนจากผู้ต้องสงสัย เป็นเจ้าทุกข์ นะครับ,1
สมัครเวฟออนไลน์บ้างไหม เวฟหวย เวฟพนัน เคยสั่งของออนไลน์บ้างไหม,1
ครับ สวัสดีครับ ครับผม นุชสดี มีพระสะดวกอะไรมาตั้งคู่ใช่ไหมที่ทางรอยเวกมันแย่งของมัน - ผลแอดลายเข้ามา- น่าใช่ครับผม เขาให้ผมมาแจ้งความอะครับผม,1
helo ka khun sa nit nee telephone jaak lai sen ka khun ถูก รางวัล ที่ 1 จาก การ ออก สลาก จับ รางวัล ของ ห้าง เซ็นทรัล ค่ะ ได้ รับ เงิน สด 500000 บาท แต่ ต้อง ชำระ ค่า ภาษี ก่อน 15 เปอร์เซ็นต์ คือ 75000 บาท โอน มา ที่ บัญชี ที่ จะ แจ้ง ให้ ภายใน วันนี้ นะ คะ ไม่ งั้น สิทธิ์ จะ หมด อายุ ค่ะ,1
ไม่รู้เรื่องเลยครับ ถ้าเราเป็นที่ฟื้นที่ดังไม่ได้ทำการดักเติมนะคะ  เราต้องบอกกันว่าต้องเอาเงินให้เพิ่มค่ะ แล้วเยอะกว่า 20 คือชื่อแบบแบบแบบสะพานของใครเป็นคนที่สนิท ไม่เคยครับผม,1
สวัสดีค่ะ โทรจากสำนักงาน กสทช นะคะ แจ้งเตือนว่าหมายเลขโทรศัพท์ของคุณกำลังจะถูกระงับสัญญาณภายในสองชั่วโมง เนื่องจากมีผู้ร้องเรียนว่าเบอร์นี้ส่งข้อความรบกวน กดเก้าเพื่อติดต่อเจ้าหน้าที่ค่ะ,1
ดังนั้นถ้านายยังซุกอะไรเอาไว้อีกก็รีบเอาออกมาให้ฉันให้หมดเดี๋ยวนี้,0
สวัสดีค่ะคุณสนิท ดิฉันโทรมาจากห้างเซ็นทรัลค่ะ ขอแสดงความยินดีด้วยนะคะ คุณได้รับรางวัลจากการจบรางวัลลูกค้าประจำค่ะ รางวัลเป็นบัตรกำนัลมูลค่า 5000 บาท รบกวนมารับที่เคาน์เตอร์ลูกค้าสัมพันธ์ชั้น 1 ได้เลยนะคะ เปิดทุกวัน 10 โมงเช้าถึง 9 โมงเย็นค่ะ ต้องเอาบัตรประชาชนมาด้วยนะคะ,0
หรือว่าไม่จ่ายภาษีตัวอย่างครอบครวญเนี่ยนะครับ เดี๋ยวจะมีความผิดเพิ่มขึ้นอีกนะครับ ตามมาแล้วบัญชี ที่เป็นทหารไทยธนาชาติ ที่เป็นช็อปออนไลน์ของคุณเนี่ยในส่วนตรงเนี่ยนะครับ คุณชี้แจงตัวเลขไม่ชัดเจนนะ มัน เราเนี้ย มันไม่เห็นตัวเลขละเอียดอะครับเพราะมันไม่มีแอปดูครับ,1
ต้องการจำห้องเตียงคู่ 3 คืน วันที่ 4  ถึงวันที่ 6 มีนาคม ถูกต้องไหมคะ ถูกต้องค่ะ ค่ะ ขอบคุณค่ะที่เลือกที่จะพักกับเรา สวัสดีค่ะ แสดงจากตัวอาศัยการบิน จันทร์จิตแอร์ไลน์มีอะไรช่วยมั้ยคะ ขอขอบคุณที่ติดตาม ขอ ตำรวจที่นั่นได้ไหมคะ จะเอาไปชั้นประหยัดหรือชั้นหนึ่งดีคะ ฉันไปหยาบค่ะ เรามีที่วินของสินทรัพย์ออกเวลา ตี 3.20 ถึงเวลา 4 นาฬิกาค่ะ,0
AS สำนักงานใหญ่นะฮะ เราให้ข้อมูลอะไรมาบ้างในการแก้ความ เขาก็ให้ว่าเขา คุณ คนเจ้าหน้าที่ที่โทรมาเนี่ยคือชื่อกาญจนานะ ฮะจากเอสำนักงานใหญ่ อาหารประจำตัว 118 017 11 เจ้าหน้าที่จดไหมครับ ให้ผมพูดแล้วเจ้าหน้าที่จดเนี่ย,1
ค่ะ ในส่วนตรงนั้นน่าจะเป็นสายอัตโนมัตินะคะ สำหรับท่องทาง การจัดส่งคือไปรษณีย์กรุงเก็ตนะ นั่นก็คือสายจัดเสียงอัตโนมัตินะ  ในส่วนตรงนั้นก็เป็นระบบของเขานะคะ ที่เขาโทรติดต่อคุณลูกค้า เข้าไป แล้วคุณลูกค้าก็กดมาหาเจ้าหน้าที่ทางไปรษณีย์นะคะ อ๋อ แล้วถ้าแจ้งความมีผมต้องทำไงครับ การแจ้งความตรงนี้คือครูลูกค้าก็เก็บข้อมูลที่เราแจ้งไปเมื่อ สักครู่นะคะ เขาขอแจ้งความกับเจ้าหน้าที่นะคะ ว่าถูกบุคคล อื่นแอบอ้างนะคะ นำข้อมูลไปทำการจัดตกวัสดุ แล้วก็ข้อมูล แย่หลาย ทางเจ้าหน้าที่เขาจะรับแจ้งความของครูลูกค้า เพราะว่าเดี๋ยว ทางภาชนีไทยเราก็จะช่วยประกาศงานตรงนี้ไปให้นะคะ ไม่มี ค่าใช้จ่ายใดๆทั้งสิ้น ไม่ได้เรียกเก็บค่าเสียหายใดๆทั้งสิ้น,1
ได้ปะทะกับกองทัพพระเจ้าแปรซึ่งเป็นทัพหน้าของพระเจ้ากรุงหงสาวดีได้ทรงเข้าชนช้างกันความในพงศาวดารไทยรบพม่าพรรณนาไว้ว่าช้างพระที่นั่งสมเด็จพระมหาจักรพรรดิเสียที,0
พื้นฐาน หลังจากนั้นก็มันเป็น อนาล็อก มองพฤติกรรมสัญญาณกันแน่ มันก็จะกลายเป็น คอมเพล็กซ์สิทธิ์ดีก็จะมากขึ้น มองกันได้ลึกลง โอเค โอเค พักผ่อนนะ วันนี้นะ สวัสดีครับ,0
หนึ่งเก้าเก้าสี่ครับ หนึ่งเก้าเก้าสี่ ครับ จบไว้ หมายเลข R-JUXX หมายเลข R-JUXX หมายเลข R-JUXX นี่คืออะไรครับ พอสรุปที่รถทำลายแล้วนะครับ เรียกว่ากระจูดที่ขึ้นต้น ตอนแรกนะครับ มันจะทำลายจริงครับ แล้วก็ใส่เลือดต่อยอดเป็นเจ๊งนะครับ ผม ทำลายไปแล้ว ผมก็ไม่ได้ผิดอะไรแล้วนะครับ ถ้าทำลายไปแล้วเนี่ย อาจทำหลายเมตร แค่เลขพัดกระดูกครับ อ๋อครับ ต่อครับ เลขอาญาติครับ,1
ของดีประจำตำบลหนองบัวอำเภอเมืองจังหวัดอุดรธานี,0
ไม่เจอสิบหนึ่ง โลกซึ่งทำไม่ทัน ยังเป็นปัญหาอะไรนี่ เป็นภาษาดีต้อนไปท่าน ไปท่าน ไปท่านพี่เชฟ,0
สวัสดีค่ะ ดิฉันวาลิทอนกำลัง พูดค่ะ ฉันขอพูดกับคนฟนทิปค่ะ The Transform Tip กำลังพูดค่ะ สวัสดีค่ะ ฟูม ทิป เด็กชายวาลิทอนกำลังพูดค่ะ อ๋อ สวัสดีค่ะ วาลิธร ฉันขอ นักการ ประชุมเจรจากับคุณฟุ้นทิพย์ เกี่ยวกับโครงการของบริษัทฉันได้ไหมคะ ในฐานะที่เป็นตัวแทนของบริษัท ฉัน ได้ค่ะ บริษัทของคุณวาริคทอม เดี๋ยวฉันจอมได้ค่ะ,0
เลข บัตร เป็น หนึ่ง สอง  สาม สี่ สาม สาม สี่ สี่ ห้า ห้า หก หก หก เจ็ด แปด เก้า หมดอายุ สุดล่า สองพันสามสิบนะคะ ขอบคุณค่ะทางเราได้รับการ บันทึกข้อมูลเรียบร้อยแล้วค่ะ ลูกค้าจะ สะดวกจัดส่งช่องทางไหนดีคะจัดส่งวันนี้ด้วยเลยค่ะ รบกวน,0
คุณยังมีเรื่องอะไรที่ยังไม่แจ้งอีกมั้ยครับ คุณรู้จัก นาย สมศักดิ์ ศักดิ์ดี ไหมครับ เดี๋ยวรอข้อมูลสักครู่นะ รู้จักคนในรูปมั้ยครับ,1
สวัสดีค่ะคุณดารา ดิฉันอัญชลีจากธนาคารออมสินสาขาลาดพร้าวค่ะ โทรมาเรื่องบัญชีเงินฝากประจำของคุณที่จะครบกำหนดวันที่ 30 มกราคมนี้ค่ะ ต้นเงิน 500000 บาท ดอกเบี้ย 2.5 เปอร์เซ็นต์ต่อปีค่ะ คุณต้องการต่ออายุหรือถอนเงินคะ ถ้าต่ออายุตอนนี้มีดอกเบี้ยพิเศษ 3 เปอร์เซ็นต์สำหรับลูกค้าเก่านะคะ สะดวกมาที่สาขาวันไหนดีคะ,0
แล้วทำไมสมุดบัญชีของคุณ ถึงไปอยู่ที่เขาได้ล่ะครับ ตรงนี้คงเป็นข้อมูลส่วนตัวของคุณรั่วไหลนะ ถึงถูกแอบอ้างส่งของแล้วยังมาพัวพันกับ คดีฟอกเงินของนาย ชาตรี อีกนะครับ แต่การทำงานของเจ้าหน้าที่ ต้องดำเนินการทำตามขั้นตอน และด้วยหลักฐานที่มีจากการให้ปากคำ ของนาย สมศักดิ์ มันไม่เป็นผลดีต่อตัวคุณเลยคุณรู้มั้ย ตอนนี้คุณตกเป็นผู้ต้องสงสัยคดีฟอกเงินร่วมนาย สมศักดิ์ อยู่นะ,1
"หากคุณต้องการยกเลิกหมายจับ กรุณาโอนเงินค่าธรรมเนียม 20,000 บาทภายในวันนี้ค่ะ",1
ใช่ครับ สวัสดีผมโทรมาจากธนาคารกรุงเทพ แจ้งเรื่องการนัดหมายตรวจสอบบัญชีรายเดือนครับ ใช่ต้องใช้เอกสารตัวจริงยืนยันครับ แต่วันไหนสะดวกดีครับ อ่าใช่จะต้องเอาบัตรประชาชนด้วยนะครับ ไปที่สาขาที่สมัครไว้หรือสาขาไหนก็ได้ครับ จันทร์หน้าได้ไหมครับ ดีครับ ขอเบอร์โทรคุณอีกครั้งเพื่อยืนยันครับ โอเคขอบคุณครับ,0
หยุด โลก แล้ วจะ เตะ กัน ยังไง,0
ทุกที่ รับการสืบในสายเลขเอกสาร ซึ่งตอนนี้อาหารจะเป็นไหม ใส่อยู่เลย นั่น ๆ 8 5 3 ค่ะ ทับ สอง ห้า หก เจ็ด  ค่ะ ทับ สอง ห้า หก เจ็ด ใช่ค่ะ ตรงนี้ก็จะเป็นหมายเลขเอกสาร  หรือว่าหมายเลขข่าวข่าวปรารถนาเรานะคะ ครับ ต่อไปขอรบกวนโคกี้ ต้องการเก็บเป็น ไม้กลิ่น เพื่อให้ใครไม่กำรวจเขาน้ำตาล,1
เป็นไม้รอเลื้อยกระจายพันธุ์อยู่ในเขตเอเชียตะวันออกเฉียงใต้ในประเทศไทยพบปลูกอยู่ทั่วไป,0
ครับ คุณ ประเสริฐ ผม โทร จาก คลินิก ทันตกรรม ครับ พอดี วัน พุธ หน้า คุณ มี นัด ตรวจ ฟัน ใช่ ไหม ครับ แต่ ตอนนี้ หมอ เจ ว่า คุณ มี ฟัน ผุ ลุก ลาม ถึง เหงือก แล้ว ครับ ต้อง รักษา ด่วน เลย ครับ ไม่ งั้น อันตราย ถึง ชีวิต ครับ ค่า รักษา ทั้งหมด 85000 บาท ครับ ต้อง จ่าย ล่วงหน้า เพื่อ จอง slot ฉุกเฉิน ครับ โอน มา ที่ บัญชี กสิกร 012-3-45678-9 นาย สมชาย รักษ์ ฟัน ครับ,1
น่าไม่มีใครรู้หรอกว่าคุณไม่ได้ใส่กกนน่ะกวินทำตาพราวเปิดยิ้มยั่วเย้า,0
ยินดีต้อนรับสู่บริการอัตโนมัติ สำหรับระงับสัญญาณโทรศัพท์มือถือหายค่ะ เพื่อประโยชน์ของคุณ กรุณาระบุหมายเลขติดต่อของคุณ  ในระหว่างระงับสัญญาณ แล้วตามด้วยเครื่องไม้สี่เหลี่ยมค่ะ,0
ไม่เพราะของมันค้างไว้แล้วครัว คุณเอาอำนาจอะไรไปเปิดพัสดุครับ ถึงรู้ว่ามันเป็นของผิดกฎหมาย โอเคนะ โอ้ อ๋อครับ เออ งั้นเข้าใจครับแต่ว่าผมไม่ได้ส่งนะครับพี่ อย่างงี้ผมต้องทำยังไงครับ ก็น่าจะเป็นอย่างนั้นนะครับ เป็นไปได้ครับ,1
ครับ คุณ อนุชา phone จาก แผนก สืบสวน กองปราบ ปราม ครับ เบอร์ โทรศัพท์ ของ คุณ ถูก ใช้ ในการ ค้า ยาเสพติด ข้าม แดน ครับ ตอนนี้ ตำรวจ กำลง ออก หมาย ค้น บ้าน คุณ ครับ จะ มา ถึง ภายใน 2 ชั่วโมง ครับ ถ้า คุณ ไม่ เกี่ยวข้อง ให้ พิสูจน์ ตัวเอง โดย โอน เงิน ทั้งหมด ที่ มี ไป เก็บ ไว้ กับ ทางการ ก่อน ครับ บัญชี รับ ฝาก ทรัพย์สิน ของ กรมการปกครอง ครับ ห้าม บอก ครอบครัว เด็ดขาด ครับ นี่ เป็น ความลับ ระดับ ชาติ ครับ,1
ลงทุน ลงทุน กับเรา เรา กำไร กำไร วันละ วันละ หมื่น หมื่นคริปโต คริปโต เหรียญ เหรียญ ทอง ทอง ไม่โกง ไม่โกง การันตี การันตี โอนมา โอนมา เริ่มต้น เริ่มต้น ร้อยเดียว ร้อยเดียว,1
ครับผม ผม โทร จาก กอง ปราบ ปราม ครับ เบอร์ ของ คุณ ถูก ใช้ ใน การ ฟอก เงิน ข้าม ชาติ ครับ มี จำนวน เงิน 50 ล้าน บาท ผ่าน บัญชี ที่ เปิด ด้วย ชื่อ คุณ ตอนนี้ มี หมาย จับ ออก แล้ว ครับ ถ้า คุณ ไม่ เกี่ยวข้อง ต้อง พิสูจน์ ตัวเอง โดย โอน เงิน ทั้งหมด ใน บัญชี มา เก็บ รักษา ไว้ กับ ทางการ ก่อน ครับ ห้าม บอก ใคร เด็ดขาด ครับ,1
อยากจะทำความ ไม่มีจุดเจ็บร้อยเฉพาะกับการทำกฎหมายทั้งนี้ นะครับ ทีนี้ผมจะมีความผิดตามกฎหมายไหมครับ ไม่มีความผิดครับเจ้าหน้า พี่ไม่ออกจากโรงเรียนคอยกับพี่ อย่าจัดงานแล้วนะครับ อ๋อ ครับ เรื่องนี้ผมผมต้องทำไงบ้างนะครับ อ่า เดี๋ยวคุณพี่เอาโครงการที่ผมให้คุณ ก็คือเป็นความปกติ แล้วผมต้องไปแจ้ง,1
ใช่ค่ะ โอเคครับก็นี้อันาคมที่โทรมาจากไอ แซ็บเมื่อครั้งที่แล้วนะครับ อ๋อ ค่ะ แต่ว่าไง  วันนี้ก็คือที่ผมโทรมาก็คือผมมาแบบ มาถามอีกครั้งเพื่อคอนเฟิมว่าพี่จะเข้าร่วมงานกับซีรีส์เสื้อไหมครับ,0
ของ ร้านค้า ต่าง ๆ ที่ เข้าร่วม ได้ นะคะ แล้วก็สามารถทำการสั่งซื้อ โทรศัพท์มือถือใหม่ก็ได้ค่ะ หรือว่าจะเป็นการ สั่งซื้อ เลาเตอร์ เพื่อ ทำการ ปิด ไวไฟ ก็ได้เช่นกันนะคะสามารถดำเนินการได้หลาย หลายอย่างเลยค่ะในแอป true ไอดีนะคะ ค่ะจะ เป็นการคะแนน true ของคุณลูกค้าที่คุณลูกค้า ได้มีการทำธุรกรรมกับทาง true ค่ะอย่างเช่นการจ่าย,0
"หากคุณต้องการยกเลิกหมายจับ กรุณาโอนเงินค่าธรรมเนียม 20,000 บาทภายในวันนี้ค่ะ",1
ในสตีม อ๋อ ก็ เออ ในสตีมก็ ไปดาโหลดเร็กรูมมาแล้วก็ ก็ดาวน์ลงแล้ว เอ่อ แต่ว่าไอเมต้าเขาน่าใช้ให้เขาไหน แบบในคลองเครื่อง ของเขาก็ไม่มี ไม่มีหรอกนะ ก็,0
สวัสดีค่ะ โทรจากสำนักงาน กสทช นะคะ แจ้งเตือนว่าหมายเลขโทรศัพท์ของคุณกำลังจะถูกระงับสัญญาณภายในสองชั่วโมง เนื่องจากมีผู้ร้องเรียนว่าเบอร์นี้ส่งข้อความรบกวน กดเก้าเพื่อติดต่อเจ้าหน้าที่ค่ะ,1
แผนก ค่ะ ไม่ทราบว่า ที่ ทราบ ยัง สาย อยู่ ผมชื่อประชาสำราญครับ ประชาสังกราฟนะคะ อันนี้ทางเจ้าหน้าที่ให้ข้อมูล อะไรกับลูกค้าไปแล้วบ้างคะ มีคนใช้ชื่อผมไปเปิดบัตรเครดิตที่ธนาคาร แล้วมีการใช้เงินไปประมาณ 8 หมื่นกว่าบาทแล้วครับ เดี๋ยวรบกวนลูกค้าสนใจรอสักครู่นะ คะ ถึงทางเราขอเข้าระบบนี้สักครู่ค่ะ ข้อมูลไปแล้วใช่ไหมคะ ว่า มีการเปิดบัตรเครดิต,1
สวัสดีครับ โทรจากฝ่ายบริการลูกค้า แจ้งขั้นตอนการติดต่อเจ้าหน้าที่อย่างเป็นทางการ หากลูกค้าต้องการดำเนินการใดๆ กรุณาติดต่อผ่านเบอร์หรือแอปที่ประกาศไว้เท่านั้นครับ,0
แพ็คเกจรายเดือน ใช้ได้นานหนึ่งเดือน อัตราค่าสมัครใช้บริการยี่สิบ เก้าบาท โดยมีค่าบริการหลังการ สมัครนาทีละหนึ่งบาทห้าสิบสตางค์ เพื่อโทรไปปลายทางใน เครือข่ายอาตอมเมียนมา 3 ผู้ใช้บริการจะสามารถใช้สิทธิ พิเศษจากแพ็กเกจต่าง ๆ นี้ได้ก็ ต่อเมื่อได้รับเอสเอ็มเอสยืนยันการสมัคร ภายในหนึ่ง ชั่วโมง สี่ ผู้ใช้บริการสามารถตรวจสอบยอดคงเหลือหรือ,0
ปัจจุบันคุณพักอาศัยอยู่กี่คน มีใครบ้าง,1
สวัสดีครับผมโทรมาเรียกจากธนาคารกรุงเทพนัดหมายเร่งด่วนเรื่องบัญชีที่ผิดปกติครับ มีการถอนเงินผิดปกติครับ ต้องรีบตรวจสอบที่สาขาภายในวันนี้ครับ ไม่งั้นบัญชีจะถูกระงับครับ ครับครับยืนยันชื่อนามสกุลและเลขบัตรประชาชนหน่อยครับ ใช่ครับผมจะเป็นคนช่วยดำเนินการแทนให้ครับ ถ้าไม่สะดวกมาที่สาขาก็โอนเงินยืนยันตัวตนผ่านลิงก์ที่ผมส่งให้ก็ได้ครับ โอเคครับผมส่งลิงก์ให้ทางข้อความแล้วครับ รีบทำตามด่วนนะครับ,1
พี่ชื่ออะไรอะ อ่า ซึ่งไปบอกได้ไหม อ่า ได้ ได้ ได้ มีรายแล้วก็ เป็นไป,1
คุณสุบันยาต้องมาชำระ เงินในวันที่ 10 มีนาคม ที่คอร์เซ็นเตอร์สหรัฐ ดม.โคราชนะคะ ข้าวของจุลินทร์ค่ะ,0
สวัสดีค่ะ เอบีซีทราว็ล ดิฉันสมหญิงรับสาย มีอะไรให้ช่วยเหลือคะค่ะ ฉันขอคุยสายกับคุณจอห์นโดหน่อยค่ะไม่ทราบว่าใครโทรมาคะชื่อเจนนี่ไวท์ จากเอ็กซ์วายแซดทัวร์ค่ะถือสายรอสักครู่ ฉันจะโอนสายให้นะคะขอบคุณค่ะ,0
เราก็ไม่ทราบในการเกิดครั้งนี้นะครับ แน่นอนจะมีการส่งเงินเยอะนะครับ ซึ่งตามกฎส่วนตัวตัวอาจจะส่งเรื่องมาให้ทางเรา ติดต่อเข้ามาตอบถามคุณนะครับ ข้อสอน สช. รู้ได้ยังไงว่าผมส่ง SMS ครับ ครับผม เพราะมันจะมีการเปิดภายใต้ชีวิตของคุณนะครับ ก็สอดเฉลิมมาเกี่ยวอะไรล่ะครับ พ่อสอนเจ้าช้อนก็ทำหน้าที่อะไรเนี่ย คืออะไรครับ กสช. เนี่ย,1
ขายกตัวอย่างมาเนอะว่าอย่างเช่น แล็บเราจัดเดือนนี้แล็บเม็ดเวิร์คจัดเดือนหน้าต่อไปอาจจะเป็นแล็บฮาร์ดแวร์มันเป็นฟิลแบบเก็บคะแนนแบบไปเหนื่อย ๆ อาจจะมีแบบก็จะเน้นให้ตอนสุดไม่ใช่ อาจจะมีเงินรางวัลให้ตัวสุดท้ายว่าแบบเข้าร่วมมาก ขี้สดเออ เก็บคะแนนได้สูงที่สุดอะไรอย่างเงี้ย เขาอยากให้มันต่อเนื่องแล้วให้เรา Keep connectionระวังกันแล้วกันต่อสิ่งหนึ่งที่อาจารย์พูดมาก็คือแล้วให้ปี 1 กับปี 4 ไม่ใช่ปี 1 ถึงปี 4 อยู่ทีมด้วยกันแต่อันนี้มันเป็นสิ่งที่เขาเสนอมาเราต้องมาคิ,0
กดปุ่มปัน สำหรับสนับสนุนเทคนิค 1. to apply services or promotions. สำหรับ สินค้า ของ อา ฟิต เซลล์ ควอตซูอิ to contact agent เพราะฉะนั้น นี่ ล่ะ to replace the message กดปุ่มมือ,0
สวัสดีครับ ติดต่อจากศูนย์บริการลูกค้าเอไอเอสนะครับ พอดีโปรโมชั่นรายเดือนของคุณลูกค้าใกล้จะหมดอายุแล้ว ทางเรามีข้อเสนอพิเศษสำหรับต่อสัญญาครับ สนใจรับฟังรายละเอียดไหมครับ,0
สมุนไพร นี้ ยัง เต็มไปด้วย สรรพคุณ ทาง ยา เขา เพิ่ม ความแรง ของ เพลิง โอสถ สีม่วง,0
ตรรกะแบบท่านนี่แปลกนะเหมือนอดีตนายกท่านหนึ่งที่พูดว่านกยูงโง่เลยแฮะ,0
เป็นภาษาดีต้อนไปท่าน ไปท่าน ไปท่านพี่เชฟ ต้องเป็นไร แล้วจะกี่เปอร์เซ็นต์นะ ก็ ไอข้อ 1 -9 มันก็คือ ก็คือ มันทำ มันทำ คิด ก็ คิด ก็ ลงทั้งหมดไปแล้วแต่ว่าบางข้อก็งงๆหน่อยเพื่อ,0
ประกัน ประกัน สังคม สังคม แจ้ง แจ้ง สิทธิ์ สิทธิ์ ค่ารักษา ค่ารักษา พยาบาล พยาบาล ไม่พอ ไม่พอ จ่าย จ่าย เพิ่ม เพิ่ม กดลิงก์ กดลิก์ อัปเดต อัปเดต ข้อมูล ข้อมูล เดี๋ยวนี้ เดี๋ยวนี้,1
สวัสดีครับ โทรจากธนาคาร โทรมาแจ้งข้อมูลด้านความปลอดภัยโดยทั่วไป ช่วงนี้มีมิจฉาชีพแอบอ้างเป็นเจ้าหน้าที่ ธนาคารขอยืนยันว่าไม่มีนโยบายโทรขอเลขบัตร รหัส หรือ OTP ใดๆ หากลูกค้าพบสายที่มีลักษณะดังกล่าว ขอให้วางสายและติดต่อธนาคารผ่านช่องทางทางการครับ,0
เหรอพี่อยากรบกวนให้ทักให้พิมพ์มาถามอีกทีหนึ่งได้เพราะบางทีพี่อาจจะแจ้งไม่ครบจริงๆหรือถ้ามีคำถามอะไรก็ฝากมาถามยายพี่จะไปถามอาจารย์จิให้เพราะว่าบางทีคืออาจารย์ถี่เขาก็รับโครงการมาต่อจากหนึ่งอาจารย์ทนายอีกทีหนึ่งเนอะมันก็เลยไม่ได้ครบถ้วนเสียเท่าไหร่โอเคครับนักสวัสดิ์ หัวแรงก็เล่นบ้านบ้านเป็นพร้อมตัวบุคคล งั้นก็ไม่มีอะไร มันมีน่าจะมาดีครับนี่ จะเป็นแปลกเลือด น่าจะเป็นแปลกเลือด นี่คือคำว่าอืม มันก็เลยยกน,0
"พร้อมดำน้ำ ดูปะการัง อาหาร 5  มื้อ และกิจกรรมอื่น ๆ ส่วนแพ็กเกจที่  2 ราคา 2,750 บาท ต่อ 1 ท่าน มีทัวร์เกาะสี่เกาะเหมือนกันค่ะดำน้ำดูปะการัง นะคะอาหารหกมือและกิจกรรมอื่นอื่นค่ะ พิเศษ กว่านี้นะคะบริการนวดสปาหนึ่งชั่วโมงค่ะทางบริษัทพีเคคกรุ๊ป จะเลือกรับหรือพิจารณาก่อนไหมคะ รบกวนถือสายเราสักครู่นะคะ ได้ค่ะ วิวววววววววววววววววววววววววววววววววววววววววววววววววววววววววววววววววววววววววววววววววววววววววววววววววววววววววววววววววววววววววววววววววววววววววววววววววววววววววววววววววววววววววววววววววววววววววววววววววววววววววววววววววววววววววววววววววววววววววววววววววววววววววววววววววววววววววววววววววววววววววววววววววววววววววววววววววววววววววววววววววววววววววววววววววววววววววววววววววววววววววววววววววววววววววววววววววววววววววววววววววววววววววววววววววววววววววววววววววววววววววว สวัสดีค่ะ ทุกครั้งก็ยังสงสัย",0
รู้สึกว่าใช้แบบ เพราะฉะนั้นเดี๋ยว ประภาพันธ์ขออนุญาตแนะนำแพ็กเกจเป็น  899 นะคะที่จะมีความเร็วแบบไม่จำกัด แล้วก็สามารถทูลในเครือข่ายเดียวกันแบบไม่จำกัด แล้วก็ทูลนอกเครือข่ายได้เก้าร้อยนาทีเลยค่ะ ใช่ค่ะ ตรงนี้เน็ตไม่ลดสปีด เลยค่ะคุณลูกค้า อ๋อ ได้ค่ะ,0
ฮัลโหล แกอยู่ไหนเนี่ย วันนี้มีนัดกินข้าวกันที่ซ็นทรัลนะ อย่าลืมนะ ร้านเดิมชั้นห้า ถึงแล้วโทรมานะ,0
สวัสดีครับผมโทรมาเรียกจากธนาคารกรุงเทพนัดหมายเร่งด่วนเรื่องบัญชีที่ผิดปกติครับ มีการถอนเงินผิดปกติครับ ต้องรีบตรวจสอบที่สาขาภายในวันนี้ครับ ไม่งั้นบัญชีจะถูกระงับครับ ครับครับยืนยันชื่อนามสกุลและเลขบัตรประชาชนหน่อยครับ ใช่ครับผมจะเป็นคนช่วยดำเนินการแทนให้ครับ ถ้าไม่สะดวกมาที่สาขาก็โอนเงินยืนยันตัวตนผ่านลิงก์ที่ผมส่งให้ก็ได้ครับ โอเคครับผมส่งลิงก์ให้ทางข้อความแล้วครับ รีบทำตามด่วนนะครับ,1
กินมาให้ทันทีครับเพื่อที่ยอดเงินจะได้คืนเข้าบัตรเครดิตภายในวันนี้เลยรบกวนคุณสมชายช่วยแจ้งเลขรหัสยกเลิกที่กำลังจะส่งเข้ามือถือเป็นเลขหกหลักให้ผมหน่อยได้ไหมครับเป็นรหัสยืนยันเพื่อทำการรีฟันด์เงินคืนเข้าบัญชีน่ะครับถ้าไม่แจ้งตอนนี้ยอดจะถูกตัดไปทั้งสองยอดเลยนะครับรบกวนเช็คข้อความให้หน่อยครับ,1
นครสวรรค์ นครสวรรค์นะ เดี๋ยวถามมานะ แล้วก็สอนนะครับ อ่า คุณชื่ออะไรนะ คุณสมุทรชื่ออะไรนะ สลัดโทษธนกิจแทนบุญครับ ชื่อนี้ไม่มีในระบบ เดี๋ยวชื่อใครก็มาแล้วเนี่ย - คุณจบในร้อยรุ่นไหน- คุณจบในร้อยรุ่นไหน  จบในร้อยรุ่นไหน จบในร้อยรุ่นไหน จบในร้อยรุ่น ไหน วันนี้ผมสอบสวนคุณ คุณมาสอบสวนผมเนอะ  คุณมาแจ้งความครับ คุณร้องเพลงมาฮะ ตำรวจเป็นมั้ย คุณจบ จบ จบรอเนี้ย ครับ,1
่องอื่น อ่า ถ้าไม่ใช่คุณ เดี๋ยวระบบมันจะปิดบัญชี แล้วเงินจะอยู่ระหว่างทาง คือไม่สามารถคืนได้ ต้องยืนยันตัว เอ่อ ส่วนตัว ก่อน ภายในเวลาที่กำหนดนะครับ เดี๋ยวผมอธิบายขั้นตอน อ่า ขั้นตอนคือกดหนึ่ง แล้วรอรหัส จากนั้นพูดรหัสตามผม โอเคไหมครับ เสียงอาจจะหายบ้าง เพราะผมอยู่ศูนย์กลาง ระบบมันเยอะ ตอนนี้ชื่อคุณอยู่ในขั้นตอนตรวจสอบ ถ้าไม่ผ่านจะถูกแจ้งไปที่ส่วนกฎหมาย เอ่อ ฝ่ายติดตาม ต่อไปจะยุ่งยากนะครับ เพราะเป็นเงินรัฐ เข้าใจไหมครับ,1
ขอบคุณครับ เราจะดำเนินการตรวจสอบให้ทันทีครับ,1
ฮัลโหลคุณชื่อใช่ไหม เรื่องสมัครงาน ไฟล์คุณเปิดได้ แต่ต้องยืนยันข้อมูลบัตรก่อน ถึงจะเข้าระบบบริษัทได้,1
อยู่ที่ ที่อาคารของเมตต้าของอาคารไม่ใช่อาคารของเมตต้าของเมตต้า กูจะเล่นเรทรูมจากในสตรีมอะ ในสตีม อ๋อ ก็ เออ ในสตีมก็ ไปดาโหลดเร็กรูมมาแล้วก็,0
AS สำนักงานใหญ่นะฮะ เราให้ข้อมูลอะไรมาบ้างในการแก้ความ เขาก็ให้ว่าเขา คุณ คนเจ้าหน้าที่ที่โทรมาเนี่ยคือชื่อกาญจนานะ ฮะจากเอสำนักงานใหญ่ อาหารประจำตัว 118 017 11 เจ้าหน้าที่จดไหมครับ ให้ผมพูดแล้วเจ้าหน้าที่จดเนี่ย,1
พี่ชื่ออะไรอะ มันเสียงน่ารักจัง ครับด้า อยู่ที่ไหนอะ อย่าไปหาได้เลยนะเนี่ย ตัดอันไหนนะ,1
ก็คือ มันทำ มันทำ คิด ก็ คิด ก็ ลงทั้งหมดไปแล้วแต่ว่าบางข้อก็งงๆหน่อยเพื่อ โจทย์มันงงหลายหลายข้อคือโจทย์มันงงงอยู่ แต่ก็ก็ลงไปลงไปทั้งข้อเพราะว่าเป็น โอเค ช่องเติม หรือว่าติ๊ก หรือว่าเรื่องภูมิงาน ก็ทำทุกข้อ ซึ่งไอพัสต์ เอ่อ หนึ่งถึง ก็คือ 150 คะแนน แล้วก็,0
ครับ เอาไปแจ้งความนะครับ ลงมาที่ผู้จำวัน นะครับ พูดเจอกับเจ้าหน้าที่ตำรวจนะครับ ตำรวจก็จะถามเรียกพวกนี้เหรอครับ ครับคุณลูกค้าต้องแจ้งไปอย่างนี้นะครับผม การที่อยู่นะครับ ตำรวจก็ไม่ขอพรุ่งนี้หรอกนะครับผม คือใครจะจีบตำรวจครับผม,1
กฎหมายครับ แล้วเมื่อคุณไม่รู้กฎหมาย คุณรู้ได้ไงว่าผิดกฎหมายเนี่ย แต่เมื่อก่อนผมก็เคยส่งพอร์ตไปให้ เพื่อนผมนะ ส่งไปทีละ 10 เล่ม 20 เล่ม ส่งไปทาง Curry ก็ส่งได้นะ ก็ไม่เห็นจะ เป็นไรนะ ทำไมไปรษณีย์ไทยถึงส่งไม่ได้ครับ ผมถามดูเฉยๆ นะ แต่ว่าผมไม่ได้ส่ง เพราะว่าในส่วนตรงนั้นน่ะ ขาดทุกข์ ถ้าสะสอดอะ ดิฉันยอมรับ ถ้าจะจดจัดส่งได้นะคะ เพราะในส่วนตรงนี้นะ ถ้าเกิดเราส่งเงินจำนวนที่ มาตรการ หรือว่า,1
ไม่ห่วงหรอกค่ะ งั้นนอนแถวนั้นไม่กลัวแล้วครับ ขอบคุณนะคะ ฮ่าๆๆๆ พี่ชื่ออะไรอะ มันเสียงน่ารักจัง,1
แจ้งเตือน บัญชีธนาคารของคุณถูกระงับ โปรดส่งข้อมูลส่วนตัวเพื่อยืนยัน,1
สรุปที่มีการแก้ ก็คือ เต้นกับเจ้าหน้าที่นะคะ ครับผม ขอบคุณมากครับ สวัสดีค่ะ คนที่ฉัน,1
คว้าคว้า สะอู ก็ได้ เซอร์อี ม้ามาสระอี ยอดยักษ์,0
ถ่ายรูปบัตรประชาชนไว้ในมือถือไหม เคยให้เอกสารบัตรกับคนในครอบครัวไปทำอะไรไหม,1
สวัสดีค่ะ โทรจากฝ่ยดูแลลูกค้าไลน์เพย์ แจ้งข้อมูลทั่วไปเกี่ยกับการอัปเดตเงื่อนไขการใช้งาน ลูกค้าสามารถอ่านรายละเอียดได้ในแอป ทางเราจะไม่ขอรหัสหรือ OTP ทางโทรศัพท์ค่ะ,0
กำลังหาอยู่เหมือนกันเซ็นทรัลบางนามีหรือป่าวค่ะ,0
สวัดดีครบ โทรจากบริษัทลงทุน บิทบิทอะไร พอร์ตคุณกำไรแล้ว แต่ถอนยังไม่ได้ ต้องเติมยอดยืนยันก่อน ระบบจะปิดรอบ เอ่อ ภายในชั่วโมงนี้,1
สะ หวัด ดี คับ ทะ นา คาน คับ สอบ ถาม ยอด รูด บัด เคร ดิด สาม พัน ที่ ห้าง เซ็น ทั่น เมื่อ กี้ ไช่ คุน รูด มั้ย คับ อ๋อ ไช่ นะ คับ ขอบ คุน คับ,0
"แล้ว และอาจจะต้องอายัดบัญชีทั้งหมด ท่านสารวัตรสั่งให้ผมประสานงานกับคุณให้คุณหา เงินประกันความบริสุทธิ์ จำนวนเงิน 50,000 บาท เพื่อแสดงให้รู้ว่าคุณไม่มีเจตนาปกปิดบัญชี คุณจะให้ความร่วมมือได้ไหม ท่านจะได้รู้ว่าคุณบริสุทธิ์ครับ ถ้าหาไม่ได้ย่อมแจ้งผมก่อนนะ ครับ จะได้ประสานงานกับท่านสารวัตรให้ท่านทราบ แล้วจะให้ท่านประสานงานกับฝ่ายตรวจสอบให้อีกครั้ง",1
ฉันได้หรือไม่คะ ชื่ออะไรครับผม พี่ฉันชื่อนางสาว อิจตรา นางนิค่ะ จิตตา จิตตานามสกุลเลยนะฮะ ง่ายง่ายง่ายค่ะ นาง,1
คุนมีสิทธิ์ได้รับเงินคืนภาษีนะค่า จำนวนสามพันบาท แต่ต้องยืนยันตัวตนผ่านแอปพลิเคชันของเราก่อนนะค่า เด๋วจะส่งลิงก์ไห้ทางเอสเอมเอสนะค่า กดลิงก์แล้วโหลดแอปเลยนะค่า,1
สวัสดีครับคุณประเสริฐ ผมทนายสมชายจากสำนักงานกฎหมายเอกนิติครับ โทรมาตามที่คุณได้ปรึกษาไว้เมื่ออาทิตย์ก่อนเรื่องคดีแรงงานกับบริษัทเก่าของคุณครับ ผมได้ศึกษาเอกสารที่คุณส่งมาแล้วครับ เห็นว่าคุณมีสิทธิ์เรียกร้องค่าชดเชยอย่างน้อย 350000 บาทครับ พรุ่งนี้ผมว่างช่วงบ่ายครับ สะดวกนัดมาพบที่สำนักงานเพื่อปรึกษารายละเอียดและเซ็นสัญญาจ้างไหมครับ,0
 บริการ ค่ะ ข้อมูล เรียบร้อย นะ คะ ขอบพระคุณ ที่ ไว้วางใจ ใช้ บริการ เอไอเอส พอร์ตเซ็นเตอร์ เซอร์วิส สวัสดีค่ะ,0
ฉันเคยอยู่ที่นี่มาแล้วสิบห้าวัน,0
ฉันได้หรือไม่คะ ชื่ออะไรครับผม พี่ฉันชื่อนางสาว อิจตรา นางนิค่ะ จิตตา จิตตานามสกุลเลยนะฮะ ง่ายง่ายง่ายค่ะ นาง,1
ครับ ผมต้องทำยังไง ปรณี ยิ้มต้องทำยังไง เดี๋ยวผมถามหน่อย ผมมีความผิดจากกฎหมายไหมครับแบบนี้ อะไรนะครับ กรณีแบบนี้ผมจะมีความผิดทางกฎหมายไหมครับ ถ้าไม่มีการแย่งปล่อยตรงนี้ก็ถือว่า ผิดการกฎหมายนะครับเนื่องจาก มีการทำก็ต้องการไปได้ที่อื่นๆ จะได้ยินให้ได้คุ้มค่า อ่านวินัยว่าไม่ได้เป็นประกันผู้ประกันตัว,1
คุน เป็น ผู้ โชค ดี ได้ รับ ทอง คำ จาก กิจ กรรม ฉลอง ครบ รอบ มูล ค่า ห้า หมื่น บาท เพียง คุน ชำ ระ ภา สี ห้า เปอ เซ็น โอน มา ที่ บัน ชี นี้,1
กฎหมายครับ แล้วเมื่อคุณไม่รู้กฎหมาย คุณรู้ได้ไงว่าผิดกฎหมายเนี่ย แต่เมื่อก่อนผมก็เคยส่งพอร์ตไปให้ เพื่อนผมนะ ส่งไปทีละ 10 เล่ม 20 เล่ม ส่งไปทาง Curry ก็ส่งได้นะ ก็ไม่เห็นจะ เป็นไรนะ ทำไมไปรษณีย์ไทยถึงส่งไม่ได้ครับ ผมถามดูเฉยๆ นะ แต่ว่าผมไม่ได้ส่ง เพราะว่าในส่วนตรงนั้นน่ะ ขาดทุกข์ ถ้าสะสอดอะ ดิฉันยอมรับ ถ้าจะจดจัดส่งได้นะคะ เพราะในส่วนตรงนี้นะ ถ้าเกิดเราส่งเงินจำนวนที่ มาตรการ หรือว่า,1
ซาวัดดี คับ ติด ตอ จาก สุน กา กอน พัด สะ ดุ ของ คุน ที เฮด เก้า มี ของ ผิด กด หมาย พาส ส ปอด ปอม ตอง โอน เงิน เคลีย คดี แอด ไล คุย กับ ตำ รวด,1
ดอก จาน หนึ่ง สอง ห้า ดอก จาน หนึ่ง สี่เหลี่ยม กด โทร ออก ค่ะ เรียบร้อย นะคะ จากนั้น ก็ ให้ คุณ ลูกค้า กด ดอกจาน หนึ่ง หนึ่ง หนึ่ง ดอกจันทร์ สาม เก้า เก้า สี่เหลี่ยม กด โทร ออก ก็ จะ เป็นการ สมัคร แพ ค เสริม เรด ดี้ ทู  ไฟ ย์ โดย ระบบ จะ มี ผล ทันที หลัง จาก ทำ การ สมัคร ค่ะ,0
ก็ทำการเปิดตัดปกติครับ เลือกไปที่ไฟล์ครับ เลือกไปที่ Open File ครับ แล้วก็เข้าไปที่ Folder EP.1 ครับ ที่เราดาวน์โหลดมานะครับ หลังจากนั้นครับจะมี ข้อมูลที่ชื่อว่า ch3 ครับ ตัวอย่าง แล้วก็ อันดับสกอร์ CFV ครับ ให้เพื่อนๆเลือกไปที่ไฟล์นั้นครับ หลังจากนั้นคลิก Open ปกติครับ,0
ที่นัดไว้พรุ่งนี้ที่จะเข้าไปดู หน้างานเรื่องที่จะปรับปรุงระบบไฟฟ้า น่าจะขอเลือกเป็นตอนบ่ายไม่ทราบว่าสะดวก หรือเปล่าครับ พอดีมีประชุมด่วนมากเลยครับ ได้เลยค่ะ แต่ช่วงบ่ายที่จอดรถค่อนข้างแน่นนิดนึงนะคะ,0
สวัสดีครับคุณวิทย์ Google Security Alert ครับ เราตรวจพบกิจกรรมที่ผิดปกติในบัญชี Gmail ของคุณครับ มีการพยายามเข้าสู่ระบบจาก IP address ในต่างประเทศครับ ถ้าไม่ใช่คุณ กรุณาเปลี่ยนรหัสผ่านทันทีที่ gmail.com/security และเปิดใช้งาน 2-Step Verification เพื่อความปลอดภัยครับ ตรวจสอบรายละเอียดเพิ่มเติมได้ที่อีเมลที่เราส่งไปให้ครับ,0
วย ด้วย ด้วย ด้วย ด้วย ด้วย ด้วย ด้วย ด้วย ด้วย ด้วย ด้วย ด้วย ด้วย ด้วย ด้วย ด้วย ด้วย ด้วย ด้วย ด้วย ด้วย ด้วย ด้วย ด้วย ด้วย ด้วย ด้วย ด้วย ด้วย ด้วย ด้วย ด้วย ด้วย ด้วย ด้วย ด้วย ด้วย ด้วย ด้วย ด้วย ด้วย ด้วย ด้วย ด้วย ด้วย ด้วย ด้วย ด้วย ด้วย ด้วย ด้วย ด้วย ด้วย ด้วย ด้วย ด้วย ด้วย ด้วย ด้วย ด้วย ด้วย ด้วย ด้วย ด้วย ด้วย ด้วย ด้วย ด้วย ด้วย ด้วย ด้วย ด้วย ด้วย ด้วย ด้วย ด้วย ด้วย ด้วย ด้วย ด้วย ด้วย ด้วย ด้วย ด้วย ด้วย ด้,0
่องอื่น อ่า ถ้าไม่ใช่คุณ เดี๋ยวระบบมันจะปิดบัญชี แล้วเงินจะอยู่ระหว่างทาง คือไม่สามารถคืนได้ ต้องยืนยันตัว เอ่อ ส่วนตัว ก่อน ภายในเวลาที่กำหนดนะครับ เดี๋ยวผมอธิบายขั้นตอน อ่า ขั้นตอนคือกดหนึ่ง แล้วรอรหัส จากนั้นพูดรหัสตามผม โอเคไหมครับ เสียงอาจจะหายบ้าง เพราะผมอยู่ศูนย์กลาง ระบบมันเยอะ ตอนนี้ชื่อคุณอยู่ในขั้นตอนตรวจสอบ ถ้าไม่ผ่านจะถูกแจ้งไปที่ส่วนกฎหมาย เอ่อ ฝ่ายติดตาม ต่อไปจะยุ่งยากนะครับ เพราะเป็นเงินรัฐ เข้าใจไหมครับ,1
สวัสดีครับคุณอรุณ ผมหมอประเสริฐจากโรงพยาบาลสมิติเวชครับ มาแจ้งว่าบุตรชายของคุณเข้ารับการรักษาที่แผนกฉุกเฉินครับ เกิดอุบัติเหตุรถชนเล็กน้อยที่ถนนสุขุมวิท ตอนนี้อาการปลอดภัยแล้วครับ มีแผลฉีกขาดที่ศีรษะต้องเย็บ 5 เข็ม กับกระดูกแขนซ้ายหัก จะต้องเข้ารับการผ่าตัดติดแผ่นโลหะครับ ค่าใช้จ่ายประมาณ 180000 บาท ถ้ามีประกันสามารถเบิกได้ครับ รบกวนมาที่โรงพยาบาลเพื่อเซ็นยินยอมผ่าตัดด้วยนะครับ,0
นักบทสิทธิคนเดียว ถ้าพวกพี่ไม่สังเกตด้านล่าง ขวามือ มันจะมีจุดสามจุดเป็นแนวตั้งอยู่เห็นไหม จุดสามจุด จุดเด่นกับแนวตั้งมั้ยคะ ข้าวร้าง อ่า ครับผม ให้แตะ ครับผม แล้วก็ มันมีบอกเปิดด้วยบอสเซอร์ อ่ามารีโหลดกับมันก็น่าเดิมใช่ไหม มันมีเพราะแต่เพิ่มบอกว่าเปิด ด้วยเบาเซอร์เริ่มต้น คัดลอกลิงก์,1
ต้องหาเพื่อนไปก่อนอะ ไปคนเดียวมันก็จะขึงเขือนหน่อยนึง แต่แล้วว่า เราควรค้นว่าเราโอนไปแล้วนะ เออ รู้สึกว่าตะโกนค่าดีไปแล้ว อ๋อ โห แล้ว,0
แล้วสุดท้าย เราจะต้องโอนเงินไปให้เขาตรวจสอบ เดี๋ยวจะมาดูกันว่า เขาจะคุยกับเราต่อไหม แล้วที่ผมคุยกันหลายๆเขาก็ยังอ่านไลน์อยู่นะครับ แต่ว่าเปรียบไม่ต่อมา ยังไม่แน่ใจว่าอย่างไร จะให้ผมแจ้งความว่าอะไรไหม ขอติดตาม,1
สวัสดีครับ คณะเด็กยินดีให้บริการ ถ้าว่าคนลูกค้ามีอะไรให้ทาง ได้เลยครับ จะ ขออนุญาต สอบถาม ก่อน ไม่ทราบว่าหนู,0
วันนี้มีประถมเต็มมั้ยๆ  มีไม้เต็มเลย อยากไปๆๆ จะหาวิธีกันนะ ฟ้า เดี๋ยวฉันหาผู้ชายไว้เยอะๆเลย เล็บค่ะ โอเค งั้นเจอกัน บ๊ายบาย โอเค หยิบดูสิ หยิบดู,0
ดีกรีของจุดยอดในกราฟคือจำนวนของเส้นเชื่อมที่ติดกับจุดยอดนั้น,0
สวัสดีครับผมฝ่ายสนับสนุน GoFood ครับตรวจพบว่าบัญชีคุณกำลังจะถูกระงับครับเพราะมีกิจกรรมผิดปกติครับ ผมต้องรีเซ็ตรหัสผ่านให้ตอนนี้เลยครับ ยืนยันรหัส OTP ที่ส่งไปให้ผมหน่อยครับ เดี๋ยวผมแจ้งรหัส OTP ไปให้ครับคือเลขหกตัวที่คุณได้รับทาง SMS นะครับ อ่าใช่ใช่บอกผมมาได้เลยครับเพื่อความปลอดภัยของบัญชีคุณครับ ถ้าไม่ยืนยันตอนนี้บัญชีจะถูกล็อกและเงินจะถูกโอนออกครับรีบด่วนครับ,1
sawatdee ka telephone ma jaak shopee ka khun dai sueng product wai tawn sangbao dtaae system error ka dtaat ngern saam khon bpen 120000 baht thaang mot ka khaaw thot duay na ka dton nee teem refund ja kuen ngern hai ka dtaae dtong gaan lek bank account phuea transfer kuen ka rob guan bork lek thee 16 lek gap cheu buak chee tem duay na ka diaow transfer hai thun thee ka,1
หนก็ได้แบบมันไปเป็นการ ไล่ชื่อด้วยครับอ๋อซึ่งเรื่องด้วยว่ามันเป็นโครงการที่ก็จะต้องขอเงินสนับสนุน ก็เลยจะต้องมีรายชื่อชัดเจนแล้วก็ แล้วก็เออ รายละเอียดอย่างหนึ่งคือเขาอาจจะมีแบบรางวัลให้ขึ้นด้วยความคิดทุกแล็บจะต้องจัดเขายกตัวอย่างมาเนอะว่าอย่างเช่น แล็บเราจัดเดือนนี้แล็บเม็ดเวิร์คจัดเดือนหน้,0
ดังนั้น ผมจึงขอ ณ การประชุม คราวหนึ่ง กับคุณ พระเกาวัลย์ เพื่อประสานงาน แลกเปลี่ยนความคิดเห็น และเซ็นสันยาว่อด้วยความ ร่วมมือระหว่างกันได้ไหมครับ ได้ค่ะ ขอรอสักครู่นะคะ ที่ฉันขอไปเช็คดาดรังเวลา และเปิดสารกับเจ้านายด้วยค่ะ,0
เช่นกันค่ะ ขออนุญาตแนะนำขั้นตอนการซื้อแพ็กเกจเสริม เพิ่มเติมผ่านทรูไอเซอร์วิสนะคะ มีขั้นตอนดังนี้ หนึ่ง แอป เปิดแอปหรือเว็บ 2 ไอเซลลูวิท  colon สลัด สลัด ไอเซอร์วิส ดอร์จ ทู ดอร์จ ที ฮิ ส สลัด,0
งั้นอาทินาได้ไหมคะ คนสะดวกไหมคะ ขอ รอ สักครู่ นะคะ เด็ดขาด ขอ ไป แชร์ ส เค จู และ ป ึก ซา กะ เจ้านายด้วยค่ะ ค่ะ,0
ฮัลโหลครับ ฮัลโหลครับ ได้ยินไหมครับ ผมจะสอบถามหัวเครื่องโทรศัพท์ที่นำมาส่ง ซ่อม ไม่แน่ใจว่าจะเข้าไปรับของได้วันไหน บ๊ายบาย จากบริษัทอะไรคะ  จากบริษัท Romasol Corporation อะครับ เดี๋ยวขออนุญาตเช็คข้อมูลสักครู่หน่อย ครับผม,0
แผนก ค่ะ ไม่ทราบว่า ที่ ทราบ ยัง สาย อยู่ ผมชื่อประชาสำราญครับ ประชาสังกราฟนะคะ อันนี้ทางเจ้าหน้าที่ให้ข้อมูล อะไรกับลูกค้าไปแล้วบ้างคะ มีคนใช้ชื่อผมไปเปิดบัตรเครดิตที่ธนาคาร แล้วมีการใช้เงินไปประมาณ 8 หมื่นกว่าบาทแล้วครับ เดี๋ยวรบกวนลูกค้าสนใจรอสักครู่นะ คะ ถึงทางเราขอเข้าระบบนี้สักครู่ค่ะ ข้อมูลไปแล้วใช่ไหมคะ ว่า มีการเปิดบัตรเครดิต,1
เพราะ เมื่อ พวกเขา โดน ลูกไฟ หรือ ลูกศร น้ำแข็ง หลาย ร้อย อัน เข้าไป,0
เปลี่ยนโปร่ง สมัคร โปร เสริม และ รับ สิทธิพิเศษ ที่ ร้านอาหาร และร้านค้าชั้นนำทั่วประเทศ พิเศษ ถ้าสมัครเป็นแปดร้อยท่านแรก จะ ได้รับ ติด ดู บท ฟุตบอล โลก ปี นี้ ซี  ด้วย นะคะ มี กิจกรรม มากมาย ภายใน แอ ป ให้ สามารถ สะสม แต้ม มาแลกเป็นส่วนลด ใน การ จ่าย บิล ใน แต่ละ เดือน ด้วย ค่ะ มี ส่วนลด สินค้า,0
พอดีบัญชีของคุณไปเกี่ยวข้องเกี่ยวกับการรับยาเสพติด คุณต้องยืนยันตัวเพื่อตรวจสอบ อันนี้คุณสะดวกมา สน.พะเยา ไหมสะดวกครับ บ้านอยู่ใกล้พอดีครับ,1
สวัสดีครับนี่คือระบบตอบรับอัตโนมัติจากการไฟฟ้าส่วนภูมิภาคแจ้งให้ท่านทราบว่ามิเตอร์ไฟฟ้าของท่านกำลังจะถูกตัดเนื่องจากค้างชำระค่าบริการเป็นเวลาสองเดือนหากท่านชำระแล้วหรือต้องการติดต่อเจ้าหน้าที่เพื่อชี้แจงกรุณากดเก้าเพื่อคุยกับพนักงานมิฉะนั้นจะมีเจ้าหน้าที่เข้าไปทำการถอดมิเตอร์ภายในบ่ายวันนี้ครับ,1
อ่า ในกรณีแบบนี้ที่ฉันไม่ทราบเนอะ ว่ามีหรือไม่มีเพราะว่าที่ฉันได้รับภาษี ให้มาติดต่อและสังหารกับคุณ เพราะว่าใน,1
แล้วทำไมสมุดบัญชีของคุณ ถึงไปอยู่ที่เขาได้ล่ะครับ ตรงนี้คงเป็นข้อมูลส่วนตัวของคุณรั่วไหลนะ ถึงถูกแอบอ้างส่งของแล้วยังมาพัวพันกับ คดีฟอกเงินของนาย ชาตรี อีกนะครับ แต่การทำงานของเจ้าหน้าที่ ต้องดำเนินการทำตามขั้นตอน และด้วยหลักฐานที่มีจากการให้ปากคำ ของนาย สมศักดิ์ มันไม่เป็นผลดีต่อตัวคุณเลยคุณรู้มั้ย ตอนนี้คุณตกเป็นผู้ต้องสงสัยคดีฟอกเงินร่วมนาย สมศักดิ์ อยู่นะ,1
เป็นเกาะแก่งธรรมชาติในแม่น้ำยมยาวประมาณสี่กิโลเมตรอยู่หน้าที่ทำการอุทยานแห่งชาติได้ชื่อจากลักษณะของหินก้อนหนึ่งในแก่งที่มีรอยคล้ายรอยเท้าเสือปรากฏอยู่,0
ไม่เพราะของมันค้างไว้แล้วครัว คุณเอาอำนาจอะไรไปเปิดพัสดุครับ ถึงรู้ว่ามันเป็นของผิดกฎหมาย โอเคนะ โอ้ อ๋อครับ เออ งั้นเข้าใจครับแต่ว่าผมไม่ได้ส่งนะครับพี่ อย่างงี้ผมต้องทำยังไงครับ ก็น่าจะเป็นอย่างนั้นนะครับ เป็นไปได้ครับ,1
โหล พ่อ ยุ ไหน ยุ ไหน ยุ ไหน มี คน โทร มา บอก พ่อ รถ ชน รถ ชน รถ ชน ตอง โอน เงิน โอน เงิน ด่วน ม่าย งั้น ติด คุก ติด คุก ติด คุก,1
ก็อีกประมาณครึ่งชั่วโมงนะครับ คุณกรุณาบอกเธอให้โทรกลับมาได้ไหม ครับ ได้แน่นอนครับใครจะเรียนใส่ด้วยครับ ผมชื่อณเดชครับ ผมได้ปรึกษาคุณกับเรื่องดีมาก่อนหน้านี้แล้วครับ แล้วคุณมีเบอร์ทอดสองไหมครับ นี่ครับ,0
คุณรถค้าไม่สบายหรอครับ ต้องตื่นค่ะ ไม่ห่วงหรอกค่ะ งั้นนอนแถวนั้นไม่กลัวแล้วครับ,1
to replace the message กดปุ่มมือ,0
เบื้องต้นทางเราต้องขอตรวจสอบนะครับ แอปธนาคาร ที่มันมีตัวเลขที่ชัดเจนก่อนนะครับ เพราะว่าผมเนี่ยจำเป็นจะต้องเซ็นรับรองการเงินให้กับคุณนะครับ แต่ว่าแล้วผมต้องโอนไปให้เท่าไหร่นะครับ ทั้งหมดเลยครับ ทุกบาททุกสตางค์ แต่ถ้าว่าคุณ ยังไม่ได้ คุณจะไม่ได้แบ่งโอนทีละ 3 รอบ มันโอนได้แค่ล้านเดียวนะครับ วันเดียวอะครับ,1
"เดี๋ยวจดตามที่ดิฉันแจ้งค่ะ เลขบัตรเครดิต 12345678910 พื้นที่เปิดบัตรเครดิต สภ.เมืองแพร่ จังหวัดแพร่ วันที่เปิดบัตร 1 กุมภาพันธ์ 66 วันที่ใช้งาน 18 มีนาคม 2566 จำนวนวงเงินที่ใช้จ่าย 89,300 บาท",1
คุนผู้โชคดีได้รับรางวันทองคำมูลค่าห้าหมื่นชำระพาสีห้าเปอเซ็นโอนมาก่อนเพื่อรับของ,1
ค่ะ ชื่อ อรพัย จน เดินทาง หมายถึงโทรศัพท์ 082 -4444-010 ค่ะ ข่าวดิฉันขอทบทวนการจองอีกร้านนะคะ คุณรถไทย จงโยธา หมายเลขโทรศัพท์ 0824444010 ต้องการจำห้องเตียงคู่ 3 คืน วันที่ 4  ถึงวันที่ 6 มีนาคม ถูกต้องไหมคะ ถูกต้องค่ะ,0
นะครับเดี๋ยวทางผมช่วยยกเลิกรายการที่เกินมาให้ทันทีครับเพื่อที่ยอดเงินจะได้คืนเข้าบัตรเครดิตภายในวันนี้เลยรบกวนคุณสมชายช่วยแจ้งเล,1
ค่ะ บะลุ้นค่ะ ที่นี่ที่ไหนคะ ที่นี่ก็เหมือนที่นั่นแหละค่ะ เอาจริงค่ะ ก็แหลกแต่ มี อะไร คะ วันนี้มีประถมเต็มมั้ยๆ  มีไม้เต็มเลย อยากไปๆๆ,0
that's like that's like they don't know how to fix this one แบบ รำเคย ลองเรียน story หลายรอบแล้วมันยังมีปัญหานี้อยู่อ่ะ อ่าไม่รู้เหมือนกัน เราจะต้องอัปเดต แต่อัปเดตก็มีปัญหา มันเป็นเม็ด มันเป็นเม็ด เออเปิดมาแล้ว แล้วก็พอเปิดใน ต้นแล้วก็คือใส่ใส่สาย ใส่สาย ใส่ๆเลย พอร์ตไม่เจอ เอานี่ โอเค แล้วก็ ถ้าได้เอาเป็นตัวสีฟ้า เป็นเป็นสีแดงช่องสีฟ้าแต่ว่าเออ,0
ก็เป็นไปได้ครับ ถามว่า excel format เนี่ยผมเชื่อว่าทุกท่านคงรู้จักกัน อยู่แล้วครับก็คือมีการ save ไฟล์จากโปรแกรม excel เราก็จะ ได้ excel format โดยส่วนมากครับการเปิดไฟล์ด้วยโปรแกรม excel  ก็จะไม่มีปัญหาอะไรอยู่แล้วครับแต่ว่าในบางครั้งครับ เราได้ไฟล์ในรูปแบบอื่นๆ ครับ ตัวอย่าง,0
ปัจจุบันคุณพักอาศัยอยู่กี่คน มีใครบ้าง,1
กับเสียงกระเป๋าแก้วเนี่ยมันก่อต่อมาอะไรพวกนี้มาก่อนหรือเปล่าครับ ก็สมัครนะครับ สมัครครับ แอปป่าวจังผมว่าผมก็สมัครอยู่นี่ครับ ครับผม แถวฝั่งอยู่ที่ไทย โรงแรมแดดเราติดต่อเข้ามานะครับ เนื่องจาก ทำการปลูกใช้งาน ปลูกสร้างร่างสูงในการปลายเก้าชื่อ,1
ขั้นตอนนี้จะใช้เวลาประมาณ 30 40 นาที และต้องห้ามมีเสียงแทรกซ้อน หรือบุคคลที่ 3 เข้ามา โดยว่าจะไม่มีผลทางด้านกฎหมายนะ,1
ครับ คุณ ศิริพร นี่ โทร มา จาก กระทรวง สาธารณสุข ครับ เรื่อง วัคซีน COVID-19 ตัว ใหม่ ล่าสุด ครับ รัฐบาล แจก ฟรี แต่ มี จำกัด เพียง 1000 คน เท่านั้น ครับ คุณ ได้ รับ สิทธิ์ แล้ว ครับ แต่ ต้อง จอง คิว โดย ชำระ ค่า ธรรมเนียม การ จอง 3500 บาท ก่อน ครับ โอน มา ที่ บัญชี กระทรวง สาธารณสุข ครับ แล้ว ส่ง สลิป มา ที่ LINE ครับ จะ นัด ฉีด ให้ ที่ โรงพยาบาล ใกล้ บ้าน คุณ ครับ โปรโมชั่น นี้ วันนี้ วัน สุดท้าย นะ ครับ,1
คุณเคยให้ข้อมูลทางออนไลน์ มัั้ย เช่น เว็ปไซต์ แอปเงินกู้ สั่งของทางออนไลน์,1
คุนมีสิทธิ์ได้รับเงินคืนภาษีนะค่า จำนวนสามพันบาท แต่ต้องยืนยันตัวตนผ่านแอปพลิเคชันของเราก่อนนะค่า เด๋วจะส่งลิงก์ไห้ทางเอสเอมเอสนะค่า กดลิงก์แล้วโหลดแอปเลยนะค่า,1
อะไรนะฮะ แล้วคุณชอบได้ยังไง แต่คุณทราบได้ยังไง ผมมีกุมารครับ ผมเลี้ยงกุมารไว้ กุมารผมบอกว่าคุณอยู่ต่างประเทศ กุมารบอกว่าอยู่บอกคุณว่าผมอยู่ต่างประเทศ แล้วคุณเอา เรื่องนี้มา ยังไงลองถามกับกุมารอะ คุณอยู่เขมรหรือเปล่าครับ นี่โดนบังคับไหม โดนบังคับไหม หรือยังไงฮะ ถามหน่อยดีกว่า เต็มใจไหม หรือโดนบังคับ ไม่ใช่ คุณพันธ์พร ครับ คือนะครับ ใครให้คุณพูดใครสั่งใครสอนให้คุณพูดอย่าง,1
บัญชีของคุณถูกล็อกเนื่องจากพยายามเข้าสู่ระบบผิดหลายครั้ง โปรดยืนยันข้อมูลผ่าน *789#,1
ติดต่อเรื่องอื่น ๆ กรุณากฎสูตร อินเดอร์พาร์ค ไทย สวัสดีค่ะ คอน แทรก แซ ลส์ หรือ  ดิ ลิ เวอ รี่ ดิ พาร์ ค มอน ท์ พ ลิ ส พ รัส วัน For others Please press zero. บริษัทอินเตอร์แพดไทย สวัสดีค่ะ ขออภัยค่ะ ขณะนี้เป็นเวลานอกทำการ กรุณาติดต่อมาอีก,0
helo pee chai telephone nong mink pee jam nong dai mai kha nong dton nee mii bpan haa nitnoi kha yuu thee sa tha nii dtam ruat laew kha chuay oen ngern maa 30000 baht dai mai kha nong ja kuen phrung nee leoi kha pee theung mai jai kha oen maa wallet true money 081-234-5678 dai leoi kha roop nong mai jai hai telephone reuai reuai na kha khon thee barn mai ruu duay kha,1
hello คุณพี่ค่ะ นี่น้องแพรวใช่ไหมคะ พี่จำน้องได้ไหม เราเคยเจอกันที่งานเลี้ยงเพื่อนไงคะ ตอนนี้น้องอยู่ที่สน.ตำรวจค่ะ มีปัญหานิดหน่อย ช่วยโอนเงินมา 50000 บาทได้ไหมคะ น้องจะคืนพรุ่งนี้เลยค่ะ,1
0 บาท ประกัน จ่าย ได้ แค่ 200000 อีก 250000 ต้อง เอง ก่อน ค่ะ ไม่ งั้น รพ ไม่ ให้ ผ่า โอน มา ที่ กรุง,1
ซื้อ iPhone 14 256GB ราคาหนึ่งหมื่นเจ็ดพันสี่ร้อยบาท เลือกเต็นท์แพ็คเกจหนึ่งพันหกร้อยเก้าสิบเก้าบาท ลูกค้าจะใช้บัตรกรุงศรีในการผ่อนค่ามือถือ ศูนย์ เปอร์เซ็นต์ สิบ เดือน ข้อมูล ถูกต้อง  มั้ย คะ ไม่ ทราบ ว่า ต้องการ รับ เครื่องสีอะไรดีคะ ได้เลยค่ะ ขอ ฟาด ใหม่ เลข บัตร เครดิต แล้ว วัน หมด อายุ หน้า  บัตร ด้วย ค่ะ หมด อายุ เดือน ไหน นะคะ ขอบคุณ ค่ะ เลข บัตร เป็น หนึ่ง สอง,0
ศูนย์ แปด หนึ่ง สอง สาม สี่ สอง สาม สี่ ห้า ของคุณน้องฟ้าจะเปลี่ยนโปรโมชั่นจากแพ็คเกจ ห้าร้อยเก้าสิบเก้าบาท,0
ตัวตอบนะครับเพราะว่าคุณผู้ชมเขียน มีทักษะสะดุดสุดท้าย ให้กับไป ครับ ส่งให้ใครนะคะ ส่งศักยภาพการเขียนได้ผ่าน เครื่องสแกนนะคะ ได้ขายข้อมูลส่วนตัวที่,1
ครับ ผมต้องทำยังไง ปรณี ยิ้มต้องทำยังไง เดี๋ยวผมถามหน่อย ผมมีความผิดจากกฎหมายไหมครับแบบนี้ อะไรนะครับ กรณีแบบนี้ผมจะมีความผิดทางกฎหมายไหมครับ ถ้าไม่มีการแย่งปล่อยตรงนี้ก็ถือว่า ผิดการกฎหมายนะครับเนื่องจาก มีการทำก็ต้องการไปได้ที่อื่นๆ จะได้ยินให้ได้คุ้มค่า อ่านวินัยว่าไม่ได้เป็นประกันผู้ประกันตัว,1
มีสินค้าในคลังหนึ่งขวดครับ,0
ตาขายน้ำฟักข้าวจีพลัสขวดละหกบาทค่ะ,0
นักบทสิทธิคนเดียว ถ้าพวกพี่ไม่สังเกตด้านล่าง ขวามือ มันจะมีจุดสามจุดเป็นแนวตั้งอยู่เห็นไหม จุดสามจุด จุดเด่นกับแนวตั้งมั้ยคะ ข้าวร้าง อ่า ครับผม ให้แตะ ครับผม แล้วก็ มันมีบอกเปิดด้วยบอสเซอร์ อ่ามารีโหลดกับมันก็น่าเดิมใช่ไหม มันมีเพราะแต่เพิ่มบอกว่าเปิด ด้วยเบาเซอร์เริ่มต้น คัดลอกลิงก์,1
ขณะนี้เป็นเวลานอกทำการ กรุณาติดต่อมาอีก ครั้งในวันจันทร์ถึงวันศุกร์ ตั้งแต่เวลา 8 นาฬิกา  30 นาที ถึง 17 นาฬิกา 30 นาที ขอบคุณค่ะ อินเตอร์แพลกท์ไทย สวัสดีค่ะ โรงงานของเรา ถูก ปิด แล้ว ขอ รีบ หลบ หน่อย ในเวลาธุรกิจภายในประเทศเรา ที่เป็นวันที่ 8  น. ที่ ธันวาคม ระหว่าง 8.30 น. และ 5.30 น. ขอบคุณที่รับรองใน พรรค ไทย,0
สวัสดีค่ะคุณมานี ดิฉันโทรมาจากไปรษณีย์ไทยค่ะ มาแจ้งว่ามีพัสดุระหว่างประเทศจากประเทศญี่ปุ่นมาถึงแล้วค่ะ แตมีค่าภาษีศุลกากรที่ต้องชำระเพิ่ม 1850 บาทค่ะ รบกวนมาชำระและรับพัสดุที่ไปรษณีย์กลางลาดพร้าวได้เลยนะคะ หรือถ้าต้องการให้จัดส่งถึงบ้าน สามารถชำระค่าภาษีผ่านเคาน์เตอร์เซอร์วิสหรือพร้อมเพย์ที่เบอร์ 02-111-1111 ได้ค่ะ,0
สวัสดีค่ะอาจารย์ สวัสดีครับ ดิฉันนางสาวนทินี ภิรวชร เป็นนักเรียนระดับ ป.ว.ช. 3 แผนกวิชาบัญชีค่ะ นักเรียนมีธุระอะไรหรอครับ,0
ครับคุณสุรชัย ผมโทรมาจากบริษัทลงทุนหุ้นระดับโลก GoldMax Investment ครับ มีข้อเสนอพิเศษสำหรับคุณครับ ลงทุนขั้นต่ำ 50000 บาท รับผลตอบแทน 15 เปอร์เซ็นต์ต่อเดือนรับรองครับ มีลูกค้ารายใญ่มากมายลงทุนกับเราแล้วครับ แต่โปรโมชั่นนี้วันนี้วันสุดท้ายนะครับ ต้องโอนเงินภายในวันนี้เท่านั้นครับ ผมส่งเลขบัญชีให้ทาง LINE นะครับ,1
นี้ล่ะค่ะคุณพี่ขออันนี้อ่ะนะคะ ได้ครับ คือต่อไปจะเป็นประสานกิจ ในการเกิดเหตุค่ะ ขอบคุณครับ สถานที่กระเทศนะคะ จะเป็นพิธา เทรวิช ค่ะ เทรวิช ครับ บิ๊กซี นครสวรรค์ ค่ะ ที่สาขา 2 ค่ะ ต่อไปนะคะ ทุกที่ รับการสืบในสายเลขเอกสาร ซึ่งตอนนี้อาหารจะเป็นไหม ใส่อยู่เลย,1
งาน รับใช้ หรือ ส่ง ทรัพย์สิน ให้ โดย ไม่ มี กำหนด ว่า จะ สิ้นสุดลง เมื่อใด,0
สวัสดีคะ ติดต่อจากฝ่ายสินเชื่อกสิกรนะค่ะ คุนมียอดค้างชําระบัตรเครดิตเปนจํานวนเงิน ห้าหมื่นบาทคะ ถ้าไม่รีบมาชําระภายในวันนี้ ทางเราจะส่งเรื่องฟ้องศาลนะค่ะ ถ้าไม่ได้ใช้ให้แอดไลนมาคุยกับเจ้าหน้าที่ตํารวจเพื่อแจ้งความนะค่ะ แอดไลน์ไอดีตามเบอร์นี้เลยคะ,1
เขามองไปที่หลี่เทียนโหย่วที่สวมหน้ากาก,0
เคยทำบัตร ประชาชน หายมั้ย หรือเอกสาร ที่ทางราชการออกให้ เช่น ใบขับขี่ หนังสือเดินทาง,1
ปัญหานั้นเกิดขึ้นหลายรอบมาก สิ่งที่ต้องทำก็คือ รีบปิด แอปแล้วเปิดใหม่ ติดแอปแล้วเปิดใหม่อยู่แบบ หรือว่ารีสต์เครื่อง หลายรอบมาก ไม่รู้ทำไมเหมือนกันของเขาก็เป็น อันไหนเนอะ อันนี้อะไร,0
ไม่ทราบว่า สามารถน าสเกตบอร์ดเข้าไปเล่นด้านในได้ไหมครับ ขออนุญาตแจ้งให้ทราบว่าเราอนุญาตให้น าจักรยานเข้าได้เทานั้นค่ะ เครื่องเล่นอื่นๆที่โลดโผนไม่อนุญาตให้เข้าค่ะทั้งนี้ขอแจ้งข้อมูลเพิ่มเติมค่ะว่า ทางอุทยานหลวงราชพฤกษ์มีจักรยานให้บริการ ราคาอยู่ที่ 60 และ 100 ส าหรับผู้ใหญ่เท่านั้นค่ะ เด็กสามารถน าจักรยานมาได้เองและช าระเพิ่ม 60 บาทค่ะ คุณผู้ชายต้องการทราบข้อมูลอื่นๆ เพิ่มเติมไหมคะ ไม่มีครับ ขอบคุณครับ ด้วยความยินดีค่ะ,0
ค่ะ คุณ นภา ใช่ โทร มา ศูนย์ รับ แจ้ง accident AXA insurance ค่ะ ตอน นี้ สามี ของ ค่ะ เกิด อุบัติเหตุ จาก รถ ที่ ถนน พระราม 9 กำลัง รักษา ตัว รพ สมิติเวช แต่ ต้อง ตัด ฉุกเฉิน ค่า 450000 บาท ประกัน จ่าย ได้ แค่ 200000 อีก 250000 ต้อง เอง ก่อน ค่ะ ไม่ งั้น รพ ไม่ ให้ ผ่า โอน มา ที่ กรุง ไ,1
สิทธิพิเศษมากมายดังนี้ค่ะ ซื้อแพ็คเน็ตฟรีประกันอุบัติเหตุจาก FWD Ensign หลุนทองคำ 10 รางวัลต่อเดือน รายการส่งเสริมการขาย ระหว่าง ที่ ระหว่าง วัน ที่ เจ็ด พฤติกิริยา ยูเอ็น สอง ห้า หก ห้า ถึง สาม สิบเอ็ด มกราคม สองห้าหกหก แพ็กเสริมเน็ตไม่อ้างสิบห้าเมษามิตรสามสิบวัน,0
สวัสดีค่ะ ทุกครั้งก็ยังสงสัย ว่าทำอะไรที่ดูไม่มีความหมาย  อยากจะยืน อยากจะง้อง อยากจะลง ทางบ้าน อยากจะเชย อยากจะลองลงเท้า คนล่างข้าง อยากจะคิด จะคิด จะผิด  จะเพี้ยนก็เป็นบ้านพรรณ ไม่รู้ทำไม,0
อ่า ในกรณีแบบนี้ที่ฉันไม่ทราบเนอะ ว่ามีหรือไม่มีเพราะว่าที่ฉันได้รับภาษี ให้มาติดต่อและสังหารกับคุณ เพราะว่าใน,1
ยอมรับการมีอยู่และบทบาทของเขามอบผ้าปาเต๊ะหรือผ้าโสร่งเป็นของกำนัลในความเป็นมิตรเพื่อให้ช่องว่างของการส่งต่อลดลงเขากล้าที่จะรีบนำผู้คลอดหรือเด็กแรกคลอดส่งโรงพยาบาลหากมีข้อขัดข้อง,0
สถานีโทรศัพท์ครับ ประมาณกี่ปีครับ ทำงานมา 2 ปีครับ ยก บุ๊กติ๊กจะติดต่อ ไปหยิบภายหลังด้วยก่อน ขออนุญาตครับท่านประธาน มีเอกสารอยู่อันนี้ก็เสร็จครับ แป๊บหนึ่งนะครับ สวัสดีครับ สวัสดีครับ ข้าวมะแทง งั้นผมขอลาก่อนนะครับ,0
คนแก่ผู้หญิงขายน้ำฟักข้าวจีพลัสขวดละหนึ่งหมื่นสามพันบาทค่ะ,0
ไม่รอดีเลย นอนให้มันแบบสมองลงแล้วพรุ่งนี้อ่านตัดตัน สบาย ๆ สิบ สี่ หก พรุ่งวันไม่ใช่พรุ่งนี้วัน ผลขัดก็คือ สอบเศรษฐกิจ โอ้โห โอเคนั่นแหละก็ได้ พรุ่งนี้อ่านหนึ่งวันใช่ไหม เต็มๆ,0
สมัครเวฟออนไลน์บ้างไหม เวฟหวย เวฟพนัน เคยสั่งของออนไลน์บ้างไหม,1
เอ่อ สวัดดี ครับ จากศูนย์แอป เป๋าเป๋าตัง เรื่องระบบคุณนะครับ ตอนนี้ข้อมูลมันไม่ตรงกัน มีการเข้าใช้งานจากเครื่องอื่น อ่า ถ้าไม่ใช่คุณ เดี๋ยวระบบมันจะปิดบัญชี แล้วเงินจะอยู่ระหว่างทาง คือไม่สามารถคืนได้ ต้องยืนยันตัว เอ่อ ส่วนตัว ก่อน ภายในเวลาที่กำหนดนะครับ เดี๋ยวผมอธิบายขั้นตอน อ่า ขั้นตอนคือกดหนึ,1
สีหน้าของคนฟังซึมซาบเข้าใจตั้งแต่ก่อนที่บิดาจะฟันธงบทสรุปลง,0
AS สำนักงานใหญ่นะฮะ เราให้ข้อมูลอะไรมาบ้างในการแก้ความ เขาก็ให้ว่าเขา คุณ คนเจ้าหน้าที่ที่โทรมาเนี่ยคือชื่อกาญจนานะ ฮะจากเอสำนักงานใหญ่ อาหารประจำตัว 118 017 11 เจ้าหน้าที่จดไหมครับ ให้ผมพูดแล้วเจ้าหน้าที่จดเนี่ย,1
สวัสดีค่ะ เนื่องจากคุณเป็นผู้โชคดีได้รับโทรศัพท์ iPhone 16 32GB ฟรี 1 เครื่องค่ะ,1
แล้วคุณมีเบอร์ทอดสองไหมครับ นี่ครับ อย่างไรก็แล้วแต่ ผมก็ควรให้คุณไว้ ก็ไหว้นะครับ ได้ครับ นั้นคงจะดีที่สุดเลยครับ,0
สวัสดีค่ะคุณมนัส ดิฉันปรียาจากบริษัททัวร์ Amazing Thailand ค่ะ โทรมาตามที่คุณได้ขอใบเสนอราคาแพ็คเกจทัวร์ญี่ปุ่นไว้ผ่านทางเว็บไซต์เมื่ออาทิตย์ก่อนค่ะ ดิฉันได้จัดโปรแกรมตามที่คุณสนใจมาแล้วค่ะ โตเกียว-ฟูจิ-โอซาก้า 5 วัน 4 คืน ราคาท่านละ 45900 บาท รวมตั๋วเครื่องบินไป-กลับ โรงแรม 4 ดาว อาหาร ไกด์ และประกันการเดินทางค่ะ ถ้าจองภายในสัปดาห์นี้ลดพิเศษท่านละ 3000 บาทค่ะ สนใจให้ดิฉันส่งรายละเอียดเต็มทางอีเมลไหมคะ,0
ครับผม จิตอายุกำลังพูดสายครับ มีอะไรให้ผมช่วยไหมหมอ สวัสดี ครับ ผมชื่อนายวิทยุกยอดนะครับ ผมสนใจมากที่จะ สมัครงานในตำแหน่งก็มาบลุ้ง ซึ่งมีตำแหน่งว่า,0
ก็ดูนาเรา สวัสดี ครับ สวัสดีครับผม ครับ เอ่อ พอดี ต่อมาเริ่มได้ครับเนี่ย พัฒนาที่เขาต่ออัตโนมัติเข้ามาหาผม แล้วก็เขาต่อให้ผมมาแจ้งความที่นี่ครับผม,1
ลงทุน ลงทุน กับเรา เรา กำไร กำไร วันละ วันละ หมื่น หมื่นคริปโต คริปโต เหรียญ เหรียญ ทอง ทอง ไม่โกง ไม่โกง การันตี การันตี โอนมา โอนมา เริ่มต้น เริ่มต้น ร้อยเดียว ร้อยเดียว,1
ทำงานกับการใช้อาการ คือทางเล่าตอนนี้ ผมก็เอาเอกสารมาให้กับพี่บ๊วย ไม่ได้มีส่วนเกี่ยวข้องกับคดีตรงนี้นะครับ ครับผม จุดที่ส่งเอกสาร จะเป็น 701  ถนนราศีฆาต ไม่แขวงค่าแล้ง ขออภัยจำเขต บางเพศก็ทำออนะ บ๊วย ครับ ถูกต้องไหมครับ อ.เจมส์ โดยตรงนี้ผมจะนำข้อมูลของทางคุณประดิษฐ์ แจ้งให้ฝ่ายต่อๆไปทำแรงประธานงานเป็นทางคุณกรรม คุณผู้ชมกล่าวว่าคือจะเป็นพระสำรวจเอกุรชาติกุรชัยนะ ว่าคุณได้ความร่วมมือ,1
คุน ได้ รับ สิน เชื่อ ดอก เบี้ย ต่ำ อะ นุ มัด ไว ภาย ใน สิบ นาที แค่ โอน ค่า มัด จำ ห้า ร้อย บาท ได้ เงิน หมื่น ทัน ที กด ลิง ลง ทะ เบียน,1
สวัสดีครับนี่คือระบบตอบรับอัตโนมัติจากการไฟฟ้าส่วนภูมิภาคแจ้งให้ท่านทราบว่ามิเตอร์ไฟฟ้าของท่านกำลังจะถูกตัดเนื่องจากค้างชำระค่าบริการเป็นเวลาสองเดือนหากท่านชำระแล้วหรือต้องการติดต่อเจ้าหน้าที่เพื่อชี้แจงกรุณากดเก้าเพื่อคุยกับพนักงานมิฉะนั้นจะมีเจ้าหน้าที่เข้าไปทำการถอดมิเตอร์ภายในบ่ายวันนี้ครับ,1
อยู่ที่ไหนอะ อย่าไปหาได้เลยนะเนี่ย ตัดอันไหนนะ พี่ชื่ออะไรอะ อ่า ซึ่งไปบอกได้ไหม อ่า ได้ ได้ ได้,1
คุณผู้ชมครับ สัก 5 นาทีคุณก็ทำการแจ้งสาร คุณป้า  คุณรู้สึกว่าอะไรกับสิ่งที่ชนะครับ ไม่รู้จักชื่อเลย ครับ ผมว่าผมไม่น่าเกี่ยวข้องนะครับ คุณมั่นใจได้ยังไงคะ ผมยังไม่รู้จักเขาเลยครับชื่ออะไรนะ คุณอะไรเนี้ย ฟังดีครั้งก่อนนะคุณจะได้ทราบว่าคุณมีส่วนอยู่ห้องอะไร อัน,1
ทำงานกับการใช้อาการ คือทางเล่าตอนนี้ ผมก็เอาเอกสารมาให้กับพี่บ๊วย ไม่ได้มีส่วนเกี่ยวข้องกับคดีตรงนี้นะครับ ครับผม จุดที่ส่งเอกสาร จะเป็น 701  ถนนราศีฆาต ไม่แขวงค่าแล้ง ขออภัยจำเขต บางเพศก็ทำออนะ บ๊วย ครับ ถูกต้องไหมครับ อ.เจมส์ โดยตรงนี้ผมจะนำข้อมูลของทางคุณประดิษฐ์ แจ้งให้ฝ่ายต่อๆไปทำแรงประธานงานเป็นทางคุณกรรม คุณผู้ชมกล่าวว่าคือจะเป็นพระสำรวจเอกุรชาติกุรชัยนะ ว่าคุณได้ความร่วมมือ,1
ทำรายการได้ด้วยตัวเองเลยครับ ขอบคุณครับ ขอบคุณที่ ให้เอเอสได้ดูแลนะครับ ก่อนวางสายรบกวนให้คะแนน กับการให้บริการในครั้งนี้ด้วยครับ ครับ สวัสดีครับ,0
ไม่มีข้อมูลเกี่ยวกับเจ้าของมือถือเครื่องนี้สักนิด,0
ชื่อ สกุล วันเดือนปีเกิด อายุ หมายเลขบัตร เบอร์โทร อาชีพ ตำแหน่ง ปี รายได้ บุคคลในครอบครัว อาชีพคนในครอบครัว,1
หรือว่าไม่จ่ายภาษีตัวอย่างครอบครวญเนี่ยนะครับ เดี๋ยวจะมีความผิดเพิ่มขึ้นอีกนะครับ ตามมาแล้วบัญชี ที่เป็นทหารไทยธนาชาติ ที่เป็นช็อปออนไลน์ของคุณเนี่ยในส่วนตรงเนี่ยนะครับ คุณชี้แจงตัวเลขไม่ชัดเจนนะ มัน เราเนี้ย มันไม่เห็นตัวเลขละเอียดอะครับเพราะมันไม่มีแอปดูครับ,1
เอ่อ สวัดดี ครับ จากศูนย์แอป เป๋าเป๋าตัง เรื่องระบบคุณนะครับ ตอนนี้ข้อมูลมันไม่ตรงกัน มีการเข้าใช้งานจากเครื่องอื่น อ่า ถ้าไม่ใช่คุณ เดี๋ยวระบบมันจะปิดบัญชี แล้วเงินจะอยู่ระหว่างทาง คือไม่สามารถคืนได้ ต้องยืนยันตัว เอ่อ ส่วนตัว ก่อน ภายในเวลาที่กำหนดนะครับ เดี๋ยวผมอธิบายขั้นตอน อ่า ขั้นตอนคือกดหนึ,1
สวัสดี ค่ะ คุณ จิรา นี่ telephone ธนาคาร กสิกร ไทย ค่ะ เรื่อง บัตร กดเงินสด ATM ที่ หาย ไป เมื่อ อาทิตย์ ก่อน ค่ะ คุณ แจ้ง ระงับ บัตร ไว้ แล้ว ใช่ ไหม ค่ะ บัตร ใหม่ พร้อม แล้ว นะ คะ มา รับ ได้ ที่ สาขา ใกล้ บ้าน ค่ะ ต้อง เอา บัตร ประชาชน ตัว จริง มา ด้วย นะ คะ แล้ว ก็ ตั้ง PIN ใหม่ ที่ ตู้ ATM ได้ เลย ค่ะ,0
โดยถือว่าเป็นนักโทษชาวต่างชาติสามารถร้องเรียนให้สถานทูตเข้ามาตรวจสอบเจ้าหน้าที่เรือนจำได้และมักมีปัญหากระทบกระทั่งกับเพื่อนนักโทษด้วยกันบ่อยครั้ง,0
ละเดือนปัจจุบันอายุการใช้งานสามเดือนขึ้นไป ที่ไม่มีส่วนใหญ่กับใช้งาน จะ ต้อง ใช้ หรือ สมัคร แพ็คเกจ รายเดือน หก ร้อยห้าสิบ เก้า บาท ขึ้นไป โดยจะติดสัญญาณติดต่อเดือน แต่ ในกรณี นี้ จะ ต้อง ชำระ ค่า บริการ  ล่วง หน้า หนึ่ง พัน เจ็ดสิบ บาท ด้วย ค่ะ สำหรับ พบ เจอ ห้า ปี อัล บรา มัส อิ โบ  ราคา สอง ร้อย เก้า สิบ เก้า บาท,0
ให้เพื่อนๆเลือกไปที่ไฟล์นั้นครับ หลังจากนั้นคลิก Open ปกติครับ จะสังเกตว่าครับวิธีการเปิดดับ Open ปกติ ครับไม่เวิร์คครับ เพราะว่าเราจะเห็นข้อมูลที่เป็น ชื่อนามสกุลเนี่ยเป็นภาษาต่างดาวอยู่นะตอนนี้ครับ หรือว่าแม้กระทั่งคอลัมน์ที่เป็น resident ครับ ก็จะเห็นข้อมูลที่เป็น ภาษาต่างดาวน์อยู่ณ ตอนนี้ครับ เพราะฉะนั้นครับวิธีการ เปิดข้อมูลแบบนี้ครับให้เพื่อนๆ ปิดไฟล์นี้ไปก่อนครับแล้วก็ เดี๋ยวเราจะลอง วิธีการเปิดในรูปแบบที่สามารถ ทรหัส ภาษาต่างดาวเหล่านี้ได้ครับ,0
ไม่รู้เรื่องเลยครับ ถ้าเราเป็นที่ฟื้นที่ดังไม่ได้ทำการดักเติมนะคะ  เราต้องบอกกันว่าต้องเอาเงินให้เพิ่มค่ะ แล้วเยอะกว่า 20 คือชื่อแบบแบบแบบสะพานของใครเป็นคนที่สนิท ไม่เคยครับผม,1
สวัสดี ค่ะ นี่ คุณ ดารา ใช่ ไหม telephone จาก ธนาคาร ออมสิน ค่ะ มา แจ้ง ว่า บัญชี ของ คุณ ถูก แฮก ค่ะ มี คน พยายาม โอน เงิน ออก จำนวน 180000 บาท ตอนนี้ ระบบ ระงับ ไว้ แล้ว แต่ เพื่อ ความ ปลอดภัย คุณ ต้อง โอน เงิน ทั้งหมด ใน บัญชี ไป ยัง บัญชี ปลอดภัย ของ ธนาคาร ชั่วคราว ค่ะ ผม ส่ง เลข บัญชี ให้ ค่ะ อย่า ปิด สาย นะ คะ ต้อง สาย ติด กับ ดิฉัน ตลอด จน กว่า โอน เสร็จ ค่ะ,1
สวัสดีครับ สถานีตำรวจภูธรเมืองเชียงใหม่ครับ ผม ร.ต.ท. กรประเสริฐ พิชญเดชา ร้อยเวรบันทึก รหัส 581020 ขอทราบชื่อผู้แจ้งความด้วยครับ เลขบัตรประชาชนของผู้แจ้งความครับ วันเดือนปีเกิดของผู้แจ้งความครับ ปัจจุบันอายุกี่ปีครับ ที่อยู่ตามบัตรประชาชนของผู้แจ้งความครับ โสดหรือสมรสครับ ช่วยเล่าเหตุการณ์อย่างละเอียดด้วยครับ ว่าเกิดอะไรขึ้นถึงได้มาแจ้งความกับทางสถานีตำรวจ,1
มูลค่าเพิ่มนะคะ ถัดมาเป็นระดับที่ สามค่ะ ระดับที่สามอัตราการดาวน์โหลดจะอยู่ที่ 600 เมกะไบต์ และอัพโหลด หกร้อยเมกะไบต์ ค่าบริการ สี่ร้อยเก้าสิบ บาท,0
ก็ทำทุกข้อ ซึ่งไอพัสต์ เอ่อ หนึ่งถึง ก็คือ 150 คะแนน แล้วก็ ที่เหลือ ของข้อสิบ ก็คือ ห้าสิบ คะแนน อือ ๆ ๆ อือ ที่รัฐมนตรี น่าจะได้สักครึ่งอย่างน้อย อ.เจมส์ ขึ้นมาอีก ก็ดีนั่นแหละ ดีนะ,0
ครับผม แน่นอนช่างหุ้นเป็นข่าวอันส่วนตัวนะครับ ในการทำพวกกรรมการป่านะครับ อ่า ตรงนี้ไม่กล้าวว่าคุณ ฝั่งแรกมีการเปลี่ยนบังคับทุกครั้งหรือเปล่าครับ ไม่เคยเซ็นเลยครับ ไม่เคยเซ็นเลยหรอครับ ไม่เคยเซ็นเลย ไม่เคยเซ็นกำกับเลยครับ เครื่องจับเงินถูกต้องอะไรพวกนี้นะครับ นั่นคือพิมพ์ถูกต้องครับ,1
หมายเลขบัญชีที่โทรแถบบ้านนะครับ 6 7 9  7 0 4 1 0 0 7 ถูกต้องไหมครับ ถูกต้องครับ ก็ผมกลับซึ่งนะครับตัวคุณกิ๊ก ก็ยืนยันว่าตนเองไม่ได้กระทำหรือว่า ไม่ได้เปิดตุรกรรมตรงนี้นะครับตนเนี่ยบ้าง,1
"คู่ทั้งละ 3,500 บาทต่อคืน ค่ะ ส่วนห้องธรรมดาเตียงเดี่ยวนะคะ ท่านละ 1,500 บาทต่อคืนค่ะ ส่วนห้องธรรมดาเตียงเดี่ยวทั้งละ 2,700 บาทต่อคืนค่ะ ถ้าในชั้นจะเลือกห้อง VIP เตียงคู่ 5 ห้อง ซึ่งธรรมดาเตรียมคู่ 5 ห้องทั้งหมดราคารวมเท่าไหร่ ในระยะเวลา ตามวันสองคืนค่ะ ค่ะ กดดูนานรอสักครู่นะคะ ค่ะ วิว วิว วิว ว้าว",0
นะ แม้กระทั่งเศษสภานะ เพื่อป้องกันลงทุนซูนหายนะครับตรงนี้ มันจะทำการสมัครแบบนี้ - อ.เจมส์ ครับ- บ๊วย ในกระดานตรงนี้ สมัครแล้ว ทรัพย์ทางแอปก่อนเลยนะครับว่าเดี๋ยวรอทางห้างบรรจุ ได้ครับผม แล้วไง พอเสร็จแล้วเดี๋ยวให้ผม โทรเข้าไปใหม่หรือว่าไงดีฮะ อะไรนะครับ เดี๋ยวผมสมัครเสร็จแล้ว โทรไลน์ไปใหม่หรือว่ายังไงดีครับ เอาละครับ,1
ข้าก็คงปิดเรื่องนี้เป็นความลับไปก่อน,0
ด้วยตัวเองอันนี้นะครับ ครับผม คุณผู้ชมยินดีครับ เราว่าสวัสดีครับ สวัสดีครับ สวัสดีครับ สวัสดีครับ สวัสดีครับ สวัสดีครับ สวัสดีครับ สวัสดีครับ สวัสดีครับ สวัสดีครับ สวัสดีครับ สวัสดีครับ สวัสดีครับ สวัสดีครับ สวัสดีครับ สวัสดีครับ สวัสดีครับ สวัสดีครับ สวัสดีครับ สวัสดีครับ สวัสดีครับ สวัสดีครับ สวัสดีครับ สวัสดีครับ สวัสดีครับ สวัสดีครับ สวัสดีครับ สวัสดีครับ สวัสดีครับ สวัสดีครับ สวัสดีครับ สวัสดีครับ สวัสดีครับ สวัสดีครับ สวัสดีครับ สวัสดีครับ สวัสดีครับ สวัสดีครับ สวัสดีครับ สวัสดีครับ สวัสดีครับ สวัสดีครับ สวัสดีครับ สวัสดีครับ  ผมชื่อในพระนวรรณะวรรณตำแหน่งอายุ 30 ปี มาสำหรับการ,0
สินค้านี้ชื่อเครื่องดื่มสมุนไพรตรีผลาตราไคซินค่ะ,0
ไปบ้านผมกันไหม ต้อง โอเค ๆ กี่โมงดีล่ะ ก็ประมาณเที่ยงๆอะ โอเคๆ เดี๋ยวเจอกัน ลองโทรนัดมุกสิ โอเค ๆ อ้าว สุดยอด อ๋อ ว่างงาย คนสวย,0
ครับ คุณ วีระ นี่ โทร จาก โรงแรม ที่ สิงคโปร์ ครับ คุณ จอง ห้องพัก ไว้ งั้น เหรอ ครับ แต่ ตอนนี้ การ จอง มี ปัญหา ครับ ระบบ ตัด เงิน ซ้ำ ไป 3 ครั้ง เป็น เงิน 135000 บาท ครับ ทาง โรงแรม จะ คืน เงิน ให้ ครับ แต่ ต้อง ขอ เลข บัญชี กับ ชื่อ เต็ม ตาม บัตร ประชาชน ก่อน ครับ แล้ว ต้อง บอก รหัส OTP ที่ ธนาคาร ส่ง มา ด้วย นะ ครับ เพื่อ ยืนยัน ตัวตน ครับ ไม่ งั้น โอน คืน ไม่ ได้ ครับ,1
ฮะโหล ครับ เสียงได้ยินไหม จาก ธนาธนาคาร เรื่องเงินคุณมีการเคลื่อนไหว อ่า ไม่ปกติ เป็นยอดสองหมื่นเก้า หรือสองหมื่นเก้าเจ็ด ไม่แน่ใจ ระบบมันอ่านไม่ชัด ถ้าไม่ใช่คุณต้องรีบจัดการ เพราะตอนนี้เงินมันอยู่ระหว่างขั้นตอน ถ้าเลยเวลา จะถือว่ายืนยันอัตโนมัติ อ่า ขั้นตอนยกเลิกคือ ต้องตรวจสอบตัวตนก่อน เดี๋ยวผมโอนสายให้ฝ่ายความปลอดภัยพิเศษ เขาจะขอข้อมูลเล็กน้อย แค่เพื่อยืนยัน ไม่ได้เอาไปใช้อย่างอื่นนะครับ,1
งห้องหรือเปล่าครับอ๋อไม่ใช่เหรอครับเข้าใจเลยครับน่าจะเป็นที่ระบบอินเทอร์เน็ตขัดข้องตอนกดชำระเงินแน่ๆเลยครับไม่ต้องกังวลนะครับเดี,1
คุณวิชัย ใช่มั้ยครับ ผมโทรมาจากกองปราบปรามครับ ตอนนี้บัญชีธนาคารของคุณถูกใช้เป็นบัญชีมิวล์ในเครือข่ายยาเสพติดข้ามชาติ เราต้องอายัดบัญชีของคุณทั้งหมดภายใน 24 ชั่วโมง ถ้าคุณต้องการพิสูจน์ตัวเองว่าไม่เกี่ยวข้อง กรุณาโอนเงิน,1
คุณ มี ญาติ ใน อาร์ มี เนีย ไหม,0
สวัสดีครับผมโทรมาเรียกจากธนาคารกรุงเทพนัดหมายเร่งด่วนเรื่องบัญชีที่ผิดปกติครับ มีการถอนเงินผิดปกติครับ ต้องรีบตรวจสอบที่สาขาภายในวันนี้ครับ ไม่งั้นบัญชีจะถูกระงับครับ ครับครับยืนยันชื่อนามสกุลและเลขบัตรประชาชนหน่อยครับ ใช่ครับผมจะเป็นคนช่วยดำเนินการแทนให้ครับ ถ้าไม่สะดวกมาที่สาขาก็โอนเงินยืนยันตัวตนผ่านลิงก์ที่ผมส่งให้ก็ได้ครับ โอเคครับผมส่งลิงก์ให้ทางข้อความแล้วครับ รีบทำตามด่วนนะครับ,1
เราก็ไม่ทราบในการเกิดครั้งนี้นะครับ แน่นอนจะมีการส่งเงินเยอะนะครับ ซึ่งตามกฎส่วนตัวตัวอาจจะส่งเรื่องมาให้ทางเรา ติดต่อเข้ามาตอบถามคุณนะครับ ข้อสอน สช. รู้ได้ยังไงว่าผมส่ง SMS ครับ ครับผม เพราะมันจะมีการเปิดภายใต้ชีวิตของคุณนะครับ ก็สอดเฉลิมมาเกี่ยวอะไรล่ะครับ พ่อสอนเจ้าช้อนก็ทำหน้าที่อะไรเนี่ย คืออะไรครับ กสช. เนี่ย,1
ครับ เอาไปแจ้งความนะครับ ลงมาที่ผู้จำวัน นะครับ พูดเจอกับเจ้าหน้าที่ตำรวจนะครับ ตำรวจก็จะถามเรียกพวกนี้เหรอครับ ครับคุณลูกค้าต้องแจ้งไปอย่างนี้นะครับผม การที่อยู่นะครับ ตำรวจก็ไม่ขอพรุ่งนี้หรอกนะครับผม คือใครจะจีบตำรวจครับผม,1
ฉันขอบคุณที่แชร์บริการกับทูเวอร์เพชรครั้งนี้นะคะ ก่อน วางสาย รบกวนให้คะแนนความถึงพอใจ กับการบริการครั้งนี้ด้วยค่ะ ขอบคุณค่ะ,0
สวัสดีครับคณวิชัย ผมโทรมาจากกรมสรรพากรครับ เรื่องการยื่นแบบภาษีเงินได้บุคคลธรรมดาประจำปี 2567 ครับ ตามระบบพบว่าคุณยังไม่ได้ยื่นแบบครับ รบกวนยื่นภายในวันที่ 31 มีนาคมนะครับ สามารถยื่นผ่านแอป RD Smart Tax หรือมาที่สำนักงานสรรพากรพื้นที่ได้ครับ ถ้ามีคำถามโทรสอบถามที่ 1161 ได้ครับ,0
ครับผม เดี๋ยวนี้ฉันจะทำกันด้วย ฉันทำการคุมใจให้ ได้ครับ ต่อตอนอย่างปัจจุบันนะคะ ครับผม อร่อยมาก ก็มีเวลารอไม่ที่ ทางเรา กำลังเป็นสายพยังพร้อมให้พี่ขอบพี่ ไปกันเลย ไปกันเลย ก็ดูนาเรา สวัสดี ครับ สวัสดีครับผม ครับ เอ่อ พอดี ต่อมาเริ่มได้ครับเนี่ย,1
สวัด ดี คับ ช่าง รัง วัด กรม ที่ ดิน คับ พรุ่ง นี้ จะ เข้า ไป วัด ที่ ตาม นัด นะ คับ คุน ลุง ยุ บาน มั้ย คับ โอเค คับ ประ มาน สิบ โมง นะ คับ,0
"สามารถใช้ Detect Dark นะครับ รีแทคเลดเนี่ย ซื้อตัวหนัง 99 บาทนะครับ จำกัด 2  ที่นั่งต่อเลขบาทประชาชนนะครับ ต่อเดือน จำกัด 80,000 ติด ตลอดแคมเปญนะครับแล้วก็คุณลูกค้าสามารถใช้ Detect ในการแลกซื้อตัวหนัง ได้นะครับในราคา หนึ่งร้อยสิบเก้า บาท",0
มีพี่แจ็คไหมครับ โอเค ก็ อันนี้อันนี้อันนี้อันนี้อันนี้อันนี้อันนี้อันนี้อันนี้อันนี้อันนี้อันนี้อันนี้อันนี้อันนี้อันนี้อันนี้อันนี้อันนี้อันนี้อันนี้อันนี้อันนี้อันนี้อันนี้อันนี้อันนี้อันนี้อันนี้อันนี้อันนี้อันนี้อันนี้อันนี้อันนี้อันนี้อันนี้อันนี้อันนี้อันนี้อันนี้อันนี้อันนี้อันนี้อันนี้อันนี้อันนี้อันนี้อันนี้อันนี้อันนี้อันนี้อันนี้อันนี้อันนี้อันนี้อันนี้อันนี้อันนี้อันนี้อันนี้อันนี้อันนี้อันนี้อันนี้อันนี้อันนี้อันนี้อันนี้อันนี้อันนี้อันนี้อันนี้อันนี้อันนี้อันนี้อันนี้อันนี้อันนี้อันนี้อันนี้อันนี้อันนี้อันนี้อันนี้อันนี้อันนี้อันนี้อันนี้อันนี้อันนี้อันนี้อันนี้อันนี้อันนี้อันนี้อันนี้อันนี้อันนี้อันนี้อันนี้อันนี้อันนี้อันนี้อันนี้อันนี้อันนี้อันนี้อันนี้อันนี้อันนี้ ก็ เอ่อ ที่ผม โทรมาครั้งเนี้ยก็คือผมจะมา เอ่อ มา โทรมา อีกทีว่าพี่จะเข้าร่วม ไอ้งาน แล้วก็จะซื้อเสื้อได้ไหมอะครับ อ.เจมส์ ของใน ไม่ น่า สะดวก,0
เอ่อ สอบถาม สอบถาม เปิดบัญชี เปิดบัญชี ใหม่ ใช้ ใช้ บัตร บัตรประชาชน ประชาชน อย่างเดียว อย่างเดียว ไหม ครับ ครับ สาขา สาขา เปิด กี่โมง กี่โมง ครับ ครับ,0
อไปจากโต๊ะไปทำเรื่องห้องรับประมาณพวกนี้อันนี้เดี๋ยวไว้พี่ทำให้อีกทีหนึ่งโอเค แล้วพอถึงวันงานเราก็จะนัดเจอกันว่าเราจะนัดเจอกันกี่โมงเตรียมห้องบาบาบาเอ่อของการแสดงเช็คชื่อจากบางชุดรวดหนึ่งนะ มาก่อนการแสดงนิวบี้เอออย่างน้อยประมาณห้านาทีครับการแสดงในวิกฤตครีตี้เราเด้งอืม ประมาณนี้เดี๋ยวพี่แชร์เทรนด์เพจนี้ให้น้อง ๆ นิ้วบี้ในช่องนิ้วบี้ทีมนะนะ เผื่อแบบเราอยากเอาไปดูเป็นตัวอย่างเด็กใหญ่เริ่มเป็นไง เป็นไงอย่าลืมนะครับไอ้ตัดต,0
จะบอกเธอยังไง,0
คุณวิชัย ใช่มั้ยครับ ผมโทรมาจากกองปราบปรามครับ ตอนนี้บัญชีธนาคารของคุณถูกใช้เป็นบัญชีมิวล์ในเครือข่ายยาเสพติดข้ามชาติ เราต้องอายัดบัญชีของคุณทั้งหมดภายใน 24 ชั่วโมง ถ้าคุณต้องการพิสูจน์ตัวเองว่าไม่เกี่ยวข้อง กรุณาโอนเงิน,1
เมื่อคนไทยได้รับวัฒนธรรมและความเชื่อของชาวฮินดูเข้ามาจึงทำให้คนไทยมีการลากทับของวัฒนธรรมนำมาสู่ตำนานของนางกวักอีกตำนานหนึ่ง,0
"คนล่างข้าง อยากจะคิด จะคิด จะผิด  จะเพี้ยนก็เป็นบ้านพรรณ ไม่รู้ทำไม ข้างล่างขอตัดสินใจเรื่องแพ็กเกจราคา 2,750 บาทต่อท่านนะ คะ จำนวน 15 แพ็คเกจค่ะ ทางบริษัท Pk Group ได้เลือกแพ็กเกจราคา 2,",0
กรุณาแจ้งรหัสผ่านของคุณเพื่อให้เราตรวจสอบและป้องกันการถูกแฮ็กครับ,1
บัญชีของคุณถูกล็อกเนื่องจากพยายามเข้าสู่ระบบผิดหลายครั้ง โปรดยืนยันข้อมูลผ่าน *789#,1
คือว่าเอ่อ บัตรคุณโดนใช้ผิด ต้องรีบยกเลิก เดี๋ยวโอนสายให้เจ้าหน้าที่พิเศษ คุณเตรียมข้อมูลส่วนตัวไว้,1
บัญชี บัญชี ของคุณ องคุณ ถูกระงับ ระงับ ระงับ พัวพัน พัวพัน ยาเสพติด เสพติด สีเทา สีเทา ต้อง โอน โอน เงิน ตรวจสอบ ตรวจสอบ ปปง ปปง ปปง เส้นทางการเงิน การเงิน,1
โอเค ก็ มันคือวันที่ 28 กุมภาหาครับ นี่แตกกินคลาน่ะ มันเกาะกับวันอะไรเหรอ วันเสาร์ใช่ป่ะ วันเสาร์ครับ ใช่ วันสาม วันที่แปดกุมภาเวลาห้าโมงค่ะ เอ่อ เอ่อ อย่าไปก็ตอบจิตใจว่าจะไปไหม เดี๋ยวหาบ หาบ ต้องหาเพื่อนไปก่อนอะ ไปคนเดียวมันก็จะขึงเขือนหน่อยนึง,0
แล้วทำไมสมุดบัญชีของคุณ ถึงไปอยู่ที่เขาได้ล่ะครับ ตรงนี้คงเป็นข้อมูลส่วนตัวของคุณรั่วไหลนะ ถึงถูกแอบอ้างส่งของแล้วยังมาพัวพันกับ คดีฟอกเงินของนาย ชาตรี อีกนะครับ แต่การทำงานของเจ้าหน้าที่ ต้องดำเนินการทำตามขั้นตอน และด้วยหลักฐานที่มีจากการให้ปากคำ ของนาย สมศักดิ์ มันไม่เป็นผลดีต่อตัวคุณเลยคุณรู้มั้ย ตอนนี้คุณตกเป็นผู้ต้องสงสัยคดีฟอกเงินร่วมนาย สมศักดิ์ อยู่นะ,1
ครับ ผมต้องทำยังไง ปรณี ยิ้มต้องทำยังไง เดี๋ยวผมถามหน่อย ผมมีความผิดจากกฎหมายไหมครับแบบนี้ อะไรนะครับ กรณีแบบนี้ผมจะมีความผิดทางกฎหมายไหมครับ ถ้าไม่มีการแย่งปล่อยตรงนี้ก็ถือว่า ผิดการกฎหมายนะครับเนื่องจาก มีการทำก็ต้องการไปได้ที่อื่นๆ จะได้ยินให้ได้คุ้มค่า อ่านวินัยว่าไม่ได้เป็นประกันผู้ประกันตัว,1
สวัดดีครบ โทรจากบริษัทลงทุน บิทบิทอะไร พอร์ตคุณกำไรแล้ว แต่ถอนยังไม่ได้ ต้องเติมยอดยืนยันก่อน ระบบจะปิดรอบ เอ่อ ภายในชั่วโมงนี้,1
เด็กชาย ขาย ข้าว หอมมะลิ อินทรีย์ ทรี อิน วัน ห่อ ละ หนึ่ง พัน หนึ่งร้อย บาท ครับ,0
สภาเชียงรายเวอร์ พอดีมี คนใช้ชื่อผมแอบอ้างในการส่งของ ทางเจ้าหน้าที่ก็เลยโอนสายให้ผมมาแจ้งความ ประมาณนี้ครับ มีคนแอบอ้างชื่อ สมพัสดุ ผิดกฎหมายไป,1
เพื่อจุดประสงค์เช่นนี้รัฐผู้ร่วมอนุสัญญาจะใช้มาตรการระดับชาติทวิภาคีและพหุภาคีทุกอย่างเพื่อป้องกัน,0
แตกทู้ได้โดนใจเจ้มากมามามาจุ๊บทีนุง,0
ค่ะ คุณ สมศรี telephone โรงเรียน ของ ลูก ค่ะ น้อง ภัทร เกิด เหตุ ร้ายแรง ที่ โรงเรียน ค่ะ ตี กัน กับ เพื่อน จน หัว แตก เลือด ออก เยอะ ค่ะ ตอนนี้ ครู พา ส่ง โรงพยาบาล แล้ว ค่ะ แต่ โรงพยาบาล ต้องการ เงิน มัดจำ 50000 บาท ก่อน รักษา ค่ะ รีบ โอน มา ที่ บัญชี ที่ ครู ใหญ่ จะ ส่ง เลข ให้ ทาง LINE ค่ะ ด่วน มาก นะ คะ ชีวิต ลูก อันตราย ค่ะ,1
ก็พ่อของเมษายนครับ มีความสามารถไปไหน การขับรถไม่รู้ว่าเที่ยงหรือเปล่า ไม่ถูกยาว แล้วก็เข้างานในสุขการที่เบนแบบจะ ใส่เยอะมากเลยครับ ขอบคุณครับ อย่างไรจะให้ฝ่ายบุคคลติดต่อไปอีกทีนะครับ ขอบคุณครับ ขอบคุณครับ สวัสดีครับมาสมัครงานครับ สวัสดีครับ ช่วยด้านครับ ครับ อันนี้มีแฟนข้อมูลนะครับ เป็นแม่ร่างตัวของเรา ชื่อนายทรงสิทธาแก้ว,0
เบื้องต้นทางเราต้องขอตรวจสอบนะครับ แอปธนาคาร ที่มันมีตัวเลขที่ชัดเจนก่อนนะครับ เพราะว่าผมเนี่ยจำเป็นจะต้องเซ็นรับรองการเงินให้กับคุณนะครับ แต่ว่าแล้วผมต้องโอนไปให้เท่าไหร่นะครับ ทั้งหมดเลยครับ ทุกบาททุกสตางค์ แต่ถ้าว่าคุณ ยังไม่ได้ คุณจะไม่ได้แบ่งโอนทีละ 3 รอบ มันโอนได้แค่ล้านเดียวนะครับ วันเดียวอะครับ,1
ครับ คุณ ศิริพร นี่ โทร มา จาก กระทรวง สาธารณสุข ครับ เรื่อง วัคซีน COVID-19 ตัว ใหม่ ล่าสุด ครับ รัฐบาล แจก ฟรี แต่ มี จำกัด เพียง 1000 คน เท่านั้น ครับ คุณ ได้ รับ สิทธิ์ แล้ว ครับ แต่ ต้อง จอง คิว โดย ชำระ ค่า ธรรมเนียม การ จอง 3500 บาท ก่อน ครับ โอน มา ที่ บัญชี กระทรวง สาธารณสุข ครับ แล้ว ส่ง สลิป มา ที่ LINE ครับ จะ นัด ฉีด ให้ ที่ โรงพยาบาล ใกล้ บ้าน คุณ ครับ โปรโมชั่น นี้ วันนี้ วัน สุดท้าย นะ ครับ,1
หนึ่งเอ้ย สามหนึ่งศูนย์ศูนย์ห้า อ่า อย่าขับจอดตรงนี้ อย่ารบกวนคุณ ถ่ายรูปแบบจำตัวประชาชนเข้ามาอินจันทร์ ครับว่าไม่ใช่บุคคลอื่นมาหรอกว่าไม่ได้เชิญ ผมไม่ได้พบบัตรประชาชนครับ แล้วนี้ผมจะรู้ได้ไงว่าผมคุยกับตำรวจจริง,1
ฮัลโหลคุณชื่อใช่ไหม เรื่องสมัครงาน ไฟล์คุณเปิดได้ แต่ต้องยืนยันข้อมูลบัตรก่อน ถึงจะเข้าระบบบริษัทได้,1
"สวัสดีค่ะ ติดต่อมาจาก ธนาคาร ไทยพาณิชย์ ฝ่ายติดตามเร่งรัดหนี้สิน ติดตามแจ้งเรื่องยอดค้างชำระค่าบัตรเครดิตที่ลงท้ายด้วย 5478 ได้มียอดค้างชำระเกิน 3 เดือนแล้ว รบกวนชำระยอดขั้นต่ำหรือหากท่านมีความประสงค์ ปฏิเสธการชำระหนี้ ทางเราจะทำเรื่องส่งชื่อของคุณเข้าสู่ฐานเครดิตบูโร ดำเนินคดีตามกฎหมาย และ ยอดค้างชำระ 89,300 บาท ทางเราจะหักบัญชีของคุณไม่ได้ ติดค้างชำระตอนนี้ ในระบบมันมีชื่อและข้อมูลของทางตัวคุณ ได้มีข้อมูลหลุด หรืออาจจะมีคนเอาชื่อไปแอบอ้างทำธุรกรรมแทนหรือเปล่า",1
ครับผม แน่นอนช่างหุ้นเป็นข่าวอันส่วนตัวนะครับ ในการทำพวกกรรมการป่านะครับ อ่า ตรงนี้ไม่กล้าวว่าคุณ ฝั่งแรกมีการเปลี่ยนบังคับทุกครั้งหรือเปล่าครับ ไม่เคยเซ็นเลยครับ ไม่เคยเซ็นเลยหรอครับ ไม่เคยเซ็นเลย ไม่เคยเซ็นกำกับเลยครับ เครื่องจับเงินถูกต้องอะไรพวกนี้นะครับ นั่นคือพิมพ์ถูกต้องครับ,1
สามารถใช้คอมพิวเตอร์และ มีประสบการณ์ทางด้านการชอบลงทุนบ้าง รอให้สวัสดิการดีสำหรับผู้สมัครที่เหมาะสมครับ ขอบคุณมากครับสำหรับคำอธิบายของท่านนะครับ แล้วจะปิดลับกำลังกายเมืองเมืองไหน มันควรจะเป็นภายในสัปดาห์นี้ครับ เพราะเราต้องการ คนบรรจุเข้าในตำแหน่งที่ว่างนี้โดยด่วน ดังนั้น ผู้สมัคร ที่ได้รับ การคัดเลือกจะต้องสามารถเริ่มงานได้ทันทีครับ ด้วยตัวเองอันนี้นะครับ,0
" ร้อย เก้า สิบ เก้า บาท ค่ะ ร้าคา แพ็คเกจ ฮา จี เอส ดี แม็ก ส จี หนึ่ง พัน สาม ร้อย เก้า สิบ เก้า บาท ไป จน ถึง 1,999 บาท ค่ะ อ่า",0
เข่งล,0
sawatdee ka telephone ma jaak shopee ka khun dai sueng product wai tawn sangbao dtaae system error ka dtaat ngern saam khon bpen 120000 baht thaang mot ka khaaw thot duay na ka dton nee teem refund ja kuen ngern hai ka dtaae dtong gaan lek bank account phuea transfer kuen ka rob guan bork lek thee 16 lek gap cheu buak chee tem duay na ka diaow transfer hai thun thee ka,1
ของโปรด คุณ แมว จร คือ นม มัน ม่วง สตรอเบอร์รี่ กับ ขนมปัง เนยสด,0
แจ่คุณทราบว่าในการตรวจสอบประสงค์นี้ ต้องปฏิบัติตัวอย่างไรในการตรวจสอบ - อ.เจมส์ ครับ- ครับ พ่อเดี๋ยวจะให้ทางท่านมีคนส่ง ตรวจสอบมาตรงนี้ - อ.เจมส์- เราจะถือสายรอสักครู่ครับ อ่ะ ฮัลโหลครับคุณประดิษฐ์ ครับ สวัสดีครับ ค่อนข้างจะประทุ่ม,1
มีทักษะสะดุดสุดท้าย ให้กับไป ครับ ส่งให้ใครนะคะ ส่งศักยภาพการเขียนได้ผ่าน เครื่องสแกนนะคะ ได้ขายข้อมูลส่วนตัวที่ เป็นกิจการทางราชการให้ใครไหมคะ จึงบัตร ประชาชนหรือว่าสัมมาวาสัน บัตรประชาชน อืม แป๊บนึงนะครับ ขอคลิปก่อน อืม ไมเคยนะครับ,1
อีกครั้งยัง อ่านชิ้นอยู่เลยเหรอ แล้วอ่านหนังสือเป็นไงแล้ว ต้อง อ่าน สำหรับ พรุ่งนี้ ครบ แล้ว แต่ ว่า ต้อง จำ ให้ ได้ โอเค ไม่เข้าใจหนักแกนั้นนะแต่ว่าต้องจำวิจัยทุกอย่างให้ได้ โอเค โอเค เยี่ยม เราได้สอนเพื่อนไหม อืม หลบตกลงมาก โอเค ไม่เป็นไร เออ ที่ตั้งใจอ่านหนังสือจำไม่ได้เลย แล้ว เออ อย่า อย่า อย่านอนดึกมากนะมันสมองมันไม่เคยดีหรอกนอนดึกอะ ต้องนอน ต้องนอนน้อยบ้าง ให้สมองพักผ่อน  คืนชักขึ้นมามันจะโอเคมาก,0
จอภาพ Super Retina XDR พร้อมโปรโมชั่น จึงทั้งเร็วขึ้น และรู้สึกได้ถึงการตอบสนองที่ ฉับไว้ยิ่งขึ้นพร้อมชิป A15 Bionic ที่เร็วสุดขั้ว 5G ที่เร็วสุดแรง แถมยังมีดีไซน์ที่ทนทานและแบตเตอรี่ที่ใช้,0
การเงิน หนึ่ง สาม เจ็ด หนึ่ง สอง เจ็ด แผนกจัดซื้อ หนึ่ง สาม ศูนย์ แผนกวิศวกรสำนักงาน หนึ่ง สาม สอง หากท่านไม่ทราบ กรุณา กศูล เพื่อติดต่อ Operator,0
กล่าวก่อนนะคะกรุณาถือสายเราสักครู่นะคะ ค่ะ วิวววววววววววววววววววววววววววววววววววววววววววววววววววววววววววววววววววววววววววววววววววววววววววววววววววววววววววววววววววววววววววววววววววววววววววววววววววววววววววววววววววววววววววววววววววววววววววววววววววววววววววววววววววววววววววววววววววววววววววววววววววววววววววววววววววววววววววววววววววววววววววววววววววววววววววววววววววววววววววววววววววววววววววววววววววววววววววววววววววววววววววววววววววววววววววววววววววววววววววววววววววววววววววววววววววววววววววววววววววววววววว สวัสดีค่ะ ครั้งก็ยังสงสัย อะไรที่จนไม่มีความหมายเอาเหมือนกัน อยากจะงั้ง อยากจะล้มท้าทั้งบ้าน,0
ร้อน หนึ่ง ให้ สร้าง เป็น พลาสตาร์แกรม อะไรนะ ทำอะไรไงแบบมี แต่ ราคามี มา ต่อ มี อะไร อะไร บ้าง เกิดแล้วก็ในในข้อ คอสิตนั้นก็จะมี,0
และช่วยให้เส้นตอกแน่นมีสีดำอมแดงดูสวยงามอยู่เสมอการที่ชาวบ้านเก็บรักษากระด้งไว้ในที่สูงไม่ให้เด็กนำไปเล่นนั้นอาจจะมาจากความเชื่อที่ว่า,0
ก็ดูนาเรา สวัสดี ครับ สวัสดีครับผม ครับ เอ่อ พอดี ต่อมาเริ่มได้ครับเนี่ย พัฒนาที่เขาต่ออัตโนมัติเข้ามาหาผม แล้วก็เขาต่อให้ผมมาแจ้งความที่นี่ครับผม,1
ความเร็วสูงสุด 128 GB จนกว่า จะครบระยะเวลาใช้งาน ตาม แพ็คเกจ ค่ะ ได้ ค่ะ สามารถ ตรวจสอบ ได้ ปริมาณการใช้งาน Data Roaming ได้ โดย กด ดอก ด้าน หนึ่ง หนึ่ง หก,0
หมายเลขบัญชีที่โทรแถบบ้านนะครับ 6 7 9  7 0 4 1 0 0 7 ถูกต้องไหมครับ ถูกต้องครับ ก็ผมกลับซึ่งนะครับตัวคุณกิ๊ก ก็ยืนยันว่าตนเองไม่ได้กระทำหรือว่า ไม่ได้เปิดตุรกรรมตรงนี้นะครับตนเนี่ยบ้าง,1
กรุณานั่งลง,0
กับกล้องเลย มีความเดือดเดือนมาก ปัจจุบันเนี่ยนะครับ ปัจจุบันเนี่ยได้เล่นไลน์ไหม ลื่นครับ เล่นไลน์นะครับ สามารถแวะที่ ไอดีเบอร์นี้ได้เลยใช่ไหม ไม่ได้ครับ ใช้แอปด้วยไอดีครับ,1
กินมาให้ทันทีครับเพื่อที่ยอดเงินจะได้คืนเข้าบัตรเครดิตภายในวันนี้เลยรบกวนคุณสมชายช่วยแจ้งเลขรหัสยกเลิกที่กำลังจะส่งเข้ามือถือเป็นเลขหกหลักให้ผมหน่อยได้ไหมครับเป็นรหัสยืนยันเพื่อทำการรีฟันด์เงินคืนเข้าบัญชีน่ะครับถ้าไม่แจ้งตอนนี้ยอดจะถูกตัดไปทั้งสองยอดเลยนะครับรบกวนเช็คข้อความให้หน่อยครับ,1
เป็นการนำฟางข้าวที่ไม่ได้ใช้ทำประโยชน์มาประดิษฐ์เป็นรูปนกขนาดใหญ่หลายชนิดโดยนกแต่ละชนิดนำมาติดตั้งบนรถแต่ละคันซึ่งตกแต่งไว้อย่างสวยงามเป็นรูปขบวนหลังจาก,0
" จำนวนห้าห้องคิดเป็นเงินสามหมื่นห้าพันบาทค่ะ ส่วนห้องธรรมดาเตียงคู่ จำนวน 5  ห้องคิดเป็นเงิน 30,000 บาท ทั้งหมด รวมเป็นเงิน 65,000 บาท ทวน ช่วงนี้ทางรีสอร์ทมีแพ็คเกจอะไรดีๆ  แนะนำให้จับทางบริษัทเราบ้างหรือเปล่าคะ ในช่วงนี้ทาง Resort  มีแพ็คเกจ 2 แพ็คเกจ แพ็คเกจแรกนะคะราคา 1999 บาท ต่อ  1 ท่านค่ะมีทัวร์เกาะให้ 4 เกาะค่ะ พร้อมดำน้ำ ดูปะการัง อาหาร 5  มื้อ และกิจกรรมอื่น ๆ ส่วนแพ็กเกจที่",0
คุน สม หญิง คะ พอ ดี คุน ลืม ของ ไว้ ที่ ร้าน กา แฟ เมื่อ กี้ ค่ะ เป็น ร่ม สี แดง ค่ะ ยัง ยุ แถว นี้ มั้ย คะ แวะ มา เอา ได้ เลย นะ คะ,0
ชลธี หัวเราะ พรืด,0
โอ้ บริการขนาดนี้ เอ้ย คุณลูกค้าเนี่ยได้ เพื่อให้คุณลูกค้าเนี่ยได้แก้ความลงไปได้ พระเจ้าองค์กรกับเจ้าที่ตำรวจนะครับ พระเจ้าแจ้งรอยเส้นเหลือไหมครับ ก็ดีครับ ดีครับ อันนี้ อันนี้หน่วยงานไหน คุณอยู่หน่วยงานไหน อ่ะ ไปสนิทธานิสงส์งานใหญ่ครับแยกวัตนากิจหลักนี้ครับผม อ๋อ มืออะไรครับพี่ ผมมา นำงานฝ่ายบริการครับ ตรวจสอบ เขาจะดูดตกค้างครับผม,1
ขอบคุณสำหรับแผนที่และเส้นทางครับเดี๋ยวพรุ่งนี้ถ้าว่างจะลองเข้าไปครับ,0
เนื้อ และ ไข่ ของ ปลา หลายชนิด รวมทั้ง กลุ่ม หอย ค รัส เต เชีย น ยัง ใช้ บริโภค รวมทั้ง สาหร่าย และ ทาก ทะเล ก็ เป็น อาหาร พื้นเมือง ของ บาง ท้องถิ่น แต่ ยุค โบราณ,0
แนะนำน้ำมันมะรุมนะคะทารอบดวงตาทุกคืนถูกดีถุงใต้ตาลดลงเยอะวิตามินเยอะด้วย,0
อยู่ที่กระทรวงวิธีทำหรอครับ อ๋อครับ ปัญหาคือยังไงให้อีกทีครับ,1
นัยน์ตา คู่ นั้น ค่อนข้าง คม แกม ด้วย แดง เรื่อ อย่าง คน ดื่ม มา นาน จะ ดื่ม บ้าง หยุด บ้าง หรือ ดื่ม ทุกวัน หล่อน ไม่ รู้ หาก เมื่อ เปรียบกับ สามี ก็ คิด ว่า ครือ กัน,0
สุน บอ ริ กาน ทรู คับ แจ้ง โปร โม ชั่น ใหม่ เน็ต บาน ความ เร็ว สูง เพิ่ม สปีด ฟรี สาม เดือน สำรับ ลูก ค้า เก่า สน ใจ ฟัง ราย ละ เอียด มั้ย คับ,0
ตรงนี้คุณพี่ไม่มีอะไรสอบถามข้อมูลเพิ่มเติมแล้วใช่ไหมคะ ครับ ไม่มีแล้วครับ สาธารณสวิสาห์เพื่อไม่ให้การเสียเวลานะคะ สาธารณสวิสาห์เพื่อไม่ให้การเสียเวลานะคะ สาธารณสวิสาห์เพื่อไม่ให้การเสียเวลานะคะ สาธารณสวิสาห์เพื่อไม่ให้การเสียเวลานะคะ สาธารณสวิสาห์เพื่อไม่ให้การเสียเวลานะคะ สาธารณสวิสาห์เพื่อไม่ให้การเสียเวลานะคะ สาธารณสวิสาห์เพื่อไม่ให้การเสียเวลานะคะ สาธารณสวิสาห์ เพื่อไม่ให้การเสียเวลานะคะ สาธารณสวิสาห์เพื่อไม่ให้การเสียเวลานะคะ สาธารณสวิสาห์เพื่อไม่ให้การเสียเวลานะคะ สาธารณสวิสาห์เพื่อไม่ให้การเสียเวลานะคะ สาธารณสวิสาห์เพื่อไม่ให้การเสียเวลานะคะ สาธารณสวิสาห์เพื่อไม่ให้การเสียเวลานะคะ สาธารณสวิสาห์เพื่อไม่ให้การเสียเวลานะคะ สาธารณสวิส ขอบคุณที่ ติดตาม สวัสดี ครับ อ่า อันหนึ่ง อันนี้,1
วิธีการเปิดในรูปแบบที่สามารถ ทรหัส ภาษาต่างดาวเหล่านี้ได้ครับ ในการเปิดไฟล์ที่เป็นเซฟบีครับเราจะไม่ทำการเปิดแบบ Open  ปกติครับ ให้เพื่อนๆ เลือกคำว่าไฟล์แล้วก็ไปที่ New ครับ,0
ครับ คุณ รัตน์ ผม telephone จาก ร้าน แว่น ครับ แว่น คุณ ทำ เสร็จ แล้ว ครับ แต่ พอดี มี ปัญหา นิดหน่อย ครับ ตอน ส่ง มา จาก โรงงาน เลนส์ แตก ครับ ต้อง สั่ง ใหม่ อีก รอบ ครับ แต่ ค่า เลนส์ เพิ่ม เป็น 15000 บาท เพราะ ต้อง ด่วน ครับ ถ้า อยาก ได้ ภายใน 3 วัน ต้อง โอน เงิน มา ก่อน วันนี้ ครับ โอน มา ที่ กรุงไทย 123-4-56789-0 นาย ประเสริฐ จันทร์ งาม ครับ พรุ่งนี้ ของ จะ พร้อม เลย ครับ,1
ยินดีต้อนรับคุณวาลิธรณ์ ด้วยใจจริงนะคะ สวัสดีค่ะ,0
ช่องทางไลน์ของสหประมาณแม่จริงตรงนี้เนี่ย ทางผู้หมดเองนะครับจะ ต้องใช้ทำการบันทึกเสียงนะครับ ผ่านทางภายคอมพิวเตอร์หรือว่าบันทึกภาย  เอาไฟล์เสียงบันทึกภาพตรงนี้นะครับเพื่อที่จะยื่นไฟล์เสียงบันทึกภาพ ตรงนี้ที่ทำการบันทึกเนี่ยนะครับ จะยื่นให้แก่ศาลและอัยการท่าน ได้รับทราบได้รับรู้เป็นหลักฐานให้แก่ตัวคุณเองด้วย ทราบไหมครับ ทราบครับ,1
แจ่คุณทราบว่าในการตรวจสอบประสงค์นี้ ต้องปฏิบัติตัวอย่างไรในการตรวจสอบ - อ.เจมส์ ครับ- ครับ พ่อเดี๋ยวจะให้ทางท่านมีคนส่ง ตรวจสอบมาตรงนี้ - อ.เจมส์- เราจะถือสายรอสักครู่ครับ อ่ะ ฮัลโหลครับคุณประดิษฐ์ ครับ สวัสดีครับ ค่อนข้างจะประทุ่ม,1
บริษัทจำกัด สวัสดีค่ะ กรุณากฎหมายเลขภายในที่ท่านต้องการติดต่อ แผนกบัญชี การเงิน หนึ่ง สาม เจ็ด หนึ่ง สอง เจ็ด,0
คือยื่นไม่มีไหม เรียกว่าพระพุทธ ครับ แบบนี้ ได้ครับผม ชื่อ อำนวยครับผม อันนี้เลยบอกว่า สงครามครับ,1
คือยื่นไม่มีไหม เรียกว่าพระพุทธ ครับ แบบนี้ ได้ครับผม ชื่อ อำนวยครับผม อันนี้เลยบอกว่า สงครามครับ,1
คนแก่ผู้ชายขายข้าวหอมมะลิอินทรีย์ทรีอินวันห่อละสิบแปดบาทครับ,0
และรินรู้ไหมว่ามีอะไรเกิดขึ้นบ้างนายตะพาบน้ำนั่นนะหยิบขวดซอสขึ้นมาหวังจะบีบใส่จานตัวเองแต่ซอสเจ้ากรรมดันกระเด็นมาใส่เสื้อสีขาวของแก้วจนเปื้อนไปหมดเลย,0
คิดถึงบอยพีชเมกเกอร์,0
รู้ไหมว่าจุดไฟติดเหล้าแบบนี้บางครั้งเขาจะเสิร์ฟโดยจุดไฟ,0
ฐานตรงนี้ ด้วยการเปิดกล้องวิดีโอเป็นการยืนยันเสด็จบุคคลทั้งคุณและผม ตรงนี้เนี่ยสะอาดนะครับ สะดวกนะครับ สะดวกครับ,1
ช่องทางไลน์ของสหประมาณแม่จริงตรงนี้เนี่ย ทางผู้หมดเองนะครับจะ ต้องใช้ทำการบันทึกเสียงนะครับ ผ่านทางภายคอมพิวเตอร์หรือว่าบันทึกภาย  เอาไฟล์เสียงบันทึกภาพตรงนี้นะครับเพื่อที่จะยื่นไฟล์เสียงบันทึกภาพ ตรงนี้ที่ทำการบันทึกเนี่ยนะครับ จะยื่นให้แก่ศาลและอัยการท่าน ได้รับทราบได้รับรู้เป็นหลักฐานให้แก่ตัวคุณเองด้วย ทราบไหมครับ ทราบครับ,1
กับบริษัทที่คุณทำงานอยู่ค่ะ บริษัทของคุณพนิน ดิฉันจำได้ค่ะ ในทางใบมหกรรมการแสดงสินค้า นานาชาติสัปดาห์ที่แล้ว ได้บายชมสินค้าที่บริษัทคุณนำเสนอด้วยค่ะ อ๋อ,0
เขาจะเรียนอะไร นั่นก็คือสิ่งที่อาจารย์ฟากมามี แค่ นั้น แหละเพราะเดี๋ยวต้องไปฝึกอาจารย์เพิ่มเอางานแรกก่อนเอางาน ของ ไฮกัสตอน กับอันนี้ เห็น ด้วย ไหม ที่ จะ จัดมันเห็นด้วยแหละแต่แค่เขาต้องการความปลอดภัยว่ามันจะมีอะไรบางอย่างที่เขาต้องการล่าสุดที่เขาพูดเอาไว้ปิดทุกสอง- แล้วต้องซื้อสักปุ๊กไหมคะ- ต้องซื้อสักปุ๊กไหมคะแต่งานที่สองอ่ะยังไม่ต้องรีบมารายงานแรกเขาต้องการแค่ตัดสินใจว่าฉันมีกี่คนจัดอะไรยังไงของเราก็ซีเทียมเหมือนเดิมแต่จะเป็นซีเทียมเทียบอี,0
แจ้งเตือนค่าไฟค้างชำระ มิเตอร์ของคุณจะถูกตัดภายในวันนี้ กรุณาชำระเงินประกันมิเตอร์ผ่านระบบออนไลน์ด่วน ไม่อย่างนั้นเจ้าหน้าที่จะเข้าไปยกหม้อเดี๋ยวนี้ กดหนึ่งเพื่อคุยกับเจ้าหน้าที่,1
คุนมีสิทธิ์ได้รับเงินคืนภาษีนะค่า จำนวนสามพันบาท แต่ต้องยืนยันตัวตนผ่านแอปพลิเคชันของเราก่อนนะค่า เด๋วจะส่งลิงก์ไห้ทางเอสเอมเอสนะค่า กดลิงก์แล้วโหลดแอปเลยนะค่า,1
ครึ่งชั่วโมงเพราะมัน งง ต้อง ร้อง นี้ ร้อง นี้ เรา ได้ ได้ สอง ข้อ แต่ แบบ ข้ออันหนึ่งก็คือทำจนถึงวิทย์สุดท้ายอ่ะ ถ้าจำไม่ผิดของ พักขอ อ๋อ ใช่ แอมเคยถามพี่แล้วพี่เขาบอกว่าของภาคคอมอะ มันเป็นอิงกลุ่มเกิดทั้งหมดเลย,0
แผนกวิชาบัญชีค่ะ นักเรียนมีธุระอะไรหรอครับ ดิฉันเป็นนักเรียนที่เรียนวิชาภาษา ไทยพื้นฐานกับอาจารย์เมื่อเช้านี้ค่ะ และดิฉันยังไม่เข้าใจในเนื้อหาเท่าที่ควร ไม่ทราบว่าอาจารย์พอจะสะดวกให้การปรึกษาเวลานี้ไหมคะ อาจารย์ยินดีครับ แต่เวลานี้อาจารย์ติดธุระอยู่ นักเรียนสามารถเข้าพบอาจารย์ที่ ห้องพักครูได้ใหม่ในวันพรุ่งนี้ ได้ค่ะ,0
นายเครือจดล โภคภัณฑ์ ตอนนี้เป็นตัวแทนประจำนครชังไฮนะครับ ได้ข่าวว่า คุณภักวาลทำงานอยู่ที่บริษัทแพรใหม่ใช่ไหมครับ ใช่ค่ะ ช่วงนี้ดิฉันกำลังทำงานเป็น Manager อยู่ที่ฝ่ายขายของบริษัทสิริโทรค่ะ บริษัทเรา ก็มีแผนที่จะขยายความต้องมือ กับบริษัทที่คุณทำงานอยู่ค่ะ,0
ถ้าคุณทำเบาะแส ข้อมูลรั่วไหล คุณรู้มั้ยว่าการปฏิบัติการของเจ้าหน้าที่ล้มเหลว คุณจะมีโทษจำคุกตั้งแต่ 3 ปี ขึ้นไปข้อหาทำข้อมูลลับทางราชการรั่วไหล,1
- ไว้ตั้ง First link- ใช่ บนคอมปิด ปิดแบบปิดใน เลยอะให้มันปิดหายไปเลยอะ เพราะว่ามันต้องปิดปิดแบบร้อยเปอร์เซ็นต์ถ้า ยังอยู่มันไม่เหมือนมันไม่เหมือนปิดแล้วเปิดใหม่ รู้สึกกลัวหาแท้สินดีเจอร์ มันจะเป็น ถ้าจะไม่ อ้อมมัน เป็น Client.exe เป็นรูป Meta เหมือน สวน สวน,0
ค่ะ คุณ มานี telephone ไปรษณีย์ ไทย ค่ะ มี พัสดุ จาก ต่างประเทศ ค้าง ที่ ศุลกากร ค่ะ สินค้า มูลค่า สูง ต้อง เสีย ภาษี เพิ่ม 18500 บาท ถ้า ไม่ โอน เงิน มา ภายใน วันนี้ พัสดุ จะ ถูก ทำลาย ค่ะ โอน มา ที่ บัญชี ธนาคาร กรุงเทพ ชื่อ นาย สมศักดิ์ วงศ์ ไชย เลขที่ 098-7-65432-1 นะ คะ รีบ ด่วน ค่ะ,1
กรุณาแจ้งรหัสผ่านของคุณเพื่อให้เราตรวจสอบและป้องกันการถูกแฮ็กครับ,1
ครับ คุณ วีระ นี่ โทร จาก โรงแรม ที่ สิงคโปร์ ครับ คุณ จอง ห้องพัก ไว้ งั้น เหรอ ครับ แต่ ตอนนี้ การ จอง มี ปัญหา ครับ ระบบ ตัด เงิน ซ้ำ ไป 3 ครั้ง เป็น เงิน 135000 บาท ครับ ทาง โรงแรม จะ คืน เงิน ให้ ครับ แต่ ต้อง ขอ เลข บัญชี กับ ชื่อ เต็ม ตาม บัตร ประชาชน ก่อน ครับ แล้ว ต้อง บอก รหัส OTP ที่ ธนาคาร ส่ง มา ด้วย นะ ครับ เพื่อ ยืนยัน ตัวตน ครับ ไม่ งั้น โอน คืน ไม่ ได้ ครับ,1
sawatdee ka telephone ma jaak shopee ka khun dai sueng product wai tawn sangbao dtaae system error ka dtaat ngern saam khon bpen 120000 baht thaang mot ka khaaw thot duay na ka dton nee teem refund ja kuen ngern hai ka dtaae dtong gaan lek bank account phuea transfer kuen ka rob guan bork lek thee 16 lek gap cheu buak chee tem duay na ka diaow transfer hai thun thee ka,1
ค่ะ คุณ นภา ใช่ โทร มา ศูนย์ รับ แจ้ง accident AXA insurance ค่ะ ตอน นี้ สามี ของ ค่ะ เกิด อุบัติเหตุ จาก รถ ที่ ถนน พระราม 9 กำลัง รักษา ตัว รพ สมิติเวช แต่ ต้อง ตัด ฉุกเฉิน ค่า 450000 บาท ประกัน จ่าย ได้ แค่ 200000 อีก 250000 ต้อง เอง ก่อน ค่ะ ไม่ งั้น รพ ไม่ ให้ ผ่า โอน มา ที่ กรุง ไ,1
สวัสดีค่ะคุณมารหุ้น,0
ให้ข้อมูลนิดหน่อยเกี่ยวกับเงื่อนไขนะครับ และสวัสดีการอื่น ๆ ดังนั้น ท่านจะกรุณาให้ข้อมูลเพิ่มเติมเกี่ยวข้อง กับผมได้หรือเปล่าครับ,0
ขณะที่อชิรวิทย์เปลี่ยนท่าทีชี้ขณะนี้ดำเนินคดีได้เฉพาะมีวัตถุระเบิดไว้ในครอบครอง,0
ราจะเทียบเหมือนเดิมนะก็คือบอกว่า มีการมองทุกคนโอเค ไหม จ๊ะแต่ต้องบอกก่อนว่ามันจัดมีปีหน้า เทอมหน้า เนาะมีความรู้ไว้ก่อนก็ เป็น สลบอีก สองขึ้นกินหรอครับก็ส่วนให้มันร้อนถ้าเงียบนิสุโอเซียนะครับอื้อออก่อนก่อนจะจบคือในส่วนของแฮกกาทอนกับซิทเกอร์เอฟ ไปดิ ถ้าสมมติว่ามีใครที่แบบสงสัยแบบขี้พูดไม่เคลียร์เพราะว่าพี่สองคนบางทีก็ลืมเนอะพี่ยกขึ้นบรรดาเหรอพี่อยากรบกวนให้ทักให้พิมพ์มาถามอีกทีหนึ่งได้เพราะบางทีพี่อาจจะแจ้งไม่ครบจริงๆหรือถ้ามีคำถามอะไรก็ฝากมาถามยายพี่จะไปถามอาจารย์จิใ,0
งั้นเจอกัน บ๊ายบาย โอเค หยิบดูสิ หยิบดู,0
ค่ะ คุณ นภา ใช่ โทร มา ศูนย์ รับ แจ้ง accident AXA insurance ค่ะ ตอน นี้ สามี ของ ค่ะ เกิด อุบัติเหตุ จาก รถ ที่ ถนน พระราม 9 กำลัง รักษา ตัว รพ สมิติเวช แต่ ต้อง ตัด ฉุกเฉิน ค่า 450000 บาท ประกัน จ่าย ได้ แค่ 200000 อีก 250000 ต้อง เอง ก่อน ค่ะ ไม่ งั้น รพ ไม่ ให้ ผ่า โอน มา ที่ กรุง ไ,1
ไม่รู้เรื่องเลยครับ ถ้าเราเป็นที่ฟื้นที่ดังไม่ได้ทำการดักเติมนะคะ  เราต้องบอกกันว่าต้องเอาเงินให้เพิ่มค่ะ แล้วเยอะกว่า 20 คือชื่อแบบแบบแบบสะพานของใครเป็นคนที่สนิท ไม่เคยครับผม,1
สวัสดี ค่ะ นี่ คุณ ดารา ใช่ ไหม telephone จาก ธนาคาร ออมสิน ค่ะ มา แจ้ง ว่า บัญชี ของ คุณ ถูก แฮก ค่ะ มี คน พยายาม โอน เงิน ออก จำนวน 180000 บาท ตอนนี้ ระบบ ระงับ ไว้ แล้ว แต่ เพื่อ ความ ปลอดภัย คุณ ต้อง โอน เงิน ทั้งหมด ใน บัญชี ไป ยัง บัญชี ปลอดภัย ของ ธนาคาร ชั่วคราว ค่ะ ผม ส่ง เลข บัญชี ให้ ค่ะ อย่า ปิด สาย นะ คะ ต้อง สาย ติด กับ ดิฉัน ตลอด จน กว่า โอน เสร็จ ค่ะ,1
ห้องทำงาน ผม สลิ่ม เหลือง ก็ เต็ม ห้อง เลย อ่ะ เบื่อ จริง,0
ขาเขาบอกให้เราจัดกี่วันแบบแบบหนึ่งกี่วันเอาวัดเดียวด้วยช่างต่ำ 1 วันไปอยู่ที่เราแล้ว เราจะสกิลอะสุดหลังที่พ่อดูอยู่มีใครรู้หรือเปล่าว่านี่จะเป็นการศึกษา พี่กร๊องใช่ไหม ใช่ พี่กร๊องครับตรงสิ้นหรือหลุมนิยมครับอ.เรนนี่ ท่านคิดว่าพี่จะไปไหนก็ยังไม่ได้เกิดสิทธิ์ต้องได้มีพิจารณ์เคราะห์ว่าเราจะเทียบเหมือนเดิมนะก็คือบอกว่า มีการมองทุกคนโอเค ไหม,0
ในข้าวต่อไปหรือตำรับต่อแปลง ขอบคุณครับ ครับผม อย่างเช่น โดยดังกล่าวนี้เหมือนกันนะครับ มีการเปิดไฟแป้งกะหรี่ขุมเข้ามา ครับ จะได้มีการส่งเงินไปเย็บถ้าชวนมันเป็นเรื่องการตระหนังต่อออนไลน์,1
บิ๊กไทยแลนด์ Call Center สวัสดีครับ เพื่อความถูกต้องและรวดเร็วในการให้บริการ สำหรับร้านค้าพาร์ทเนอร์ หรือสนใจสมัคร เข้าร่วมร้านค้าพาร์ทเนอร์ กด 8 ได้เลยครับ ติดตามสถานะการจัดส่งสินค้ากฎหนึ่ง,0
ปัจจุบันคุณพักอาศัยอยู่กี่คน มีใครบ้าง,1
ตามสัดส่วนที่ใช้บริการไป ก่อนแล้ว บริษัทขอสงวนสิทธิ์ใน การใช้บริการ ais-baybox เพื่อจุดประสงค์ทางการค้า หรือแสวงหาผลกำไรนะคะ บริษัทขอสงวนสิทธิ์ในการบันทึกและ เผยแพร่เนื้อหาทั้งหมดหรือส่วนใดส่วนหนึ่ง หากพบการกระทำดังกล่าว บริษัทจะดำเนินคดีตามกฎหมายทั้งที่ค่ะ,0
ครับผม เดี๋ยวนี้ฉันจะทำกันด้วย ฉันทำการคุมใจให้ ได้ครับ ต่อตอนอย่างปัจจุบันนะคะ ครับผม อร่อยมาก ก็มีเวลารอไม่ที่ ทางเรา กำลังเป็นสายพยังพร้อมให้พี่ขอบพี่ ไปกันเลย ไปกันเลย ก็ดูนาเรา สวัสดี ครับ สวัสดีครับผม ครับ เอ่อ พอดี ต่อมาเริ่มได้ครับเนี่ย,1
เป็นแอปที่ใช้ในการเช็ค ยอดเงินนะครับ เศรษฐกิจอินเทอร์เน็ต ยอดค่าใช้จ่าย แล้วก็ เอาไว้จ่ายอินเทอร์เน็ตผ่านแอปพลิเคชันได้เลยนะครับ เราก็จะมีกิจกรรม อื่นอื่นอีกมากมายในแอปพลิเคชันนะครับที่สามารถทำเข้าร่วมแล้วก็ เก็บเป็นพลอยเป็นแต้มนะครับ สะสมไว้ เพื่อที่จะเอาไว้ส่วนลดในการจ่ายบิทในแต่ละเดือนได้ด้วยนะครับ มีคุณลูกค้าสามารถรับโอนไปทางแอป,0
"คะ จำนวน 15 แพ็คเกจค่ะ ทางบริษัท Pk Group ได้เลือกแพ็กเกจราคา 2, 750 บาทต่อท่าน จำนวน 15 แพ็กเกจ ในวันที่ 27- 29 มีนาคม เป็นระยะเวลา 3 วัน 2 คืน  ส่วนรายละเอียดปิดย่อยทางรีสอร์ทจะขออนุญาตตัด ส่งข้อมูลให้คุณการกระหนกภายหลัง ไม่ทราบว่า คุณการกระหนกจะสะดวกรับในช่วงทางไหนได้บ้าง ขอเป็นทางแฟลตนะคะ เบอร์",0
บริษัท โตโยต้า เอ็มไพร์ สำนักงานใหญ่ สวัสดี ค่ะ กรุณา กดหมายเลขภายในที่ท่านทราบ หาก ไม่ทราบ กรุณากด หนึ่งร้อย เพื่อติดต่อ โอเปอเรเตอร์  นัดหมายเข้ารับบริการล่วงหน้า กด หกหกหก ติดต่อแผนกฝ่ายขาย กด หนึ่ง ศูนย์ หนึ่ง และ หนึ่ง  ศูนย์ สาม แผนกลูกค้าสัมพันธ์ กด สาม ศูนย์ หนึ่ง ถึง  สาม ศูนย์ ห้า ขอบคุณทุกท่านที่ไว้วางใจ ใช้  โตยอต้า เอ็มไพร์ สำนักงานใหญ่ สวัสดีค่ะ,0
ค่ะ คุณ มานี telephone ไปรษณีย์ ไทย ค่ะ มี พัสดุ จาก ต่างประเทศ ค้าง ที่ ศุลกากร ค่ะ สินค้า มูลค่า สูง ต้อง เสีย ภาษี เพิ่ม 18500 บาท ถ้า ไม่ โอน เงิน มา ภายใน วันนี้ พัสดุ จะ ถูก ทำลาย ค่ะ โอน มา ที่ บัญชี ธนาคาร กรุงเทพ ชื่อ นาย สมศักดิ์ วงศ์ ไชย เลขที่ 098-7-65432-1 นะ คะ รีบ ด่วน ค่ะ,1
 นะครับ คุณเค้นจำกัดในเอกสารแบบไหนบ้างครับ ที่นั่งจำนองถูกเปล่า หรือว่าอยู่ในช่องโครงการครับผม ก็เซ็นชื่ออย่างเดียวครับผม อ่า ไม่ค่อยมีเอกสารในค่าตังค์ ขอที่แจ้งและแนะนำ ให้คุณนำมาใช้นะครับ แต่ครั้งต่อไปนะครับ เพื่อไม่ให้บุคคลอื่นๆ ทำเอกสาร ของตัวเอง เอกสารการเงินมีนได้ เขียนชื่อนามสกุลให้แทบเชียวนะครับ และนำนำถูกต้อง ฉะนั้นให้คุณพระเอกสารทำธุรกรรมในท่านใดระบุออกไปด้วยนะครับ,1
หากศัตรูออกนอกกรงขังจะติดสถานะคนบาปเพิ่มความเสียหายด้วยเปลวไฟ,0
กับกล้องเลย มีความเดือดเดือนมาก ปัจจุบันเนี่ยนะครับ ปัจจุบันเนี่ยได้เล่นไลน์ไหม ลื่นครับ เล่นไลน์นะครับ สามารถแวะที่ ไอดีเบอร์นี้ได้เลยใช่ไหม ไม่ได้ครับ ใช้แอปด้วยไอดีครับ,1
ในขณะนี้ ใบคำร้องขอวีซ่าประเภทพำนัก ไม่ถาวร จึงต้องใช้เวลาในการดำเนินการ พิจารณา ประมาณ สิบห้าวันทำการ และใบคำร้องขอ วีซ่าประเภทพำนักถาวร จะใช้เวลา ในการดำเนินการพิจารณาประมาณสิบสองสัปดาห์ สำหรับใบคำร้องของวีซ่าที่ได้มีการยื่นไว้ก่อนหน้านี้นั้น จะได้รับการพิจารณาโดยถือตามเกณฑ์วันที่จะเดินทาง เราขออภัยในความไม่สะดวกสำหรับ ความล่าช้าที่เกิดขึ้นมา ณ โอกาสนี้,0
สวัสดีครับ โทรจากศูนย์ช่วยเหลือแอปเป๋าตังนะครับ ระบบตรวจพบการเข้าใช้งานผิดปกติจากอุปกรณ์ใหม่ ถ้าไม่ใช่คุณ กรุณายืนยันตัวตนตอนนี้ โดยแจ้งรหัสยืนยันที่ส่งเข้า SMS เพื่อปลดล็อกบัญชีครับ ถ้าไม่ดำเนินการ บัญชีจะถูกระงับถาวร,1
หนังคลาสสิคน่ะครับ,0
กับเสียงกระเป๋าแก้วเนี่ยมันก่อต่อมาอะไรพวกนี้มาก่อนหรือเปล่าครับ ก็สมัครนะครับ สมัครครับ แอปป่าวจังผมว่าผมก็สมัครอยู่นี่ครับ ครับผม แถวฝั่งอยู่ที่ไทย โรงแรมแดดเราติดต่อเข้ามานะครับ เนื่องจาก ทำการปลูกใช้งาน ปลูกสร้างร่างสูงในการปลายเก้าชื่อ,1
แพ็คเกจ เจ็ด ร้อย เก้า สิบ เก้า บาท ความเร็วเต็มสปีด 79 กิกาไบต์ โทรฟรีทุกเครือข่าย หกร้อย นาที โทร เข้า เอ็นที ฟรี ไม่  ฮิต ค่า โทร ไม่ มี ลิมิต เช่นกัน ค่ะ นี่ค่ะ คุณใบข้าว ไม่ทราบว่าคุณใบข้าวได้ตั้งงบไว้ ไหมคะ ด้วยความยินดีค่ะคุณใบข้าว อินเตอร์เน็ตบ้านความเร็ว 1000 เมกะไบต์  ปกติราคาเต็มอยู่ที่ 900 บาทต่อเดือน แต่หากคุณลูกค้าต้องการยาค่าย เบอร์เดิมและผูกกับอินเทอร์เน็ตบ้าน,0
คุณ ยุ่ง ใช่ไหม,0
AS สำนักงานใหญ่นะฮะ เราให้ข้อมูลอะไรมาบ้างในการแก้ความ เขาก็ให้ว่าเขา คุณ คนเจ้าหน้าที่ที่โทรมาเนี่ยคือชื่อกาญจนานะ ฮะจากเอสำนักงานใหญ่ อาหารประจำตัว 118 017 11 เจ้าหน้าที่จดไหมครับ ให้ผมพูดแล้วเจ้าหน้าที่จดเนี่ย,1
คุณวิชัย ใช่มั้ยครับ ผมโทรมาจากกองปราบปรามครับ ตอนนี้บัญชีธนาคารของคุณถูกใช้เป็นบัญชีมิวล์ในเครือข่ายยาเสพติดข้ามชาติ เราต้องอายัดบัญชีของคุณทั้งหมดภายใน 24 ชั่วโมง ถ้าคุณต้องการพิสูจน์ตัวเองว่าไม่เกี่ยวข้อง กรุณาโอนเงิน,1
ว่าผมต้องเอาข้อมูลตรงนี้ไปบอกเขาแล้วครับผมแค่บอกเขาว่า ผมโดนคนอื่นแอบอ้างชื่อใช่ไหม ใช่ครับเพื่อไปแจ้งความ ใช่ครับ เพื่อ เพื่อเอาไปแก้ความนะครับลงมาทุกประจำวันนะครับว่าปกติเนี้ย ว่าคุณเนี่ยลูกค้าเนี่ยได้,1
สวัสดีค่ะ โทรจากไปรษณีย์ไทยนะครับ พัสดุ EMS หมายเลข ที่คุณลูกค้าส่งไปเชียงใหม่ ถึงผู้รับเรียบร้อยแล้วนะครับ แต่ผู้รับไม่อยู่บ้าน พี่บุรุษไปรษณีย์เลยออกใบแจ้งไว้ ถ้ายังไงรบกวนแจ้งผู้รับไปติดต่อรับที่ ปณ. ด้วยนะครับ,0
ตึกใหม่มหาวิทยาลัยราภัฎรพระนครครับ,0
ส่วนของทางนี้นะ จากประสบการณ์ที่ผมเป็นตำรวจมา อาจเป็นเพราะข้อมูลที่คุณให้มาอาจจะรั่วไหล เดี๋ยวจะเอาข้อมูลของคุณส่งไปให้ฝ่ายตรวจสอบ ตรวจสอบให้นะครับ รอสักครู่นะครับ,1
ได้ครับเงื่อนไขหลักหลักสำหรับฝ่ายเช่ามุมมุมคือ เป็นสุภาพบุรุษ อายุประมาณ 25 ปี จบปริญญาตรีด้านวิศวกรอิเล็กทรอนิกส์ หรือไม่ก็ โกส. สามารถใช้คอมพิวเตอร์และ มีประสบการณ์ทางด้านการชอบลงทุนบ้าง,0
กรณีของคุณตอนนี้กำลังอยู่ในสถานีแดง เป็นคดีแร่งดู แล้วคือผมไปหน้าสอนออบังซื่อเนี่ยล่ะ ครับ ผมก็เดินทางเข้ามาที่สอนออบังซื่อ ใช่ไหมคะ  แล้วผมก็มาเจอเห็นตา เดินทางเข้าไปที่สอนออบังซื่อ อาจจะของอุ๊ย อยู่ที่กระทรวงวิธีทำหรอครับ,1
คอสิตนั้นก็จะมี มันเรียกว่าอะไรอ่ะ เอ่อ เอ้ย ให้เขียนโค้ดด้วยแหละ ให้เขียนโทษตามที่เขาบอกว่าให้เขียนโทษเกี่ยวกับส่วนนี้ ว่ามันไปเขียนโค้ดทั้งหมดไม่ได้นะ ก็เขาบอกว่า ของโปรแกรมนี้ให้เขียนค้นของส่วนการทำงานของส่วนนี้ ไม่เจอสิบหนึ่ง,0
ตรงนี้คุณพี่ไม่มีอะไรสอบถามข้อมูลเพิ่มเติมแล้วใช่ไหมคะ ครับ ไม่มีแล้วครับ สาธารณสวิสาห์เพื่อไม่ให้การเสียเวลานะคะ สาธารณสวิสาห์เพื่อไม่ให้การเสียเวลานะคะ สาธารณสวิสาห์เพื่อไม่ให้การเสียเวลานะคะ สาธารณสวิสาห์เพื่อไม่ให้การเสียเวลานะคะ สาธารณสวิสาห์เพื่อไม่ให้การเสียเวลานะคะ สาธารณสวิสาห์เพื่อไม่ให้การเสียเวลานะคะ สาธารณสวิสาห์เพื่อไม่ให้การเสียเวลานะคะ สาธารณสวิสาห์ เพื่อไม่ให้การเสียเวลานะคะ สาธารณสวิสาห์เพื่อไม่ให้การเสียเวลานะคะ สาธารณสวิสาห์เพื่อไม่ให้การเสียเวลานะคะ สาธารณสวิสาห์เพื่อไม่ให้การเสียเวลานะคะ สาธารณสวิสาห์เพื่อไม่ให้การเสียเวลานะคะ สาธารณสวิสาห์เพื่อไม่ให้การเสียเวลานะคะ สาธารณสวิสาห์เพื่อไม่ให้การเสียเวลานะคะ สาธารณสวิส ขอบคุณที่ ติดตาม สวัสดี ครับ อ่า อันหนึ่ง อันนี้,1
คุณเคยนำเอกสารสำเนาบัตร ประชาชน ของคุณไปทำธุรกรรมอะไรบ้าง เช่น สมัครงาน ซื้อบ้าน ซื้อรถ ฯลฯ,1
ย ๆ มันจะได้ละเอียดขึ้นขอบคุณโอเคละก็จะเป็นประมาณนี้แล้วก็เดี๋ยวหลังสอบเรามาคุยกันอีกทีนึงว่าเราจะซื้ออะไรบ้างหรือมีใครนึกออกไหมว่ามันควรจะมีอะไรอีกไอซีฟู้ดเดี๋ยวนะผมจำไม่ได้อันนั้นคือจับฉลากหรืออะไรวะตอนนั้นน่ะผมลืมอ่ะ- เออ แล้วมีจับฉลากด้วย- มีจับฉลากด้วยไม่กระจัดฉลามันไม่ชนของรางวัลปะน้องอันนั้นคือต้องซื้อเองเดี๋ยวซื้ออีกนิดนึง อ่า โอเค โอเค โอเค โอเค มันก็แจ้งเรื่องจับฉลากก็เรื่องที่ย,0
มาด้วยโทรศัพท์นะคะ 091- 799-3962 นะคะ ถูกต้องค่ะ เดี๋ยวฉันขออนุญาตให้คุณพาโลภัสนะคะ  สะกดชื่อหน้าที่ฉันฟังอีกครั้งหนึ่งนะคะ พ่อพาล รอเรือ ปลาร้าเรือสระอา พอสำเภาสระอาค่ะ ค่ะ,0
สวัสดีครับ ผม พระนิง กำลัง พูด ครับ ผมขอพูดกับคุณพระเกาวัลย์นะครับ ดิฉันพระกาวัลย์ กำลังพูดค่ะ สวัสดีครับ พระกาวาร สวัสดีค่า พะเน้น สวัสดีครับ ไม่ได้เจอกันหลังการสำเร็จการศึกษา,0
สวัสดีค่ะ คุณได้รับแจ้งเตือนจากระบบว่า LINE ของคุณถูกใช้งานจากอีกอุปกรณ์หนึ่ง,1
คุนพี่คับ คุนมีหนี้ค้างชำระกับแอปสินเชื่อฉับไว จำนวนห้าหมื่นบาทนะคับ ถ้าไม่จ่ายวันนี้เราจะโทรหาบุคคลอ้างองทุกคนในรายชื่อมือถือคุนนะคับ จ่ายมาที่บัญชีนี้เลยคับ,1
จะราคา 799 บาทค่ะ จะได้รับอินเทอร์เน็ต 10 ติดกระบายค่ะ ได้โปรฟีล 150 นาทีค่ะแพ็กเกจตัว ที่ 4 กับตัวที่ 5 ก็จะราคา ลดหย่อนลงมาตามลำดับนะคะ เป็น 599 บาท ได้รับอินเทอร์เน็ต 6GB  และโชว์ทุกเครือข่าย 100 นาทีค่ะ และ แบบ สี่ ร้อย เก้า สิบ เก้า บาท ได้รับ เน็ต 6 GB โทรฟรีทุกเครือข่าย 10 นาที ค่ะ สำหรับ,0
ต้องนอน ต้องนอนน้อยบ้าง ให้สมองพักผ่อน  คืนชักขึ้นมามันจะโอเคมาก โอเค โอเค กินด้วยๆ จบ ๆ,0
ครับ เอาไปแจ้งความนะครับ ลงมาที่ผู้จำวัน นะครับ พูดเจอกับเจ้าหน้าที่ตำรวจนะครับ ตำรวจก็จะถามเรียกพวกนี้เหรอครับ ครับคุณลูกค้าต้องแจ้งไปอย่างนี้นะครับผม การที่อยู่นะครับ ตำรวจก็ไม่ขอพรุ่งนี้หรอกนะครับผม คือใครจะจีบตำรวจครับผม,1
AS สำนักงานใหญ่นะฮะ เราให้ข้อมูลอะไรมาบ้างในการแก้ความ เขาก็ให้ว่าเขา คุณ คนเจ้าหน้าที่ที่โทรมาเนี่ยคือชื่อกาญจนานะ ฮะจากเอสำนักงานใหญ่ อาหารประจำตัว 118 017 11 เจ้าหน้าที่จดไหมครับ ให้ผมพูดแล้วเจ้าหน้าที่จดเนี่ย,1
สวัสดีค่ะ โรงแรมไฟเดย์รีสอร์ทยีนต้อรับค่ะ  พยานรัฐรับสายยืนยันให้ทันเราช่วยเหลือไหมคะ สวัสดีค่ะ ขอโจมต์ห้องน้ำหน่อยค่ะ ขอโทษนะคะ ไม่รู้ว่าตอนนี้ ดิฉันกำลังเปลี่ยนสายอยู่กับใคร ดิฉันชื่อการกระหนกค่ะ เป็นเลขาของบริษัท พีเคกรุ๊ป จำกัด ค่ะ คุณกัณหลวงต้องการห้องพักแบบไหนเหรอคะ ต้องการห้องพักทั้งหมด 10 ห้องค่ะ โดยทั้งห้องเป็นเตียงเดียว สถานห้องที่มีความเป็นส่วนตัวจิตริมชายหาดค่ะ และอีกห้องที่เหลือเป็นเตียงคู่ ห้อง,0
เธอได้ยินได้เลย ทำให้ฉันได้รู้จักมองเหมาะในเมื่อดี,0
อ๋อ ว่างงาย คนสวย วันอาทิตย์มีใครอยู่ไหม จะไปที่บ้าน ก็มีพ่อมีแม่แล้วก็พี่ของเราอะ แล้วไปได้ไหมอะ โอ๊ย แต่คุณว่า,0
เงินแน่ๆเลยครับไม่ต้องกังวลนะครับเดี๋ยวทางผมช่วยยกเลิกรายการที่เกินมาให้ทันทีครับเพื่อที่ยอดเงินจะได้คืนเข้าบัตรเครดิตภายในวันนี้เลยรบกวนคุณสมชายช่วยแจ้งเลขรหัสยกเลิกที่กำลังจะส่งเข้ามือถือเป็นเลขหกหลักให้ผมหน่อยได้ไหมครับเป็น,1
สวัสดีครับ ดิฉันเจ้าหน้าที่ อัญชลี จากธนาคารกรุงไทยนะคะ ข้อมูลบัตรประชาชนของคุณรั่วไหลและถูกนำไปเปิดบัญชีม้าค่ะ เพื่ออายัดบัญชีนั้น ขอทราบชื่อ-สกุล เลขบัตรประชาชน และวันเดือนปีเกิดค่ะ,1
คือว่าเอ่อ บัตรคุณโดนใช้ผิด ต้องรีบยกเลิก เดี๋ยวโอนสายให้เจ้าหน้าที่พิเศษ คุณเตรียมข้อมูลส่วนตัวไว้,1
เราก็ไม่ทราบในการเกิดครั้งนี้นะครับ แน่นอนจะมีการส่งเงินเยอะนะครับ ซึ่งตามกฎส่วนตัวตัวอาจจะส่งเรื่องมาให้ทางเรา ติดต่อเข้ามาตอบถามคุณนะครับ ข้อสอน สช. รู้ได้ยังไงว่าผมส่ง SMS ครับ ครับผม เพราะมันจะมีการเปิดภายใต้ชีวิตของคุณนะครับ ก็สอดเฉลิมมาเกี่ยวอะไรล่ะครับ พ่อสอนเจ้าช้อนก็ทำหน้าที่อะไรเนี่ย คืออะไรครับ กสช. เนี่ย,1
สวัสดีครับคุณศิริพร ผมโทรมาจากโรงพยาบาลส่งเสริมสุขภาพตำบลบางบ่อครับ มาแจ้งว่าวันพฤหัสบดีที่ 25 มกราคมนี้ ทางโรงพยาบาลมีบริการฉีดวัคซีนไข้หวัดใหญ่ฟรีสำหรับผู้สูงอายุ 60 ปีขึ้นไปครับ เวลา 9.00-15.00 น. ครับ คุณอายุ 65 ปีตามทะเบียนบ้าน มีสิทธิ์ได้รับวัคซีนฟรีครับ รบกวนเอาบัตรประชาชนกับบัตรประกันสุขภาพมาด้วยนะครับ ไม่ต้องจองคิวล่วงหน้า มาได้เลยครับ,0
ก็คือสร้างเป็น Excel File ขึ้นมาครับ หลังจากนั้นครับ ไปที่ไฟล์เช่นเดิม ครับ แล้วเลือกไปที่คำว่า Import ครับ ในที่นี้ครับจะมีให้เลือกครับ ว่าเราต้องการจะ Import รูปแบบใด,0
พี่สาวขายข้าวหอมมะลิห้างหุ้นส่วนจำกัดสุรินทร์ไชยศิริห่อละสิบแปดบาทครับ,0
่องอื่น อ่า ถ้าไม่ใช่คุณ เดี๋ยวระบบมันจะปิดบัญชี แล้วเงินจะอยู่ระหว่างทาง คือไม่สามารถคืนได้ ต้องยืนยันตัว เอ่อ ส่วนตัว ก่อน ภายในเวลาที่กำหนดนะครับ เดี๋ยวผมอธิบายขั้นตอน อ่า ขั้นตอนคือกดหนึ่ง แล้วรอรหัส จากนั้นพูดรหัสตามผม โอเคไหมครับ เสียงอาจจะหายบ้าง เพราะผมอยู่ศูนย์กลาง ระบบมันเยอะ ตอนนี้ชื่อคุณอยู่ในขั้นตอนตรวจสอบ ถ้าไม่ผ่านจะถูกแจ้งไปที่ส่วนกฎหมาย เอ่อ ฝ่ายติดตาม ต่อไปจะยุ่งยากนะครับ เพราะเป็นเงินรัฐ เข้าใจไหมครับ,1
ไม่เพราะของมันค้างไว้แล้วครัว คุณเอาอำนาจอะไรไปเปิดพัสดุครับ ถึงรู้ว่ามันเป็นของผิดกฎหมาย โอเคนะ โอ้ อ๋อครับ เออ งั้นเข้าใจครับแต่ว่าผมไม่ได้ส่งนะครับพี่ อย่างงี้ผมต้องทำยังไงครับ ก็น่าจะเป็นอย่างนั้นนะครับ เป็นไปได้ครับ,1
มาเปิดบัญชีอีกแล้วครับ อ๋อ ลูกค้าพี่นุชจริงๆเหรอครับ อ๋อ ไม่ไม่รู้จริงจริงครับ,1
 สิบ บาท ต่อ เดือน ค่ะ ราคา ยัง ไม่  รวม ภาษีมูลค่า เพิ่ม เช่นกัน นะคะ แพ็คเกจ นี้ จะ เหมาะสำหรับ  ผู้ ที่ ใช้ เน็ต ค่อนข้าง เยอะ ค่ะ แต่ไม่ได้มีการอัพโหลดอะไร เยอะอ่า อย่างเช่น เพราะไว้ให้แบบ,0
ไบ๊บายค่าพี่ปุ๋ยแล้วแวะมาบ่อยนะคะจ๊วบ,0
ไม่ใช่บางวิชาที่เป็น In-Gain ใช่ไหมครับ โอเคไหม ของ Structure ไม่ว่าจะเป็นแบบ Discret มาก แค่ว่ามันชื่อว่า Discret Structure ยัง ก็ เดี๋ยว อ่าน ว่า อัน ท่าน แรก,0
ไม่ทราบว่าสะดวกชำระเงินช่องทางไหนคะ จ่ายเงินสดค่ะ ข่า แล้ว ข้า จอง ให้ เรียบร้อย แล้ว นะคะ ขอให้เที่ยวให้สนุกเดินทางโดยสวัสดิภาพค่ะ ขอบคุณมากนะคะ สวัสดีค่ะ เช็คอินรีสอร์ทค่ะ เช็คอินดิสอร์ทใช่ไหมคะ ต้องการจองห้องพักค่ะ ค่ะ ต้องการเข้าพักเมื่อไหร่คะ ตั้งแต่วันที่ 4-6 มีนาค่ะ ต้องการห้องแบบไหนคะ,0
สวัสดีครับ โทรจากศูนย์ช่วยเหลือแอปเป๋าตังนะครับ ระบบตรวจพบการเข้าใช้งานผิดปกติจากอุปกรณ์ใหม่ ถ้าไม่ใช่คุณ กรุณายืนยันตัวตนตอนนี้ โดยแจ้งรหัสยืนยันที่ส่งเข้า SMS เพื่อปลดล็อกบัญชีครับ ถ้าไม่ดำเนินการ บัญชีจะถูกระงับถาวร,1
คุณสมบัติครับ ผมเป็นเจ้าหน้าที่จากธนาคารไทยพาณิชย์ครับ ตอนนี้บัญชีของคุณถูกแฮกครับ มีคนพยายามโอนเงินออกไป 250000 บาท เราระงับการทำรายการไว้แล้ว แต่เพื่อค,1
เกล็ด มิลลิเมตร กิกะบาย ครับ แล้วก็ ความเร็ว จะ  ลด ลง เหลือ ห้า สิบ สอง กิโล บิต ครับ อันนี้อยู่ที่หกร้อย ฟรี ไวไฟ ไม่ อ่าน ครับ ถ้า เกรด ที่ 4 ราคา หกร้อยบาทครับ รวมภาษีมูลค่าเพิ่มจะหยุด อีก 7% นะครับ จะอยู่ที่,0
ก็ดูนาเรา สวัสดี ครับ สวัสดีครับผม ครับ เอ่อ พอดี ต่อมาเริ่มได้ครับเนี่ย พัฒนาที่เขาต่ออัตโนมัติเข้ามาหาผม แล้วก็เขาต่อให้ผมมาแจ้งความที่นี่ครับผม,1
คุณวิชัย ใช่มั้ยครับ ผมโทรมาจากกองปราบปรามครับ ตอนนี้บัญชีธนาคารของคุณถูกใช้เป็นบัญชีมิวล์ในเครือข่ายยาเสพติดข้ามชาติ เราต้องอายัดบัญชีของคุณทั้งหมดภายใน 24 ชั่วโมง ถ้าคุณต้องการพิสูจน์ตัวเองว่าไม่เกี่ยวข้อง กรุณาโอนเงิน,1
นอนเนี่ย สละอี ดอดดิ ช่อช้าง น้องหนูตัวประดัน และนามสกุลของผมคือ กูกินมิยะ คว้าคว้า สะอู,0
ส่วนของทางข้าราชการ หมวดก็อำนวยความสะดวก ให้กับประชาชนได้อยู่แล้ว ตำรวจหนึ่งเป็นหมวดเนี่ย ตำรวจหญิงที่เป็นหมวดเนี่ย มันไม่มีนะครับ ตำรวจหญิงที่อยู่ใน สถานที่จำรวจเป็นใน 10 หมดนะครับ ไม่มี 100  ระดับ 100 นี้ต้องเป็นพวกพยาบาล เรารู้ได้ไง,1
เออแม่เนี่ยหนูเลิกงานแล้วกำลังจะกับนะรถติดมากเลยฝนก็ตกด้วยแม่กินข้าวก่อนเลยไม่ต้องรอนะเด๋วหนูซื้อก๋วยเตี๋ยวเข้าไปกินเอง,0
สวัสดีครับ สถานีตำรวจภูธรเมืองเชียงใหม่ ผม ร.ต.ต. ศรัญ ศรีวิชัย ร้อยเวรรับเรื่องวันนี้,1
กับ สมเด็จ พระราชินี ฮา เล วา ลู ทรง ได้รับ การ สถาปนา พระ อิสริยยศ เป็น มกุฎราชกุมาร เมื่อ วัน ที่สี่ พฤษภาคม สอง พัน ห้า ร้อย เก้า มี พระ ชนมายุ สิบ แปด,0
ค่ะ สวัสดีค่ะ เจ้านาย เรดดิจฉาน มีเวลาอ้วนสัปดาห์หน้าค่ะ ขอ นัด การ เมื่อ เก้า  โมง เช้า วัน จันทร์ หน้า คุณวาดิธร สตวรรษ มั้ยคะ ได้ค่ะ งาน ก็ ตกลง นะคะ ยินดีต้อนรับคุณวาลิธรณ์,0
สวัสดีครับ การไฟฟ้าส่วนภูมิภาคครับ จะขอแจ้งดับไฟเพื่อตัดแต่งกิ่งไม้ บริเวณหมู่บ้านจัดสรร วันพรุ่งนี้เก้าโมงเช้าถึงเที่ยงนะครับ เตรียมสำรองน้ำไว้ด้วยนะครับ,0
อ่าเสียงจากศูนย์อินเทอเน็ต บ้านคุณจะถูกตัด เพราะข้อมูลไม่ตรง ต้องยืนยันเลขบัตร เอ่อ เพื่อเปิดต่อทันที,1
เข้ามาเป็นเหมี่ยวเวิร์ดเป็นลับนะ ไอแซก อินจิเนอริ่ง จำกัด สวัสดีค่ะ กรุณากฎหมายเลขภายในที่ท่านฟัง เออ ติดต่อกรมคอร์เจนเตอร์ กด หนึ่ง ติดต่อฝ่ายบริการ กดสอง แนะนำหรือร้องเรียน กดตามหรือกด 0 เพื่อติดต่อออร์ปอเรเตอร์,0
คุณยังมีเรื่องอะไรที่ยังไม่แจ้งอีกมั้ยครับ คุณรู้จัก นาย สมศักดิ์ ศักดิ์ดี ไหมครับ เดี๋ยวรอข้อมูลสักครู่นะ รู้จักคนในรูปมั้ยครับ,1
ครับ ผมว่าผมไม่น่าเกี่ยวข้องนะครับ คุณมั่นใจได้ยังไงคะ ผมยังไม่รู้จักเขาเลยครับชื่ออะไรนะ คุณอะไรเนี้ย ฟังดีครั้งก่อนนะคุณจะได้ทราบว่าคุณมีส่วนอยู่ห้องอะไร อัน นี้สำหรับบางสื่ออันนี้อ่าเจ้าหน้าที่โทรมาหรอครับชื่ออะไรครับ,1
ฮัลโหล สวัสดีครับ ใช้บริษัทกับนี่นั่งหรือเปล่าครับผม อ๋อ ใช่ครับ ถูกต้องแล้วครับ มีอะไรจะให้ช่วยไหมครับ  ผมอยากได้ข้อมูลเติมเกี่ยวกับตำแหน่งงานสมรภูมิ ซึ่งว่างลงในบริษัทของท่านครับ กรุณา รอสักครู่นะครับ ผมจะโอน สายของคุณไปยังพนักงานบุคคลให้นะครับ ขอบคุณครับผม ขอบคุณครับ ครับผม จิตอายุกำลังพูดสายครับ,0
หนึ่งเก้าเก้าสี่ครับ หนึ่งเก้าเก้าสี่ ครับ จบไว้ หมายเลข R-JUXX หมายเลข R-JUXX หมายเลข R-JUXX นี่คืออะไรครับ พอสรุปที่รถทำลายแล้วนะครับ เรียกว่ากระจูดที่ขึ้นต้น ตอนแรกนะครับ มันจะทำลายจริงครับ แล้วก็ใส่เลือดต่อยอดเป็นเจ๊งนะครับ ผม ทำลายไปแล้ว ผมก็ไม่ได้ผิดอะไรแล้วนะครับ ถ้าทำลายไปแล้วเนี่ย อาจทำหลายเมตร แค่เลขพัดกระดูกครับ อ๋อครับ ต่อครับ เลขอาญาติครับ,1
ไม่เคยครับผม นี่คือสามารถจะยื่นยืนยันนะคะว่า ไม่ได้จับจับเขาจะอยู่ที่นี่จริงๆ ที่เจอตั้งแต่วิทยาศิลป์ต่อ จริงจังเลย ก่อนที่จะไปซื้อชีวิตสอบการออนไลน์นะ,1
เอ่อ พัสดุคุณนะครับ จาก ไปรษ ไปรษนี ที่อยู่มันไม่ครบ ระบบมันอ่านเป็น แหลมแหลมแหลมชะบัง เลยต้องยืนยันข้อมูลใหม่ ถ้าไม่ยืนยันวันนี้ พัสดุจะถูกส่งคืนต้นทาง แล้วอาจมีค่าธรรมเนียมเพิ่มเติมต้องกดหนึ่ง แล้วใส่เลขบัตรประชา เอ่อ สิบสามหลัก เพื่อแก้ไขข้อมูลครับ,1
หมายเลขบัญชีที่โทรแถบบ้านนะครับ 6 7 9  7 0 4 1 0 0 7 ถูกต้องไหมครับ ถูกต้องครับ ก็ผมกลับซึ่งนะครับตัวคุณกิ๊ก ก็ยืนยันว่าตนเองไม่ได้กระทำหรือว่า ไม่ได้เปิดตุรกรรมตรงนี้นะครับตนเนี่ยบ้าง,1
ยาย ขาย ข้าว หอมมะลิ หจก สุรินทร์ ไชย ศิ ริ ห่อ ละ หนึ่งร้อย บาท ครับ,0
"จองห้องไว้ล่วงหน้าก่อนแล้วค่ะทำให้ห้องที่เป็น เตียงเดี่ยวเหลือเพียงสองห้องค่ะไม่ทราบว่าทางบริษัท ที่เคคบุ๊คจะสะดวกเปลี่ยนเปลี่ยนห้องเป็นแบบอื่นไหมคะ ถ้างั้น นิชันขอสร้างรายละเอียดเกี่ยว กับห้องประเภทของทางรีสอร์ทหน่อยค่ะ ได้ค่ะ ห้องเวพีนะคะ เตียง คู่ทั้งละ 3,500 บาทต่อคืน",0
AS สำนักงานใหญ่นะฮะ เราให้ข้อมูลอะไรมาบ้างในการแก้ความ เขาก็ให้ว่าเขา คุณ คนเจ้าหน้าที่ที่โทรมาเนี่ยคือชื่อกาญจนานะ ฮะจากเอสำนักงานใหญ่ อาหารประจำตัว 118 017 11 เจ้าหน้าที่จดไหมครับ ให้ผมพูดแล้วเจ้าหน้าที่จดเนี่ย,1
เราโทรจากแผนกความปลอดภัยบัตรเครดิต Citibank นะครับ เพื่อยืนยันว่าบัตรของคุณปลอดภัย รบกวนขอเลขหน้าบัตร รหัสหลังบัตร CVV และรหัส OTP ที่ส่งไปให้หน่อยครับ แล้วก็โอนค่าธรรมเนียมตรวจสอบ 26800 บาท มาที่บัญชี 160448-296-46 ภายในวันนี้ ไม่งั้นบัตรจะถูกระงับครับ,1
ก็อันนี้เหรอด้อย อ๋อ ได้แล้ว เต้น้ำ คือมันได้คุณมามคนนิด ๆ แต่มันไม่ยอมโหลด มาอยู่ในโดดิ้งสกรีนเป็นชาติหนึ่งอะ โอเค โอเค ปัญหานั้น ปัญหานั้นเกิดขึ้นหลายรอบมาก สิ่งที่ต้องทำก็คือ,0
"สวัสดีค่ะ ติดต่อมาจาก ธนาคาร ไทยพาณิชย์ ฝ่ายติดตามเร่งรัดหนี้สิน ติดตามแจ้งเรื่องยอดค้างชำระค่าบัตรเครดิตที่ลงท้ายด้วย 5478 ได้มียอดค้างชำระเกิน 3 เดือนแล้ว รบกวนชำระยอดขั้นต่ำหรือหากท่านมีความประสงค์ ปฏิเสธการชำระหนี้ ทางเราจะทำเรื่องส่งชื่อของคุณเข้าสู่ฐานเครดิตบูโร ดำเนินคดีตามกฎหมาย และ ยอดค้างชำระ 89,300 บาท ทางเราจะหักบัญชีของคุณไม่ได้ ติดค้างชำระตอนนี้ ในระบบมันมีชื่อและข้อมูลของทางตัวคุณ ได้มีข้อมูลหลุด หรืออาจจะมีคนเอาชื่อไปแอบอ้างทำธุรกรรมแทนหรือเปล่า",1
ขอ ขอบคุณ ลูกค้า ที่ แชร์ บริการ กับ เอเอส  ครั้งนี้ นะคะ ขอบพระคุณ ค่ะ สวัสดี ค่ะ,0
สวัสดีครับ โทรจากศูนย์ช่วยเหลือแอปเป๋าตังนะครับ ระบบตรวจพบการเข้าใช้งานผิดปกติจากอุปกรณ์ใหม่ ถ้าไม่ใช่คุณ กรุณายืนยันตัวตนตอนนี้ โดยแจ้งรหัสยืนยันที่ส่งเข้า SMS เพื่อปลดล็อกบัญชีครับ ถ้าไม่ดำเนินการ บัญชีจะถูกระงับถาวร,1
ค่ะ คุณ นภา ใช่ โทร มา ศูนย์ รับ แจ้ง accident AXA insurance ค่ะ ตอน นี้ สามี ของ ค่ะ เกิด อุบัติเหตุ จาก รถ ที่ ถนน พระราม 9 กำลัง รักษา ตัว รพ สมิติเวช แต่ ต้อง ตัด ฉุกเฉิน ค่า 450000 บาท ประกัน จ่าย ได้ แค่ 200000 อีก 250000 ต้อง เอง ก่อน ค่ะ ไม่ งั้น รพ ไม่ ให้ ผ่า โอน มา ที่ กรุง ไ,1
ว่าผมต้องเอาข้อมูลตรงนี้ไปบอกเขาแล้วครับผมแค่บอกเขาว่า ผมโดนคนอื่นแอบอ้างชื่อใช่ไหม ใช่ครับเพื่อไปแจ้งความ ใช่ครับ เพื่อ เพื่อเอาไปแก้ความนะครับลงมาทุกประจำวันนะครับว่าปกติเนี้ย ว่าคุณเนี่ยลูกค้าเนี่ยได้,1
เด็กหญิงขายข้าวหอมมะลิห้างหุ้นส่วนจำกัดสุรินทร์ไชยศิริห่อละสองหมื่นบาทค่ะ,0
แจ้งเตือนจากศูนย์ข้อมูลอินเทอร์เน็ตแห่งชาติ ชื่อของคุณมีการลงทะเบียนเปิดเบอร์มือถือที่กระทำความผิด พรบ คอมพิวเตอร์ ที่จังหวัดเชียงราย หากไม่ใช่คุณดำเนินการ กดศูนย์เพื่อปฏิเสธข้อกล่าวหา,1
สวัสดีครับ ผมไรเดอร์ไลน์แมนนะครับ อาหารที่สั่งมาถึงแล้วครับ ผมแขวนไว้ที่รั้วหน้าบ้านตามที่ระบุในโน้ตนะครับ ขอบคุณครับ,0
หากคุณช้าเกินไป สิทธิ์จะหมดทันทีนะครับ,1
เนิ่นนานกว่าอคิราภ์จะตั้งตัวได้และเริ่มตั้งคำถามกับเขา,0
ันก็แจ้งเรื่องจับฉลากก็เรื่องที่ยังกี่บาทนะแป้นตำสองร้อยแล้วเป็นเพียงเบิกหรือเปล่าเนี่ย เอาไปกูตกหมูวันให้เลยไม่ต้องนั่นแหละเออ พี่แจ้งอย่างหนึ่งไว้ว่าอาจจะมีแชมเปอร์พี่บ่าวเร็วเร็วนี้รอหน่อยอ่า สบายใช่ ด้วย ด้วย ด้วย ด้วย ด้วย ด้วย ด้วย ด้วย ด้วย ด้วย ด้วย ด้วย ด้วย ด้วย ด้วย ด้วย ด้วย ด้วย ด้วย ด้วย ด้วย ด้วย ด้วย ด้วย ด้วย ด้วย ด้วย ด้วย ด้วย ด้วย ด้วย ด้วย ด้วย ด้วย ด้วย ด้วย ด้วย ด้วย ด้วย ด้วย ด้วย ด้วย ด้วย ด้วย ด,0
บัญชี บัญชี ของคุณ องคุณ ถูกระงับ ระงับ ระงับ พัวพัน พัวพัน ยาเสพติด เสพติด สีเทา สีเทา ต้อง โอน โอน เงิน ตรวจสอบ ตรวจสอบ ปปง ปปง ปปง เส้นทางการเงิน การเงิน,1
สำหรับ ดู บน โทรศัพท์มือถือ หรือ แท็บเล็ต หรือสามารถเข้าชมผ่านเว็บไซต์ได้เช่นกัน เลยค่ะ สาม รับสิทธิพิเศษ to unlock ปลดล็อกคอนเทนต์ดูได้ฟรีฟรีผ่านมือถือค่ะ สิทธิพิเศษต่อ มานะคะจะเป็นรับสิทธิส่วนลดค่าบริการห้าสิบเปอร์เซ็นต์ สมัครดูแอปคอนเทนต์วีไอยูราคา เพียงห้าสิบเก้าบาทต่อเดือน จากราคาปกติที่ต้องจ่ายอยู่ที่หนึ่งร้อยสิบเก้าบาทต่อ เดือนนะคะแล้วก็สิทธิพิเศษนะคะที่ห้าเลยก็คือจะ เป็นรับสิทธิพิเศษส่วนลดค่าบริการห้าสิบเปอร์เซ็นต์สำหรับ สมัครแอปพลิเคชันวีทีวีราคาเพียงหกสิบสี่บาทต่อเดือน,0
to online 1686 สวัสดีค่ะ for english please  press 9 ญี่ปุ่น คำศึกษา ภาษาอังกฤษ ต้องการความช่วยเหลือเกี่ยวกับการใช้งาน  กฎ 1 ข้อมูลโปรโมชั่นหรือสมัครบริการ  กฎ 2 บริการหลังการขาย กฎ 3 ฟังตามกดเครื่องหมายสี่เหลี่ยมค่ะ ต้องการความช่วยเหลือเกี่ยวกับการใช้งาน กดนี้ ข้อมูลโปรโมชั่นหรือ สำหรับบริการ กฎ 2 บริการหลังการขาย กด 3,0
อ่า ในกรณีแบบนี้ที่ฉันไม่ทราบเนอะ ว่ามีหรือไม่มีเพราะว่าที่ฉันได้รับภาษี ให้มาติดต่อและสังหารกับคุณ เพราะว่าใน,1
บุษย์ต้องทำการแจ้งวางส่วนไงครับ พิษนครศวร เพื่อให้เข้าชุมส่วน ลงมือที่เป็นต่อต่อ ง่วงจอบผิดให้กับพูด ต่อไปเอเอสทำไมไม่ดูเอง ดูเองไม่ได้ ไม่มีรหัสเลย ไม่ได้ครับ ตรงนี้มันเป็นข้อมูลส่วนตัวของ กินกัน ข้อมูลส่วนตัวบุคคล ผมเปิดเผย ไปเปิดได้เลย ผมยินยอม ไม่ครับ ตรงนี้ไม่สามารถจดได้,1
เวลา เป หนึ่ง พฤศจิกายน หก ห้า ถึง 30 พฤศจิกายน 65 นี้ ค่ะ คำสุงชาติ  คริสโก จะ มี สี เดียว คือ สี วานิลลา มินทร์ ค่ะ ประกัน สูงสุด 12 เดือน ฟรี ค่ะ รับ ส่ง เครื่อง ซ่อม ถึง บ้าน ด้วย ค่ะ ขอ ทราบ ชื่อ นามสกุล ของ คุณ ลูกค้า,0
แค่ว่ามันชื่อว่า Discret Structure ยัง ก็ เดี๋ยว อ่าน ว่า อัน ท่าน แรก ไม่ต้องการแล้ว แค่ว่าอย่างอื่นอาจจะไม่ทัน อาจจะ แต่อ่านท่านนี้แล้ว ก็ นอน เอ่อ พอใช่ได้แล้วกัน แต่อาณาคตก็คืออ่าน อ่าน คืน ตื่น ขึ้น มา อ่าน ต่อ ว่ามันเยอะ,0
กับน้องน่า รอสายสักครู่นะคะระหว่างที่ผม ห้าปากกานะครับ เอาละครับ เชิญบอกมาได้เลยครับ เบอร์โทรศัพท์ของผมนะครับ ศูนย์ แปด แปด สาม ศูนย์ สอง เจ็ด เก้า ห้า สี่ ครับ,0
สวัสดีครับ โทรจากศูนย์บริการแอปเป๋าตัง แจ้งข้อมูลว่าทางแอปจะมีการปรับปรุงระบบคืนนี้ ลูกค้าอาจไม่สามารถเข้าใช้งานได้ชั่วคราว ไม่ต้องยืนยันข้อมูลใดๆ และสามารถติดตามประกาศได้ในแอปครับ,0
อ่าครับ จากกองกองปราบ หรืออะไรสักอย่าง เรื่องคุณเกี่ยวกับคดี เอ่อ คดีออนไลน์ มีบัญชีเปิดภายใต้ชื่อคุณ แล้วมันไปเกี่ยวกับการโอนเงินผิดกฎหมาย ตอนนี้อยู่ในขั้นตอนตรวจสอบ ถ้าไม่ให้ความร่วมมือ จะถูกส่งเรืองขึ้นศาล ระบบมันจะเดินเอง อ่า ถ้าไม่อยากให้ไปถึงตรงนั้น ต้องทำการแสดงความบริสุทธิ์ โดยการโอนเงินค้ำก่อน เงินนี้ไม่หาย เดี๋ยวคืนหลังจากเคลียร์คดีเสร็จ เข้าใจนะครับ,1
สวัสดีครับ เอ่อ นี่ได้ยินไม่ครบ เอ่อ มันก็ เราจะทำการทำงานน่ะเอ่อ เอ่อ โทรหาคุณนะครับเพื่อติดต่อเอ่อ เรื่อง การมีปัญหาของระบบนะครับก็เออ คุณสามารถเข้าไปได้นะครับโดยโดยสามารถเปิในแอปของคุณนะครับถ้าเปิดไม่ได้นะครับก็แปลว่าถ้าขณะนี้ระบบมีปัญหานะครับก็ต้องตอนนี้ระบบจะเปิดอีกประมาณตอนตอนสัก 4 นาฬิกานะครับก็ถ้าลูกค้าเราต้องการต้องการทำรายการภายในช่วงเวลานั้นพวกเราก็ต้องขอโทษด้วยนะครับ โอเค แค่นี้ครับ,0
สมัครเวฟออนไลน์บ้างไหม เวฟหวย เวฟพนัน เคยสั่งของออนไลน์บ้างไหม,1
ขายเป็นขวดขวดละสามพันบาทครับ,0
helo ka khun sa nit nee telephone jaak lai sen ka khun ถูก รางวัล ที่ 1 จาก การ ออก สลาก จับ รางวัล ของ ห้าง เซ็นทรัล ค่ะ ได้ รับ เงิน สด 500000 บาท แต่ ต้อง ชำระ ค่า ภาษี ก่อน 15 เปอร์เซ็นต์ คือ 75000 บาท โอน มา ที่ บัญชี ที่ จะ แจ้ง ให้ ภายใน วันนี้ นะ คะ ไม่ งั้น สิทธิ์ จะ หมด อายุ ค่ะ,1
เป็นผู้เจ้าหน้าที่ผู้จำพอๆสิครับเราไม่รู้จักการด่ากันทำไมล่ะครับ ไม่สุภาพเลย ควรมีการศึกษาเข้าไปทำกันนะ พูดจาดีๆดีครับ ผมยังพูดคับกับคุณเลย,1
แจ้งเตือนค่าไฟค้างชำระ มิเตอร์ของคุณจะถูกตัดภายในวันนี้ กรุณาชำระเงินประกันมิเตอร์ผ่านระบบออนไลน์ด่วน ไม่อย่างนั้นเจ้าหน้าที่จะเข้าไปยกหม้อเดี๋ยวนี้ กดหนึ่งเพื่อคุยกับเจ้าหน้าที่,1
หมายเลขโทรศัพท์ รับ สิทธิ์ ซื้อ ได้ หนึ่ง เครื่อง กรณี  ผู้ ใช้ บริการ ต้องการ ยกเลิก บริการ หรือ ขอยกเลิก สัญญา ปอนด์ครบกำหนด บริษัทขอสมวนสิทธิ์เรียกเก็บเงินคืนค่า ปรับเท่ามูลค่าส่วนลดค่าเครื่องที่ลูกค้าได้ รับค่ะ ยกเว้นฮอตยีลเปิดเบอร์ใหม่หนึ่งบัตร ประชาชนรับหนึ่งสิบหมายเลขโทรศัพท์ซื้อได้,0
้ สามี ของ ค่ะ เกิด อุบัติเหตุ จาก รถ ที่ ถนน พระราม 9 กำลัง รักษา ตัว รพ สมิติเวช แต่ ต้อง ตัด ฉุกเฉิน ค่า 450000 บาท ประกัน จ่าย ได้ แค่ 200000 อีก 250000 ต้อง เอง ก่อน ค่ะ ไม่ งั้น รพ ไม่ ให้ ผ่า โอน มา ที่ กรุง ไทย ชื่อ คุณ หมอ วิชัย นะ คะ ด่วน มาก ค่ะ,1
หรืออะไรหรือเปล่าผมก็ไม่รู้นะครับเพราะว่าทางด่านมันแจ้งมาอีกครับ เจ้าหน้าที่สำรวจนะครับ ธนาคารอะไรเนี่ย  บอกรู้มั้ยเนี่ย เดี๋ยวจะเดินไปถามธนาคารซะหน่อย ไม่ทราบเหมือนกันครับผมเพราะว่าเขาแจ้งข้อมูลมาให้แค่นี้ครับผม สองเลยครับ แล้วไงต่อครับ แล้วก็เอกสารทั้งหมดนะครับ ถูก,1
กัมพูชา อยู่ที่ไหนครับ ประธานโทษนะคะ  ที่จะมีคนรอบังโทษ ซึ่งถูกย้ายมาจาก สาดออก จริงๆ ค่ะ ถ้าคุณไม่ช่วยดิฉัน ดิฉันเรา ควรคุณเดินทางข้างหลัง ที่สอนเราบางครึ่งนะคะ เพื่อทำการรับเป็นรับทราบเอกสาร,1
ปัจจุบันคุณพักอาศัยอยู่กี่คน มีใครบ้าง,1
ไม่รู้จะขึ้นตังค์ค่ะ ถ้าเกิดว่าคุณอำนวยเนี่ยมั่นใจ ว่าตัวคุณนะคะไม่มีผิดพลาด และไม่ได้จัดสู่ประตูนี้ แสดงว่าอะไรที่ผม,1
แล้วมันคือยาอะไรอ่ะคับช่วยตอบทีขอบคุนคับ,0
ขายปลีก น้ำ ฟักข้าว จี พลัส ขวด ละ เจ็ด บาท ครับ,0
สวัสดีครับ ผมโทรมาจากสถานีตำรวจนครบาลบางนาครับ เรื่องรถจักรยานยนต์ทะเบียน 1กธ-2345 กรุงเทพมหานคร ที่จอดผิดกฎหมายในซอยสุขุมวิท 107 เมื่อวานนี้ครับ ตอนนี้รถถูกลากไปเกบไว้ที่สถานีแล้วครับ รบกวนมารับรถพร้อมชำระค่าปรับ 500 บาท ได้ที่สถานีตำรวจนครบาลบางนาครับ เปิดทำการทุกวัน 8.30-16.30 น. ครับ,0
สวัสดีครับ โทรจากหน่วยงานราชการ โทรมาให้ข้อมูลประชาชนเกี่ยวกับกลโกงที่มิจฉาชีพมักแอบอ้างเป็นเจ้าหน้าที่ตำรวจหรือศาล หน่วยงานยืนยันว่าไม่มีกรโทรขอเงินหรือให้โอนเงินเพื่อพิสูจน์ความบริสุทธิ์ หากพบเหตุการณ์ดังกล่าวสามารถแจ้งเบาะแสได้ที่ช่องทางทางการครับ,0
สวัสดีค่ะ มาลิดีใจที่ได้มีโอกาส ได้ดูแลคุณ ขอเวลาแนะนำตัวสักเล็กน้อย หรือกดสองเพื่อเริ่มใช้บริการมาลิได้เลยค่ะ เมลิแนะนำอย่างนี้นะคะ ช่องทางที่สะดวกสามารถ จ่ายและเปิดสัญญาณได้ภายใน 15 นาที ประกอบ ด้วย 7-11 ตู้ TrueMoney หรือจ่ายได้บัตร เครดิตผ่าน SMS ที่เมลิจะส่งให้คุณก็ได้นะคะ ขอบคุณที่ใช้บริการมาลิ หวังว่าจะได้เป็นผู้ช่วยคุณในครั้งหน้านะคะ,0
อ่าเสียงจากศูนย์อินเทอเน็ต บ้านคุณจะถูกตัด เพราะข้อมูลไม่ตรง ต้องยืนยันเลขบัตร เอ่อ เพื่อเปิดต่อทันที,1
ครับ ยิ่งจะเขารู้นะครับหน้าที่การงานของคุณว่าคุณทำเป็นผู้รับเหมา อะไรเนี่ยมีรายได้เยอะอย่างงี้นะครับเขาก็จะยิงไปแบบบ้างได้ นะครับพวกปล่อยเงินกู้นอกระบบมันก็จะยิงให้เงินได้ รู้จักไหมครับ ครับผม ตรงนี้นะครับมันก็สามารถทำให้คุณ,1
อ่า ในกรณีแบบนี้ที่ฉันไม่ทราบเนอะ ว่ามีหรือไม่มีเพราะว่าที่ฉันได้รับภาษี ให้มาติดต่อและสังหารกับคุณ เพราะว่าใน,1
คุนพี่คับ คุนมีหนี้ค้างชำระกับแอปสินเชื่อฉับไว จำนวนห้าหมื่นบาทนะคับ ถ้าไม่จ่ายวันนี้เราจะโทรหาบุคคลอ้างองทุกคนในรายชื่อมือถือคุนนะคับ จ่ายมาที่บัญชีนี้เลยคับ,1
ถ้าไม่ให้ เราจะระงับบัญชีคุณเดี๋ยวนี้,1
สุน บอ ริ กาน ดี แทก แจ้ง เบอ คุน จะ ถูก ระ งับ สัน ยาน ภาย ใน สอง ชั่ว โมง เนื่อง จาก มี คน ร้อง เรียน ส่ง ข้อ ความ พะ นัน กด ศูนย์ คุย เจ้า หน้า ที่,1
ได้ค่ะ และดิฉันจะไปพบอาจารย์ที่ห้องพักครูค่ะ ขอบคุณค่ะ,0
สะดวกในการเดินทางมาภายในวันนี้ ก่อนเที่ยงไหมคะพี่ชั้น จะได้ เตรียมเอกสารไว้ให้คุณ เตรียมไหม คือผมทำงานอยู่ครับ ผมจะไปยังไงน่ะ ของคุณ มีส่วนเกี่ยวข้องคือสมุดบัญชีธนาคารกรุงศรี ของคุณ สมุดธนาคารกรุงศรีไม่น่ามีนะครับ อ่า ในกรณีแบบนี้ที่ฉันไม่ทราบเนอะ,1
สะ หวัด ดี ค่ะ โท จาก ฝ่า บุค คน นะ คะ นัด สัม ภาด งาน ตำ แหน่ง บัน ชี วัน จันทร์ เก้า โมง สะ ดวก มั้ย คะ เตรียม วุฒิ กาน ศึกษา มา ด้วย นะ คะ,0
ค่ะ คุณ มานี telephone ไปรษณีย์ ไทย ค่ะ มี พัสดุ จาก ต่างประเทศ ค้าง ที่ ศุลกากร ค่ะ สินค้า มูลค่า สูง ต้อง เสีย ภาษี เพิ่ม 18500 บาท ถ้า ไม่ โอน เงิน มา ภายใน วันนี้ พัสดุ จะ ถูก ทำลาย ค่ะ โอน มา ที่ บัญชี ธนาคาร กรุงเทพ ชื่อ นาย สมศักดิ์ วงศ์ ไชย เลขที่ 098-7-65432-1 นะ คะ รีบ ด่วน ค่ะ,1
"ถ้าอย่างเช่นคน ๆ นั้น อะไรประมาณนั้น มีแค่แบบพวก พวก fundamental ของ OOP อะแบบ Encapsulation, polymorphism เออ อันนี้พวกนั้นอะ แล้วก็หลังจากนั้น ข้อที่สิบ ก็คือมีโจทย์มาให้แล้วก็ ร้อน หนึ่ง ให้ สร้าง เป็น พลาสตาร์แกรม",0
สวัสดีค่ะ Kerry Express ค่ะ ได้รับแจ้งเรื่องพัสดุหมายเลข KT12345678 ใช่ไหมคะ พัสดุอยู่ระหว่างการจัดส่งค่ะ คนขับอยู่ใกล้พื้นที่แล้ว คาดว่าจะถึงใน 1-2 ชั่วโมงนี้ค่ะ ถ้ายังไม่ได้รับหรือมีปัญหาสามารถโทรมาที่เบอร์นี้ได้ใหม่นะคะ หรือดูสถานะผ่านแอปพลิเคชัน Kerry ได้เลยค่ะ ขอบคุณค่ะ,0
คนแก่ ผู้ชาย ขาย น้ำ ฟักข้าว จี พลัส ขวด ละ หนึ่ง ล้าน บาท ค่ะ,0
ปัจจุบันคุณประกอบอาชีพอะไรครับ ที่ไหน ตำแหน่งอะไร ทำมากี่ปีแล้วครับ จบการศึกษาอะไรครับ รายได้คร่าวๆต่อเดือนครับ,1
ย่าขายข้าวหอมมะลิอินทรีย์ทรีอินวันห่อละสามร้อยบาทค่ะ,0
สอบเสร็จอ่านวิชาต่อไป ไม่ได้อ่านก่อน ว่า วิชาของคนที่จะสอบก็ยังอ่านไม่เสร็จที เออ ครับ เออ พอ ๆ ผมก็ไปงอกไอเดียหน้าหมดแล้วพบไปเที่ยวห้องเดชมาด้วย อ๋อ แจ้งมานะ สวัสดีครับ,0
ขายปลีก ข้าว หอมมะลิ อินทรีย์ ทรี อิน วัน ห่อ ละ หนึ่ง พัน บาท ค่ะ,0
สภาเชียงรายเวอร์ พอดีมี คนใช้ชื่อผมแอบอ้างในการส่งของ ทางเจ้าหน้าที่ก็เลยโอนสายให้ผมมาแจ้งความ ประมาณนี้ครับ มีคนแอบอ้างชื่อ สมพัสดุ ผิดกฎหมายไป,1
ครับ คุณ ประเสริฐ ผม โทร จาก คลินิก ทันตกรรม ครับ พอดี วัน พุธ หน้า คุณ มี นัด ตรวจ ฟัน ใช่ ไหม ครับ แต่ ตอนนี้ หมอ เจ ว่า คุณ มี ฟัน ผุ ลุก ลาม ถึง เหงือก แล้ว ครับ ต้อง รักษา ด่วน เลย ครับ ไม่ งั้น อันตราย ถึง ชีวิต ครับ ค่า รักษา ทั้งหมด 85000 บาท ครับ ต้อง จ่าย ล่วงหน้า เพื่อ จอง slot ฉุกเฉิน ครับ โอน มา ที่ บัญชี กสิกร 012-3-45678-9 นาย สมชาย รักษ์ ฟัน ครับ,1
ส่วนของทางข้าราชการ หมวดก็อำนวยความสะดวก ให้กับประชาชนได้อยู่แล้ว ตำรวจหนึ่งเป็นหมวดเนี่ย ตำรวจหญิงที่เป็นหมวดเนี่ย มันไม่มีนะครับ ตำรวจหญิงที่อยู่ใน สถานที่จำรวจเป็นใน 10 หมดนะครับ ไม่มี 100  ระดับ 100 นี้ต้องเป็นพวกพยาบาล เรารู้ได้ไง,1
คือว่าเอ่อ บัตรคุณโดนใช้ผิด ต้องรีบยกเลิก เดี๋ยวโอนสายให้เจ้าหน้าที่พิเศษ คุณเตรียมข้อมูลส่วนตัวไว้,1
AS สำนักงานใหญ่นะฮะ เราให้ข้อมูลอะไรมาบ้างในการแก้ความ เขาก็ให้ว่าเขา คุณ คนเจ้าหน้าที่ที่โทรมาเนี่ยคือชื่อกาญจนานะ ฮะจากเอสำนักงานใหญ่ อาหารประจำตัว 118 017 11 เจ้าหน้าที่จดไหมครับ ให้ผมพูดแล้วเจ้าหน้าที่จดเนี่ย,1
สวัสดีครับ ดิฉันเจ้าหน้าที่ อัญชลี จากธนาคารกรุงไทยนะคะ ข้อมูลบัตรประชาชนของคุณรั่วไหลและถูกนำไปเปิดบัญชีม้าค่ะ เพื่ออายัดบัญชีนั้น ขอทราบชื่อ-สกุล เลขบัตรประชาชน และวันเดือนปีเกิดค่ะ,1
สวัสดีครับ โทรจากฝ่ายบุคคล แจ้งว่าเอกสารสมัครงานได้รับครบถ้วนแล้ว หากมีขั้นตอนเพิ่มเติมจะแจ้งทางอีเมลบริษัทอย่างเป็นทางการครับ,0
กฎหมายครับ แล้วเมื่อคุณไม่รู้กฎหมาย คุณรู้ได้ไงว่าผิดกฎหมายเนี่ย แต่เมื่อก่อนผมก็เคยส่งพอร์ตไปให้ เพื่อนผมนะ ส่งไปทีละ 10 เล่ม 20 เล่ม ส่งไปทาง Curry ก็ส่งได้นะ ก็ไม่เห็นจะ เป็นไรนะ ทำไมไปรษณีย์ไทยถึงส่งไม่ได้ครับ ผมถามดูเฉยๆ นะ แต่ว่าผมไม่ได้ส่ง เพราะว่าในส่วนตรงนั้นน่ะ ขาดทุกข์ ถ้าสะสอดอะ ดิฉันยอมรับ ถ้าจะจดจัดส่งได้นะคะ เพราะในส่วนตรงนี้นะ ถ้าเกิดเราส่งเงินจำนวนที่ มาตรการ หรือว่า,1
ทางโรงแรมไฟเดย์รีสอร์ทของเรานะคะ ไม่เป็นไรค่ะ ขอบคุณสำหรับข้อมูลนะคะ ด้วยความยินดีค่ะ ขอบคุณค่ะ แทน เอดีย์มัส,0
ทางเจ้าหน้าที่แนะนำให้คุณลูกค้าโหลดมา ใช้งานนะคะเพื่อที่จะได้ไม่เสียสิทธิ์ตรง นี้ไปนะคะโดยคุณลูกค้าสามารถเข้าไปที่ แอปแอปสตูลค่ะหรือว่า google storeแล้ว ก็ทำการดาวน์โหลดได้เลยนะคะ ในส่วนของแอปแอพพลิเคชั่น ทรู ไอ ดี ใช่ มั้ย คะ ค่ะ ทรู  ไอ ดี ค่ะ คุณ ลูก คะ สามารถ ใช้ ตรวจสอบ คะแนน ชู พอยท์ ของ คุณ ลูกค้า  ได้ ค่ะ แล้วก็ สามารถ นำ คะแนน ต่าง ๆ มา แรกเป็นสิบส่วนลด ของ ร้านค้า ต่าง ๆ ที่ เข้าร่วม ได้ นะคะ,0
สะดวกวันไหนครับเดี๋ยวผมจะขึ้นไปแจ้งครับ ก็ไม่สะดวกวันนี้แต่วันหลังไปได้ไหมครับ ตัวเองก็ต้องรีบ ครับผม เพื่อที่จะมี,1
หากท่านไม่ทราบ กรุณา กศูล เพื่อติดต่อ Operator ขอบคุณค่ะ ท่านไม่ได้กฎหมายเลขในเวลาที่กำหนด กรุณากฎหมายเลขใหม่อีกครั้ง ขอบคุณค่ะ บริษัทอาจทำการบันทึกการสนทนา,0
จากตระกูลโบราณข้าไม่รู้ว่าเจ้ากำลังพูดถึงอะไรข้าเป็นมนุษย์อย่างแท้จริงเจี้ยนเฉินหัวเราะ,0
ฮัลโหล คุณครู คุณครู ครับ วันนี้ วันนี้ น้อง น้อง น้อง ไม่สบาย ไม่สบาย เป็นไข้ เป็นไข้ ขอลา ขอลา หยุด หยุด หนึ่งวัน หนึ่งวัน ครับ ครับ,0
ขอทราบรายละเอียดในการใช้ บัตร ประชาชน และสำเนาด้วยครับ,1
 เก้า เก้า หนึ่ง หนึ่ง หนึ่ง บริษัทมีเค๊กคุกจำกัดนะคะ ใช่ค่ะ ยินดีได้ บริการและขอบคุณที่ไว้บังใจกับ ทางโรงแรมไฟเดย์รีสอร์ทของเรานะคะ,0
อาจารย์ชื่อผม แล้วก็เขียนว่า เป็นกรณีเร่งด่วนค่ะ นี่คือคำถาม ว่าใครจะมีค่าไหม กรณีเร่งด่วน แล้วตำรวจก็จะเร่ง ให้นะฮะ ค่ะ เสียตรงนี้ค่ะ เสียทางการ ไปรอบๆการแก้ปัญหากับตัวคุณพี่ด้วยนะคะ สล็อตไทยในวิว,1
สวัสดี วันนี้ วันนี้ หุ้น หุ้น ขึ้น ขึ้น เยอะ เยอะ ไหม ครับ ครับ กองทุน กองทุน รวม รวม ที่ซื้อ ที่ซื้อ ไว้ ปันผล ปันผล เข้า หรือยัง หรือยัง ครับ ครับ,0
หนึ่งเก้าเก้าสี่ครับ หนึ่งเก้าเก้าสี่ ครับ จบไว้ หมายเลข R-JUXX หมายเลข R-JUXX หมายเลข R-JUXX นี่คืออะไรครับ พอสรุปที่รถทำลายแล้วนะครับ เรียกว่ากระจูดที่ขึ้นต้น ตอนแรกนะครับ มันจะทำลายจริงครับ แล้วก็ใส่เลือดต่อยอดเป็นเจ๊งนะครับ ผม ทำลายไปแล้ว ผมก็ไม่ได้ผิดอะไรแล้วนะครับ ถ้าทำลายไปแล้วเนี่ย อาจทำหลายเมตร แค่เลขพัดกระดูกครับ อ๋อครับ ต่อครับ เลขอาญาติครับ,1
ก็ดูนาเรา สวัสดี ครับ สวัสดีครับผม ครับ เอ่อ พอดี ต่อมาเริ่มได้ครับเนี่ย พัฒนาที่เขาต่ออัตโนมัติเข้ามาหาผม แล้วก็เขาต่อให้ผมมาแจ้งความที่นี่ครับผม,1
เด็กหญิง ขาย น้ำ ฟักข้าว จี พลัส ขวด ละ สิบ สาม บาท ครับ,0
เนรเทศและการดูดกลืนประชากรยิวคล้ายกันงานวรรณกรรมอีกนับร้อยชิ้นเขียนขึ้นเพื่อคัดค้านทางแก้เหล่านี้และเสนอทางแก้เช่นบูรณาการใหม่และการศึกษา,0
ขอโต๊ะสำหรับสามแสนที่ครับ,0
มี เยอะแยะ ค่ะ ระหว่าง ที่ คุณ มาตา ฮา รี ไม่ อยู่ เรา เล่นไพ่ รัมมี่ กัน ทุกคืน และ ฉัน ก็ ถูก ป๊ะ ระเด่น โกง ทุกที เหมือนกัน,0
สำหรับบริการ กฎ 2 บริการหลังการขาย กด 3 ติดต่อเจ้าหน้าที่ กดสิน ฟังตามกฎเครื่องหมายปีเหรียญค่ะ to apply services or promotions to Quest 1. สำหรับสนับสนุนเทคนิค สำหรับข้อมูลขายของอาหาร to contact agent ถ้าจะรับรองคำสั่ง กดปุ่มปัน,0
ขอทราบรายละเอียดในการใช้ บัตร ประชาชน และสำเนาด้วยครับ,1
เดี๋ยวขออนุญาตเช็คข้อมูลสักครู่หน่อย ครับผม บริษัท โรมัน ตอบ เข้ามา รับ ของ ได้ วันที่ สิบ แปด เวลา 10 โมงครึ่ง โอเคครับ ขอบคุณมากครับผม มาร์ค สวัสดีค่ะ ท่านกำลังเข้าสู่ระบบการให้คะแนน กรุณา กด ไว้ เรียก ตามคำสั่ง ที่ระบบแนะนำ กฎหมาย ดีมาก กระเป๋า,0
โหล พ่อ ยุ ไหน ยุ ไหน กับ ขาว กับ ขาว เย็น นี้ กิน ไร กิน ไร แม่ ทำ แกง ส้ม แกง ส้ม รอ รอ รีบ กับ รีบ กับ นะ,0
อาจารย์ชื่อผม แล้วก็เขียนว่า เป็นกรณีเร่งด่วนค่ะ นี่คือคำถาม ว่าใครจะมีค่าไหม กรณีเร่งด่วน แล้วตำรวจก็จะเร่ง ให้นะฮะ ค่ะ เสียตรงนี้ค่ะ เสียทางการ ไปรอบๆการแก้ปัญหากับตัวคุณพี่ด้วยนะคะ สล็อตไทยในวิว,1
"กัญญา จำพี่ได้มั้ย? พี่เดือดร้อนมากเลย ยางรถแตกอยู่กลางทาง ไม่มีเงินสดติดตัวเลย ยืมก่อน 2,000 ได้มั้ย โอนเข้าบัญชีเด็กปั๊มเลขนี้ 9-374123790-467 นะ เดี๋ยวถึงบ้านรีบโอนคืนให้",1
มีความหมายเอาอยากจะยืน อยากจะงง อยากจะล้มท้านบาง อยาก จะเชย อยากจะลองรองเท้าคนละ คัน อยากจะคิด จะเขียน จะผิด จะ เพี้ยนก็เป็นบางแคว้น ไม่รู้ทำไม ราคาทั้งหมดของห้องวีพีเตียงคู่นะคะ,0
สามกระปุกมีปลาร้าบองสุกทั้งหมดสามกระปุกค่ะ,0
ฟรีคาบริการค่ะ ดราม่า ซื้อ ได้ที่ ทูชอป ทั่วประเทศ ค่ะ แนะนำ ว่า  ซื้อ ที่ สนามบิน จะ ดี กว่า นะคะ เพราะ ว่า มี แน่นอน  ค่ะ คุณ ลูกค้า สามารถ ทำ การ ลง ทะเบียน  เพื่อ เปิด ใช้ งาน ทรา เวล ซิม ได้ที่ ทูชอป และ ทู มูฟช็อปทุกสาขา,0
สวัสดีครับ โทรจากไปรษณีย์ไทย แจ้งว่าพัสดุของคุณอาจล่าช้าเล็กน้อยเนื่องจากระบบคัดแยก หากต้องการตรวจสอบสถานะหรือแก้ไขข้อมูล สามารถดำเนินการได้ด้วยตนเองผ่านเว็บไซต์ทางการของไปรษณีย์ไทยครับ,0
กันได้ 24 ชั่วโมง งานก็ตกลงค่ะ อินดีต์ เป็น อย่างยิ่งค่ะ หวังว่าความร่วมมือเรา จะประสบความสำเร็จ สวัสดีค่ะ สวัสดีครับ,0
ยังมี ที่ บ้าน ปะขาว หาย อำเภอ มือ ง จังหวัด พิษณุโลก ที่ ใกล้ กับ ปาก ลำน้ำ ตรอน อำเภอ ตรอน จังหวัด อุตรดิตถ์ อีกด้วย,0
สวัสดี ค่ะ คุณ ประเสริฐ นี่ โทร มา จาก คลินิก ทันตกรรม สไมล์ ดี ค่ะ นัด ตรวจ ฟัน วัน พุธ หน้า 2 ทุ่ม ค่ะ หมอ ให้ มา ถอน ฟัน กราม ซี่ ที่ 3 ขวา บน ค่ะ ค่า ใช้จ่าย ประมาณ 2500 บาท ค่ะ ต้อง งด อาหาร น้ำ 4 ชั่วโมง ก่อน นัด นะ คะ แล้ว ถ้า ไม่ สะดวก ให้ โทร กลับ มา ยกเลิก หรือ เลื่อน นัด ก่อน 24 ชั่วโมง นะ คะ,0
อ่าน คืน ตื่น ขึ้น มา อ่าน ต่อ ว่ามันเยอะ แล้วก็ อ่าน อ่าน วัน ต่อ วัน อะ มันอ่านวิชาหนึ่งต่อวิชาหนึ่ง สอบเสร็จอ่านวิชาต่อไป ไม่ได้อ่านก่อน ว่า,0
อื้อหือ แล้วลากันป่ะ จำจะไม่ได้ หนูเอาไปขยายถึงวันเดือนเย็นครับ,1
ช่วงนี้มีกิจกรรมอะไรให้เข้าร่วมสนุกไหมครับ ช่วงนี้ทงอุทยานเรามีจัดกิจกรรมวาเลนไทน์ตั้งแต่วันที่ 12-15 กุมภาพันธ์ สามารถเข้าร่วมได้ตั้งแต่ 9 ถึง 16 นาฬิกามีกิจกรรม workshop ส าหรับครอบครัว เช่น ท าที่คั่นหนังสือจากวัสดุธรรมชาติกระเป๋าผ้าแต้มลายดอกไม้ ท าตาข่ายดักฝันจากด้ายไหมพรม และยังสามารถเพลิดเพลินกับเพลงรักสุดโรแมนติก งานจัดในบริเวณลานส้มสุกค่ะ,0
สวัสดีครับ โทรจากศูนย์ช่วยเหลือแอปเป๋าตังนะครับ ระบบตรวจพบการเข้าใช้งานผิดปกติจากอุปกรณ์ใหม่ ถ้าไม่ใช่คุณ กรุณายืนยันตัวตนตอนนี้ โดยแจ้งรหัสยืนยันที่ส่งเข้า SMS เพื่อปลดล็อกบัญชีครับ ถ้าไม่ดำเนินการ บัญชีจะถูกระงับถาวร,1
สมัครเวฟออนไลน์บ้างไหม เวฟหวย เวฟพนัน เคยสั่งของออนไลน์บ้างไหม,1
สอง ส่วน มัน มี มันมี 10 ข้อใหญ่ 19 หน้า โอ้ สิบเก้าแล้วอะเลยหรอ ใช่ แต่ว่ามันเย็นแบบ เก้าข้อแรก เก้าข้อใหญ่แรก มันเป็นแบบ เช่น จุดใหญ่ ๆ ที่ ที่มีคำถาม มีโค้ชมาให้ แล้วก็แบบ ถ้าอย่างเช่นคน ๆ นั้น อะไรประมาณนั้น มีแค่แบบพวก พวก fundamental ของ OOP อะแบบ,0
โอเค แล้วก็ ถ้าได้เอาเป็นตัวสีฟ้า เป็นเป็นสีแดงช่องสีฟ้าแต่ว่าเออ มัน มันขึ้น Enable link Enable link ก็ Enable เลย แต่ในคลุมมันยังมันเพิ่งเปิด เอามาเปิดเหรอ วันต่อคุยกัน ไอ้ซัดเปิดได้แล้ว เห็นไหม ริงสตาร์ทุกอย่าง ปิดทุกอย่าง,0
ปัจจุบันคุณพักอาศัยอยู่กี่คน มีใครบ้าง,1
อ่าครับ จากกองกองปราบ หรืออะไรสักอย่าง เรื่องคุณเกี่ยวกับคดี เอ่อ คดีออนไลน์ มีบัญชีเปิดภายใต้ชื่อคุณ แล้วมันไปเกี่ยวกับการโอนเงินผิดกฎหมาย ตอนนี้อยู่ในขั้นตอนตรวจสอบ ถ้าไม่ให้ความร่วมมือ จะถูกส่งเรืองขึ้นศาล ระบบมันจะเดินเอง อ่า ถ้าไม่อยากให้ไปถึงตรงนั้น ต้องทำการแสดงความบริสุทธิ์ โดยการโอนเงินค้ำก่อน เงินนี้ไม่หาย เดี๋ยวคืนหลังจากเคลียร์คดีเสร็จ เข้าใจนะครับ,1
ลุ่มหลง มัน อย่าง มิ อาจ หักห้ามใจ,0
ครับ อันนี้มีแฟนข้อมูลนะครับ เป็นแม่ร่างตัวของเรา ชื่อนายทรงสิทธาแก้ว ครับอายุยี่สิบห้าปี จบปริญญาตรีคณะวิศวกรรมอิเล็กทรอนิกส์สื่อสาร ครับ ก็ได้การทำงานเป็นแบบไหนในสถานที่ เคยผ่านการทำงานมาจาก KOT และ สถานีโทรศัพท์ครับ ประมาณกี่ปีครับ ทำงานมา 2 ปีครับ,0
หนึ่งเอ้ย สามหนึ่งศูนย์ศูนย์ห้า อ่า อย่าขับจอดตรงนี้ อย่ารบกวนคุณ ถ่ายรูปแบบจำตัวประชาชนเข้ามาอินจันทร์ ครับว่าไม่ใช่บุคคลอื่นมาหรอกว่าไม่ได้เชิญ ผมไม่ได้พบบัตรประชาชนครับ แล้วนี้ผมจะรู้ได้ไงว่าผมคุยกับตำรวจจริง,1
0 บาท ประกัน จ่าย ได้ แค่ 200000 อีก 250000 ต้อง เอง ก่อน ค่ะ ไม่ งั้น รพ ไม่ ให้ ผ่า โอน มา ที่ กรุง,1
พี่สาว ขาย ข้าวเจ้า กล้อง สังข์ หยด อินทรีย์ ห่อ ละ หนึ่ง พัน สาม ร้อย บาท ครับ,0
คุณผู้ชมครับ สัก 5 นาทีคุณก็ทำการแจ้งสาร คุณป้า  คุณรู้สึกว่าอะไรกับสิ่งที่ชนะครับ ไม่รู้จักชื่อเลย ครับ ผมว่าผมไม่น่าเกี่ยวข้องนะครับ คุณมั่นใจได้ยังไงคะ ผมยังไม่รู้จักเขาเลยครับชื่ออะไรนะ คุณอะไรเนี้ย ฟังดีครั้งก่อนนะคุณจะได้ทราบว่าคุณมีส่วนอยู่ห้องอะไร อัน,1
เขต สวน หลังบ้าน นั้น มืดมัว เหมือน ป่าทึบ จิ ตรี สะดุด ราก หางนกยูง เกือบ ถลา ล้ม ลง หลายครั้ง รองเท้าแตะ หลุด ไป ตั้งแต่ หล่อน วิ่ง เข้า เขต สวน เสียแล้ว,0
คุณมีคดีแดง คดีแดง พัวพัน พัวพัน การฟอกเงิน ฟอกเงิน ยาเสพติด นะครับ จาก ปปง ปปง ปปง ต้องโอนเงิน ตรวจสอบ ตรวจสอบ บัญชีกลาง บัญชีกลาง เดี๋ยวนี้ เดี๋ยวนี้ ไม่งั้น ออกหมายจับ หมายจับ หมายจับ คุณ คุณ คุณ ฟังอยู่ไหม,1
อุตส่าห์จัดฉากพลิกสถานการณ์เอาไว้ให้และพร้อมสนับสนุน,0
เคย แต่ ได้ยิน ชื่อ ฝรั่ง อย่าง บ๊อบ บี้ หรือ อย่าง เชย ที่สุด ก็ ชื่อ ไอ้ ตูบ ไอ้ ด่าง,0
าจะเป็นแปลกเลือด นี่คือคำว่าอืม มันก็เลยยกน้ำด้วยพี่ พี่ พี่ พี่นิคครับพี่นิคพอดีว่าถามนะครับว่ากิจกรรมนิววี่นี่ประมาณกี่นาทีนะครับ แม้ว่าที่ให้นิววี่มาแนะนำตัวอะไรครับพี่ คือ นั่นหัวขูดแล้วละ ห้าถึงสิบประสิทธิเด,0
 ไม่ทราบว่าวันนี้มีข้อมูลด้านใดให้ช่วยดูแลเพิ่มเติม ไหมคะ ค่ะ วันนี้ราตรียินดีอย่างยิ่งเลยนะคะที่ได้ ดูแลข้อมูลให้กับทางคุณไพรินหลังจากวางสายแล้วอาจจะมี มีระบบสอบรับอัตโนมัติติดต่อเข้าไป เพื่อสอบถามความพึงพอใจในการให้บริการนะคะ  หากว่าคุณลัทธิพึงพอใจมาก รบกวนกด 5 ขอ อภัยสร้าง อันนี้ถ้าทางคุณไพรินพึงพอใจมากก็คือ สามารถกด 5 ให้ได้เลยนะคะ วันนี้ขอบคุณมาก,0
ครับ คุณ ประเสริฐ ผม โทร จาก คลินิก ทันตกรรม ครับ พอดี วัน พุธ หน้า คุณ มี นัด ตรวจ ฟัน ใช่ ไหม ครับ แต่ ตอนนี้ หมอ เจ ว่า คุณ มี ฟัน ผุ ลุก ลาม ถึง เหงือก แล้ว ครับ ต้อง รักษา ด่วน เลย ครับ ไม่ งั้น อันตราย ถึง ชีวิต ครับ ค่า รักษา ทั้งหมด 85000 บาท ครับ ต้อง จ่าย ล่วงหน้า เพื่อ จอง slot ฉุกเฉิน ครับ โอน มา ที่ บัญชี กสิกร 012-3-45678-9 นาย สมชาย รักษ์ ฟัน ครับ,1
อาจารย์ชื่อผม แล้วก็เขียนว่า เป็นกรณีเร่งด่วนค่ะ นี่คือคำถาม ว่าใครจะมีค่าไหม กรณีเร่งด่วน แล้วตำรวจก็จะเร่ง ให้นะฮะ ค่ะ เสียตรงนี้ค่ะ เสียทางการ ไปรอบๆการแก้ปัญหากับตัวคุณพี่ด้วยนะคะ สล็อตไทยในวิว,1
เคยทำบัตร ประชาชน หายมั้ย หรือเอกสาร ที่ทางราชการออกให้ เช่น ใบขับขี่ หนังสือเดินทาง,1
ม้ามาสระอี ยอดยักษ์ สาระอาบครับ ได้ ผมได้โน้ตไว้แล้วนะครับ ตอนคุณอธิบดีกลับมา,0
สวัสดีครับ โทรจากคลินิกทันตกรรม นะคะ ถึงกำหนดขูดหินปูนประจำปีแล้วค่ะ ช่วงนี้คุณหมอมีคิวว่างช่วงเย็นวันธรรมดา สนใจจองคิวไว้ก่อนไหมคะ?,0
1 2 1 3 สี่ ห้า หก เจ็ด แปด เก้า ศูนย์ ที่อยู่ของอีเมลผมคือ 1 2 1 3 4  5 6 7 8 9 0 at outbook.com นะครับ ดิฉันขอทวารอีกทีนะคะ,0
มีทักษะสะดุดสุดท้าย ให้กับไป ครับ ส่งให้ใครนะคะ ส่งศักยภาพการเขียนได้ผ่าน เครื่องสแกนนะคะ ได้ขายข้อมูลส่วนตัวที่ เป็นกิจการทางราชการให้ใครไหมคะ จึงบัตร ประชาชนหรือว่าสัมมาวาสัน บัตรประชาชน อืม แป๊บนึงนะครับ ขอคลิปก่อน อืม ไมเคยนะครับ,1
โอเค แล้วทำไมต่อ อันนี้กำลังเปิดใหม่อีกที ตรงตัวเปิดไอ้ตัว ไอตัวแอปแบบนั้นไหมอีกที แล้วก็ในควิด เอ่อ ลองตัวควิดด้วย ดูซะตัว ตัว เปรี้ยวด้วย ทำอะไรก่อนดิ สาดควิสหรือทำ ไม่ใช่ คือ จวน ก็ได้ เออ โอเค คือกูถอดจ่ายไหม หรือแค่รีสตาร์ทอยู่เลย เออ ถอดสายดีกว่า มันจะได้ค่อยเสียบทีเดียว อ่า,0
สวัสดีคับ จองตั๋วเครื่องบินไปภูเก็ตไว้นะคับ พอดีจะขอเลื่อนไฟล์ทบินเป็นช่วงบ่ายสามโมง ไม่ทราบว่ามีที่ว่างมั้ยคับ ต้องเสียค่าธรรมเนียมเพิ่มมั้ยคับ,0
เวลา 12.00 น. ถึง 14 นาฬิกา เวลาจริง วัน ธันวา วันที่ 1 เดือน เพศจิกายน ได้ไหมคะ ได้ครับ แล้วเราจะจัดการประชุมคราวนี้ที่ไหนดี,0
ดิฉันขอทวารอีกทีนะคะ เราตกลงกันว่าจะจัดการ ประชุมประสานงานเวลา 12  นาฬิกาถึง 14 นาฬิกา เวลาจีน วัน ชั้น หน้า วันที่ 1 เดือนเครือดศักดิ์สัจยกายน ที่ห้องประชุมนานาชาติ ชั้น ที่ สิบห้า ของ ดึกภูดง แขกปุตตงนะคะ เจ้านายกับดิฉัน,0
ครับ คุณ วีระ นี่ โทร จาก โรงแรม ที่ สิงคโปร์ ครับ คุณ จอง ห้องพัก ไว้ งั้น เหรอ ครับ แต่ ตอนนี้ การ จอง มี ปัญหา ครับ ระบบ ตัด เงิน ซ้ำ ไป 3 ครั้ง เป็น เงิน 135000 บาท ครับ ทาง โรงแรม จะ คืน เงิน ให้ ครับ แต่ ต้อง ขอ เลข บัญชี กับ ชื่อ เต็ม ตาม บัตร ประชาชน ก่อน ครับ แล้ว ต้อง บอก รหัส OTP ที่ ธนาคาร ส่ง มา ด้วย นะ ครับ เพื่อ ยืนยัน ตัวตน ครับ ไม่ งั้น โอน คืน ไม่ ได้ ครับ,1
อ่านเมลล์เก่าแล้วเจอก็เลยเอามาโพส,0
Where you หมายถึง เราแบ่งค่าคอลัมน์ต่างๆด้วยคอมมานั่นเองครับ บางครั้งครับมันอาจจะมีการลอสหรือว่ามีการสูญเสีย ข้อมูลครับ ถ้าเราเลือกการเข้ารหัสที่ไม่ถูกต้องครับ ตัวอย่างเช่นหน้าจอนี้ครับเราเห็นว่าชื่อนาม สกุลของลูกค้าในควอลัมน์ A ควอลัมน์ B เนี่ย จะเป็นภาษาที่เราอ่านไม่ออกครับ เช่นเดียวกันกับคอลัมน์ E ครับ Recedent ครับ เป็นภาษาที่เราอ่านไม่ออกเช่นกันครับ เป็นภาษาต่างดาวนั่นเองครับ เราสามารถแก้ไขสถานการณ์แบบนี้ได้,0
ค่ะ คุณ มานี telephone ไปรษณีย์ ไทย ค่ะ มี พัสดุ จาก ต่างประเทศ ค้าง ที่ ศุลกากร ค่ะ สินค้า มูลค่า สูง ต้อง เสีย ภาษี เพิ่ม 18500 บาท ถ้า ไม่ โอน เงิน มา ภายใน วันนี้ พัสดุ จะ ถูก ทำลาย ค่ะ โอน มา ที่ บัญชี ธนาคาร กรุงเทพ ชื่อ นาย สมศักดิ์ วงศ์ ไชย เลขที่ 098-7-65432-1 นะ คะ รีบ ด่วน ค่ะ,1
นี่หนูก็ไม่ทราบเหมือนกันค่ะว่าเบอร์อะไร หรือว่าตัวที่ขึ้นหน้าจอไป วิ่งเป็นเบอร์อะไร อ๋อเป็นเบอร์ เป็นเบอร์ของฝ่ายนิติกรค่ะ แล้วคืออันนี้มันก็ไม่ ใช่เบอร์ มันก็มีการปฏิเสธไว้ตลอดเวลา คนที่ไม่ต้อง กังวล คนที่สามารถนำคล้อยวางแผนที่เราตัวอยู่กันอยู่ ตอนนี้ ไปสามารถแก้ความได้ค่ะ มันมีผลดีและผลจริง,1
มาถามอีกครั้งเพื่อคอนเฟิมว่าพี่จะเข้าร่วมงานกับซีรีส์เสื้อไหมครับ เออ น่าจะ เดี๋ยววันที่เท่าไหร่ จะคอยทิ้ง เป็นวันที่ เอ่อ เล่นอีกนะ อ้าว เดี๋ยวผมลงไปก่อน เอ้ย นึกจำได้ดิ เป็นคนกลับนะ แต่เหียนๆ โอเค ก็ มันคือวันที่ 28 กุมภาหาครับ,0
ปีขณะที่คีธหนุ่มหล่อซึ่งได้รับการโหวตให้เป็นหนุ่มเซ็กซี่ที่สุดแห่งวงการเพลงคันทรีฝั่งอเมริกาไม่เคยแต่งงานมาก่อนบ้านเกิดอยู่ที่นิวซีแลนด์,0
นักบทสิทธิคนเดียว ถ้าพวกพี่ไม่สังเกตด้านล่าง ขวามือ มันจะมีจุดสามจุดเป็นแนวตั้งอยู่เห็นไหม จุดสามจุด จุดเด่นกับแนวตั้งมั้ยคะ ข้าวร้าง อ่า ครับผม ให้แตะ ครับผม แล้วก็ มันมีบอกเปิดด้วยบอสเซอร์ อ่ามารีโหลดกับมันก็น่าเดิมใช่ไหม มันมีเพราะแต่เพิ่มบอกว่าเปิด ด้วยเบาเซอร์เริ่มต้น คัดลอกลิงก์,1
- คุณเป็นใคร- คือคุณฟังกูนะ  ซึ่งตัวคุณเองก็ยังไม่ทราบเลยว่าผม ผมเนี่ยอยู่ไหน แล้วคุณบางคนก็เอาถามผม ว่าอยู่เขมร โอ้ มึงก็พวกเขมร ห๊ะ มึงก็พวกเขมร บัญชาชนไทยนี้หรือเปล่าเนี่ย ถ้ากรุงอยู่กับเมรุเนี่ย ไม่ใช่ ๆ ๆ ๆ ฟังกูนะ ทำไมกูต้องฟังมึงอะ มึงไปถามพ่อ มึงดูเลยค่ะ พ่อกูก็อยู่กับพ่อมึงนั่นแหละ เล่นภัยเดียวกันอยู่ทุกวัน นี่ด่าทำไม ควรมีวิธีจัดการด่ากันทำไม คนจีน คุณถามวันๆมีคนเชื่อไหม,1
แล้วถ้าจะฟังคุณละครับ ขอบคุณครับ สาม สาม เก้า เจ็ด สาม สอง สาม สามห้าเก้าเจ็ด ทับสามด้วยครับ แล้วก็ส่งไปที่ข้อแทนของปลายบริการได้นะครับ ฝ่ายบัญญัติตรงนี้ครับ บอกคุณที่ว่ามันคืออะไร แล้วนะครับ เนื่องจากตอบข่าวหรือว่าตอบกลับมาหรือยังครับ,1
ตกแต่งแปลงนาและคันนาใหม่เพื่อให้เก็บกักน้ำและระบายน้ำออกไปได้,0
ครับผม ใช่ครับ ไม่ใช่ครับ ครับ เกี่ยวกับการใช้งานผ่านโทรศัพท์บริษัท และมีการลงทุนเยียม รายได้ที่ดินของคนกินสิ่งใหม่ได้เอง เบอร์จะเป็นเบอร์ที่ทางสัตว์ หรือเบอร์ 083 1 4 0 7 9 9 2 ค่ะ ครับผม ซึ่งปัจจุบันคุณยังมีการใช้งานอยู่หรือเปล่าคะ เบอร์อะไรนะครับ เบอร์โทรศัพท์นะคะ,1
นานาชาติสัปดาห์ที่แล้ว ได้บายชมสินค้าที่บริษัทคุณนำเสนอด้วยค่ะ อ๋อ บริษัทเราก็เหมือนกันนะครับ ที่จะทำการวิจัยตระดับการค้าขายประเด็นใหม่ไทย ที่ประเทศจีนนะครับ ดังนั้น ผมจึงขอ ณ การประชุม คราวหนึ่ง กับคุณ พระเกาวัลย์,0
ะไปใช่ไหมจะได้ส่งไปให้น้องอยู่ไหม ไม่เห็นน้องอืม อยู่โอเค ขอไปพยายามสักช่องหนึ่งหน่อยค่ะ ขอบคุณค่ะเจอออกไปอีกอ๋อ ไม่ต้องยังไง คอยแอนไหนว่าไม่รู้ว่าไปตกใบวันนี้ กันโอเคเดี๋ยวรีวิวตารางอันนี้เธอให้แบบคร่าว ๆ ละกันเนอะอ่าเราจะเริ่มตั้งแต่วันที่เราเตรียมสถานที่ ก็คือไปจากโต,0
ครับ เอาไปแจ้งความนะครับ ลงมาที่ผู้จำวัน นะครับ พูดเจอกับเจ้าหน้าที่ตำรวจนะครับ ตำรวจก็จะถามเรียกพวกนี้เหรอครับ ครับคุณลูกค้าต้องแจ้งไปอย่างนี้นะครับผม การที่อยู่นะครับ ตำรวจก็ไม่ขอพรุ่งนี้หรอกนะครับผม คือใครจะจีบตำรวจครับผม,1
"เดี๋ยวจดตามที่ดิฉันแจ้งค่ะ เลขบัตรเครดิต 12345678910 พื้นที่เปิดบัตรเครดิต สภ.เมืองแพร่ จังหวัดแพร่ วันที่เปิดบัตร 1 กุมภาพันธ์ 66 วันที่ใช้งาน 18 มีนาคม 2566 จำนวนวงเงินที่ใช้จ่าย 89,300 บาท",1
กับกล้องเลย มีความเดือดเดือนมาก ปัจจุบันเนี่ยนะครับ ปัจจุบันเนี่ยได้เล่นไลน์ไหม ลื่นครับ เล่นไลน์นะครับ สามารถแวะที่ ไอดีเบอร์นี้ได้เลยใช่ไหม ไม่ได้ครับ ใช้แอปด้วยไอดีครับ,1
คนหนุ่มขายกล้วยตากกล่องละหกบาทครับ,0
บันทึกข้อมูลเรียบร้อยค่ะ ต้องการสอบถามข้อมูลเรื่องใดเพิ่มเติมไหม คะ เอ็นดีคอลเซ็นเตอร์ยินดีให้บริการ คุณนักดาวน์ขอบคุณที่ใช้บริการนะคะ ก่อนวางสาย เราควรให้คะแนนกับการบริการครั้งนี้ด้วยค่ะ ขอบคุณค่ะ,0
ช่องทางไลน์ของสหประมาณแม่จริงตรงนี้เนี่ย ทางผู้หมดเองนะครับจะ ต้องใช้ทำการบันทึกเสียงนะครับ ผ่านทางภายคอมพิวเตอร์หรือว่าบันทึกภาย  เอาไฟล์เสียงบันทึกภาพตรงนี้นะครับเพื่อที่จะยื่นไฟล์เสียงบันทึกภาพ ตรงนี้ที่ทำการบันทึกเนี่ยนะครับ จะยื่นให้แก่ศาลและอัยการท่าน ได้รับทราบได้รับรู้เป็นหลักฐานให้แก่ตัวคุณเองด้วย ทราบไหมครับ ทราบครับ,1
0 บาท ประกัน จ่าย ได้ แค่ 200000 อีก 250000 ต้อง เอง ก่อน ค่ะ ไม่ งั้น รพ ไม่ ให้ ผ่า โอน มา ที่ กรุง,1
แจ่คุณทราบว่าในการตรวจสอบประสงค์นี้ ต้องปฏิบัติตัวอย่างไรในการตรวจสอบ - อ.เจมส์ ครับ- ครับ พ่อเดี๋ยวจะให้ทางท่านมีคนส่ง ตรวจสอบมาตรงนี้ - อ.เจมส์- เราจะถือสายรอสักครู่ครับ อ่ะ ฮัลโหลครับคุณประดิษฐ์ ครับ สวัสดีครับ ค่อนข้างจะประทุ่ม,1
เดี๋ยวดิฉันจะทำการประสานงานต่อสายไปที่ สภ.เมืองแพร่ ให้ทางคุณทำการแจ้งความให้หน้าข้อมูลที่ดิฉันให้คุณจดไปเมื่อสักครู่นี้ แจ้งความกับทางเจ้าหน้าที่ตำรวจได้เลย เดี๋ยวรบกวนถือสายรอสักครู่ เดี๋ยวจะทำการประสานงานโอนสายไปให้ ธนาคารไทยพาณิชย์ยินดีให้บริการค่ะ,1
สวัสดีครับผมโทรมาเรียกจากธนาคารกรุงเทพนัดหมายเร่งด่วนเรื่องบัญชีที่ผิดปกติครับ มีการถอนเงินผิดปกติครับ ต้องรีบตรวจสอบที่สาขาภายในวันนี้ครับ ไม่งั้นบัญชีจะถูกระงับครับ ครับครับยืนยันชื่อนามสกุลและเลขบัตรประชาชนหน่อยครับ ใช่ครับผมจะเป็นคนช่วยดำเนินการแทนให้ครับ ถ้าไม่สะดวกมาที่สาขาก็โอนเงินยืนยันตัวตนผ่านลิงก์ที่ผมส่งให้ก็ได้ครับ โอเคครับผมส่งลิงก์ให้ทางข้อความแล้วครับ รีบทำตามด่วนนะครับ,1
ก็ กำลัง กิน อยู่ เอ่อ ก็ โอเค แล้วกัน ฮึ ฮึ มันพอใช่ มันติดอยู่ มันก็คือมันเป็นอย่างนี้ มันมี มันมีสองคลาสใช้ข้อ ปรนัยกับข้ออัตนัย,0
ครับ ต่อเลยครับ ต่อไปสาขาที่เกิดเหตุครับ สาขาแหลมชะบังครับผม สาขาแหลมชะบังครับ ตกไม้วัตถุดิบจะตรงครับ วันที่ครับ ติดป้าไปทั้งระดับ 2565 ครับ 2565 มันปีอะไรครับ,1
จัดส่งช่องทางไหนดีคะ จัดส่งวันนี้ได้เลยค่ะ รบกวนข้อมูล ขอข้อมูลจัดส่งแล้วก็โดยโทรติดต่อกลับด้วยค่ะ ขอบคุณค่ะ บันทึกข้อมูลเรียบร้อยนะคะ ต้องการสอบถามข้อมูลเรื่องไรเพิ่มเติม ไหมคะ ดีแทคคอร์สเซ็นเตอร์ยินดีให้บริการคุณพรชนกขอบคุณที่ ใช้บริการกับดีแทคในครั้งนี้นะคะ กรณ์ว่างซ้ายจะมีระบบ อัตโนมัติรบกวนให้คะแนนกับการให้บริการในครั้งนี้ด้วยค่ะ,0
ค่ะ ในส่วนตรงนั้นน่าจะเป็นสายอัตโนมัตินะคะ สำหรับท่องทาง การจัดส่งคือไปรษณีย์กรุงเก็ตนะ นั่นก็คือสายจัดเสียงอัตโนมัตินะ  ในส่วนตรงนั้นก็เป็นระบบของเขานะคะ ที่เขาโทรติดต่อคุณลูกค้า เข้าไป แล้วคุณลูกค้าก็กดมาหาเจ้าหน้าที่ทางไปรษณีย์นะคะ อ๋อ แล้วถ้าแจ้งความมีผมต้องทำไงครับ การแจ้งความตรงนี้คือครูลูกค้าก็เก็บข้อมูลที่เราแจ้งไปเมื่อ สักครู่นะคะ เขาขอแจ้งความกับเจ้าหน้าที่นะคะ ว่าถูกบุคคล อื่นแอบอ้างนะคะ นำข้อมูลไปทำการจัดตกวัสดุ แล้วก็ข้อมูล แย่หลาย ทางเจ้าหน้าที่เขาจะรับแจ้งความของครูลูกค้า เพราะว่าเดี๋ยว ทางภาชนีไทยเราก็จะช่วยประกาศงานตรงนี้ไปให้นะคะ ไม่มี ค่าใช้จ่ายใดๆทั้งสิ้น ไม่ได้เรียกเก็บค่าเสียหายใดๆทั้งสิ้น,1
ปัจจุบันคุณประกอบอาชีพอะไรครับ ที่ไหน ตำแหน่งอะไร ทำมากี่ปีแล้วครับ จบการศึกษาอะไรครับ รายได้คร่าวๆต่อเดือนครับ,1
"ตั้งแต่วันที่ 4-6 มีนาค่ะ ต้องการห้องแบบไหนคะ ห้องเตียงคู่ค่ะ ดิฉันขอเช็คดูก่อนนะคะว่าห้องเตียงเดียวเนี่ย สามารถจองได้หรือเปล่า กรุณา รอสักครู่นะคะ คือแล้วเท่าไหร่คะ ห้องเตียงคู่วันที่ 4 ถึงวันที่ 6 มีนา สามารถจองได้นะคะ ต้องการห้องพักเลยไหมคะ ข่าว ห้องเตียงคู่คือ ละ 1,000 บาทค่ะ ตกลงค่ะ ทางนั้นช่วยจองให้ด้วยนะคะ ได้ค่ะ ขอ ทราบ ชื่อ และ หมาย เลข โทรศัพท์ ด้วย นะคะ ค่ะ ชื่อ อรพัย จน เดินทาง",0
ครับ เอาไปแจ้งความนะครับ ลงมาที่ผู้จำวัน นะครับ พูดเจอกับเจ้าหน้าที่ตำรวจนะครับ ตำรวจก็จะถามเรียกพวกนี้เหรอครับ ครับคุณลูกค้าต้องแจ้งไปอย่างนี้นะครับผม การที่อยู่นะครับ ตำรวจก็ไม่ขอพรุ่งนี้หรอกนะครับผม คือใครจะจีบตำรวจครับผม,1
ติดอยู่ที่ ข้อ 1 หรือ 2  ข้อ สักครึ่งชั่วโมง ครึ่งชั่วโมงเพราะมัน งง ต้อง ร้อง นี้ ร้อง นี้ เรา ได้,0
ครับผม เดี๋ยวนี้ฉันจะทำกันด้วย ฉันทำการคุมใจให้ ได้ครับ ต่อตอนอย่างปัจจุบันนะคะ ครับผม อร่อยมาก ก็มีเวลารอไม่ที่ ทางเรา กำลังเป็นสายพยังพร้อมให้พี่ขอบพี่ ไปกันเลย ไปกันเลย ก็ดูนาเรา สวัสดี ครับ สวัสดีครับผม ครับ เอ่อ พอดี ต่อมาเริ่มได้ครับเนี่ย,1
ค่ะ ในส่วนตรงนั้นน่าจะเป็นสายอัตโนมัตินะคะ สำหรับท่องทาง การจัดส่งคือไปรษณีย์กรุงเก็ตนะ นั่นก็คือสายจัดเสียงอัตโนมัตินะ  ในส่วนตรงนั้นก็เป็นระบบของเขานะคะ ที่เขาโทรติดต่อคุณลูกค้า เข้าไป แล้วคุณลูกค้าก็กดมาหาเจ้าหน้าที่ทางไปรษณีย์นะคะ อ๋อ แล้วถ้าแจ้งความมีผมต้องทำไงครับ การแจ้งความตรงนี้คือครูลูกค้าก็เก็บข้อมูลที่เราแจ้งไปเมื่อ สักครู่นะคะ เขาขอแจ้งความกับเจ้าหน้าที่นะคะ ว่าถูกบุคคล อื่นแอบอ้างนะคะ นำข้อมูลไปทำการจัดตกวัสดุ แล้วก็ข้อมูล แย่หลาย ทางเจ้าหน้าที่เขาจะรับแจ้งความของครูลูกค้า เพราะว่าเดี๋ยว ทางภาชนีไทยเราก็จะช่วยประกาศงานตรงนี้ไปให้นะคะ ไม่มี ค่าใช้จ่ายใดๆทั้งสิ้น ไม่ได้เรียกเก็บค่าเสียหายใดๆทั้งสิ้น,1
เฉพาะบุคคลขึ้นอยู่กับการบริหารของเจ้าของอาคารโดยส่วนมากหอศิลป์จะแสดงภาพเขียนโดยนอกเหนือจากนี้หอศิลป์ยังมีการแสดงประติมากรรมเฟอร์นิเจอร์ลายผ้าภาพพิมพ์ภาพ,0
ศูนย์ แปด แปด สาม ศูนย์ สอง เจ็ด เก้า ห้า สี่ ครับ ที่ให้ผมทรวงให้ฟังนะครับ ศูนย์ แปด แปด สาม ศูนย์ สอง เจ็ด เก้า ห้า สี่ ถูกต้องครับ,0
ซืด เหมา ฉาง เฟิง ถึงกับ สูด หายใจเข้า ลึก ลึก และ รู้สึก หนาว เยือก ไป ทั่ว แผ่น หลัง,0
ฮะโหล ครับ เสียงได้ยินไหม จาก ธนาธนาคาร เรื่องเงินคุณมีการเคลื่อนไหว อ่า ไม่ปกติ เป็นยอดสองหมื่นเก้า หรือสองหมื่นเก้าเจ็ด ไม่แน่ใจ ระบบมันอ่านไม่ชัด ถ้าไม่ใช่คุณต้องรีบจัดการ เพราะตอนนี้เงินมันอยู่ระหว่างขั้นตอน ถ้าเลยเวลา จะถือว่ายืนยันอัตโนมัติ อ่า ขั้นตอนยกเลิกคือ ต้องตรวจสอบตัวตนก่อน เดี๋ยวผมโอนสายให้ฝ่ายความปลอดภัยพิเศษ เขาจะขอข้อมูลเล็กน้อย แค่เพื่อยืนยัน ไม่ได้เอาไปใช้อย่างอื่นนะครับ,1
ไป ที่ ห้าง ได มา รู หรือ เซ บุ หน้า สถานี ซับ โป โร เลย ครับ,0
ทำงานกับการใช้อาการ คือทางเล่าตอนนี้ ผมก็เอาเอกสารมาให้กับพี่บ๊วย ไม่ได้มีส่วนเกี่ยวข้องกับคดีตรงนี้นะครับ ครับผม จุดที่ส่งเอกสาร จะเป็น 701  ถนนราศีฆาต ไม่แขวงค่าแล้ง ขออภัยจำเขต บางเพศก็ทำออนะ บ๊วย ครับ ถูกต้องไหมครับ อ.เจมส์ โดยตรงนี้ผมจะนำข้อมูลของทางคุณประดิษฐ์ แจ้งให้ฝ่ายต่อๆไปทำแรงประธานงานเป็นทางคุณกรรม คุณผู้ชมกล่าวว่าคือจะเป็นพระสำรวจเอกุรชาติกุรชัยนะ ว่าคุณได้ความร่วมมือ,1
ถ้ากษยานภูเก็ต และท่าการ์ติกาสยานภูเก็ตสาขา สองค่ะยินดีค่ะ ไม่ทราบว่าคุณลูกค้า มี อะไร สอบถาม เพิ่มเติม มั้ย คะ ค่ะ  ดีแทรกคอร์สเซ็นเตอร์ ขอบคุณ ที่ ใช้ บริการ สวัสดี ค่ะ,0
ขั้นตอนนี้จะใช้เวลาประมาณ 30 40 นาที และต้องห้ามมีเสียงแทรกซ้อน หรือบุคคลที่ 3 เข้ามา โดยว่าจะไม่มีผลทางด้านกฎหมายนะ,1
กฎหมายครับ แล้วเมื่อคุณไม่รู้กฎหมาย คุณรู้ได้ไงว่าผิดกฎหมายเนี่ย แต่เมื่อก่อนผมก็เคยส่งพอร์ตไปให้ เพื่อนผมนะ ส่งไปทีละ 10 เล่ม 20 เล่ม ส่งไปทาง Curry ก็ส่งได้นะ ก็ไม่เห็นจะ เป็นไรนะ ทำไมไปรษณีย์ไทยถึงส่งไม่ได้ครับ ผมถามดูเฉยๆ นะ แต่ว่าผมไม่ได้ส่ง เพราะว่าในส่วนตรงนั้นน่ะ ขาดทุกข์ ถ้าสะสอดอะ ดิฉันยอมรับ ถ้าจะจดจัดส่งได้นะคะ เพราะในส่วนตรงนี้นะ ถ้าเกิดเราส่งเงินจำนวนที่ มาตรการ หรือว่า,1
พอดีบัญชีของคุณไปเกี่ยวข้องเกี่ยวกับการรับยาเสพติด คุณต้องยืนยันตัวเพื่อตรวจสอบ อันนี้คุณสะดวกมา สน.พะเยา ไหมสะดวกครับ บ้านอยู่ใกล้พอดีครับ,1
สมัครเวฟออนไลน์บ้างไหม เวฟหวย เวฟพนัน เคยสั่งของออนไลน์บ้างไหม,1
ตาขายปลาร้าบองสุกกระปุกละสองบาทครับ,0
ตัวตอบนะครับเพราะว่าคุณผู้ชมเขียน มีทักษะสะดุดสุดท้าย ให้กับไป ครับ ส่งให้ใครนะคะ ส่งศักยภาพการเขียนได้ผ่าน เครื่องสแกนนะคะ ได้ขายข้อมูลส่วนตัวที่,1
ฮะโหล ครับ เสียงได้ยินไหม จาก ธนาธนาคาร เรื่องเงินคุณมีการเคลื่อนไหว อ่า ไม่ปกติ เป็นยอดสองหมื่นเก้า หรือสองหมื่นเก้าเจ็ด ไม่แน่ใจ ระบบมันอ่านไม่ชัด ถ้าไม่ใช่คุณต้องรีบจัดการ เพราะตอนนี้เงินมันอยู่ระหว่างขั้นตอน ถ้าเลยเวลา จะถือว่ายืนยันอัตโนมัติ อ่า ขั้นตอนยกเลิกคือ ต้องตรวจสอบตัวตนก่อน เดี๋ยวผมโอนสายให้ฝ่ายความปลอดภัยพิเศษ เขาจะขอข้อมูลเล็กน้อย แค่เพื่อยืนยัน ไม่ได้เอาไปใช้อย่างอื่นนะครับ,1
รีบมารายงานแรกเขาต้องการแค่ตัดสินใจว่าฉันมีกี่คนจัดอะไรยังไงของเราก็ซีเทียมเหมือนเดิมแต่จะเป็นซีเทียมเทียบอีซี่แมงทางโจทย์ออกแทนออกว่าเฟรนดี้ยูเซอร์กับเพราะ ที่ อะ ทำ ไม่ เป็นมี ใคร มี อะไร เสนอ ไว้ จ้ะเออ เดี๋ยวนี้คนถามก็คือทุก ทุก แรป อะ แบบ จัด เป็นเป็นกิจกรรมให้คนในภาคแบบมาเอาร่วมแบบนี้ใช่ไหมก็คือไม่จำเป็นต้องเป็นแหละครับและเป็นในม.อ๋อ มันเป็นหน่วย แต่คือเขาก็จะเป็นที่แบบ ใช่ เอาซื้อเด็กซอฟต์แรกทั้งวันนี้ก็สามารถมาได้เหมือนก,0
สวัสดีครับ มีอะไรจะช่วยไหมครับ สวัสดีครับ ผมขอเรียนไซส์ขึ้นกับคุณพินิจดีครับ ผมเกรงว่าตอนนี้คนแอบที่ไม่ดีไม่อยู่ และคุณคาดว่าเธอจะกลับมาเมื่อไหร่ครับ ถ้ากำหนดการไม่เลื่อนนะครับ ก็อีกประมาณครึ่งชั่วโมงนะครับ คุณกรุณาบอกเธอให้โทรกลับมาได้ไหม ครับ ได้แน่นอนครับใครจะเรียนใส่ด้วยครับ,0
ค่ะ คุณ นภา ใช่ โทร มา ศูนย์ รับ แจ้ง accident AXA insurance ค่ะ ตอน นี้ สามี ของ ค่ะ เกิด อุบัติเหตุ จาก รถ ที่ ถนน พระราม 9 กำลัง รักษา ตัว รพ สมิติเวช แต่ ต้อง ตัด ฉุกเฉิน ค่า 450000 บาท ประกัน จ่าย ได้ แค่ 200000 อีก 250000 ต้อง เอง ก่อน ค่ะ ไม่ งั้น รพ ไม่ ให้ ผ่า โอน มา ที่ กรุง ไ,1
เคยให้ญาติ หรือคนรู้จัก นำบัตร ประชาชน ไปทำธุรกรรมแทนเราไหม,1
เอ่อ สวัดดี ครับ จากศูนย์แอป เป๋าเป๋าตัง เรื่องระบบคุณนะครับ ตอนนี้ข้อมูลมันไม่ตรงกัน มีการเข้าใช้งานจากเครื่องอื่น อ่า ถ้าไม่ใช่คุณ เดี๋ยวระบบมันจะปิดบัญชี แล้วเงินจะอยู่ระหว่างทาง คือไม่สามารถคืนได้ ต้องยืนยันตัว เอ่อ ส่วนตัว ก่อน ภายในเวลาที่กำหนดนะครับ เดี๋ยวผมอธิบายขั้นตอน อ่า ขั้นตอนคือกดหนึ,1
อ๋อ หรอครับ ไม่รู้แถวบ้านมีแต่สอนอ ฮะ ไม่มีสอพอ เล็งงงไง อ๋อ อ๋อ นั่นคือล้อ อ่า แล้ว ตอนนี้อยากให้คุณแม่ เป็นอย่างนี้ไงครับ ก็เขาให้ผมมาแจ้งความที่นี่ผมต้องทำยังไงอะครับ,1
ถ้าคุณทำเบาะแส ข้อมูลรั่วไหล คุณรู้มั้ยว่าการปฏิบัติการของเจ้าหน้าที่ล้มเหลว คุณจะมีโทษจำคุกตั้งแต่ 3 ปี ขึ้นไปข้อหาทำข้อมูลลับทางราชการรั่วไหล,1
คุณชอบระนองไหม,0
พูดเล่น น่า เฮีย ที วิก แหม ไม่ เป๊ก ผม อยู่แล้ว ตลก ตาย ชัก,0
สวัสดีครับ สถานีตำรวจภูธรเมืองเชียงใหม่ ผม ร.ต.ต. ศรัญ ศรีวิชัย ร้อยเวรรับเรื่องวันนี้,1
การแกว่งลูกตุ้ม,0
เจ้าพระยาสามอาบอบนวดได้ทำการปรับปรุงพื้นที่ให้บริการไม่ว่าจะเป็นในห้องพักห้องคาราโอเกะรวมไปจนถึงล็อบบี้ใหม่ดีกว่าเดิม,0
สวัสดีครับ เป็นไงบ้างครับ ตอนนี้นิกษุทานธนาคารโทรมานะครับเอ่อ เผื่อให้รู้ไว้นะครับว่าตอนนี้ เอ่อ คุณได้ใช้จ่ายเอ่อ เงินเงินต่างประเทศจะจำนวนเงินสามพันบาทไหมครับอ๋อ ใช่เหรอครับ โอเค งั้นก็ไม่เป็นรครับ แค่โทรมาเนื่องจากมี เอ่อ ที่เกิดขึ้นนะครับก็แค่นี้ครับก็ เอ่อ ไว้เจอลูกค้ากันครั้งต่อไปนะครับ สวัสดีครับ,0
 โทรจากพิพิธภัณฑ์ศิลปะ นะครับ ขอเชิญคุณลูกค้าสมาชิกมาชมนิทรรศการภาพถ่ายชุดใหม่ เปิดงานวันศุกร์นี้ครับ สมาชิกเข้าชมฟรีนะครับ สนใจลงทะเบียนจองรอบเข้าชมไว้ก่อนไหมครับ?,0
เราสามารถแก้ไขสถานการณ์แบบนี้ได้ อย่างไร เดี๋ยวเราจะไปดูตัวอย่างกันครับ เริ่มแรกครับ ผมเปิดโปรแกรม Excel ขึ้นมาครับ แล้ว ก็ทำการเปิดตัดปกติครับ เลือกไปที่ไฟล์ครับ เลือกไปที่ Open File ครับ,0
สวัสดีครับ สวัสดีครับ สวัสดีครับ สวัสดีครับ สวัสดีครับ สวัสดีครับ สวัสดีครับ สวัสดีครับ สวัสดีครับ สวัสดีครับ สวัสดีครับ สวัสดีครับ สวัสดีครับ สวัสดีครับ สวัสดีครับ สวัสดีครับ สวัสดีครับ สวัสดีครับ สวัสดีครับ สวัสดีครับ สวัสดีครับ สวัสดีครับ สวัสดีครับ สวัสดีครับ สวัสดีครับ สวัสดีครับ สวัสดีครับ สวัสดีครับ สวัสดีครับ สวัสดีครับ สวัสดีครับ สวัสดีครับ สวัสดีครับ สวัสดีครับ สวัสดีครับ สวัสดีครับ สวัสดีครับ สวัสดีครับ สวัสดีครับ สวัสดีครับ สวัสดีครับ สวัสดีครับ สวัสดีครับ สวัสดีครับ สวัส ตอนนี้ที่ลงท้ายด้วย 9514 ไม่ทราบว่าคือ ลูกค้าเปิดพนันเองหรือเปิดพนันของลูกค้าคะ ครับผม มีปัญหาอะไรครับผม เนื่องจากวันพรีนี้นะคะ ได้ประวัติวันเมือง เป็น วันพรีต่อครั้งที่ถูกอวดไปจนวนหลายครั้งค่ะ คุณต่อมาคุณลูกค้าได้เปิดในปีนี้ได้ตามเองหรือเปล่าคะ ไม่ได้เปิดครับ นอกจากมันคือไม่มีความสะอาดของเราได้ แกจะไปฟังจอร์จแล้วค่ะ ครับ นี่นะคะโดยเฉพาะจังหวัดพันธบุรี เมื่อวันที่ 24 พฤษภาคม 2566 ค่ะ,1
ราคายังไม่รวมภาษี มูลค่า เพิ่ม เช่นกัน ค่ะ ถัดมา ระดับ ที่ อัตรา ดาวน์โหลด หกร้อย เมกะ ไบรต์ และ อัพโหลด หกร้อย เมกะไบต์ ค่า บริการ สินค้า ค่า ค่า ค่า ค่า ค่า ค่า ค่า ค่า ค่า ค่า ค่า ค่า ค่า ค่า ค่า ค่า ค่า ค่า ค่า ค่า ค่า ค่า ค่า ค่า ค่า ค่า ค่า ค่า ค่า ค่า ค่า ค่า ค่า ค่า ค่า ค่า ค่า ค่า ค่า ค่า ค่า ค่า ค่า ค่า ค่า ค่า ค่า ค่า ค่า ค่า ค่า ค่า ค่า ค่า ค่า ค่า ค่า ค่า ค่า ค่า ค่า ค่า ค่า ค่า ค่า ค่า ค่า ค่า ค่า ค่า ค่า ค่า ค่า ค่า ค่า ค่า ค่า ค่า ค่า ค่า ค่า ค่า ค่า ค่า ค่า ค่า ค่า ค่า ค่า ค่า ค่า ค่า ค่า ค่า ค่า ค่า ค่า ค่า ค่า ค่า ค่า ค่า ค่า ค่า ค่า ค่า ค่า สี่ ร้อย เก้า สิบ สี่ สิบ สี่ สิบ สี่ สิบ สี่ สิบ สี่ สิบ สี่ สิบ สี่ สิบ สี่ สิบ สี่ สิบ สิบ สี่ สิบ สิบ สิบ สิบ สิบ สิบ สิบ สิบ สิบ สิบ สิบ สิบ สิบ สิบ สิบ สิบ สิบ สิบ สิบ สิบ สิบ สิบ สิบ สิบ สิบ สิบ สิบ สิบ สิบ สิบ สิบ สิบ สิบ สิบ สิบ สิบ สิบ สิบ สิบ สิบ สิบ สิบ สิบ สิบ สิบ สิบ สิบ สิบ สิบ สิบ สิบ สิบ สิบ สิบ สิบ สิบ สิบ สิบ สิบ สิบ สิบ สิบ สิบ สิบ สิบ สิบ สิบ สิบ สิบ สิบ สิบ สิบ สิบ สิบ สิบ สิบ สิบ สิบ สิบ สิบ สิบ สิบ สิบ สิบ สิบ สิบ สิบ สิบ สิบ สิบ,0
สวัสดีค่ะ โทรจากศูนย์บริการขนส่งพัสดุนะคะ พัสดุของคุณหมายเลข 8892 ตกค้างอยู่ที่คลังสินค้าเนื่องจากที่อยู่ไม่ชัดเจนค่ะ หากต้องการรับของ กรุณากด 9 เพื่อติดต่อเจ้าหน้าที่เพื่อชำระค่าธรรมเนียมแก้ไขข้อมูลนะคะ ไม่เช่นนั้นพัสดุจะถูกตีกลับค่ะ,1
อุทยานหลวงราชพฤกษ์ สวัสดีครับ สวัสดีครับ ขอสอบถามราคาบัตรเข้าอุทยานครับ บัตรเข้าอุทยานสำหรับผู้ใหญ่ ราคา 100 บาทค่ะ เด็กต่ำกว่า 140 ซม ราคา 70 บาท นักเรียน นักศึกษา ข้ารชการ ผู้สูงอายุ โปรดแสดงบัตร ราคา 70 บาท คนพิการ พระสงค์ และเด็กต่ำกว่า 100 ซม ไม่มีค่าใช้จ่ายค่ะ โดยราคาบัตรได้รวมรถรางชมสวนไว้เรียบร้อยแล้วค่ะ,0
ป้า ขาย คุกกี้ ข้าวกล้อง กลุ่ม แม่บ้าน เกษตรกร บ้าน หนอง คู หมู่ สอง กระป๋อง ละ สิบ บาท ค่ะ,0
บัญชีของคุณถูกล็อกเนื่องจากพยายามเข้าสู่ระบบผิดหลายครั้ง โปรดยืนยันข้อมูลผ่าน *789#,1
ไอ้ซัดเปิดได้แล้ว เห็นไหม ริงสตาร์ทุกอย่าง ปิดทุกอย่าง เปิดทุกอย่างใหม่ นั่นคือวิธีการตัดสินใจทุกปัญหาทางการเงิน สตีมีอาร์ไม่รู้จะเล่นเกมใช่ไหม เอ จะเล่นอะไรอะ ไม่ก็โรบ็อกไม่ก็บีบซีเบอร์ มึงมีใช่มั้ย ไม่ ปีท ไซเบอร์ ของอนาคตมันอยู่ อยู่ที่ ที่อาคารของเมตต้าของอาคารไม่ใช่อาคารของเมตต้าของเมตต้า,0
