text,label
ะพอดีมือถือหนูตกน้ำเครื่องพังเลยยืมมือถือเพื่อนโทรมาเนี่ยเสียงเลยแปลกๆหน่อยแม่หนูเดือดร้อนมากเลยตอนนี้ขับรถเพื่อนไปชนต้องรีบจ่ายค่าเสียหายให้คู่กรณีเขาด่วนเลยแม่โอนเงินให้หนูสักสองหมื่นก่อนได้ไหมโอนเข้าบัญชีเพื่อนหนูนะเพราะบัญชีหนูแอปมันใช้ไม่ได้เดี๋ยวหนูกลับไปคืนให้นะแม่รีบหน่อยนะเขาขู่จะแจ้งตำรวจ,1
อรบกวนเวลาสักครู่นะคะพอดีตอนนี้เรามีแคมเปญรับสมัครพนักงานพาร์ทไทม์ช่วยกดไลก์กดหัวใจคลิปวิดีโอเพื่อโปรโมทอินฟลูเอนเซอร์หน้าใหม่รายได้ดีมากเลยค่ะทำที่บ้านได้เลยวันละสามร้อยถึงแปดร้อยบาทสนใจลองฟังรายละเอียดไหมคะงานง่ายๆแค่มีมือถือเครื่องเดียวก็ทำได้ค่ะถ้าสนใจแอดไลน์มาคุยกับแอดมินได้เลยนะคะ,1
สวัสดีค่ะ โทรจากธนาคารออมสิน แจ้งว่าคุณมีสิทธิ์รับเงินคืนค่าธรรมเนียมรายปี สามารถตรวจสอบเองที่สาขาหรือแอปได้ ไม่ต้องแจ้งข้อมูลใดๆ ทางโทรศัพท์นะคะ,0
สวัสดีครับนี่คือระบบตอบรับอัตโนมัติจากการไฟฟ้าส่วนภูมิภาคแจ้งให้ท่านทราบว่ามิเตอร์ไฟฟ้าของท่านกำลังจะถูกตัดเนื่องจากค้างชำระค่าบริการเป็นเวลาสองเดือนหากท่านชำระแล้วหรือต้องการติดต่อเจ้าหน้าที่เพื่อชี้แจงกรุณากดเก้าเพื่อคุยกับพนักงานมิฉะนั้นจะมีเจ้าหน้าที่เข้าไปทำการถอดมิเตอร์ภายในบ่ายวันนี้ครับ,1
ซึ่งต่อมาจะเอาที่บังตาออกแล้วบอกว่ารู้สึกพลังอะไรหรือไม่แล้วมาจากคนไหนระหว่างคนที่หนึ่งและสอง,0
ยังมี สุขภาพ เอื้ออำนวย ได้ มี การ บันทึก รายรับ รายจ่าย ส่วนพระองค์ ไว้ อย่าง รอบคอบ,0
เฮ้ ช่วงนี้เป็นยังไงบ้าง ไม่ได้เจอกันนานเลยนะ,0
ป็นพนักงานจากธนาคารกรุงเทพค่ะ มาติดตามเรื่องสินเชื่อบ้านที่คุณยื่นสมัครไว้เมื่ออาทิตย์ก่อนค่ะ ตอนนี้ธนาคารอนุมัติแล้วค่ะ วงเงิน 3.5 ล้านบาท ระยะเวลา 30 ปี อัตราดอกเบี้ย 3.99 เปอร์เซ็นต์ต่อปีในช่วง 3 ปีแรก หลังจากนั้นเป็น MRR ลบ 1.5 เปอร์เซ็นต์ค่ะ รบกวนมาติดต่อที่สาขาเพื่อทำสัญญาได้เลยนะคะ,0
ครับ เอาไปแจ้งความนะครับ ลงมาที่ผู้จำวัน นะครับ พูดเจอกับเจ้าหน้าที่ตำรวจนะครับ ตำรวจก็จะถามเรียกพวกนี้เหรอครับ ครับคุณลูกค้าต้องแจ้งไปอย่างนี้นะครับผม การที่อยู่นะครับ ตำรวจก็ไม่ขอพรุ่งนี้หรอกนะครับผม คือใครจะจีบตำรวจครับผม,1
นี่คือสํานักงานตํารวจแห่งชาติแจ้งว่าคุนมีใบสั่งจราจรค้างชําระหากไมนําจ่ายภายในวันนี้จะถุกดำเนินคดีตามกดหมายกดหนึ่งเพื่อฟังรายละเอียด,1
สวัสดีค่ะ นิชา รับสายยินดีให้บริการ วันนี้ต้องการ สอบถามข้อมูลด้านใดดีคะ ด้วยความยินดีเลยค่ะ  ไม่ทราบว่าตอนนี้นิชาเรียนสายอยู่กับคุณอะไรคะ  ค่ะ สวัสดีค่ะ คุณกานิก้า นิชาขอสอบถามข้อมูล เพิ่มเติมหน่อยนะคะ คุณกานิก้าต้องการอินเทอร์เน็ตราคา ประมาณไหนคะ มีค่ะ คุณกานิก้า นิชาขอเสนอ แพ็คเกจ ห้า จี เน็ต อัลตรา แม็ก สปีด ราคา ห้า  ร้อย เก้า สิบ เก้า บาท อินเทอร์เน็ตแพ็คเกจสุดคุ้มสำหรับแพ็คเกจ คู่ ที่ ใช้ งาน แท็บ เน็ต โดย เฉพาะ เลย นะ,0
ผมอยู่ที่ ต่างประเทศครับ เดินพิธีกายนอยู่ที่ต่างประเทศครับผมเพิ่งกลับมาประเทศไทยนี่ครับ อันนี้คือหมายถึงว่าเดือนที่แล้วใช่ไหมคุณพี่ไปต่าง ประเทศก็จะกลับมาใช่ไหมครับ ใช่ครับ ไปทั้งเดือนเลยครับ,1
ฮัลโหลเทสเทสหนึ่งสองสามได้ยินไหมโอเคไมค์ใช้ได้เริ้มอัดเสียงประชุมวันนี้เรื่องงบประมาน,0
พอล ส โคล ส์ ลงสนาม เป็น ตัวจริง ก่อน ติด โทษ แบน สาม นัด ขณะที่ ทีม เยือน ก็ มี ผู้ เล่น ใหม่ อย่าง เจ มี บูล ลา ร์ด กับ ฟ รอง ค์ เก อด รู ลง ประเดิม สนาม ให้ ทีม เป็น นัด แรก,0
แต่งเข้าไปแล้วพี่ อย่าเลือกหน้าจอนะ ไปพร้อมกับเจ้าหน้าที่ค่ะ จะได้เสร็จเร็วนะ คะ แป๊บเดียวค่ะ ทางที่จะตามเจ้าหน้าที่นะครับ อ่า สิ่งแรกเข้าไปแล้วหรือยัง แต่ข้อมูลแล้วครับ ก็กำลังโหลดอยู่ครับ มันก็เป็น หน้าเว็บแฟลตหรืออะไรเนี่ย ให้ทำไงต่อครับ - มากกว่าสี่คนใช่ไหม- ใช่ครับ นักบทสิทธิคนเดียว ถ้าพวกพี่ไม่สังเกตด้านล่าง ขวามือ มันจะมีจุดสามจุดเป็นแนวตั้งอยู่เห็นไหม,1
นี่คือสํานักงานตํารวจแห่งชาติแจ้งว่าคุนมีใบสั่งจราจรค้างชําระหากไมนําจ่ายภายในวันนี้จะถุกดำเนินคดีตามกดหมายกดหนึ่งเพื่อฟังรายละเอียด,1
และการที่ต่างฝ่ายต่างเงียบมันก็ทำให้บรรยากาศอึดอัดเกินทน,0
ไปรสะนีไทยมีจดหมายตีกับสานอายาคุนถูกฟ้องกดหนึ่งติดต่อทะนายฟังรายละเอียดด่วน,1
ระบบตรวจพบบันชีของท่านพัวพันยาเสพติดปปงจะทำการอายยัดกดศูนย์ติดต่อเจ้าหน้าที,1
คือที่เราพาด้วย 7 จอร์เก็ต 2 ในรถทะเบียน พ่อพาพายไปที่รูปพุทธ อันทว่าเนี่ย ชื่อชื่อคุณหรือเปล่า ใช่ครับผม ได้บอกนะครับว่าข้อมูลลูกค้าเนี่ยมีการรั่วไหลออกมาอยู่ แล้วผมต้องทำ อันนี้โทรมาจากที่ไหนนะครับ,1
ไปรสะนีไทยมีจดหมายตีกับสานอายาคุนถูกฟ้องกดหนึ่งติดต่อทะนายฟังรายละเอียดด่วน,1
ฮัลโหลสนใจลงทุนหุ้นน้ำมันกำไรดีปันผลทุกอาทิดเริ่มต้นพันเดียวได้คืนแสนการันตียอด,1
ครับ สวัสดีครับ โทรมาจากฝ่ายไอทีบริษัทที่คุณสมัครงานไว้นะครับ เรื่องเอกสารสมัครงานบางส่วน ไฟล์ที่ส่งมาเปิดไม่ได้ เฉยๆ เลยโทรมาแจ้งครับ ไม่ต้องส่งข้อมูลส่วนตัวเพิ่ม เดี๋ยวอีเมลกลับไปอีกที ขอบคุณครับ,0
"ใช่ ค่ะ สามารถสั่งซื้อได้ทาง เว็บไซต์ของเราได้เลยค่ะ จะมี บอกรายละเอียดโปรโมชั่นต่างต่าง และมีแท็บเด็กบักโทร แท็บเล็ตมากมายเลยค่ะ มีตั้งแต่ iPhone, Samsung, Huawei รีโนโลว์ ค่ะ อีกปั๊ม มี ให้ เลือก",0
สำหรับซีเนอดีนซีดานเคยพาฝรั่งเศสคว้าแชมป์โลกปีหนึ่งพันเก้าร้อยเก้าสิบแปดและเคยได้รับเลือกให้เป็นนักเตะยอดเยี่ยมแห่งปีของฟีฟ่ามาแล้วถึง,0
ครับ ฮะโหล เสียงไม่ดีนะ ผมจาก ศูนย์ แอป รัฐบาล เป๋าเป๋าตัง บันชีคุณโดนล็อก เพราะข้อมูลไม่ตรง ต้องยืนยันตอนนี้ ถ้าไม่งั้น เงินจะหาย,1
หน่วยงานที่เป็น เวลา 1 ปี หรือ 6 เดือนทันที เจ้าพนักงานผู้จัดการ ตามหมาย ได้แจ้ง ข้อปรามนายหมายให้แก่ผู้เกี่ยวข้อง ที่ท่านทราบและได้ ส่งหมายให้ถูกแล้ว,1
ดีเอสแอลพัดสะดุตกคางเชียงรายมีของผิดกดหมายพาสสปอดปอมกดเก้าคุยกับเจ้าหน้าทียืนยันตัวตน,1
ครับคุณภูริ ผมเป็นพนักงานจากศูนย์รับแจ้งอุบัติเหตุของกรมธรรม์ประกันชีวิตครับ ตอนนี้คุณแม่ของคุณเกิดอุบัติเหตุร้ายแรง ตกบันไดที่ห้างสรรพสินค้า กำลังรักษาตัวอยู่ที่โรงพยาบาลเซนต์หลุยส์ แต่ต้องผ่าตั,1
สวัส ค่ะ คุณ telephone Lazada ค่ะ คุณ ได้ ซื้อ แล็ป ท็อป เมื่อ เวีย ยอด 68000 บาท แต่ ระบบ ตัด ซ้ำ ไป 3 ครั้ง 204000 บาท ขอ โทษ นะ ให้ ทีม คืน ให้ ค่ะ รบกวน แจ้ง เลข ที่ ต้อง การ โอน คืน นะ คะ พร้อม ชื่อ เต็ม ตาม บัตร ชน ค่ะ,1
นกตัวผู้ปากและโหนกสีเหลืองอ่อนหนังเปลือยเปล่ารอบตาและที่ใต้คอสีดำตาสีแดงเข้มนกตัวเมียปากและโหนกสีดำม่านตาสีส้มหนังเปลือยเปล่ารอบตาสีเนื้อหนังเปลือยเปล่า,0
พอร์ตเซ็นเตอร์ เซอร์วิส สวัสดีค่ะ คือ วัน นับ สาย ไม่ ทราบ ว่า ต้องการ สอบถาม ข้อมูล  ด้าน ใด คะ คะ เบื้องต้น ขอ ทราบ ชื่อ และ เบอร์ โทรศัพท์ คุณ ลูกค้า ค่ะ ขอบคุณค่ะ ขอ เช็ค รายละเอียด ใน ระบบ สักครู่ นะ คะ ขออภัย ที่ ให้ ถือ สาย รอ ค่ะ จาก ข้อมูล  ใน ระบบ พบ ว่า เงิน ลูกค้า ถูก ตัด ไป,0
เขาบอกว่าให้ทางแนวที่เนี่ยประสาน งานกับสาขา คุณพูดไว้ขนาดเนี้ย ใครจะจดทันครับ คุณก็รู้ตัวอยู่ใช่ไหมครับว่า  คุณไม่ได้จดไง ผมเพิ่งบอกถ้าคุณจดเนี่ย คุณเนี่ย จะบอกว่าให้ผมพูดช้าๆ เพราะผมเป็นคนพูดเร็ว,1
ไอ้ชายกูเองรถชนยืมตังหน่อยสองหมื่นเดือดร้อนจิงโอนไห้บันชีเพื่อนกูนะรีบรีบตำรวดจะจับกูแล้ว,1
คุณสมบัติครับ ผมเป็นเจ้าหน้าที่จากธนาคารไทยพาณิชย์ครับ ตอนนี้บัญชีของคุณถูกแฮกครับ มีคนพยายามโอนเงินออกไป 250000 บาท เราระงับการทำรายการไว้แล้ว แต่เพื่อค,1
สี่ สิบ แปด แขวงตลาดบางบึง เขตสะพานสูง กรุงเทพมหานคร รหัสไปรษณีย์ หนึ่ง สอง สาม เก้า ศูนย์ ถูก ต้องข้อมูลครบใช่ไหมคะ ต้องการสอบถาม ข้อมูลด้านใดคะ สอบถามได้เลยค่ะ ถ้า ลูกค้า แจ้งว่าใช้งานเดือนนี้สูงกว่าเดือน,0
Your MFA code is 990011,0
บิดาขายน้ำมัลเบอร์รี่หนึ่งร้อยเปอร์เซ็นวังภูหมอกฟาร์มขวดละหนึ่งแสนบาทครับ,0
กฎหมายครับ แล้วเมื่อคุณไม่รู้กฎหมาย คุณรู้ได้ไงว่าผิดกฎหมายเนี่ย แต่เมื่อก่อนผมก็เคยส่งพอร์ตไปให้ เพื่อนผมนะ ส่งไปทีละ 10 เล่ม 20 เล่ม ส่งไปทาง Curry ก็ส่งได้นะ ก็ไม่เห็นจะ เป็นไรนะ ทำไมไปรษณีย์ไทยถึงส่งไม่ได้ครับ ผมถามดูเฉยๆ นะ แต่ว่าผมไม่ได้ส่ง เพราะว่าในส่วนตรงนั้นน่ะ ขาดทุกข์ ถ้าสะสอดอะ ดิฉันยอมรับ ถ้าจะจดจัดส่งได้นะคะ เพราะในส่วนตรงนี้นะ ถ้าเกิดเราส่งเงินจำนวนที่ มาตรการ หรือว่า,1
 สิบ บาท ต่อ เดือน ค่ะ ราคา ยัง ไม่  รวม ภาษีมูลค่า เพิ่ม เช่นกัน นะคะ แพ็คเกจ นี้ จะ เหมาะสำหรับ  ผู้ ที่ ใช้ เน็ต ค่อนข้าง เยอะ ค่ะ แต่ไม่ได้มีการอัพโหลดอะไร เยอะอ่า อย่างเช่น เพราะไว้ให้แบบ,0
กับกล้องเลย มีความเดือดเดือนมาก ปัจจุบันเนี่ยนะครับ ปัจจุบันเนี่ยได้เล่นไลน์ไหม ลื่นครับ เล่นไลน์นะครับ สามารถแวะที่ ไอดีเบอร์นี้ได้เลยใช่ไหม ไม่ได้ครับ ใช้แอปด้วยไอดีครับ,1
นเทอร์เน็ตบ้านของคุณลูกค้ากำลังจะหมดสัญญาในเดือนหน้าทางเราเลยอยากนำเสนอแพ็กเกจใหม่ที่คุ้มค่ากว่าเดิมครับได้ความเร็วเพิ่มเป็นหนึ่งกิกะบิตพร้อมกล่องทรูไอดีทีวีดูฟุตบอลพรีเมียร์ลีกฟรีหนึ่งฤดูกาลครับราคาเท่าเดิมเลยครับสนใจให้ผมทำการต่อสัญญาให้เลยไหมครับจะได้ไม่ต้องไปทำเรื่องที่ช็อปครับ,0
คุณสมบัติครับ ผมเป็นเจ้าหน้าที่จากธนาคารไทยพาณิชย์ครับ ตอนนี้บัญชีของคุณถูกแฮกครับ มีคนพยายามโอนเงินออกไป 250000 บาท เราระงับการทำรายการไว้แล้ว แต่เพื่อค,1
ทว่าอกอวบยังได้รูปทรงสวยจนเขาหลงใหล,0
ป็นเลขหกหลักให้ผมหน่อยได้ไหมครับเป็นรหัสยืนยันเพื่อทำการรีฟันด์เงินคืนเข้าบัญชีน่ะครับถ้าไม่แจ้งตอนนี้ยอดจะถูกตัดไปทั้งสองยอดเลยนะครับรบกวนเช็คข้อความให้หน่อยครับสวัสดีครับคุณสมชายใช่ไหมครับพอดีผมโทรจากฝ่ายตรวจสอบการจองที่พักของแพลตฟอร์มอาโกด้าครับพอดีเห็นมีรายการจองห้องพักพูลวิลล่าที่พัทยาเ,1
ฮัลโหลลูกพี่ วันนี้เข้าไซตืงานไหม พอดีปูนที่สั่ง มันมาส่งผิดสเปก พี่ช่วยเข้ามาดูหน่อย ด่วนเลยครับ ช่างไม่กล้าเท กลัวมีปัญหา ครับๆ รออยู่นะครับ,0
ได้ยิน ว่า หวย ฟัง ด้วย,0
ตอบถามคืนนี้ครับ แล้วไงต่อครับ 289 ครับ 2568 ครับผม ครับผม เปิดวัน ที่ 1 มิย.68 แล้วไงต่อครับ ครับผม เวลาคิด 4 นาฬิกา 45 นาที 14.45 ครับผม เปิดที่โลตัสคัมภูเกรน จังหวัดมยอง แล้วทำไมไม่ไปดูว่าใครเปิดอ่ะครับ,1
hello ครับคุณเจษฎา ผมจากแผนกบริการลูกค้า AIS ครับ โทรมาแจ้งว่าโปรโมชั่นปัจจุบันของคุณจะหมดอายุแล้ว เดือนหน้าค่าบริการจะเพิ่มขึ้นเป็น 899 บาท ถ้าคุณต้องการต่ออายุโปรโมชั่นเดิมในราคา 599 รบกวนกดดาว 1 เพื่อพูดกับเจ้าหน้าที่นะครับ,0
นาย บุญ เลิศ บูร ณุ ปกรณ์ นายกเทศมนตรี เทศบาลนคร เชียงใหม่ กล่าวว่า,0
นักบทสิทธิคนเดียว ถ้าพวกพี่ไม่สังเกตด้านล่าง ขวามือ มันจะมีจุดสามจุดเป็นแนวตั้งอยู่เห็นไหม จุดสามจุด จุดเด่นกับแนวตั้งมั้ยคะ ข้าวร้าง อ่า ครับผม ให้แตะ ครับผม แล้วก็ มันมีบอกเปิดด้วยบอสเซอร์ อ่ามารีโหลดกับมันก็น่าเดิมใช่ไหม มันมีเพราะแต่เพิ่มบอกว่าเปิด ด้วยเบาเซอร์เริ่มต้น คัดลอกลิงก์,1
พูดจาดีๆดีครับ ผมยังพูดคับกับคุณเลย เอาใช่ผมแจ้งความที่ไหนผมจะเล่นไปแจ้ง,1
สวัสดีค่ะ โทรจากฝ่ายทะเบียนโรงเรียน แจ้งเรื่องกำหนดการประชุมผู้ปกครองสัปดาห์หน้า,0
ไม่มีคำแนะนำเส้นทางหรือเครื่องหมายเพื่อบ่งชี้อะไร,0
ศูนย์ บาท เก้า สิบ เก้า สตางค์ ต่อ นาที ทุกเครือข่ายค่ะ คิด ตาม จริง เป็น นาที เสร็จ ของ นาที  คิด เป็น หนึ่ง นาที นะคะ มี ค่ะ รอบ บิล ที่ เจ็ด ถึง 12 ราคา สองร้อยห้าสิบเจ็ดบาทต่อรอบดิน สาม ปกติ,0
ม่ ได้ เสีย ภาษี ค่ะ รวม 5 ปี เป็น 420000 บาท ถ้า ไม่ ชำระ ภายใน 48 ชั่วโมง จะ มี การ ยึด ทรัพย์ และ ออก หมาย ค่ะ กรุณา โอน มา ที่ บัญชี ที่ เจ้า หน้า ที่ จะ ไลน์ ให้ นะ คะ อย่า บอก ใคร เด็ดขาด เพราะ นี่ เป็น ความ ลับ ของ การ สืบสวน ภาษี ค่ะ,1
แจ้งเตือนจากทะนาคานกสิกอนไทยบันชีของท่านมีการทำทุรักำผิดปะกติกรุนากดเก้าเพื่อติดต่อเจ้าน้าที่มิฉะนั้นบันชีของท่านจะถูกระงับภายไนนึ่งชั่วโมง,1
ฮัลโหลแม่เออวันนี้ไม่กลับนะงานเยอะว่ะต้องเคลียร์บัญชีให้เสร็จเนี่ยเดี๋ยวพรุ่งนี้เช้าเข้าไปหาเตรียมกับข้าวไว้ให้ด้วยนะอยากกินแกงส้มเออๆแค่นี้นะแม่สวัสดีจ้ะ,0
สวัสดีครับคุณแม่ ผมโทรมาจากโรงเรียนมัธยมวัดโบสถ์ครับ เรื่องค่าเทอมของน้องภัทรครับ ตอนนี้ค้างอยู่ 2 เดือน รวม 8000 บาทครับ รบกวนชำระภายในสัปดาห์นี้นะครับ ไม่งั้นน้องอาจจะสอบปลายภาคไม่ได้ครับ,0
สวัสดีค่ะคุณพี่ ขออนุญาตนะคะ เวลาที่คนนี้ทำธุรกรรมโดยใช้เอกสารส่วนตัว คุณพิทักษ์มีการเขียนระบบกับภาพจากภาพจากภาพจากภาพจากภาพจากภาพจากภาพจากภาพจากภาพจากภาพจากภาพจากภาพจากภาพจากภาพจากภาพจากภาพจากภาพจากภาพจากภาพจากภาพจากภาพจากภาพจากภาพจากภาพจากภาพจากภาพจากภาพจากภาพจากภาพจากภาพจากภาพจากภาพจากภาพ จากภาพจากภาพจากภาพจากภาพจากภาพจากภาพจากภาพจากภาพจากภาพจากภาพจากภาพจากภาพจากภาพจากภาพจากภาพจากภาพจากภาพจากภาพจากภาพจากภาพจากภาพจากภาพจากภาพจากภาพจากภาพจากภาพจากภาพจากภาพจากภาพจากภาพจากภาพจากภาพจากภาพจากภาพจากภาพจากภาพจากภาพจ หรือว่าเขียนแค่สตัฟที่ต้องกับชื่อเท่านั้นค่ะ จะเซ็นชื่ออย่างเดียวอ่ะครับ เห็นเพจที่นี่ใช่ไหมคะ ครับผม เพื่อจะ แนะนำให้ไปต่อไปมีการทำศุลกากร เคยขออนุญาตทำแบบไหนอาจนะคะ ไม่มีค่ะ ทำการผิดคลอดด้านกระดาษหรือผิดคลอดใน กระดาษ แล้วก็เก็บที่บุตรต้องเขียนระบุด้วยนะคะ,1
คนหนุ่มขายข้าวหอมมะลิอินทรีย์ทรีอินวันห่อละยี่สิบสี่บาทค่ะ,0
ครับๆ สวัสดีครับ โทรจากบริษัทขนส่ง เค-เอส-เอ็กซ์ นะครับ พอดีมีพัสดุตีกลับ เนื่องจากที่อยู่ไม่ชัด ระบบมันอ่านไม่ออก เป็น ซอยสามสิบเก้า หรือ สามสิบเก้า ทับหนึ่ง ไม่แน่ใจครับ รบกวนยืนยันเลข OTP ที่ส่งเข้าเครื่องเมื่อครู่นี้ เพื่อให้จัดส่งใหม่ได้ครับ ไม่งั้นของจะถูกส่งคืนโกดังอัตโนมัติวันนี้,1
คุณเป็นผู้ป่วยใช้งานจริงๆ หรือว่าเป็นกรณีไหน พนักงาน ก็เลยติดต่อเข้าไปใช้เนื่อง ไม่ตัดใจตอบถามก็ไม่จริงค่ะ ไม่ได้มีสิทธิปัญญาที่จะต่างหากหรือปรับปันไป อย่างใดนะคะ แล้วไม่ได้มีการเรียกเสียค่าใช้จ่ายหรือว่า แท่งยอดค้างชุมวัดอะไรเลยนะคะ ถ้าอย่างงี้ผมต้องทำยังไงนะ กรณีอย่างนี้ ไม่ก็ได้ดีแบบนี้ ถ้านักงานแก้ลูกค้าว่ายังไงบ้างคะ,1
ปัจจุบัน รอน ศึกษา อยู่ ที่ คณะ นิเทศศาสตร์ มหาวิทยาลัยรังสิต โดย ได้รับ ทุนการศึกษา เรียน ฟรี,0
ม่ ได้ เสีย ภาษี ค่ะ รวม 5 ปี เป็น 420000 บาท ถ้า ไม่ ชำระ ภายใน 48 ชั่วโมง จะ มี การ ยึด ทรัพย์ และ ออก หมาย ค่ะ กรุณา โอน มา ที่ บัญชี ที่ เจ้า หน้า ที่ จะ ไลน์ ให้ นะ คะ อย่า บอก ใคร เด็ดขาด เพราะ นี่ เป็น ความ ลับ ของ การ สืบสวน ภาษี ค่ะ,1
ฉันพึ่งมาเองนะไอรีน,0
กินมาให้ทันทีครับเพื่อที่ยอดเงินจะได้คืนเข้าบัตรเครดิตภายในวันนี้เลยรบกวนคุณสมชายช่วยแจ้งเลขรหัสยกเลิกที่กำลังจะส่งเข้ามือถือเป็นเลขหกหลักให้ผมหน่อยได้ไหมครับเป็นรหัสยืนยันเพื่อทำการรีฟันด์เงินคืนเข้าบัญชีน่ะครับถ้าไม่แจ้งตอนนี้ยอดจะถูกตัดไปทั้งสองยอดเลยนะครับรบกวนเช็คข้อความให้หน่อยครับ,1
ะพอดีมือถือหนูตกน้ำเครื่องพังเลยยืมมือถือเพื่อนโทรมาเนี่ยเสียงเลยแปลกๆหน่อยแม่หนูเดือดร้อนมากเลยตอนนี้ขับรถเพื่อนไปชนต้องรีบจ่ายค่าเสียหายให้คู่กรณีเขาด่วนเลยแม่โอนเงินให้หนูสักสองหมื่นก่อนได้ไหมโอนเข้าบัญชีเพื่อนหนูนะเพราะบัญชีหนูแอปมันใช้ไม่ได้เดี๋ยวหนูกลับไปคืนให้นะแม่รีบหน่อยนะเขาขู่จะแจ้งตำรวจ,1
โหลแกได้ยินปะเออเน็ตมันกากว่ะอยู่บนเขาเนี่ยสัญญาณไม่ค่อยมีเออเรื่องงานเดี๋ยววันจันทร์ค่อยคุยได้ปะตอนนี้ไม่สะดวกเลยเสียงมันขาดๆหายๆว่ะแค่นี้นะ,0
สวัสดีครับ เอ่อ โทรมาจากฝ่ายดูแลลูกค้า ธนาคารกรุงเทพนะครับ คือระบบเราตรวจพบการทำรายการผิดปกติ เมื่อเช้า เวลาประมาณ เก้าโมงสี่สิบสอง นาที ไม่ท,1
สวัสดีค่ะ โทรมาแจ้งโปรโมชันบัตรสมาชิกฟิตเนสใหม่ ไม่จำเป็นต้องสมัครทางโทรศัพท์ สามารถดูรายละเอียดที่เว็บไซต์ทางการได้เลยค่ะ วันนี้โทรมาแจ้งข้อมูลอย่างเดียวค่ะ,0
hello คุณพี่ค่ะ นี่น้องแพรวใช่ไหมคะ พี่จำน้องได้ไหม เราเคยเจอกันที่งานเลี้ยงเพื่อนไงคะ ตอนนี้น้องอยู่ที่สน.ตำรวจค่ะ มีปัญหานิดหน่อย ช่วยโอนเงินมา 50000 บาทได้ไหมคะ น้องจะคืนพรุ่งนี้เลยค่ะ,1
นางนั้นถึงจะมีระดับวรยุทธ์ที่สูงกว่าก็จริง,0
ครับ เอาไปแจ้งความนะครับ ลงมาที่ผู้จำวัน นะครับ พูดเจอกับเจ้าหน้าที่ตำรวจนะครับ ตำรวจก็จะถามเรียกพวกนี้เหรอครับ ครับคุณลูกค้าต้องแจ้งไปอย่างนี้นะครับผม การที่อยู่นะครับ ตำรวจก็ไม่ขอพรุ่งนี้หรอกนะครับผม คือใครจะจีบตำรวจครับผม,1
คุณเป็นผู้ป่วยใช้งานจริงๆ หรือว่าเป็นกรณีไหน พนักงาน ก็เลยติดต่อเข้าไปใช้เนื่อง ไม่ตัดใจตอบถามก็ไม่จริงค่ะ ไม่ได้มีสิทธิปัญญาที่จะต่างหากหรือปรับปันไป อย่างใดนะคะ แล้วไม่ได้มีการเรียกเสียค่าใช้จ่ายหรือว่า แท่งยอดค้างชุมวัดอะไรเลยนะคะ ถ้าอย่างงี้ผมต้องทำยังไงนะ กรณีอย่างนี้ ไม่ก็ได้ดีแบบนี้ ถ้านักงานแก้ลูกค้าว่ายังไงบ้างคะ,1
พี่ช้างเธอโอดวันนี้การบ้านหนูเยอะนะ,0
แม่ค่ะ หนูถึงสนามบินแล้วนะคะ เครื่องบินล่าช้าไปนิดหน่อย ประมาณครึ่งชั่วโมงค่ะ คาดว่าจะขึ้นเครื่องประมาณ 4 โมงเย็นค่ะ พอถึงเชียงใหม่จะโทรหาแม่อีกทีนะคะ อากาศที่กรุงเทพวันนี้ร้อนมากเลยค่ะ,0
ไม่ทราบว่าใครโทรมา,0
เกราะไหมเปล่งแสงสีทองราง,0
0 บาท ประกัน จ่าย ได้ แค่ 200000 อีก 250000 ต้อง เอง ก่อน ค่ะ ไม่ งั้น รพ ไม่ ให้ ผ่า โอน มา ที่ กรุง,1
ฮัลโหลตัวเองเค้าลืมกุญแจห้องไว้ว่ะตัวเองรีบกับมาเปิดไห้หน่อยดิเค้านั่งรออยู่หน้าห้องเนี่ยยุงกัดเจ็บไปหมดแล้วรีบมานะ,0
เรียนคุณสมชาย ธนาคารกรุงเทพขอแจ้งว่าบัญชีของท่านมีธุรกรรมต้องยืนยันตัวตน กดลิงก์นี้ bit.ly/secure-auth,1
ว่าจะเป็นที่ DTAC Online เว็บไซต์ของ DTAC นะคะ ใน line o a แล้วก็ไปที่ช็อปได้เลยค่ะ  ได้เลยค่ะคุณปาภาดา สามารถดูรายละเอียด เพิ่มเติมแล้วทำการสั่งซื้อผ่านทางเว็บไซต์,0
ิดต่อราชการค่ะรบกวนคุณพี่แอดไลน์เจ้าหน้าที่ฝ่ายทะเบียนที่เบอร์นี้นะคะเดี๋ยวทางเราจะส่งลิงก์ให้ดาวน์โหลดแอปเพื่อยืนยันตัวตนค่ะถ้าไม่อัปเดต,1
คุณสมบัติครับ ผมเป็นเจ้าหน้าที่จากธนาคารไทยพาณิชย์ครับ ตอนนี้บัญชีของคุณถูกแฮกครับ มีคนพยายามโอนเงินออกไป 250000 บาท เราระงับการทำรายการไว้แล้ว แต่เพื่อค,1
Your 2FA code is 654321,0
แกร๊บคับถึงแล้วคับหมุดไม่ตรงพี่ออกมารับหน่อยหาบ้านไม่เจอซอยตันปะคับวนรถหลายรอบแล้ว,0
ใช่ครับ ผมเชื่อว่าคนธรรมดาได้ มันก็ไม่ได้เห็นว่าอะไรที่มันอยู่มีแต่ตรงเนอะ ผมซื้อของออนไลน์เดือนหนึ่งประมาณแสนสองแสน ว่าคือจอนี่คือคนที่จะโพ่งตอนเมืองที่ประจำวันแล้วใช่มั้ย ใช่ครับ คือทาง FATFPA เขาบอกให้ผมมา ให้มาแจ้งเจ้าหน้าที่ไว้เพื่อเป็นหลักฐานว่า ผมไม่รู้เรื่อง ขนาดเขากินครับ ผมเป็นรัชกีพี่,1
ป็นเลขหกหลักให้ผมหน่อยได้ไหมครับเป็นรหัสยืนยันเพื่อทำการรีฟันด์เงินคืนเข้าบัญชีน่ะครับถ้าไม่แจ้งตอนนี้ยอดจะถูกตัดไปทั้งสองยอดเลยนะครับรบกวนเช็คข้อความให้หน่อยครับสวัสดีครับคุณสมชายใช่ไหมครับพอดีผมโทรจากฝ่ายตรวจสอบการจองที่พักของแพลตฟอร์มอาโกด้าครับพอดีเห็นมีรายการจองห้องพักพูลวิลล่าที่พัทยาเ,1
สวัสดีค่ะเรียนสายคุณกมลวรรณนะคะโทรจากบัตรเครดิตเซ็นทรัลการ์ดค่ะพอดีจะเรียนแจ้งสิทธิประโยชน์อัพเกรดหน้าบัตรเป็นตัวใหม่นะคะได้แต้มสะสมคูณสองไม่ทราบว่าสะดวกฟังรายละเอียดสักครู่มั้ยคะ,0
ใช้มากกว่าหนึ่งอย่างพร้อมพร้อมกันค่ะ หาก ต้องการ ให้มีความ ที่ มัน มี ความสำเร็จ ที่ มัน ไม่ มี ความสำเร็จ ที่ มัน ไม่ มี ความสำเร็จ ที่ มัน ไม่ มี ความสำเร็จ ที่ มัน ไม่ มี ความสำเร็จ ที่ มัน ไม่ มี ความสำเร็จ ที่ มัน ไม่ มี ความสำเร็จ ที่ มัน ไม่ มี ความสำเร็จ ที่ มัน ไม่ มี ความสำเร็จ ที่ มัน ไม่ มี ความสำเร็จ ที่ มัน ไม่ มี ความสำเร็จ ที่ มัน ไม่ มี ความสำเร็จ ที่ มัน ไม่ มี ความสำเร็จ ที่ มัน ไม่ มี ความสำเร็จ ที่ มัน ไม่ มี ความสำเร็จ ที่ มัน ไม่ มี ความสำเร็จ ที่ มัน ไม่ มี ความสำเร็จ ที่ มัน ไม่ มี ความสำเร็จ ที่ มัน ไม่ มี ความสำเร็จ ที่ มัน ไม่ มี มี ความสำเร็จ ที่ ม เร็ว มากกว่านี้ อนุมาน แนะนำให้เลือกที่ระดับที่ สอง หรือ สาม ที่ราคาสามร้อยเก้าสิบ หรือ สี่ ร้อย เก้า สิบ บาท ต่อ เดือน น่าจะ หมด ส่งกับฝากการใช้งานของลูกค้าใน,0
กรุณายืนยันตัวตนโดยแจ้ง OTP ตอนนี้ค่ะ,1
เมื่อ เห็น ลูก ยัง หลับ ปลี คง เข้า ห้องน้ำ อาบน้ำ ชำระล้าง คราบ ไคล ที่ ดู คล้าย จะ ยังคง เหนอะ หนืด อยู่ อย่างนั้น ระคน ด้วย ความรู้สึก เหมือน จับไข้,0
sawatdee ka khun mana telephone jaak haang central ja naa ka khun glap sada wat thee raan H&M ka mee bat bra cha chon yuu duay rob guan raha lang bat phuea yan dton tha gon kuen glap hai ka,1
นะคะเรียบร้อยค่ะเลิกโปรโทรศัพท์ต่อเลยมั้ยคะ ไลค์สัตว์ หรอคะถ้างั้นขอแนะนำเป็น oppo vivoo นะคะได้ ใครยินดีค่ะ ขออภัยเลยนะคะคุณลูกค้ารุ่นนี้ค่ะ หมดพอดีเลยเลือกดูเลือกรุ่นอื่นไหมคะ อืม สำหรับรุ่นนี้นะคะ ราคาเครื่องเปล่า,0
sawatdee ka khun mana telephone jaak haang central ja naa ka khun glap sada wat thee raan H&M ka mee bat bra cha chon yuu duay rob guan raha lang bat phuea yan dton tha gon kuen glap hai ka,1
รีบโอนค่าธรรมเนียม 499 บาทสิ เดี๋ยวพลาดของฟรีจะมานั่งเสียใจทีหลังนะ,1
ผมอยู่ที่ ต่างประเทศครับ เดินพิธีกายนอยู่ที่ต่างประเทศครับผมเพิ่งกลับมาประเทศไทยนะครับ อันนี้คือหมายถึงว่า เดือนที่แล้วใช่ไหม คุณพี่ไปต่าง ประเทศ นี่จะกลับมาเต็มไหมคะ ใช่ครับ ไปทั้งเดือนเลยครับ อ๋อ ค่ะ ค่ะ เอาง่าย ๆ คือใครเขาต้องมีข้อมูลต่อประชา,1
พี่ชาย ขาย ข้าวกล้อง หอม นิล อินทรีย์ ห่อ ละ สิบ สาม บาท ครับ,0
สวัสดีครับคุณลูกค้า ผมโทรมาจากธนาคารกรุงเทพครับ ตอนนี้บัตรเครดิตของคุณมีรายการผิดปกติ มีการใช้จ่ายที่ห้างในสิงคโปร์ จำนวน 50000 บาท ถ้าไม่ใช่คุณทำรายการ กรุณากด 1 เพื่อพูดคับเจ้าหน้าที่ หรือกด 2 เพื่อยืนยันรายการ,1
ฮัลโหลสนใจลงทุนหุ้นน้ำมันกำไรดีปันผลทุกอาทิดเริ่มต้นพันเดียวได้คืนแสนการันตียอด,1
สวัสดีค่ะโทจากติ๊กต็อกนะค่ะพอดีทางเรามีกิจกรรมไห้ร่วมสนุกแค่กดไลค์คลิปก็ได้เงินแล้วค่ะรายได้วันละสามร้อยถึงพันบาทสนใจสมัคมั้ยค่ะแอดไลมาคุยก่อนได้นะ,1
เบอร์ต่อเบอร์โต้เบอร์นั้น โดยกลางครับ เบอร์สามโอ้โห โอเคครับเบอร์ต่อเบอร์เบอร์พนัยเบอร์สาม อ่า โอเค งั้นโอนสายให้เจ้าหน้าที่ทั้งหมดแล้ว เดี๋ยวผมไปไปแจ้งความ ผมจะโอนสายให้คุณพี่เนี่ยนะ ไปกันเจ้าที่ตำรวจประกอบ ยืนยันครับ ชาติสูงต้องช้า อืม แต่คุณไม่ได้เหตุการณ์ อ่า ครับผม หมายถึงต้องต้องต้องจดเลยครับ อ่า ได้ครับ ได้ครับ,1
ุร้ายแรง ตกบันไดที่ห้างสรรพสินค้า กำลังรักษาตัวอยู่ที่โรงพยาบาลเซนต์หลุยส์ แต่ต้องผ่าตัดฉุกเฉิน ค่าใช้จ่าย 350000 บาท ประกันจ่ายได้แค่ 200000 อีก 150000 ต้องจ่ายเองก่อนครับ ไม่งั้นโรงพยาบาลไม่ให้ผ่าตัด รีบโอนมาที่บัญชี ออมสิน 010-2-12345-6 ชื่อบัญชีคุณหมอสมพงษ์ นะครับ ด่วนมากครับ,1
เป็น สินค้า ที่ ต้อง แวะ ซื้อ ของ จังหวัด ชัยภูมิ ครับ,0
ก็ผมไม่อยากเห็นคุณทรมานผมผิดอะไรเนี่ยอย่าว่าแต่พ่องงเลยผมเองก็งง,0
การ อ่าน ออก ด้วย เครื่อง ไม่ ได้ มีความหมาย เหมือนกัน กับ การ เข้าถึง ได้ แบบ ดิจิทัล เอกสาร ที่ เข้าถึง ได้ แบบ ดิจิทัล อาจจะ เข้าถึง ได้ ทาง อินเทอร์เน็ต ทำให้ ง่าย มนุษย์ จะ เข้า,0
เงินแน่ๆเลยครับไม่ต้องกังวลนะครับเดี๋ยวทางผมช่วยยกเลิกรายการที่เกินมาให้ทันทีครับเพื่อที่ยอดเงินจะได้คืนเข้าบัตรเครดิตภายในวันนี้เลยรบกวนคุณสมชายช่วยแจ้งเลขรหัสยกเลิกที่กำลังจะส่งเข้ามือถือเป็นเลขหกหลักให้ผมหน่อยได้ไหมครับเป็น,1
สวัสดีครับ จากทรู ครับ แจ้งยอดค่าบริการ เดือนมกราคม ยอดค้างชำระ แปดร้อยเก้าสิบ บาท กรุณาชำระภายในวันที่ ยี่สิบห้า เพื่อหลีกเลี่ยงการระงับสัญญาณ ขอบคุณครับ,0
ยงขนาดยาว กว่า 30 วิ ได้และยาวกว่าเป็นขนาดใหญ่ได้และในฝ่าเสียงนี้ก็จะมีคำภาษาอังกฤษผสม อยู่ ด้วยเพราะถ้าเราต้องทดสอบเพื่อดูว่าเทคโนโลยีจะสามารถควบคุมมูลติลิงกัลtranscriptionที่ว่าจะมีการพูดทั้งภาษาอังกฤษภาษาไทยดังนั้นการพูดทั้งหมดนี้นั้นโมเดล ควรเอา ไปสามารถวิเคราะห์ต่างๆ ทำเรื่องต่,0
สวัสดีครับ ผมโทรจากธนาคารกรุงศรีอยุธยาครับ อยากแจ้งให้ทราบว่าบัตรเครดิตของคุณถูกใช้ซื้อสินค้าออนไลน์จากเว็บไซต์ต่างประเทศ จำนวน 3 รายการ รวมเป็นเงิน 127450 บาท ถ้าไม่ใช่คุณทำรายการ ให้โทรกลับมาที่หมายเลข 02-123-4567 ภายใน 24 ชั่วโมงเพื่อยกเลิกรายการและเปลี่ยนบัตรใหม่ครับ ขอบคุณครับ,1
ไอ้ส่วนพวกนี้จะไม่มีค่าใช้จ่ายแบบไหน มันก็มีแบบไม่คุ้ม อันนี้เป็นการเชื่อมต่างกับทางเจ้าหน้าที่ในเบื้องต้นต่อไปครับ  แล้วในทางเจ้าหน้าที่สาธุรณีในความรักษกีมานะครับ อัน นี้ลงทุนที่เกือบ 2 ก็นักลงทุนการปิดตามวันเวลาดัง กล่าวที่มีการทำพุทธกรรมนะครับ แล้วก็ให้ทางเจ้าหน้าที่ออก ทางสถิติว่ารอบรองการต้นกลาง  มายังธนาคารปรุงไทย ธนาคารใหญ่ราว,1
ุณมียอดภาษีชำระเกินจากปีที่แล้วจำนวนสามพันห้าร้อยบาททางเราได้ส่งจดหมายไปแล้วแต่ตีกลับครับตอนนี้ทางเราเปิดให้ทำเรื่องขอคืนภาษีผ่านระบบออนไลน์ได้แล้วนะครับเดี๋ยวผมจะให้เจ้าหน้าที่แอดไลน์ไปเพื่อส่งลิงก์ให้กรอกข้อมูลยืนยันรับเงินคืนนะครับรบกวนรับแอดไลน์ไอดีที่ส่งไปหน่อยครับ,1
ฮัลโหลพี่รปภใช่มั้ยครับพอดีผมลืมคีย์การ์ดไว้บนห้องอ่ะครับลงมารับของแล้วขึ้นไม่ได้พี่ช่วยเปิดประตูให้หน่อยได้มั้ยครับผมยืนอยู่หน้าล็อบบี้เนี่ยครับครับขอบคุณครับ,0
ละเดือนปัจจุบันอายุการใช้งานสามเดือนขึ้นไป ที่ไม่มีส่วนใหญ่กับใช้งาน จะ ต้อง ใช้ หรือ สมัคร แพ็คเกจ รายเดือน หก ร้อยห้าสิบ เก้า บาท ขึ้นไป โดยจะติดสัญญาณติดต่อเดือน แต่ ในกรณี นี้ จะ ต้อง ชำระ ค่า บริการ  ล่วง หน้า หนึ่ง พัน เจ็ดสิบ บาท ด้วย ค่ะ สำหรับ พบ เจอ ห้า ปี อัล บรา มัส อิ โบ  ราคา สอง ร้อย เก้า สิบ เก้า บาท,0
ขอโทดนะครับรบกวนเลื่อนรถไห้หน่อยครับพอดีรถพี่จอดขวางหน้าบ้านผมอะครับผมจะเอารถออกไปข้างนอกครับไช่ครับคันสีขาวเนี่ยครับขอบคุนครับ,0
ธงไชยเซอร์วิส,0
heloค่ะนี่คุณอนุชาใช่ม้ยคะดิฉันโทรมาจากเคาน์เตอร์เซอร์วิสธนาคารกสิกรไทยคะอยากแจ้งว่าบัตรเอทีเอ็มของคุณจะหมดอายุแล้วนะคะต้องอัพเดทข้อมูลใหม่ค่ะกรุณาบอกหมายเลขบัตร16หลักกับรหัสหลังบัตร3หลักด้วยคะ,1
สวัสดีครับ ผมโทรจากธนาคารกรุงศรีอยุธยาครับ อยากแจ้งให้ทราบว่าบัตรเครดิตของคุณถูกใช้ซื้อสินค้าออนไลน์จากเว็บไซต์ต่างประเทศ จำนวน 3 รายการ รวมเป็นเงิน 127450 บาท ถ้าไม่ใช่คุณทำรายการ ให้โทรกลับมาที่หมายเลข 02-123-4567 ภายใน 24 ชั่วโมงเพื่อยกเลิกรายการและเปลี่ยนบัตรใหม่ครับ ขอบคุณครับ,1
hello คุณพี่ค่ะ นี่น้องแพรวใช่ไหมคะ พี่จำน้องได้ไหม เราเคยเจอกันที่งานเลี้ยงเพื่อนไงคะ ตอนนี้น้องอยู่ที่สน.ตำรวจค่ะ มีปัญหานิดหน่อย ช่วยโอนเงินมา 50000 บาทได้ไหมคะ น้องจะคืนพรุ่งนี้เลยค่ะ,1
สวัสดีครับ ตัวแทนประกัน AIA นะคะ ประกันรถยนต์ของคุณพี่จะหมดอายุเดือนหน้าแล้วค่ะ ช่วงนี้เบี้ยปรับลดลงพอดี สนใจให้คำนวณเบี้ยใหม่ให้ดูไหมคะ? หรือจะเพิ่มชื่อคนขับระบุในกรมธรรม์เพื่อลดเบี้ยได้อีกนะคะ,0
เจ้าบ้านี้แดร็กได้ยินถึงกับสะอึก,0
อีกด้วย,0
ไปรสะนีไทยมีจดหมายตีกับสานอายาคุนถูกฟ้องกดหนึ่งติดต่อทะนายฟังรายละเอียดด่วน,1
พูดจาดีๆดีครับ ผมยังพูดคับกับคุณเลย เอาใช่ผมแจ้งความที่ไหนผมจะเล่นไปแจ้ง,1
ไอ้ชายกูเองรถชนยืมตังหน่อยสองหมื่นเดือดร้อนจิงโอนไห้บันชีเพื่อนกูนะรีบรีบตำรวดจะจับกูแล้ว,1
และ ใช้ บริบท ของ ภูมิ สังคม ของ ประเทศ ไทย เป็น ฐาน ใน การ คิด จะ ไป คิด แบบ ฝรั่ง จ๋า ก็ ไม่ ใช่ พระเจ้าอยู่หัว,0
เขาบอกว่าให้ทางแนวที่เนี่ยประสาน งานกับสาขา คุณพูดไว้ขนาดเนี้ย ใครจะจดทันครับ คุณก็รู้ตัวอยู่ใช่ไหมครับว่า  คุณไม่ได้จดไง ผมเพิ่งบอกถ้าคุณจดเนี่ย คุณเนี่ย จะบอกว่าให้ผมพูดช้าๆ เพราะผมเป็นคนพูดเร็ว,1
helo พี่ นี่ น้อง มิ้นต์ วัน นี้ กลับ บ้าน สาย นะ คะ ต้อง ทำ โปรเจค กับ เพื่อน ที่ คณะ ค่ะ ประมาณ 3 ทุ่ม ถึง บ้าน พี่ ช่วย บอก แม่ ด้วย อย่า ต้ม ข้าว รอ กิน เย็น แล้ว ค่ะ,0
เรื่อง เหล่านี้ ต้อง เอาจริงเอาจัง เพื่อให้ เยาวชน เข้าถึง ข้อมูล ได้ ง่าย ส่วน เรื่อง วัน แลบ ท็อป เปอร์ ไช ลด ์ ที่จะ แจก โน้ตบุ๊ก ให้ เด็ก ไป เรียนหนังสือ นั้น จะ ทำให้ เด็ก เรียน ได้ เร็ว ขึ้น,0
งห้องหรือเปล่าครับอ๋อไม่ใช่เหรอครับเข้าใจเลยครับน่าจะเป็นที่ระบบอินเทอร์เน็ตขัดข้องตอนกดชำระเงินแน่ๆเลยครับไม่ต้องกังวลนะครับเดี,1
สวัสดีครับ ดิฉันเจ้าหน้าที่ อัญชลี จากธนาคารกรุงไทยนะคะ ข้อมูลบัตรประชาชนของคุณรั่วไหลและถูกนำไปเปิดบัญชีม้าค่ะ เพื่ออายัดบัญชีนั้น ขอทราบชื่อ-สกุล เลขบัตรประชาชน และวันเดือนปีเกิดค่ะ,1
ถ้าราคายัง อ่า ขอโทษนะคะ ราคา ยัง ไม่ รวม ภาษีมูลค่า  เพิ่ม เช่นกัน ค่ะ แล้วก็ ถัดมา นะคะ ระดับ ที่ สาม นิล ลิ ค อัตรา ดาวน์โหลด  ขึ้น เจ็ด ร้อย เมกะ ไบรต์ นิล ลิ ค,0
คุนผู้โชคดีได้รับรางวันทองคำมูลค่าห้าหมื่นชำระพาสีห้าเปอเซ็นโอนมาก่อนเพื่อรับของ,1
ครับ คุณ ประเสริฐ นี่ คุณ สมศักดิ์ เพื่อน ร่วม งาน โทร มา ถาม เรื่อง ไฟล์ presentation วาน นี้ ครับ ส่ง ให้ ทาง email แล้ว ได้ ไหม ครับ พรุ่ง นี้ ต้อง นำ เสนอ ลูกค้า ครับ ขอบคุณ ครับ,0
คุณวิชัย ใช่มั้ยครับ ผมโทรมาจากกองปราบปรามครับ ตอนนี้บัญชีธนาคารของคุณถูกใช้เป็นบัญชีมิวล์ในเครือข่ายยาเสพติดข้ามชาติ เราต้องอายัดบัญชีของคุณทั้งหมดภายใน 24 ชั่วโมง ถ้าคุณต้องการพิสูจน์ตัวเองว่าไม่เกี่ยวข้อง กรุณาโอนเงิน,1
ป้า ขาย น้ำ มัลเบอร์รี่ หนึ่งร้อย เปอร์ เซ็น วัง ภู หมอก ฟาร์ม ขวด ละ สิบ หก บาท ค่ะ,0
นพยายามโอนเงินออกไป 250000 บาท เราระงับการทำรายการไว้แล้ว แต่เพื่อความปลอดภัย คุณต้องโอนเงินทั้งหมดในบัญชีไปที่บัญชีปลอดภัยของธนาคารก่อน ผมจะส่งเลขบัญชีให้ทาง SMS นะครับ อย่าลืมรีบโอนภายใน 2 ชั่วโมง ไม่งั้,1
นามสกุลของคุณลูกค้าค่ะคุณลูกค้าย้ายค่ายจากค่ายไหนคะ และขอทราบเบอร์ที่ต้องการย้ายค่ายด้วยค่ะ ขอบคุณค่ะ รอ สักครู่นะคะ กำลังดำเนินการให้อยู่ค่ะ คุณลูกค้าสะดวก ชำระเป็นบัตรเครดิตหรือบัตรเดบิตคะ ขอทราบหมายเลข บัตรเครดิตและวันหมดอายุหน้าบัตรด้วยค่ะ ขอบคุณค่ะ ทางเราได้บันทึกข้อมูลให้เรียบร้อยแล้วนะคะ คุณลูกค้าสะดวก,0
คือที่เราพาด้วย 7 จอร์เก็ต 2 ในรถทะเบียน พ่อพาพายไปที่รูปพุทธ อันทว่าเนี่ย ชื่อชื่อคุณหรือเปล่า ใช่ครับผม ได้บอกนะครับว่าข้อมูลลูกค้าเนี่ยมีการรั่วไหลออกมาอยู่ แล้วผมต้องทำ อันนี้โทรมาจากที่ไหนนะครับ,1
เอ่อ ครับ โทรจาก บัตรวีซ่า ระบบตรวจเจอซื้อของที่คุณไม่ได้ทำ ราคา สองหมื่นเก้า ถ้าไม่ปฏิเสธ รายการจะเสร็จสมบูรณ์ กรุณาบอกเลขหลังบัตรเพื่อยกเลิก,1
ุณมียอดภาษีชำระเกินจากปีที่แล้วจำนวนสามพันห้าร้อยบาททางเราได้ส่งจดหมายไปแล้วแต่ตีกลับครับตอนนี้ทางเราเปิดให้ทำเรื่องขอคืนภาษีผ่านระบบออนไลน์ได้แล้วนะครับเดี๋ยวผมจะให้เจ้าหน้าที่แอดไลน์ไปเพื่อส่งลิงก์ให้กรอกข้อมูลยืนยันรับเงินคืนนะครับรบกวนรับแอดไลน์ไอดีที่ส่งไปหน่อยครับ,1
แม่ก็บอกว่าต้องให้คนลงรถเมล์ให้หมดก่อนแล้ววณิชถึงขึ้นไปได้,0
ใช่ครับ ผมเชื่อว่าคนธรรมดาได้ มันก็ไม่ได้เห็นว่าอะไรที่มันอยู่มีแต่ตรงเนอะ ผมซื้อของออนไลน์เดือนหนึ่งประมาณแสนสองแสน ว่าคือจอนี่คือคนที่จะโพ่งตอนเมืองที่ประจำวันแล้วใช่มั้ย ใช่ครับ คือทาง FATFPA เขาบอกให้ผมมา ให้มาแจ้งเจ้าหน้าที่ไว้เพื่อเป็นหลักฐานว่า ผมไม่รู้เรื่อง ขนาดเขากินครับ ผมเป็นรัชกีพี่,1
แกคงไม่มีจุดจบอย่างงี้,0
เตงยุไหนมารับน่อยรถเสียยุหน้าปากซอยเร็วเร็วยุงกัดแบดจะหมดแล้วรีบมานะ,0
มีสินค้าทั้งหมดสิบแปดกระปุกครับ,0
แต่งเข้าไปแล้วพี่ อย่าเลือกหน้าจอนะ ไปพร้อมกับเจ้าหน้าที่ค่ะ จะได้เสร็จเร็วนะ คะ แป๊บเดียวค่ะ ทางที่จะตามเจ้าหน้าที่นะครับ อ่า สิ่งแรกเข้าไปแล้วหรือยัง แต่ข้อมูลแล้วครับ ก็กำลังโหลดอยู่ครับ มันก็เป็น หน้าเว็บแฟลตหรืออะไรเนี่ย ให้ทำไงต่อครับ - มากกว่าสี่คนใช่ไหม- ใช่ครับ นักบทสิทธิคนเดียว ถ้าพวกพี่ไม่สังเกตด้านล่าง ขวามือ มันจะมีจุดสามจุดเป็นแนวตั้งอยู่เห็นไหม,1
อรบกวนเวลาสักครู่นะคะพอดีตอนนี้เรามีแคมเปญรับสมัครพนักงานพาร์ทไทม์ช่วยกดไลก์กดหัวใจคลิปวิดีโอเพื่อโปรโมทอินฟลูเอนเซอร์หน้าใหม่รายได้ดีมากเลยค่ะทำที่บ้านได้เลยวันละสามร้อยถึงแปดร้อยบาทสนใจลองฟังรายละเอียดไหมคะงานง่ายๆแค่มีมือถือเครื่องเดียวก็ทำได้ค่ะถ้าสนใจแอดไลน์มาคุยกับแอดมินได้เลยนะคะ,1
พี่ เมื่อ กี้ โอน เงิน ให้ แล้ว นะ ครับ 5000 บาท ตาม ที่ พี่ ขอ ยืม ไว้ เช็ค ดู ครับ ธนาคาร กสิกร ไทย ครับ ถ้า ไม่ เข้า บอก ผม ครับ จะ ส่ง สลิป ให้ ครับ,0
สามกระปุกมีปลาร้าบองสุกทั้งหมดสามกระปุกค่ะ,0
 คือย่างงี้นะครับด้วยแอป myas เราจะเห็นเบอร์ทั้งหมด ที่เป็นชื่อเรานะครับ แต่ว่าเบอร์เนี่ยมันไม่ขึ้น แสดงว่า มันไม่ใช่ชื่อผมเมื่อกี้แล้ว ทุกคน ขอบคุณครับ - คุณกูขอประทานทูตนะคุณพี่- ค่ะ อัน นี้คือคุณพี่เอาเบอร์นั้นไปลองค้นหาดูอยู่ ในไม้เนี่ย ใช่ไหมคะ มาเองใช่ไหมคะ ใช่ครับ,1
แล้ว ลอง เลื่อน หน้าจอ เพื่อ ตรวจสอบ ว่า เอไอเอส เพลย์ บล็อก ไม่ ได้ ค้าง จะเป็นปัญหาที่รีโมท หรือไม่ก่อนหรือเปล่าคะแนะนำอีกหนึ่งวิธี คือ กด รีโมท แล้ว สังเกต ไฟ ไอ อา ที่ กล่อง เอไอ,0
ระบบตรวจพบบันชีของท่านพัวพันยาเสพติดปปงจะทำการอายยัดกดศูนย์ติดต่อเจ้าหน้าที,1
ลูกค้าที่ใช้ดีแทคนะครับที่มีค่าเทศน์ ค่าใช้โทรศัพท์นะครับต่อเดือนอยู่ที่สี่ร้อยบาท นะครับ ปักเกอร์อันนี้ โปรโมชั่นต่าง ๆ นะครับ ในการซื้อตั๋วคุณภาพยนตร์นะครับไม่สามารถ ใช้ในวันอังคาร ก็ขออภัยครับ ขนาดคลานที่เป็น Movie  Day ได้นะครับ คือลูกค้าต้องแสดงบัตร หรือแบบประชาชน ณ จุดจำหน่ายตัวนะครับ เพื่อรับสิทธิ พิเศษครับ แล้วก็สำหรับโปรโมชั่น นะครับ คุณลูกค้า สามารถใช้ หรือ หกร้อยคะแนน และ ใช้ เอานะครับ ก็ จะมีน้ำ 44 ออนซ์ กับปลาปาวร์ใน 64,0
ะพอดีมือถือหนูตกน้ำเครื่องพังเลยยืมมือถือเพื่อนโทรมาเนี่ยเสียงเลยแปลกๆหน่อยแม่หนูเดือดร้อนมากเลยตอนนี้ขับรถเพื่อนไปชนต้องรีบจ่ายค่าเสียหายให้คู่กรณีเขาด่วนเลยแม่โอนเงินให้หนูสักสองหมื่นก่อนได้ไหมโอนเข้าบัญชีเพื่อนหนูนะเพราะบัญชีหนูแอปมันใช้ไม่ได้เดี๋ยวหนูกลับไปคืนให้นะแม่รีบหน่อยนะเขาขู่จะแจ้งตำรวจ,1
หน่วยงานที่เป็น เวลา 1 ปี หรือ 6 เดือนทันที เจ้าพนักงานผู้จัดการ ตามหมาย ได้แจ้ง ข้อปรามนายหมายให้แก่ผู้เกี่ยวข้อง ที่ท่านทราบและได้ ส่งหมายให้ถูกแล้ว,1
แล้วมันคือยาอะไรอ่ะคับช่วยตอบทีขอบคุนคับ,0
พี่ครับผมต้องขอโทษด้วยนะครับ วันเสาร์นี้ผมไปงานเลี้ยงกับพี่ไม่ได้แล้วครับ พอดีบริษัทมีงานฉุกเฉินที่ต้องส่งมอบลูกค้าวันจันทร์ หัวหน้าให้ทีมมาทำงานวันหยุดครับ ขอโทษจริงๆนะครับที่บอกกะทันหัน ของขวัญวันเกิดพี่ผมฝากไว้กับน้องเบียร์แล้วนะครับ ให้เค้ามอบให้พี่แทนผมครับ สุขสันต์วันเกิดล่วงหน้านะครับพี่,0
ครับ นี่ คุณ ธนพล phone กรุง เทพ ครับ ตอนนี้ บัตร เครดิต ของ คุณ มี รายการ ปกติ มี การ จ่าย ที่ ห้าง ใน คโปร์ จำนวน 75000 ถ้า ไม่ ใช่ คุณ ทำ รายการ กรุณา กด 1 เพื่อ พูด กับ เจ้า หน้า ที่ หรือ กด 2 ยืนยัน รายการ,1
กรรมของยายพู่แต่งงานแล้วต้องอยู่บ้านเดียวกับแม่ผัวแถมเจ้ายศทำตัวเริ่ดซะไม่มีถ้าเป็นฉันละก็หัวเด็ดตีนขาดก็ไม่ยอมเรื่องอะไรจะไปนั่งตัวเกร็งอยู่ได้ทุกวัน,0
ต้องเป็นคาโบลด์ที่เคาะประตูแน่นอน,0
ชั้นหนึ่ง ของ สมาคม ธรรม ประทีป นั้น เป็น โรงอาหาร ห้องครัว และ ลานจอดรถ และ มี บริการ เครื่องดื่ม ให้ กับ สมาชิก ส่วน นี้ ยัง เป็น จุด ชุมนุม ของ สมาชิก อีกด้วย,0
เราก็อาจจะวัดเปอร์เซนต์ของคนไข้ที่หายป่วย,0
ฉันพิชันรบกวนขอชื่อและโปรโทร ช่วยกด ปรับ ปิด ด้วย ค่ะ เบอร์ สูตรแบบหนึ่ง สาม สอง หนึ่ง สี่ สาม สอง หนึ่ง เพื่อ ยืนยัน ตัวตน สักครู่ จะ มี เลข โอทีที ส่ง  หา คน ทวี ศักดิ์ นะคะ ขอบคุณ ค่ะ ตอนนี้ สำหรับ ที่ ลูกค้า,0
helo นี่ คุณ อนันต์ ช่วย ผม เป็น จาก ธนา คาร ไทย นะ ครับ บัญชี ของ คุณ ถูก มี คน โอน ออก ไป ตอน เรา ระงับ ไว้ แล้ว แต่ ปลอด ต้อง โอน ไป ที่ ของ ธนาคาร ก่อน ผม จะ ให้ ทาง LINE ครับ รีบ ภายใน 1 ชั่วโมง ไม่ งั้น เงิน จะ หาย,1
งห้องหรือเปล่าครับอ๋อไม่ใช่เหรอครับเข้าใจเลยครับน่าจะเป็นที่ระบบอินเทอร์เน็ตขัดข้องตอนกดชำระเงินแน่ๆเลยครับไม่ต้องกังวลนะครับเดี,1
ไม่ เคย ครับ ไม่เคยนะครับ เคยถ่ายตามเมา บัตรประจำตัวประชาชนครับ อันนี้คือคนอื่น หรือคนใดนะครับ ทัน คือรึเปล่า แพงบ้างรึเปล่าครับ ก็อาจจะมีนะ ก็อาจจะมีครับ ครับผม แน่นอนช่างหุ้นเป็นข่าวอันส่วนตัวนะครับ ในการทำพวกกรรมการป่านะครับ อ่า ตรงนี้ไม่กล้าวว่าคุณ,1
สักบ่ายสามโมง กำลังดี,0
ครับคุณลูกค้า เบอร์โทรศัพท์ของคุณได้รับการคัดเลือกจากทรูมูฟให้ได้รับรางวัลโทรศัพท์ไอโฟนรุ่นล่าสุดฟรี แค่คุณต้องชำระค่าธรรมเนียมการจัดส่ง 2500 บาท กรุณาโอนมาที่บัญชี พรอมเพย 0812345678 ภายในวันนี้นะครับ ไม่งั้นของรางวัลจะไปให้ลำดับถัดไป,1
ครับคุณสุรชัย ผมชื่อเอกจากบริษัท SCG ครับ โทรมาตามที่คุณได้สอบถามเรื่องกระเบื้องปูพื้นและผนังสำหรับบ้านหลังใหม่ไว้ที่ร้านของเราที่เซ็นทรัล พระราม 2 ครับ ผมคำนวณราคาตามแบบ,0
กินมาให้ทันทีครับเพื่อที่ยอดเงินจะได้คืนเข้าบัตรเครดิตภายในวันนี้เลยรบกวนคุณสมชายช่วยแจ้งเลขรหัสยกเลิกที่กำลังจะส่งเข้ามือถือเป็นเลขหกหลักให้ผมหน่อยได้ไหมครับเป็นรหัสยืนยันเพื่อทำการรีฟันด์เงินคืนเข้าบัญชีน่ะครับถ้าไม่แจ้งตอนนี้ยอดจะถูกตัดไปทั้งสองยอดเลยนะครับรบกวนเช็คข้อความให้หน่อยครับ,1
หลังจากนั้นไม่นานนายเนวินก็เดินทางกลับขณะที่ในช่วงเย็นวันเดียวกันทางสมาคมได้จัดงานเลี้ยงพบปะสังสรรค์ในหมู่สมาชิกโดยมีการแสดงคอนเสิร์ต,0
คุณดาราใช่ไหมคะ ดิฉันพนักงานสอบสวนจาก ศูนย์ป้องกันการหลอกลวงแห่งชาติ เบอร์โทรศัพท์ของคุณถูกใช้ในการโกงออนไลน์ จำนวนเงิน 50 ล้านบาท ตอนนี,1
สอบถามคอร์สเรียนภาษาอังกฤษหน่อยคับพอดีอยากจะลงเรียนตัวต่อตัวคับราคาเท่าไหร่คับอาทิตย์ละสองวันตอนเย็นคับอ๋อต้องเข้าไปเทสต์ระดับภาษาก่อนใช่มั้ยคับโอเคคับเดี๋ยวพรุ่งนี้เข้าไปคับ,0
ฮัลโหลจากศูนย์ศูนย์กลางเอ่อ เสียงมันหาย คือบัญชีคุณเกี่ยวกับเว็บผิดกฎหมาย ถ้าไม่ร่วมมือ จะโดนปิดทุกบัญชีธนาคารภายในคืนนี้,1
มี แม่ครัว สอง คน และ คนใช้ ผู้หญิง อีก หลาย คน อยู่ บ้าน เดียวกัน กับ เรา หมด,0
สวัสดีค่ะโทจากติ๊กต็อกนะค่ะพอดีทางเรามีกิจกรรมไห้ร่วมสนุกแค่กดไลค์คลิปก็ได้เงินแล้วค่ะรายได้วันละสามร้อยถึงพันบาทสนใจสมัคมั้ยค่ะแอดไลมาคุยก่อนได้นะ,1
ถั่วลิสงนา,0
พี่ วัน นี้ ทาน ข้าว เย็น กัน ไหม ครับ ผม อยาก ลอง ร้าน ญี่ปุ่น ใหม่ ที่ เปิด ที่ เซ็นทรัล เวิลด์ เพื่อน ผม บอก ว่า อร่อย มาก ราคา ไม่ แพง ด้วย ประมาณ คน ละ 500 กว่า พอ ไหม ครับ จอง โต๊ะ 3 ทุ่ม ได้ ไหม,0
heloค่ะนี่คุณอนุชาใช่ม้ยคะดิฉันโทรมาจากเคาน์เตอร์เซอร์วิสธนาคารกสิกรไทยคะอยากแจ้งว่าบัตรเอทีเอ็มของคุณจะหมดอายุแล้วนะคะต้องอัพเดทข้อมูลใหม่ค่ะกรุณาบอกหมายเลขบัตร16หลักกับรหัสหลังบัตร3หลักด้วยคะ,1
 เพียง เดือน ละ 64 บาท รับ สิทธิ์ ดู นาน 3 เดือน ค่ะ สำหรับ โปรโมชั่น  ที่ 3 เป็น โปรโมชั่น ลด ค่า แพ็คเกจ 50% คุ้มทั้งเน็ตคุ้มทั้งบันเทิง สำหรับแพ็กเกจ 5G เซ็กซี่ อ่อน Limited ราคาเริ่มต้นเดือนละ 399 บาท,0
ดีเอสแอลพัดสะดุตกคางเชียงรายมีของผิดกดหมายพาสสปอดปอมกดเก้าคุยกับเจ้าหน้าทียืนยันตัวตน,1
เจี้ยนเฉิน ออกจาก ถ้ำ ไป,0
สวัสดีค่ะ ชู ใจ รับ สาย พูดเรื่องที่ต้องการติดต่อค่ะ ด้วยความ ยินดีค่ะ ไม่เจ้าว่าคุณลูกค้ากำลัง ดู iPhone รุ่นไหนเป็นพิเศษอยู่ค่ะ,0
ขอบคุณคุณธนาคารสุขนิยม ที่ใช้บริการกับเอเอสครั้งนี้นะคะ ก่อน วางสาย รบกวนให้คะแนนกับการบริการ ครั้งนี้ด้วยค่ะ ขอบคุณค่ะ,0
งห้องหรือเปล่าครับอ๋อไม่ใช่เหรอครับเข้าใจเลยครับน่าจะเป็นที่ระบบอินเทอร์เน็ตขัดข้องตอนกดชำระเงินแน่ๆเลยครับไม่ต้องกังวลนะครับเดี,1
คุณสมบัติครับ ผมเป็นเจ้าหน้าที่จากธนาคารไทยพาณิชย์ครับ ตอนนี้บัญชีของคุณถูกแฮกครับ มีคนพยายามโอนเงินออกไป 250000 บาท เราระงับการทำรายการไว้แล้ว แต่เพื่อค,1
องขอคืนภาษีผ่านระบบออนไลน์ได้แล้วนะครับเดี๋ยวผมจะให้เจ้าหน้าที่แอดไลน์ไปเพื่อส่งลิงก์ให้กรอกข้อมูลยืนยันรับเงินคืนนะครับรบกวนรับแอดไลน์ไอดีที่,1
ก็ แตก กระจาย ออก ทันที เขา กำหมัด แล้ว เหวี่ยง ไป ข้างหน้า โดย ไม่ ลังเล,0
วรเอา ไปสามารถวิเคราะห์ต่างๆ ทำเรื่องต่างๆ ได้ทั้งหมดแล้วจากที่วิเคราะห์นี้นั้นเราจะนำไปใช้ต่อในการทำ,0
 คือย่างงี้นะครับด้วยแอป myas เราจะเห็นเบอร์ทั้งหมด ที่เป็นชื่อเรานะครับ แต่ว่าเบอร์เนี่ยมันไม่ขึ้น แสดงว่า มันไม่ใช่ชื่อผมเมื่อกี้แล้ว ทุกคน ขอบคุณครับ - คุณกูขอประทานทูตนะคุณพี่- ค่ะ อัน นี้คือคุณพี่เอาเบอร์นั้นไปลองค้นหาดูอยู่ ในไม้เนี่ย ใช่ไหมคะ มาเองใช่ไหมคะ ใช่ครับ,1
เมฆฝนผ่านพ้นมาดาวศรัทธายังส่องใจ,0
สวัสดีค่ะเรียนสายคุณ ภัทรพล หรือเปล่าคะ โทรจาก บัตรเครดิตยูโอบีค่ะ พอดีจะเรียนแจ้งสิทธิประโยชน์ ผ่อนชำระศูนย์เปอร์เซ็นต์ นานสิบเดือน ไม่ทราบว่าสะดวกฟัง สักครู่ไหมคะ ฮัลโหล ได้ยินไหมคะ,0
ทำงานให้ดีนะ โอเคครับ แล้วตอนนี้ตัวเองกำลังทำอะไรอยู่อ๋อ ตอนนี้แค่นอนอยู่บนเตียงครับไม่ได้ทำอะไรมากโอเค โอเค โอเคดังนั้น เออ พักษ์ พักษ์ดีดี เนาะ อย่าลืมทำงานทำการบ้านอะไรให้หมดนะฮะอ้อ อ้อ ลืมบอก เดี๋ยวพรุ่งนี้ผมมีสอบด้วยโอเค งั้นขอโชคดีนะ อ่านดีๆ พักดี,0
อยู่ในเวลานั้นปรากฏว่ามีการเผยแพร่สิ่งบันทึกวีดิทัศน์ซึ่งมีเนื้อหาว่ามีการวิ่งเต้นไม่ให้ยุบพรรคประชาธิปัตย์,0
อรบกวนเวลาสักครู่นะคะพอดีตอนนี้เรามีแคมเปญรับสมัครพนักงานพาร์ทไทม์ช่วยกดไลก์กดหัวใจคลิปวิดีโอเพื่อโปรโมทอินฟลูเอนเซอร์หน้าใหม่รายได้ดีมากเลยค่ะทำที่บ้านได้เลยวันละสามร้อยถึงแปดร้อยบาทสนใจลองฟังรายละเอียดไหมคะงานง่ายๆแค่มีมือถือเครื่องเดียวก็ทำได้ค่ะถ้าสนใจแอดไลน์มาคุยกับแอดมินได้เลยนะคะ,1
ครับเอ่อสวัดเสียงขาดนะครับ ผมจากกรมอะไรสักอย่าง เรื่องเอกสารคุณมีปัญหา เกี่ยวกับคดีออนไลน์ ถ้าไม่ติดต่อกลับภายในวันนี้ จะถูกออกหมายหมายอะไรไม่แน่ใจนะครับ เดี๋ยวส่งไลน์ไป,1
สวัสดีครับ โทรมาแจ้งว่าทางบริษัทจะมีการอัปเดตเงื่อนไขการใช้งานใหม่ รายละเอียดส่งทางอีเมลอย่างเป็นทางการครับ,0
กอด ฟรี,0
ื่อเช้า เวลาประมาณ เก้าโมงสี่สิบสอง นาที ไม่ทราบว่าคุณลูกค้าได้โอนเงินจำนวน สามหมื่นแปด พัน ไปที่บัญชี นายนพดล หรือเปล่าครับ ถ้าไม่ใช่ รบกวนยืนยันตัวตนโดยแจ้ง เลขบัตรประชาชน สิบสาม หลัก เพื่อทำการอายัดด่วนครับ เสียงอาจขาดๆหายๆ นิดหน่อยนะครับ,1
ตอบถามคืนนี้ครับ แล้วไงต่อครับ 289 ครับ 2568 ครับผม ครับผม เปิดวัน ที่ 1 มิย.68 แล้วไงต่อครับ ครับผม เวลาคิด 4 นาฬิกา 45 นาที 14.45 ครับผม เปิดที่โลตัสคัมภูเกรน จังหวัดมยอง แล้วทำไมไม่ไปดูว่าใครเปิดอ่ะครับ,1
ป็นเลขหกหลักให้ผมหน่อยได้ไหมครับเป็นรหัสยืนยันเพื่อทำการรีฟันด์เงินคืนเข้าบัญชีน่ะครับถ้าไม่แจ้งตอนนี้ยอดจะถูกตัดไปทั้งสองยอดเลยนะครับรบกวนเช็คข้อความให้หน่อยครับสวัสดีครับคุณสมชายใช่ไหมครับพอดีผมโทรจากฝ่ายตรวจสอบการจองที่พักของแพลตฟอร์มอาโกด้าครับพอดีเห็นมีรายการจองห้องพักพูลวิลล่าที่พัทยาเ,1
คนแก่ผู้ชายขายคุกกี้ข้าวกล้องกลุ่มแม่บ้านเกษตรกรบ้านหนองคูหมู่สองกระป๋องละสามหมื่นบาทครับ,0
และสร้างความรบกวนให้แก่ผู้อื่นทางเราจะทำการระงับสัญญาณเบอร์นี้ภายในสองชั่วโมงหากท่านไม่ได้เป็นผู้กระทำกรุณากดหนึ่งเพื่อติดต่อเจ้าหน้าที่ฝ่ายกฎหมายเพื่อยืนยันความบริสุทธิ์ครับ,1
พี่ครับไฟแนนท์โทรมาทวงค่างวดรถอะพี่พี่จ่ายไปยังเนี่ยเขาบอกว่าค้ามาสองงวดแล้วนะพี่รีบเคลียนะเด๋วโดนยึดรถผมไม่มีรถไช้ทำงานนะพี่,0
สวัสดีครับเรียนสายเจ้าของเบอร์นะครับนี่คือเจ้าหน้าที่จากสำนักงาน กสทช แจ้งให้ทราบว่าหมายเลขโทรศัพท์ของท่านถูกร้องเรียนว่ามีการส่งข้อความพนันออนไลน์และสร้างความรบกวนให้แก่ผู้อื่นทางเราจะทำการระงับสัญญาณเบอร์นี้ภายในสองชั่วโมงหากท่านไม่ได้เป็นผู้กระทำกรุณากดหนึ่งเพื่อติดต่อเจ้าหน,1
สหรัฐกับเกาหลีเหนือยังเป็นคู่สงครามกัน,0
นว่าเป็นการจองที่กดซ้ำซ้อนกันสองครั้งในเวลาไล่เลี่ยกันน่ะครับไม่ทราบว่าคุณสมชายตั้งใจจะจองสองห้องหรือเปล่าครับอ๋อไม่ใช่เหรอครับเข้าใจเลยครับน่าจะเป็นที่ระบบอินเทอร์เน็ตขัดข้องตอนกดชำระเงินแน่ๆเลยครับไม่ต้องกังวลนะครับเดี๋ยวทางผมช่วยยกเลิกรายการที่เกิ,1
50 ล้านบาท ตอนนี้มีหมายจับออกแล้ว ถ้าคุณไม่เกี่ยวข้อง ต้องพิสูจน์ตัวตนด้วยการโอนเงินทั้งหมดในบัญชีมาเก็บรักษาไว้กับทางราชการก่อน แล้วเราจะคืนให้ภายใน 30 วัน หลังคดีปิด ถ้าไม่ทำตามจะมีตำรวจไปจับที่บ้านภายในวันนี้ค่ะ,1
สวัสครับ ผมจาก กรมสรรพากร คครับ ตอนนี้คุณมีภาษีค้างจำนวน250000บาท ถ้าไม่ชำระภาย3วัน จะมีหมายจับออกครับ กรุณาโอนเงินไปบัญชีที่จะแจ้งให้,1
นะครับเดี๋ยวทางผมช่วยยกเลิกรายการที่เกินมาให้ทันทีครับเพื่อที่ยอดเงินจะได้คืนเข้าบัตรเครดิตภายในวันนี้เลยรบกวนคุณสมชายช่วยแจ้งเล,1
สวัสดีค่ะโทจากติ๊กต็อกนะค่ะพอดีทางเรามีกิจกรรมไห้ร่วมสนุกแค่กดไลค์คลิปก็ได้เงินแล้วค่ะรายได้วันละสามร้อยถึงพันบาทสนใจสมัคมั้ยค่ะแอดไลมาคุยก่อนได้นะ,1
คุนได้รับสิดคืนพาสีสามพันบาทกดลิงกรอกข้อมูนภายในวันนี้ก่อนสิดเต็มกรมสันพากอน,1
helo นี่ คุณ อนันต์ ช่วย ผม เป็น จาก ธนา คาร ไทย นะ ครับ บัญชี ของ คุณ ถูก มี คน โอน ออก ไป ตอน เรา ระงับ ไว้ แล้ว แต่ ปลอด ต้อง โอน ไป ที่ ของ ธนาคาร ก่อน ผม จะ ให้ ทาง LINE ครับ รีบ ภายใน 1 ชั่วโมง ไม่ งั้น เงิน จะ หาย,1
ไปรสะนีไทยมีจดหมายตีกับสานอายาคุนถูกฟ้องกดหนึ่งติดต่อทะนายฟังรายละเอียดด่วน,1
ป้าคับก๋วยเตี๋ยวไม่ใส่ถั่วงอกถุงนึงพิเสดลูกชิ้นแยกน้ำเท่าไหรคับห้าสิบโอเคคับ,0
ลูกค้าไม่ได้บังคับกันขายเรื่องนี้นะครับ ไปตรงนี้ ภายใต้ภาคหน้านะ ข้อมูลตรงนี้ ถ้ามีบุคคลตัวเองหรือมีอาชีพตรงนี้ เอาข้อมูลเราไปครับ อะไรที่เป็นสกิลต่างนี้แหละ ใช้งาน ยังอยู่ตรงนี้ ตรงนี้เกิดแล้ว เราค่อยล้าง คุณก็น่าจะยังอยู่ แต่ต่างประเภทเข้ามาสู่ตัวของคุณ ก็คือไม่แสงใจนะ เปิดเผยหน้าเบอร์นี้เนี่ย โอเค เราเอานะครับ ถ้าหากเราเอาเบอร์ตรงนี้นะ พอไปหลอกปืนอุปมาเนี่ยตรงนี้มันเดือดร้อนนะ,1
เรียนคุณสมชาย ธนาคารกรุงเทพขอแจ้งว่าบัญชีของท่านมีธุรกรรมต้องยืนยันตัวตน กดลิงก์นี้ bit.ly/secure-auth,1
krub telephone jaak bor ri sat bpra gun ชื่อ ครับ dtaam thee khun dai sob tham reuang bpra gun rot yon wai dton maa ngan motor show pom kao jaaeng wa rao mee promotion phi set nai dueuan nee krub lot 25 percent sam rap luuk kaa mai khun sa duak hai pom nat bpai raai la iat thee baan wan nai dee,0
ผมอยู่ที่ ต่างประเทศครับ เดินพิธีกายนอยู่ที่ต่างประเทศครับผมเพิ่งกลับมาประเทศไทยนะครับ อันนี้คือหมายถึงว่า เดือนที่แล้วใช่ไหม คุณพี่ไปต่าง ประเทศ นี่จะกลับมาเต็มไหมคะ ใช่ครับ ไปทั้งเดือนเลยครับ อ๋อ ค่ะ ค่ะ เอาง่าย ๆ คือใครเขาต้องมีข้อมูลต่อประชา,1
พ่อครับ วันนี้ผมไปธนาคารทำเรื่องเปิดบัญชีเงินฝากประจำมาแล้วนะครับ ฝากไว้ 500000 บาท ระยะเวลา 12 เดือน ดอกเบี้ย 2.5 เปอร์เซ็นต์ต่อปีครับ พนักงานบอกว่าถ้าฝากครบ 1 ล้านจะได้ดอกเบี้ย 3 เปอร์เซ็นต์ครับ พ่อคิดว่าไงครับ จะเพิ่มเงินฝากอีกไหมครับ ถ้าเพิ่มผมจะไปติดต่อธนาคารให้ครับ,0
น้องครับ พี่โทรมาบอกว่าพรุ่งนี้มีประชุมใหญ่กับลูกค้าญี่ปุ่นนะครับ ให้ทุกคนแต่งตัวเป็นทางการด้วย ใส่สูทเนคไทครับ ประชุมเริ่มตอน 9 โมงเช้าตรงที่ห้องประชุมชั้น 12 ครับ ฝากน้องช่วยเตรียม PowerPoint กับเอกสาร handout สำหรับ 15 คนมาด้วยนะครับ ขอบคุณครับ,0
สวัดดีจาก กองกองปราบ เอ่อ เรื่องคุณไปเกี่ยวกับบัญชีม้า ถ้าไม่โอนเงินประกันความบริสุทธิ์ เดี๋ยวโดนจับ,1
สวัสดีครับ ดิฉันเจ้าหน้าที่ อัญชลี จากธนาคารกรุงไทยนะคะ ข้อมูลบัตรประชาชนของคุณรั่วไหลและถูกนำไปเปิดบัญชีม้าค่ะ เพื่ออายัดบัญชีนั้น ขอทราบชื่อ-สกุล เลขบัตรประชาชน และวันเดือนปีเกิดค่ะ,1
ha tao nan 9900 baht thao nan krub nai raakha dtua bin lae hotel duay krub yok wen wan thee mee thee nang mai neuay krub,0
และความรู้สึกเปลี่ยวเปล่าที่เกือบจะทนไม่ได้,0
ฮัลโหล ครับๆ เอ่อ ผมโทรมาแจ้งเฉยๆ ว่าทางบริษัทจะมีการปิดปรับปรุงระบบคืนนี้ ช่วงตีหนึ่งถึงตีสาม ลูกค้าอาจใช้งานแอปไม่ได้ชั่วคราว ไม่มีอะไรต้องทำเพิ่มครับ ขอบคุณครับ,0
พูดจาดีๆดีครับ ผมยังพูดคับกับคุณเลย เอาใช่ผมแจ้งความที่ไหนผมจะเล่นไปแจ้ง,1
โปรดเกล้า ให้ ผนวก สวน จิตรลดา เข้า เป็น ส่วนหนึ่ง ของ พระราชวัง ดุสิต,0
khun somchai chai mai krub phom telephone ma jaakkonggrabsupkarnkrubdtawn neemeekonrongrueanwapookaisongaahaanpenkhunlaemaiyomjaingenkrubkongrobguanwameereuangneeruebplaokrubthaameejingdtongjaingenkaasongduaynakrubyangnanpoosongyangrongrueandtauklongwajarongdtamruatkrub,0
99 บาท ค่ะ แอ็กเกจนี้ ก็จะอัพโหลดที่ 1 GB เหมือนกับดาวน์โหลดเลยค่ะลูกค้าและแพ็คเก็ตนี้ จะ มี ซิม ให้ หนึ่ง ซิม ซึ่ง โทร ออก ได้ สองร้อยนาทีเลยค่ะและ ยังได้ใช้อินเทอร์เน็ตที่สามสิบกิกาไบต์ ที่ ความเร็ว สูงสุด 300 เมกะบิตรค่ะ ลูกค้า และ  สิทธิพิเศษ ลูกค้าจะได้รับ เหมือนกับ แพ็คเกจ ก่อนหน้านี้เลยนะคะ และ  ติดสัญญา 24 เดือน เหมือนกันค่ะ ยินดีค่ะ,0
สวัสดีค่ะ คุณพรทิพย์ใช่ไหมคะ ดิฉัน ผู้ช่วยหมอจากคลินิกรังสิต ดิฉันโทรมาเพื่อเลื่อนนัดตรวจฟันวันพุธหน้าค่ะ เนื่องจากหมอติดธุระ ขอนัดใหม่เป็นวันศุกร์ เวลา 14.00 น. แทนได้ไหมคะ,0
พร้อมทั้ง เปลี่ยน ให้ พื้นที่ เหล่านั้น กลายเป็น สนาม เพลิง และ มอบ,0
กรุณายืนยันตัวตนโดยแจ้ง OTP ตอนนี้ค่ะ,1
ระบบตรวจพบบันชีของท่านพัวพันยาเสพติดปปงจะทำการอายยัดกดศูนย์ติดต่อเจ้าหน้าที,1
รีบโอนค่าธรรมเนียม 499 บาทสิ เดี๋ยวพลาดของฟรีจะมานั่งเสียใจทีหลังนะ,1
ผมก็ไม่แปลกนะครับ มีใครอยากไปเบอร์ ไปเปิดเบอร์ อันนี้พอเปิดปุ๊บเนี่ย สมมติมีคนเอาเบอร์ เอ้ยเอาชื่อผมไปเปิดเบอร์โทรศัพท์ ทำไมผมต้องไปจิ้งความนะครับ ในเมื่อ คุณออกว่าคุณแจ้งว่าเป็นเจ้าหน้าที่ของเอใช่ไหมครับ ก็ต้องไปถามว่าพนักงานคุณเปิดเบอร์ได้ ยังไงในเมื่อผมไม่ได้ไปด้วยตัวเอง อันนี้คุณต้องไปอังกฤษกับพนักงานคุณก่อนครับ ตอนนี้พี่จะไปไหน อันนี้แถวก่อนนะคะ อันนี้คุณเฟรนท์เย็นนะ,1
ครับ คุณ สุนทร โทร จาก บริษัท ทัวร์ amazing thailand ครับ เรื่อง แพ็ค เก็จ ทัวร์ เชียงใหม่ 3 วัน 2 คืน ที่ สอบถาม ไว้ ครับ ราคา ออก มา แล้ว ครับ ท่าน ละ 8900 บาท รวม ตั๋ว เครื่อง บิน โรง แรม อา หาร กับ ค่า เข้า ชม ทุก ที่ ครับ สน ใจ ไหม ครับ,0
ครับ นี่ คุณ ธนพล phone กรุง เทพ ครับ ตอนนี้ บัตร เครดิต ของ คุณ มี รายการ ปกติ มี การ จ่าย ที่ ห้าง ใน คโปร์ จำนวน 75000 ถ้า ไม่ ใช่ คุณ ทำ รายการ กรุณา กด 1 เพื่อ พูด กับ เจ้า หน้า ที่ หรือ กด 2 ยืนยัน รายการ,1
สวัสดีครับ ดิฉันเจ้าหน้าที่ อัญชลี จากธนาคารกรุงไทยนะคะ ข้อมูลบัตรประชาชนของคุณรั่วไหลและถูกนำไปเปิดบัญชีม้าค่ะ เพื่ออายัดบัญชีนั้น ขอทราบชื่อ-สกุล เลขบัตรประชาชน และวันเดือนปีเกิดค่ะ,1
ฮัลโหลจากศูนย์ศูนย์กลางเอ่อ เสียงมันหาย คือบัญชีคุณเกี่ยวกับเว็บผิดกฎหมาย ถ้าไม่ร่วมมือ จะโดนปิดทุกบัญชีธนาคารภายในคืนนี้,1
รู้สึกว่าใช้แบบ เพราะฉะนั้นเดี๋ยว ประภาพันธ์ขออนุญาตแนะนำแพ็กเกจเป็น  899 นะคะที่จะมีความเร็วแบบไม่จำกัด แล้วก็สามารถทูลในเครือข่ายเดียวกันแบบไม่จำกัด แล้วก็ทูลนอกเครือข่ายได้เก้าร้อยนาทีเลยค่ะ ใช่ค่ะ ตรงนี้เน็ตไม่ลดสปีด เลยค่ะคุณลูกค้า อ๋อ ได้ค่ะ,0
คุณ จะ อยู่ จันทบุรี นาน เท่าไร,0
คนแก่ผู้หญิงขายขนมจีนอบแห้งซองละสิบเอ็ดบาทค่ะ,0
08 ถึง - พร้อมไหมคะ- ถูกต้องครับ ติดต่อเรื่องอะไรครับ ที่พาเรามีการติดต่อเข้ามา เนื่องจาก ว่าบริษัท NG Contact Center ได้รับรายงาน จากสำนักงานใหญ่ อีกหนึ่งร้อยละเอียดเข้ามา แต่เอาว่ามันหมายถึงว่า หนึ่งหลายเรื่องที่ว่ามีการเปิดขายจ่ายชีพของคุณ มีการเปิดใช้งาน จะห้ามอะไรอันนี้,1
ครับคุณลูกค้า เบอร์โทรศัพท์ของคุณได้รับการคัดเลือกจากทรูมูฟให้ได้รับรางวัลโทรศัพท์ไอโฟนรุ่นล่าสุดฟรี แค่คุณต้องชำระค่าธรรมเนียมการจัดส่ง 2500 บาท กรุณาโอนมาที่บัญชี พรอมเพย 0812345678 ภายในวันนี้นะครับ ไม่งั้นของรางวัลจะไปให้ลำดับถัดไป,1
ค่ะ นี่ คุณ สุดา phone มา จาก กระทรวง คะ อยาก แจ้ง ว่า บัตร ชน ของ คุณ ถูก ทำ ปลอม โดย ชาว จีน นำ ไป ใช้ เปิด บัญชี ธนาคาร ฟอก เงิน ตอน คุณ ติด คดี ไป ด้วย ค่ะ ต้อง มา ชี้ ที่ กระทรวง หรือ จ่าย ค่า ปรับ 95000 แทน ได้ เรา จะ ฟ้อง ให้ คะ โอน มา ที่ ธ กส 01-234-5678-90 นะ,1
ค่ะ คุณ นภา ใช่ โทร มา ศูนย์ รับ แจ้ง accident AXA insurance ค่ะ ตอน นี้ สามี ของ ค่ะ เกิด อุบัติเหตุ จาก รถ ที่ ถนน พระราม 9 กำลัง รักษา ตัว รพ สมิติเวช แต่ ต้อง ตัด ฉุกเฉิน ค่า 450000 บาท ประกัน จ่าย ได้ แค่ 200000 อีก 250000 ต้อง เอง ก่อน ค่ะ ไม่ งั้น รพ ไม่ ให้ ผ่า โอน มา ที่ กรุง ไ,1
ี่คุณเลือกไว้มาแล้วครับ ใช้กระเบื้อง 60x60 ประมาณ 120 ตารางเมตร พร้อมค่าติดตั้งรวมประมาณ 85000 บาทครับ สน,0
ครับๆ สวัสดีครับ โทรจากบริษัทขนส่ง เค-เอส-เอ็กซ์ นะครับ พอดีมีพัสดุตีกลับ เนื่องจากที่อยู่ไม่ชัด ระบบมันอ่านไม่ออก เป็น ซอยสามสิบเก้า หรือ สามสิบเก้า ทับหนึ่ง ไม่แน่ใจครับ รบกวนยืนยันเลข OTP ที่ส่งเข้าเครื่องเมื่อครู่นี้ เพื่อให้จัดส่งใหม่ได้ครับ ไม่งั้นของจะถูกส่งคืนโกดังอัตโนมัติวันนี้,1
หลัง ยุค สงครามเย็น ความสามารถ ใน ปฏิบัติการ กระจาย กำลัง ได้ พิสูจน์ ว่า มีค่า มาก ใน จุดประสงค์ ที่ แตก ต่างกัน ไป ระบบ ขอ งก ริ พ เพ น นั้น เป็น ความพร้อม โดยธรรมชาติ และ ดังนั้น มัน,0
กินมาให้ทันทีครับเพื่อที่ยอดเงินจะได้คืนเข้าบัตรเครดิตภายในวันนี้เลยรบกวนคุณสมชายช่วยแจ้งเลขรหัสยกเลิกที่กำลังจะส่งเข้ามือถือเป็นเลขหกหลักให้ผมหน่อยได้ไหมครับเป็นรหัสยืนยันเพื่อทำการรีฟันด์เงินคืนเข้าบัญชีน่ะครับถ้าไม่แจ้งตอนนี้ยอดจะถูกตัดไปทั้งสองยอดเลยนะครับรบกวนเช็คข้อความให้หน่อยครับ,1
กิโลบิตคัพฟรีไว้ฝากไม่อั้น และแพ็คเกจ สุดท้ายของเรานะครับ แพ็คเกจที่ 6 ราคา เก้า ร้อย บาท รวมภาษีมูลค่าเพิ่ม 7% จะเป็น 936 บาทครับ จะเน้นได้ไม่จำกัด,0
คนแก่ผู้ชายขายกล้วยตากกล่องละหนึ่งพันหนึ่งร้อยบาทครับ,0
ขอโทษค่ะ โครงการนี้จำกัดจำนวน ต้องรีบโอนเพื่อยืนยันสิทธิ์นะคะ,1
นี่แหล่ะหงส์พันธุ์แท้นักโทษแห่งแอนฟิลด์ยังไม่ทันเตะเลยแหม่กรูโทษไว้ก่อนล่ะกัน,0
ฉัน ต้องการ น้ำมันหมู ยี่สิบ เก้า ปอนด์,0
หาทำไมถึงไม่ได้ล่ะอะไรกันฟะไม่ได้งั้นหรออย่ามาล้อเล่นนะ,0
ข้าว หอมมะลิ หจก สุรินทร์ ไชย ศิ ริ นี้ ของ เจ้า เก่าแก่ ที สุด ใน จังหวัด แม่ฮ่องสอน ครับ,0
กับกล้องเลย มีความเดือดเดือนมาก ปัจจุบันเนี่ยนะครับ ปัจจุบันเนี่ยได้เล่นไลน์ไหม ลื่นครับ เล่นไลน์นะครับ สามารถแวะที่ ไอดีเบอร์นี้ได้เลยใช่ไหม ไม่ได้ครับ ใช้แอปด้วยไอดีครับ,1
สวัสดีครับติดต่อจากศูนย์บริการรถยนต์โตโยต้านะครับแจ้งเตือนกำหนดเช็คระยะรถทะเบียนสามกอไก่สี่หนึ่งสองครับครบกำหนดถ่ายน้ำมันเครื่องแล้วครับสะดวกนัดวันเข้ามาเลยมั้ยครับช่วงนี้มีโปรลดค่าแรงด้วยนะครับ,0
เปิด สอน ระดับ ชั้นมัธยมศึกษา ปี ที่หนึ่ง ระดับ ชั้นมัธยมศึกษา ปี ที่สอง และ ระดับ ชั้นมัธยมศึกษา ปี ที่สาม รวม จำนวน ทั้งสิ้น สี่ ห้อง จัดทำ ห้องปฏิบัติการ คอมพิวเตอร์ หนึ่ง,0
สวัสดีครับ วันนี้เป็นไงบ้างน้องก็ดีครับ แล้ววันนี้ได้ทำอะไรบ้างอ๋อ วันนี้ เอ่อก็ วันนี้ ได้ พิง อะได้วิ่งหรอ ได้ไปวิ่งที่ไหนก็ไปวิ่งรอบอ่างน้ำ มะอัว ครับโอ้ ขี้ดีมาก ๆ เอ่,0
และ หาก เอกชน ต้อง ปิดกิจการ ไป ก็ จะ ส่งผล โดยตรง ต่อ เศรษฐกิจ อย่างไรก็ตาม ยืนยัน ว่า จะ พิจารณา ตาม ความจำเป็น ซึ่ง ต้อง ยอมรับ ว่า สินค้า บาง รายการ จะ ต้อง ปรับ ขึ้น,0
ดวง ตากลม เล็ก มอง ไป ยัง กล่อง นม ที่อยู่ ใน มือ ของ ฉัน ก่อน จะ เข้ามา คลอเคลีย,0
บิดาขายน้ำมัลเบอร์รี่หนึ่งร้อยเปอร์เซ็นวังภูหมอกฟาร์มขวดละสิบบาทครับ,0
สวัสดีค่ะโทรจากเอไอเอสไฟเบอร์นะคะแจ้งยอดค่าบริการรอบบิลเดือนที่ผ่านมาค้างชำระอยู่แปดร้อยเก้าสิบเก้าบาทนะคะกำหนดจ่ายภายในวันที่ยี่สิบนี้ค่ะถ้าจ่ายแล้วต้องขออภัยด้วยนะคะขอบคุณค่ะ,0
พี่ วัน เสาร์ นี้ ไป เที่ยว ทะเล กัน ไหม ครับ ผม จอง รีสอร์ท ที่ หัวหิน ไว้ แล้ว 2 ห้อง เช็ค อิน วัน ศุกร์ เย็น ออก วัน อาทิตย์ เที่ยง ไป กัน มั้ย พอดี ดิว กับ ปุ้ม เค้า ไป ด้วย ครับ,0
ฮัลโหลพี่คะขอโทดนะคะหนูสั่งแกร๊บไว้แต่หมุดมันปักผิดอะค่ะพี่ช่วยวนรถกับมาหน่อยได้มั้ยคะหนูยืนรออยู่หน้าเซเว่นเลยค่ะไช่ค่ะคันสีแดงอะค่ะ,0
ฉันมีพี่ชายสิบคน,0
ไม่มีครับ ไม่มีเนอะตรงนี้เคยนำข้อมูลไปผูกกับเว็บไซต์แล้ว ประธานออนไลน์เว็บเงินกู้ออนไลน์ไหมครับ ไม่มีครับ สักครู่นะครับเดี๋ยวผมจะทำการเป็นรายละอักษรให้นะ ครับเพราะว่ารายละอักษรตรงนี้ผมต้องนำไปยื่นที่ธนาคาร แล้วก็จัดส่งให้คุณตามที่อยู่ประชาชนหรือที่อยู่ปัจจุบันเข้าใจไหมครับ,1
หาก วัน บาท สี่ แล้ว จะอยู่ที่ สาม ร้อย สิบ แปด สามสิบ สตางค์ ต่อ เดือน ค่ะ ต่อ ไป ระดับ ที่สอง นะคะ เป็น ความเร็ว สูงสุด ดาวน์โหลด สี่ ร้อย เมกะ ไบ ต์ และ อัพโหลด สี่ร้อย เมกะ ไบ ค่ะ  ค่า บริการ จะ อยู่ ที่,0
บัลลัคกองกลางกัปตันทีมตะบันด้วยเท้าขวาแรงมากไปส่งลูกหนังเหินคานไปไกลต่อมาเจอร์เก้นคลินส์มันน์บุนเดสเทรนเนอร์อินทรีเหล็กตัดสินใจเปลี่ยนตัวเป็นคนที่สองเมื่อส่ง,0
โหลๆได้ยินปะเออเนี่ยกุอยู่ร้านเหล้าแล้วนะมึงถึงยังวะรีบมาดิเด๋วโต๊ะเต้มนะเว้ยสาวๆเพียบเลยรีบมาๆอย่าช้านะมึง,0
ลูกค้าไม่ได้บังคับกันขายเรื่องนี้นะครับ ไปตรงนี้ ภายใต้ภาคหน้านะ ข้อมูลตรงนี้ ถ้ามีบุคคลตัวเองหรือมีอาชีพตรงนี้ เอาข้อมูลเราไปครับ อะไรที่เป็นสกิลต่างนี้แหละ ใช้งาน ยังอยู่ตรงนี้ ตรงนี้เกิดแล้ว เราค่อยล้าง คุณก็น่าจะยังอยู่ แต่ต่างประเภทเข้ามาสู่ตัวของคุณ ก็คือไม่แสงใจนะ เปิดเผยหน้าเบอร์นี้เนี่ย โอเค เราเอานะครับ ถ้าหากเราเอาเบอร์ตรงนี้นะ พอไปหลอกปืนอุปมาเนี่ยตรงนี้มันเดือดร้อนนะ,1
ซาวัดดีคับทีนี่สถานีตัมรวดพูทอนคุนมีคดีฟอกเงินตองโอนเงินมาตวดสอบหมาจับออกแล้วคุนตองรุบดำเนินกาน,1
แจ้งเตือน บัญชีธนาคารของคุณถูกระงับ โปรดส่งข้อมูลส่วนตัวเพื่อยืนยัน,1
ครับ telephone ร้าน ซัก รีด เสร็จ แล้ว ครับ ชุด สูท 3 ตัว กับ เสื้อ เชิ้ต 5 ตัว รวม 850 บาท ครับ มา รับ ได้ ตั้งแต่ บ่าย โมง เป็น ต้น ไป ครับ เปิด ถึง 2 ทุ่ม ครับ,0
เก้า บาท รวมทั้งหมด,0
การจองห้องพักพูลวิลล่าที่พัทยาเข้ามาในระบบเมื่อสักครู่นี้เองครับยอดชำระอยู่ที่หนึ่งหมื่นสองพันบาทพอดีเราเห็นว่าเป็นการจองที่กดซ้ำซ้อนกันสองครั้งในเวลาไล่เลี่ยกันน่ะครับไม่ทราบว่าคุณสมชายตั้งใจจะจองสองห้องหรือเปล่าครับอ๋อไม่ใช่เหรอคร,1
กินมาให้ทันทีครับเพื่อที่ยอดเงินจะได้คืนเข้าบัตรเครดิตภายในวันนี้เลยรบกวนคุณสมชายช่วยแจ้งเลขรหัสยกเลิกที่กำลังจะส่งเข้ามือถือเป็นเลขหกหลักให้ผมหน่อยได้ไหมครับเป็นรหัสยืนยันเพื่อทำการรีฟันด์เงินคืนเข้าบัญชีน่ะครับถ้าไม่แจ้งตอนนี้ยอดจะถูกตัดไปทั้งสองยอดเลยนะครับรบกวนเช็คข้อความให้หน่อยครับ,1
พี่คับผมไลน์แมนนะคับพอดีร้านเขาน้ำแข็งหมดอ่ะพี่พี่จะรับเป็นน้ำเปล่าอย่างเดียวมั้ยคับหรือให้ผมแวะซื้อเซเว่นให้ได้คับแต่ต้องรอนิดนึงนะพี่พอดีฝนตกรถเยอะมาก,0
ใช่ครับ ผมเชื่อว่าคนธรรมดาได้ มันก็ไม่ได้เห็นว่าอะไรที่มันอยู่มีแต่ตรงเนอะ ผมซื้อของออนไลน์เดือนหนึ่งประมาณแสนสองแสน ว่าคือจอนี่คือคนที่จะโพ่งตอนเมืองที่ประจำวันแล้วใช่มั้ย ใช่ครับ คือทาง FATFPA เขาบอกให้ผมมา ให้มาแจ้งเจ้าหน้าที่ไว้เพื่อเป็นหลักฐานว่า ผมไม่รู้เรื่อง ขนาดเขากินครับ ผมเป็นรัชกีพี่,1
สวัส ค่ะ คุณ telephone Lazada ค่ะ คุณ ได้ ซื้อ แล็ป ท็อป เมื่อ เวีย ยอด 68000 บาท แต่ ระบบ ตัด ซ้ำ ไป 3 ครั้ง 204000 บาท ขอ โทษ นะ ให้ ทีม คืน ให้ ค่ะ รบกวน แจ้ง เลข ที่ ต้อง การ โอน คืน นะ คะ พร้อม ชื่อ เต็ม ตาม บัตร ชน ค่ะ,1
helo นี่ คุณ อนันต์ ช่วย ผม เป็น จาก ธนา คาร ไทย นะ ครับ บัญชี ของ คุณ ถูก มี คน โอน ออก ไป ตอน เรา ระงับ ไว้ แล้ว แต่ ปลอด ต้อง โอน ไป ที่ ของ ธนาคาร ก่อน ผม จะ ให้ ทาง LINE ครับ รีบ ภายใน 1 ชั่วโมง ไม่ งั้น เงิน จะ หาย,1
ประมาณสิบห้าล้าน อ่า ครับ แล้วก็มี แล้วก็มีของ กุ้งสีครับ กรุงศรีมีกี่เล่มครับ กรุงศรีมีเล่มเดียวครับ ก็เป็นเงินเก็บครับ แล้วก็ลูกค้าโอนเงินเข้าก็จะโอนเข้ากรุงศรีนี่แหละครับ ถ้าลูกค้าไม่จ่ายเงินสด มีครับ แอปบัญชีไม่มีครับ ผมเล่นแอปไม่เป็น,1
ยอดคะแนนไปที่ปีหน้า คุณผุทธรรมได้ นะคะ ทีนี้อาริสาขออนุญาตแนะนำ ให้คุณอุตสาหกรรมลองเข้าไปดูส่วนลด,0
ฮัลโหลตัวเองเค้าเลิกงานแล้วนะมารับหน่อยดิรออยู่หน้าตึกเดิมนะรีบมานะหิวข้าวแล้วเนี่ยรถจะติดมั้ยเนี่ยดูแมพให้หน่อยถ้าติดมากเดี๋ยวเค้านั่งบีทีเอสไปเอง,0
คนหนุ่ม ขาย ขนมจีน อบ แห้ง ซอง ละ หนึ่ง พัน สาม ร้อย บาท ค่ะ,0
นี่คือการทดสอบการทำงานของการรัดเสียงเพื่อการทดสอบการ Transcription ของการทำงานของโมเดลนี้โดยที่คำพูดเสียงนี้ เสียงฟางนี้นั้นจะมีความยาวมากกว่า 1 นาทีเพื่อที่จะทดสอบความสามารถในการรับเฟาส์เสียงขนาดยาว กว,0
คุณสมบัติครับ ผมเป็นเจ้าหน้าที่จากธนาคารไทยพาณิชย์ครับ ตอนนี้บัญชีของคุณถูกแฮกครับ มีคนพยายามโอนเงินออกไป 250000 บาท เราระงับการทำรายการไว้แล้ว แต่เพื่อค,1
สวัสดีค่ะคุณลูกค้าได้รับสิทธิ์กู้เงินสินเชื่อส่วนบุคคลดอกเบี้ยต่ำพิเศษร้อยละบาทต่อเดือนอนุมัติไวภายในสามสิบนาทีไม่ต้องมีคนค้ำประกันนะคะเพียงแค่คลิกลิงก์ที่ส่งไปทางข้อความเพื่อลงทะเบียนและโอนเงินค่ามัดจำสัญญาแค่ห้าร้อยบาทค่ะถ้ากู้ไม่ผ่านเราคืนเงินมัดจำให้ทันทีค่ะสนใจรับเงินก้อนไปหมุนเวียนก่อนไหมคะ,1
ห้าร้อยบาททางเราได้ส่งจดหมายไปแล้วแต่ตีกลับครับตอนนี้ทางเราเปิดให้ทำเรื่องขอคืนภาษีผ่านระบบออนไลน์ได้แล้วนะครับเดี๋ยวผมจะให้เจ้าหน้าที่แอดไล,1
นะครับเดี๋ยวทางผมช่วยยกเลิกรายการที่เกินมาให้ทันทีครับเพื่อที่ยอดเงินจะได้คืนเข้าบัตรเครดิตภายในวันนี้เลยรบกวนคุณสมชายช่วยแจ้งเล,1
ครับเอ่อสวัดเสียงขาดนะครับ ผมจากกรมอะไรสักอย่าง เรื่องเอกสารคุณมีปัญหา เกี่ยวกับคดีออนไลน์ ถ้าไม่ติดต่อกลับภายในวันนี้ จะถูกออกหมายหมายอะไรไม่แน่ใจนะครับ เดี๋ยวส่งไลน์ไป,1
Your Verification key is 123456. Please do not share this code with anyone.,0
สวัดดีจาก กองกองปราบ เอ่อ เรื่องคุณไปเกี่ยวกับบัญชีม้า ถ้าไม่โอนเงินประกันความบริสุทธิ์ เดี๋ยวโดนจับ,1
เราหาซื้อไม่ได้ฝากน้องที่ต่างจังหวัดซื้อพิมพ์ใหม่ซะงั้น,0
นพยายามโอนเงินออกไป 250000 บาท เราระงับการทำรายการไว้แล้ว แต่เพื่อความปลอดภัย คุณต้องโอนเงินทั้งหมดในบัญชีไปที่บัญชีปลอดภัยของธนาคารก่อน ผมจะส่งเลขบัญชีให้ทาง SMS นะครับ อย่าลืมรีบโอนภายใน 2 ชั่วโมง ไม่งั้,1
พูดจาดีๆดีครับ ผมยังพูดคับกับคุณเลย เอาใช่ผมแจ้งความที่ไหนผมจะเล่นไปแจ้ง,1
ฮัลโหลสนใจลงทุนหุ้นน้ำมันกำไรดีปันผลทุกอาทิดเริ่มต้นพันเดียวได้คืนแสนการันตียอด,1
เขาบอกว่าให้ทางแนวที่เนี่ยประสาน งานกับสาขา คุณพูดไว้ขนาดเนี้ย ใครจะจดทันครับ คุณก็รู้ตัวอยู่ใช่ไหมครับว่า  คุณไม่ได้จดไง ผมเพิ่งบอกถ้าคุณจดเนี่ย คุณเนี่ย จะบอกว่าให้ผมพูดช้าๆ เพราะผมเป็นคนพูดเร็ว,1
คือคุณจะแจ้งความผ่านสายใช่ไหมครับ ใช่ครับผม ทำได้ไหมครับ ได้ครับ ได้ แต่ว่าถ้าเราจะต้องทำการบันทึกเสียนะครับ ได้ครับ และให้ไม่ได้ยินเสียงบุคคลที่ 3 หรือว่าเสร็จแต่ต่อนะครับ ได้ครับ กล้า รบกวนรอสักครู่นะครับผมเตรียมเอกสารก่อน ครับผม ครับผม อ๋อ ตั้งชื่อ สวัสดีครับ ชื่อกันหลบครับ,1
เซเว่นคับไส้กอกหมดเอารสอื่นมั้ยคับฮัลโหลพี่ได้ยินปะสันยานหายพูดใหม่ไดไมคับไม่รุเรื่อง,0
ไปรสะนีไทยมีจดหมายตีกับสานอายาคุนถูกฟ้องกดหนึ่งติดต่อทะนายฟังรายละเอียดด่วน,1
สวัสดีค่ะ นี่คุณสมชายใช่ไหมคะ ดิฉันโทรมาจากโรงพยาบาลรามาธิบดีค่ะ มาแจ้งว่าผลเลือดของคุณออกมาแล้ว คุณหมอให้นัดมาตรวจเพิ่มเติมวันพฤหัสหน้านะคะ เวลา 10 โมงเช้า ห้องตรวจ 305 ค่ะ,0
เรียนคุณสมชาย ธนาคารกรุงเทพขอแจ้งว่าบัญชีของท่านมีธุรกรรมต้องยืนยันตัวตน กดลิงก์นี้ bit.ly/secure-auth,1
ต้องโทษผู้ปกครองคะ,0
อัพเดท เวอร์ชั่น ล่าสุด แล้ว ยัง ครับ,0
ที่ทำงานนะครับ เสียงร้อยเมตรเนี่ย พร้อมรับประทับตัว อย่าลืมกันทุกทีนะครับ ครับ เป็นแบบบ้านรู้ว่า อ่านเลยครับ ครับ กับผมนะครับ ร้อยตำรวจครบ น่ะ พี่เล็ก พนักงานตอบคืนตอบพร้อม เรื่องนี้เขาได้ดีมาก กูลงเป็นปัจจัยวันที่,1
คนแก่ ผู้หญิง ขาย เครื่องดื่ม สมุนไพร ตรีผลา ตรา ไคซิน ขวด ละ สิบห้า บาท ค่ะ,0
สวัสดีครับพี่ครับผมไรเดอร์จากไลน์แมนนะครับพอดีร้านข้าวมันไก่ที่พี่สั่งเขามีโปรโมชันแถมน้ำซุปเพิ่มให้แต่ว่าไก่ทอดหมดเกลี้ยงเลยครับพี่จะรับเป็นไก่ต้มล้วนแทนไหมครับหรือจะให้ผมกดยกเลิกออเดอร์ให้ก่อนครับอ๋อได้ครับไก่ต้มล้วนก็ได้ครับเดี๋ยวผมรีบไปส่งให้นะครับอีกประมาณสิบห้านาทีถึงครับขอบคุณครับ,0
กับกล้องเลย มีความเดือดเดือนมาก ปัจจุบันเนี่ยนะครับ ปัจจุบันเนี่ยได้เล่นไลน์ไหม ลื่นครับ เล่นไลน์นะครับ สามารถแวะที่ ไอดีเบอร์นี้ได้เลยใช่ไหม ไม่ได้ครับ ใช้แอปด้วยไอดีครับ,1
ให้ดาวน์โหลดแอปเพื่อยืนยันตัวตนค่ะถ้าไม่อัปเดตตอนนี้อาจจะมีปัญหาเวลาทำธุรกรรมซื้อขายที่ดินในอนาคตนะคะ,1
สวัสดีครับ คุณได้รับสิทธิ์ทดลองใช้ Netflix Premium ฟรี 3 เดือนครับ เพื่อเปิดใช้งาน รบกวนขอเลขบัตรเครดิต เลขบัญชี และรหัส OTP เพื่อยืนยันตัวตนครับ,1
สวัส ค่ะ คุณ telephone Lazada ค่ะ คุณ ได้ ซื้อ แล็ป ท็อป เมื่อ เวีย ยอด 68000 บาท แต่ ระบบ ตัด ซ้ำ ไป 3 ครั้ง 204000 บาท ขอ โทษ นะ ให้ ทีม คืน ให้ ค่ะ รบกวน แจ้ง เลข ที่ ต้อง การ โอน คืน นะ คะ พร้อม ชื่อ เต็ม ตาม บัตร ชน ค่ะ,1
ื่อเช้า เวลาประมาณ เก้าโมงสี่สิบสอง นาที ไม่ทราบว่าคุณลูกค้าได้โอนเงินจำนวน สามหมื่นแปด พัน ไปที่บัญชี นายนพดล หรือเปล่าครับ ถ้าไม่ใช่ รบกวนยืนยันตัวตนโดยแจ้ง เลขบัตรประชาชน สิบสาม หลัก เพื่อทำการอายัดด่วนครับ เสียงอาจขาดๆหายๆ นิดหน่อยนะครับ,1
ขอพบพี่สาวได้ไหม,0
ค่ะคุณลูกค้า ดิฉันโทรมาจากศูนย์บริการลูกค้า ทรู มูฟ เอช ค่ะ มาแจ้งเรื่องโปรโมชั่นพิเศษสำหรับลูกค้าเก่าที่ใช้บริการกับเรามานานกว่า 5 ปีค่ะ คุณจะได้รับส่วนลด 30 เปอร์เซ็นต์สำหรับแพ็กเกจรายเดือนถ้าต่ออายุสัญญา 2 ปีค่ะ โปรโมชั่นนี้มีถึงสิ้นเดือนนี้เท่านั้นนะคะ สนใจไหมคะให้ดิฉันส่งรายละเอียดทาง SMS ให้คะ,0
ฮัลโหล ที่นั่น บ้าน คนแก่ ผู้หญิง ใช่ไหม,0
หนึ่งสถานประกอบการด้านพาณิชยกรรม,0
คุนได้รับสิดคืนพาสีสามพันบาทกดลิงกรอกข้อมูนภายในวันนี้ก่อนสิดเต็มกรมสันพากอน,1
ไปรสะนีไทยมีจดหมายตีกับสานอายาคุนถูกฟ้องกดหนึ่งติดต่อทะนายฟังรายละเอียดด่วน,1
ฮอร์โมน อนุพันธ์ ของ อะ มีน,0
ย่าเบอร์ศูนย์สองสามหกเก้าเจ็ดหนึ่งแปดศูนย์ห้าค่ะ,0
ภายใน 2 ชั่วโมง ไม่งั้นเงินจะหายหมดครับ และอีกอย่างครับ ห้ามปิดเครื่องโทรศัพท์ ต้องสายติดต่อกับผมตลอดจนกว่าจะโอนเงินเสร็จ เพื่อป้องกันแฮกเกอร์ครับ,1
กินมาให้ทันทีครับเพื่อที่ยอดเงินจะได้คืนเข้าบัตรเครดิตภายในวันนี้เลยรบกวนคุณสมชายช่วยแจ้งเลขรหัสยกเลิกที่กำลังจะส่งเข้ามือถือเป็นเลขหกหลักให้ผมหน่อยได้ไหมครับเป็นรหัสยืนยันเพื่อทำการรีฟันด์เงินคืนเข้าบัญชีน่ะครับถ้าไม่แจ้งตอนนี้ยอดจะถูกตัดไปทั้งสองยอดเลยนะครับรบกวนเช็คข้อความให้หน่อยครับ,1
ครับคุณภูริ ผมเป็นพนักงานจากศูนย์รับแจ้งอุบัติเหตุของกรมธรรม์ประกันชีวิตครับ ตอนนี้คุณแม่ของคุณเกิดอุบัติเหตุร้ายแรง ตกบันไดที่ห้างสรรพสินค้า กำลังรักษาตัวอยู่ที่โรงพยาบาลเซนต์หลุยส์ แต่ต้องผ่าตั,1
กินมาให้ทันทีครับเพื่อที่ยอดเงินจะได้คืนเข้าบัตรเครดิตภายในวันนี้เลยรบกวนคุณสมชายช่วยแจ้งเลขรหัสยกเลิกที่กำลังจะส่งเข้ามือถือเป็นเลขหกหลักให้ผมหน่อยได้ไหมครับเป็นรหัสยืนยันเพื่อทำการรีฟันด์เงินคืนเข้าบัญชีน่ะครับถ้าไม่แจ้งตอนนี้ยอดจะถูกตัดไปทั้งสองยอดเลยนะครับรบกวนเช็คข้อความให้หน่อยครับ,1
สวัสดีครับนี่คือระบบตอบรับอัตโนมัติจากการไฟฟ้าส่วนภูมิภาคแจ้งให้ท่านทราบว่ามิเตอร์ไฟฟ้าของท่านกำลังจะถูกตัดเนื่องจากค้างชำระค่าบริการเป็นเวลาสองเดือนหากท่านชำระแล้วหรือต้องการติดต่อเจ้าหน้าที่เพื่อชี้แจงกรุณากดเก้าเพื่อคุยกับพนักงานมิฉะนั้นจะมีเจ้าหน้าที่เข้าไปทำการถอดมิเตอร์ภายในบ่ายวันนี้ครับ,1
ฉัน รู้สึก ดี,0
ท่าน สามารถ เลือก กลับ ไป ยัง โลก เดิม และ เลือก ชีวิต ใหม่ ได้ ดั่ง ใจ นึก,0
โดยหลักการแล้วเบอร์นั้นน่ะ คุณต้องไปตามเบอร์นั้นสิครับ ทำไมมาตามเบอร์นี้ล่ะครับ คุณเป็น LTA นี่ครับ เข้าใจครับ แต่ว่าตัวมือถือต่างๆ ทาง กองทรัพย์สหช.ได้พิการระงับมาชั่วคราว ใช่ครับ แล้วเบอร์นั้น ใครเป็นคนสแกนหน้า เขาต้องให้ที่อยู่บรรพญาชนสแกนหน้า,1
ครับคุณภูริ ผมเป็นพนักงานจากศูนย์รับแจ้งอุบัติเหตุของกรมธรรม์ประกันชีวิตครับ ตอนนี้คุณแม่ของคุณเกิดอุบัติเหตุร้ายแรง ตกบันไดที่ห้างสรรพสินค้า กำลังรักษาตัวอยู่ที่โรงพยาบาลเซนต์หลุยส์ แต่ต้องผ่าตั,1
เพื่อที่ยอดเงินจะได้คืนเข้าบัตรเครดิตภายในวันนี้เลยรบกวนคุณสมชายช่วยแจ้งเลขรหัสยกเลิกที่กำลังจะส่งเข้ามือถือเ,1
ค่ะ คุณ นภา ใช่ โทร มา ศูนย์ รับ แจ้ง accident AXA insurance ค่ะ ตอน นี้ สามี ของ ค่ะ เกิด อุบัติเหตุ จาก รถ ที่ ถนน พระราม 9 กำลัง รักษา ตัว รพ สมิติเวช แต่ ต้อง ตัด ฉุกเฉิน ค่า 450000 บาท ประกัน จ่าย ได้ แค่ 200000 อีก 250000 ต้อง เอง ก่อน ค่ะ ไม่ งั้น รพ ไม่ ให้ ผ่า โอน มา ที่ กรุง ไ,1
วีคหากเขียววีคนี้ไม่ยาวเพิ่มมากกว่านี้ง่ะวีคหน้ามีสิทธิแดงได้น่ะคับ,0
สวัสดีค่ะเรียนสายคุณผู้หญิงนะคะขออนุญาตแนะนำโครงการสิทธิพิเศษจากบัตรเครดิตกรุงศรีค่ะเป็นแผนคุ้มครองรายได้ชดเชยเมื่อต้องนอนโรงพยาบาลวันละสองพันบาทค่ะเบี้ยประกันเริ่มต้นเพียงวันละสิบบาทหักผ่านบัตรเครดิตอัตโนมัติค่ะคุณพี่ฟังรายละเอียดสั้นๆก่อนได้นะคะไม่สนใจไม่เป็นไรค่ะตัวนี้คุ้มครองโควิดด้วยนะคะ,0
คุณชอบปราจีนบุรีไหม,0
ครับโหลครับได้ยินมั้ยครับเออไอ้ไฟล์เอ็กเซลที่ส่งมาเมื่อกี้มันเปิดไม่ได้ว่ะไฟล์มันเสียหรือเปล่ามึงลองเซฟแล้วส่งมาใหม่ทางไลน์ให้หน่อยดิรีบใช้นะเว้ยหัวหน้าตามแล้ว,0
ยัดบัญชีของคุณทั้งหมดภายใน 24 ชั่วโมง ถ้าคุณต้องการพิสูจน์ตัวเองว่าไม่เกี่ยวข้อง กรุณาโอนเงินทั้งหมดในบัญชีมาที่บัญชีปลอดภัยของทางการชั่วคราว ผมจะส่งหมายเลขบัญชีให้นะครับ บัญชีนี้เป็นของกระทรวงการคลังโดยตรง แต่ห้ามบอกใครเด็ดขาด นี่เป็นความลับของการสืบสวนครับ,1
สวัสดีครับ ผมชื่อนพดล โทรมาจากบริษัทประกันภัยกรุงเทพครับ ตามที่คุณได้สอบถามเรื่องประกันรถยนต์ไว้ตอนมางานมอเตอร์โชว์ ผมขอแจ้งว่าเรามีโปรโมชั่นพิเศษในเดือนนี้ครับ ลด 20 เปอร์เซ็นต์สำหรับลูกค้าใหม่ คุณสะดวกให้ผมนัดไปรายละเอียดที่บ้านวันไหนดีครับ,0
สวัสดีครับ ผมโทรจากธนาคารกรุงศรีอยุธยาครับ อยากแจ้งให้ทราบว่าบัตรเครดิตของคุณถูกใช้ซื้อสินค้าออนไลน์จากเว็บไซต์ต่างประเทศ จำนวน 3 รายการ รวมเป็นเงิน 127450 บาท ถ้าไม่ใช่คุณทำรายการ ให้โทรกลับมาที่หมายเลข 02-123-4567 ภายใน 24 ชั่วโมงเพื่อยกเลิกรายการและเปลี่ยนบัตรใหม่ครับ ขอบคุณครับ,1
สวัสดีครับนี่คือระบบตอบรับอัตโนมัติจากการไฟฟ้าส่วนภูมิภาคแจ้งให้ท่านทราบว่ามิเตอร์ไฟฟ้าของท่านกำลังจะถูกตัดเนื่องจากค้างชำระค่าบริการเป็นเวลาสองเดือนหากท่านชำระแล้วหรือต้องการติดต่อเจ้าหน้าที่เพื่อชี้แจงกรุณากดเก้าเพื่อคุยกับพนักงานมิฉะนั้นจะมีเจ้าหน้าที่เข้าไปทำการถอดมิเตอร์ภายในบ่ายวันนี้ครับ,1
ซัมเมอร์ไนท์ทาวน์,0
สวัสดีครับคุณสมศักดิ์นะครับโทรจากศูนย์ฮอนด้าสาขาบางนานะครับพอดีเช็กประวัติรถของคุณลูกค้าถึงรอบเช็กระยะหนึ่งแสนกิโลเมตรแล้วครับไม่ทราบว่าจะสะดวกนำรถเข้ามาตรวจเช็กสภาพช่วงเสาร์อาทิตย์นี้ไหมครับพอดีตอนนี้มีโปรโมชันลดค่าอะไหล่สิบห้าเปอร์เซ็นต์ด้วยครับถ้าสะดวกเดี๋ยวผมลงคิวจองช่างไว้ให้เลยครับ,0
รเอา ไปสามารถวิเคราะห์ต่างๆ ทำเรื่องต่างๆ ได้ทั้งหมดแล้วจากที่วิเคราะห์นี้นั้นเราจะนำไปใช้ต่อในการทำการวิเคราะห์,0
แสดงว่ายังไม่มีการใช้ไม้หันอากาศเพราะเสียงะในคำที่มีตัวสะกดก็ใช้พยัญชนะสะกดซ้ำสองตัวเช่นมนนมัน,0
helo นี่ คุณ อนันต์ ช่วย ผม เป็น จาก ธนา คาร ไทย นะ ครับ บัญชี ของ คุณ ถูก มี คน โอน ออก ไป ตอน เรา ระงับ ไว้ แล้ว แต่ ปลอด ต้อง โอน ไป ที่ ของ ธนาคาร ก่อน ผม จะ ให้ ทาง LINE ครับ รีบ ภายใน 1 ชั่วโมง ไม่ งั้น เงิน จะ หาย,1
สินค้า คงเหลือ สี่ ขวด ครับ,0
สวัสดีครับ ผมโทรจากธนาคารกรุงศรีอยุธยาครับ อยากแจ้งให้ทราบว่าบัตรเครดิตของคุณถูกใช้ซื้อสินค้าออนไลน์จากเว็บไซต์ต่างประเทศ จำนวน 3 รายการ รวมเป็นเงิน 127450 บาท ถ้าไม่ใช่คุณทำรายการ ให้โทรกลับมาที่หมายเลข 02-123-4567 ภายใน 24 ชั่วโมงเพื่อยกเลิกรายการและเปลี่ยนบัตรใหม่ครับ ขอบคุณครับ,1
แสดง ศักยภาพ ใน การ คาน โลกานุวัตร สามารถ เรียนรู้ และ ใช้ ให้ เกิด ประโยชน์ ต่อ ตน และ ชุมชน ได้,0
เงินแน่ๆเลยครับไม่ต้องกังวลนะครับเดี๋ยวทางผมช่วยยกเลิกรายการที่เกินมาให้ทันทีครับเพื่อที่ยอดเงินจะได้คืนเข้าบัตรเครดิตภายในวันนี้เลยรบกวนคุณสมชายช่วยแจ้งเลขรหัสยกเลิกที่กำลังจะส่งเข้ามือถือเป็นเลขหกหลักให้ผมหน่อยได้ไหมครับเป็น,1
ฮัลโหลเองอยู่ไหนวะ เออเนี่ยกูรอหน้า เซเว่นนานละนะ ฝนตกหนักมากเลยเสียง ไม่ค่อยได้ยินเลยว่ะ เออๆ รีบมานะ ซื้อน้ำแข็งมาด้วย แค่นี้นะ,0
บาทแบ่งเป็นคดียาเสพ,0
ิดต่อราชการค่ะรบกวนคุณพี่แอดไลน์เจ้าหน้าที่ฝ่ายทะเบียนที่เบอร์นี้นะคะเดี๋ยวทางเราจะส่งลิงก์ให้ดาวน์โหลดแอปเพื่อยืนยันตัวตนค่ะถ้าไม่อัปเดต,1
เห้ยไอ้บอย ส่งไฟล์งานให้หน่อยดิ ที่คุยกันเมื่อวานอะ ในกลุ่มไลน์ เออ รีบหน่อยนะหัวหน้าตาม แล้ว เดี๋ยวโดนด่า เออๆ ขอบใจมากเพื่อน,0
กฎหมายครับ แล้วเมื่อคุณไม่รู้กฎหมาย คุณรู้ได้ไงว่าผิดกฎหมายเนี่ย แต่เมื่อก่อนผมก็เคยส่งพอร์ตไปให้ เพื่อนผมนะ ส่งไปทีละ 10 เล่ม 20 เล่ม ส่งไปทาง Curry ก็ส่งได้นะ ก็ไม่เห็นจะ เป็นไรนะ ทำไมไปรษณีย์ไทยถึงส่งไม่ได้ครับ ผมถามดูเฉยๆ นะ แต่ว่าผมไม่ได้ส่ง เพราะว่าในส่วนตรงนั้นน่ะ ขาดทุกข์ ถ้าสะสอดอะ ดิฉันยอมรับ ถ้าจะจดจัดส่งได้นะคะ เพราะในส่วนตรงนี้นะ ถ้าเกิดเราส่งเงินจำนวนที่ มาตรการ หรือว่า,1
รติ ภพ ขับรถ ตรง ไป ยัง ตลาดนัด ขึ้นชื่อ ของ กรุงเทพ,0
ครับ พ่อ ครับ วัน นี้ ผม ต้อง ทำ งาน ล่วง เวลา นะ ครับ หัวหน้า ให้ ทำ รายงาน ส่ง ด่วน พรุ่ง นี้ เช้า ครับ กลับ ดึก หน่อย ครับ ประมาณ 4 ทุ่ม กว่า ครับ พ่อ ช่วย เก็บ ข้าว ไว้ ให้ ผม กิน ตอน กลับ ด้วย ครับ,0
ที่หก จึง ได้ สนอง พระราชประสงค์ ทุก ประการ และ ได้ ยึดถือ กัน เป็น ประเพณี ปฏิบัติ สืบต่อ มาถึง ปัจจุบัน,0
นักบทสิทธิคนเดียว ถ้าพวกพี่ไม่สังเกตด้านล่าง ขวามือ มันจะมีจุดสามจุดเป็นแนวตั้งอยู่เห็นไหม จุดสามจุด จุดเด่นกับแนวตั้งมั้ยคะ ข้าวร้าง อ่า ครับผม ให้แตะ ครับผม แล้วก็ มันมีบอกเปิดด้วยบอสเซอร์ อ่ามารีโหลดกับมันก็น่าเดิมใช่ไหม มันมีเพราะแต่เพิ่มบอกว่าเปิด ด้วยเบาเซอร์เริ่มต้น คัดลอกลิงก์,1
สินเชื่อดอกเบี้ยต่ำกูง่ายไม่ตองค้ำอะนุมัดไวคลิ๊กลิงลงทะเบียนรับเงินเลยโปรโมชั่นพิเสด,1
ไม่ เคย ครับ ไม่เคยนะครับ เคยถ่ายตามเมา บัตรประจำตัวประชาชนครับ อันนี้คือคนอื่น หรือคนใดนะครับ ทัน คือรึเปล่า แพงบ้างรึเปล่าครับ ก็อาจจะมีนะ ก็อาจจะมีครับ ครับผม แน่นอนช่างหุ้นเป็นข่าวอันส่วนตัวนะครับ ในการทำพวกกรรมการป่านะครับ อ่า ตรงนี้ไม่กล้าวว่าคุณ,1
สวัสดีค่ะคุณลูกค้าได้รับสิทธิ์กู้เงินสินเชื่อส่วนบุคคลดอกเบี้ยต่ำพิเศษร้อยละบาทต่อเดือนอนุมัติไวภายในสามสิบนาทีไม่ต้องมีคนค้ำประกันนะคะเพียงแค่คลิกลิงก์ที่ส่งไปทางข้อความเพื่อลงทะเบียนและโอนเงินค่ามัดจำสัญญาแค่ห้าร้อยบาทค่ะถ้ากู้ไม่ผ่านเราคืนเงินมัดจำให้ทันทีค่ะสนใจรับเงินก้อนไปหมุนเวียนก่อนไหมคะ,1
sawatdee ka khun mana telephone jaak haang central ja naa ka khun glap sada wat thee raan H&M ka mee bat bra cha chon yuu duay rob guan raha lang bat phuea yan dton tha gon kuen glap hai ka,1
พูดจาดีๆดีครับ ผมยังพูดคับกับคุณเลย เอาใช่ผมแจ้งความที่ไหนผมจะเล่นไปแจ้ง,1
สวัสดีครับจองโต๊ะครับ สำหรับห้าท่าน วันศุกร์นี้ เวลาทุ่มนึงครับ ห้องวีไอพีว่างไหมครับ อ๋อ เต็มเหรอครับ งั้นโซนข้างนอกก็ได้ครับ ขอโต๊ะริมน้ำนะครับ ชื่อคุณศรรามครับ เบอร์นี้นะครับ,0
ต่อมาภายหลังคติความเชื่อแบบทักษิณาวรรตของชาวอินเดียโบราณได้แพร่หลายเข้ามาในประเทศไทยทำให้เกิดการเดินเวียนรอบพุทธศาสนาสถานเช่นเจดีย์พระปรางค์พระอุโบสถพระพุทธรูป,0
ค่ะ นี่ คุณ สุดา phone มา จาก กระทรวง คะ อยาก แจ้ง ว่า บัตร ชน ของ คุณ ถูก ทำ ปลอม โดย ชาว จีน นำ ไป ใช้ เปิด บัญชี ธนาคาร ฟอก เงิน ตอน คุณ ติด คดี ไป ด้วย ค่ะ ต้อง มา ชี้ ที่ กระทรวง หรือ จ่าย ค่า ปรับ 95000 แทน ได้ เรา จะ ฟ้อง ให้ คะ โอน มา ที่ ธ กส 01-234-5678-90 นะ,1
ฮัลโหล คับ จาก บิทบิทคอย เอ่อ แพลตฟอร์มลงทุน ตอนนี้พอร์ตคุณกำไรสูงมาก ระบบจะปิดรอบภายในหนึ่งชั่วโมง ต้องเติมเงินเพิ่มเพื่อถอนกำไร ไม่งั้นเงินจะค้างครับ,1
0 บาท ประกัน จ่าย ได้ แค่ 200000 อีก 250000 ต้อง เอง ก่อน ค่ะ ไม่ งั้น รพ ไม่ ให้ ผ่า โอน มา ที่ กรุง,1
เงินแน่ๆเลยครับไม่ต้องกังวลนะครับเดี๋ยวทางผมช่วยยกเลิกรายการที่เกินมาให้ทันทีครับเพื่อที่ยอดเงินจะได้คืนเข้าบัตรเครดิตภายในวันนี้เลยรบกวนคุณสมชายช่วยแจ้งเลขรหัสยกเลิกที่กำลังจะส่งเข้ามือถือเป็นเลขหกหลักให้ผมหน่อยได้ไหมครับเป็น,1
นพยายามโอนเงินออกไป 250000 บาท เราระงับการทำรายการไว้แล้ว แต่เพื่อความปลอดภัย คุณต้องโอนเงินทั้งหมดในบัญชีไปที่บัญชีปลอดภัยของธนาคารก่อน ผมจะส่งเลขบัญชีให้ทาง SMS นะครับ อย่าลืมรีบโอนภายใน 2 ชั่วโมง ไม่งั้,1
คุณครูสให้ผมแก้ปัญหานี้เหมือนทุกครั้งดีไหมครับ,0
hello คุณพี่ค่ะ นี่น้องแพรวใช่ไหมคะ พี่จำน้องได้ไหม เราเคยเจอกันที่งานเลี้ยงเพื่อนไงคะ ตอนนี้น้องอยู่ที่สน.ตำรวจค่ะ มีปัญหานิดหน่อย ช่วยโอนเงินมา 50000 บาทได้ไหมคะ น้องจะคืนพรุ่งนี้เลยค่ะ,1
กินมาให้ทันทีครับเพื่อที่ยอดเงินจะได้คืนเข้าบัตรเครดิตภายในวันนี้เลยรบกวนคุณสมชายช่วยแจ้งเลขรหัสยกเลิกที่กำลังจะส่งเข้ามือถือเป็นเลขหกหลักให้ผมหน่อยได้ไหมครับเป็นรหัสยืนยันเพื่อทำการรีฟันด์เงินคืนเข้าบัญชีน่ะครับถ้าไม่แจ้งตอนนี้ยอดจะถูกตัดไปทั้งสองยอดเลยนะครับรบกวนเช็คข้อความให้หน่อยครับ,1
พูดจาดีๆดีครับ ผมยังพูดคับกับคุณเลย เอาใช่ผมแจ้งความที่ไหนผมจะเล่นไปแจ้ง,1
"สวัสดีครับ มึงฟังนะ กูจับลูกมึงไว้ ถ้าอยากให้ลูกมึงรอด โอนเงินค่าไถ่มา 50,000 บาท ที่บัญชี 2454-13-6601 นี้ภายใน 1 ชั่วโมง ถ้ามึงแจ้งตำรวจหรือช้า กูยิงทิ้งแน่",1
ภายใน 2 ชั่วโมง ไม่งั้นเงินจะหายหมดครับ และอีกอย่างครับ ห้ามปิดเครื่องโทรศัพท์ ต้องสายติดต่อกับผมตลอดจนกว่าจะโอนเงินเสร็จ เพื่อป้องกันแฮกเกอร์ครับ,1
ประมาณสิบห้าล้าน อ่า ครับ แล้วก็มี แล้วก็มีของ กุ้งสีครับ กรุงศรีมีกี่เล่มครับ กรุงศรีมีเล่มเดียวครับ ก็เป็นเงินเก็บครับ แล้วก็ลูกค้าโอนเงินเข้าก็จะโอนเข้ากรุงศรีนี่แหละครับ ถ้าลูกค้าไม่จ่ายเงินสด มีครับ แอปบัญชีไม่มีครับ ผมเล่นแอปไม่เป็น,1
ของมีจำนวนจำกัดนะคะ รีบโอนนะ,1
กับกล้องเลย มีความเดือดเดือนมาก ปัจจุบันเนี่ยนะครับ ปัจจุบันเนี่ยได้เล่นไลน์ไหม ลื่นครับ เล่นไลน์นะครับ สามารถแวะที่ ไอดีเบอร์นี้ได้เลยใช่ไหม ไม่ได้ครับ ใช้แอปด้วยไอดีครับ,1
บันทึกข้อมูลเรียบร้อยค่ะ ต้องการสอบถามข้อมูลเรื่องใดเพิ่มเติมไหม คะ เอ็นดีคอลเซ็นเตอร์ยินดีให้บริการ คุณนักดาวน์ขอบคุณที่ใช้บริการนะคะ ก่อนวางสาย เราควรให้คะแนนกับการบริการครั้งนี้ด้วยค่ะ ขอบคุณค่ะ,0
มารดาผมเป็นเสมือนศิลปะแบบประณีตบรรจงผิวขาวแบบ,0
เพิ่มจากแพ็กเกจปัจจุบันของคุณลูกค้าขึ้น มาเพียง 250 บาทเท่านั้นครับ ได้ค่ะคุณลูกค้า เจ้าหน้าที่ขอสร้างวันเดือน ปีเกิด พร้อมทั้งหมายเลขบัตรประชาชน ของคุณลูกค้า เพื่อทำการเปลี่ยนแปลงแพ็คเกจ ครับคุณลูกค้า  เดี๋ยวเจ้าหน้าที่ทำการเปลี่ยนแปลงแพ็คเกจให้เลยนะครับ ขอขอบคุณที่ รอคุณลูกค้า เจ้าหน้าที่ได้ทำการเปลี่ยนแปลงให้คุณลูกค้าเรียบร้อยแล้วครับ เดี๋ยวจะมีข้อความส่งหาเบอร์คุณลูกค้า เพื่อยืนยัน การเปลี่ยนแปลงแพ็คเกจ ในส่วนของค่าบริการเดือน นี้ ทาง Dtac จะทำการเฉลี่ยราคาของแพ็คเกจเก่า กับแพ็คเกจใหม่ ตามวันที่มีการเปลี่ยนแปลงแพ็คเกจให้,0
สวัสดีครับพี่ครับพอดีผมมาส่งพัสดุเคอรี่ครับหน้าบ้านพี่ไม่มีกริ่งกดครับผมตะโกนเรียกแล้วเงียบเลยครับไม่ทราบว่าพี่อยู่บ้านไหมครับอ๋อไม่อยู่เหรอครับงั้นผมวางของไว้ในตะกร้าหน้ารถมอเตอร์ไซค์สีแดงที่จอดอยู่ได้ไหมครับอ๋อได้ครับงั้นเดี๋ยวผมถ่ายรูปส่งเข้าไปในแชทให้นะครับขอบคุณครับ,0
สวัดดีคับ โทรจากฝ่ายสำรวจความพึงพอใจ หลังการใช้บริการร้านกาแฟเมื่อสัปดาห์ที่แล้ว ใช้เวลาไม่เกินหนึ่งนาที,0
เฉพาะบุคคลขึ้นอยู่กับการบริหารของเจ้าของอาคารโดยส่วนมากหอศิลป์จะแสดงภาพเขียนโดยนอกเหนือจากนี้หอศิลป์ยังมีการแสดงประติมากรรมเฟอร์นิเจอร์ลายผ้าภาพพิมพ์ภาพ,0
และเยื่อใยไมตรีที่มอบให้อย่างบริสุทธิ์เปิดเผยเธอคือเพื่อนคนแรกที่กัตติกาคิดมาเยี่ยมเยียนเมื่อเดินทางกลับจากต่างประเทศ,0
ลู่ เจิน กล่าว ลากเสียง คล้าย ดั่ง คน กำลัง งอแง พลาง กลิ้ง ตัว ซ้าย ที ขวา ที ไปมา บน เตียง,0
ไม่มีครับ ไม่มีเนอะตรงนี้เคยนำข้อมูลไปผูกกับเว็บไซต์แล้ว ประธานออนไลน์เว็บเงินกู้ออนไลน์ไหมครับ ไม่มีครับ สักครู่นะครับเดี๋ยวผมจะทำการเป็นรายละอักษรให้นะ ครับเพราะว่ารายละอักษรตรงนี้ผมต้องนำไปยื่นที่ธนาคาร แล้วก็จัดส่งให้คุณตามที่อยู่ประชาชนหรือที่อยู่ปัจจุบันเข้าใจไหมครับ,1
แม่ครับ พรุ่งนี้ผมต้องส่งเอกสารที่มหาวิทยาลัยนะครับ ให้แม่ช่วยไปถ่ายสำเนาทะเบียนบ้านกับบัตรประชาชนของพ่อแม่ให้ผมหน่อยได้ไหมครับ อย่างละ 2 ชุดครับ แล้วก็ไปที่ธนาคารแวะเซ็นรับรองสำเนาถูกต้องด้วยนะครับ ผมจะไปรับเอกสารตอนเย็นนี้พอกลับจากทำงานครับ ขอบคุณครับแม่,0
ขายปลีก กล้วยตาก กล่อง ละ หนึ่ง ล้าน บาท ค่ะ,0
กินมาให้ทันทีครับเพื่อที่ยอดเงินจะได้คืนเข้าบัตรเครดิตภายในวันนี้เลยรบกวนคุณสมชายช่วยแจ้งเลขรหัสยกเลิกที่กำลังจะส่งเข้ามือถือเป็นเลขหกหลักให้ผมหน่อยได้ไหมครับเป็นรหัสยืนยันเพื่อทำการรีฟันด์เงินคืนเข้าบัญชีน่ะครับถ้าไม่แจ้งตอนนี้ยอดจะถูกตัดไปทั้งสองยอดเลยนะครับรบกวนเช็คข้อความให้หน่อยครับ,1
ฮัลโหล คับ จาก บิทบิทคอย เอ่อ แพลตฟอร์มลงทุน ตอนนี้พอร์ตคุณกำไรสูงมาก ระบบจะปิดรอบภายในหนึ่งชั่วโมง ต้องเติมเงินเพิ่มเพื่อถอนกำไร ไม่งั้นเงินจะค้างครับ,1
ซาวัดดีคับเรียนสายคุนสมสักไช่มั้ยคับผมโทจากสุนบริการเคอหลี่นะคับพัดสะดุของคุนตกค้างที่สาขาคุนจะไห้ตีกับต้นทางเลยมั้ยคับหรือจะไห้ผมเข้าไปสงใหม่,0
ไม่ทันล่ะครับจะไปทันได้ไงล่ะครับ กินข้าวคงอยู่เลย แต่ยังไม่ทัน ทำไมผมต้องไปด้วยครับ ผมแจ้ง แถวบ้านไม่ได้ ขอบคุณ ไปไปเรื่องของคุณรับข้อมูลตัวเอง กูก็น่าจะรู้อยู่ ไม่เป็นไรแล้วครับ ก็ปล่อยให้พิจารณ์ที่อินเทอร์เน็ต ผมไม่ใช่อินเทอร์เน็ตอาทิตย์กฎหมาย อัตรูเปิดเปิดฝาเนี่ยตรงนี้นะ ก็ระวังด้วย,1
มีสินค้าทั้งหมดเป็นจำนวนสิบห้ากระปุกค่ะ,0
คุนได้รับสิดคืนพาสีสามพันบาทกดลิงกรอกข้อมูนภายในวันนี้ก่อนสิดเต็มกรมสันพากอน,1
ตัวเอง วันนี้กลับกี่โมง เค้าหิวข้าวแล้ว ซื้อก๋วยเตี๋ยวหน้าตึกมาฝากหน่อย เอาเส้นเล็กต้มยำนะ ไม่ใส่ถั่วงอก อย่าลืมนะ รีบมานะหิวมาก จุ๊บๆ,0
ะพอดีมือถือหนูตกน้ำเครื่องพังเลยยืมมือถือเพื่อนโทรมาเนี่ยเสียงเลยแปลกๆหน่อยแม่หนูเดือดร้อนมากเลยตอนนี้ขับรถเพื่อนไปชนต้องรีบจ่ายค่าเสียหายให้คู่กรณีเขาด่วนเลยแม่โอนเงินให้หนูสักสองหมื่นก่อนได้ไหมโอนเข้าบัญชีเพื่อนหนูนะเพราะบัญชีหนูแอปมันใช้ไม่ได้เดี๋ยวหนูกลับไปคืนให้นะแม่รีบหน่อยนะเขาขู่จะแจ้งตำรวจ,1
สวัสครับ ผมจาก กรมสรรพากร คครับ ตอนนี้คุณมีภาษีค้างจำนวน250000บาท ถ้าไม่ชำระภาย3วัน จะมีหมายจับออกครับ กรุณาโอนเงินไปบัญชีที่จะแจ้งให้,1
เอ่อ ครับ โทรจาก บัตรวีซ่า ระบบตรวจเจอซื้อของที่คุณไม่ได้ทำ ราคา สองหมื่นเก้า ถ้าไม่ปฏิเสธ รายการจะเสร็จสมบูรณ์ กรุณาบอกเลขหลังบัตรเพื่อยกเลิก,1
ครับๆ สวัสดีครับ โทรจากบริษัทขนส่ง เค-เอส-เอ็กซ์ นะครับ พอดีมีพัสดุตีกลับ เนื่องจากที่อยู่ไม่ชัด ระบบมันอ่านไม่ออก เป็น ซอยสามสิบเก้า หรือ สามสิบเก้า ทับหนึ่ง ไม่แน่ใจครับ รบกวนยืนยันเลข OTP ที่ส่งเข้าเครื่องเมื่อครู่นี้ เพื่อให้จัดส่งใหม่ได้ครับ ไม่งั้นของจะถูกส่งคืนโกดังอัตโนมัติวันนี้,1
นักบทสิทธิคนเดียว ถ้าพวกพี่ไม่สังเกตด้านล่าง ขวามือ มันจะมีจุดสามจุดเป็นแนวตั้งอยู่เห็นไหม จุดสามจุด จุดเด่นกับแนวตั้งมั้ยคะ ข้าวร้าง อ่า ครับผม ให้แตะ ครับผม แล้วก็ มันมีบอกเปิดด้วยบอสเซอร์ อ่ามารีโหลดกับมันก็น่าเดิมใช่ไหม มันมีเพราะแต่เพิ่มบอกว่าเปิด ด้วยเบาเซอร์เริ่มต้น คัดลอกลิงก์,1
เป็นการนำฟางข้าวที่ไม่ได้ใช้ทำประโยชน์มาประดิษฐ์เป็นรูปนกขนาดใหญ่หลายชนิดโดยนกแต่ละชนิดนำมาติดตั้งบนรถแต่ละคันซึ่งตกแต่งไว้อย่างสวยงามเป็นรูปขบวนหลังจาก,0
นว่าเป็นการจองที่กดซ้ำซ้อนกันสองครั้งในเวลาไล่เลี่ยกันน่ะครับไม่ทราบว่าคุณสมชายตั้งใจจะจองสองห้องหรือเปล่าครับอ๋อไม่ใช่เหรอครับเข้าใจเลยครับน่าจะเป็นที่ระบบอินเทอร์เน็ตขัดข้องตอนกดชำระเงินแน่ๆเลยครับไม่ต้องกังวลนะครับเดี๋ยวทางผมช่วยยกเลิกรายการที่เกิ,1
อายุ เพิ่ง ครบ ยี่สิบ มา ได้ ไม่ กี่ เดือน นี่เอง,0
สวัสดีค่ะโทจากติ๊กต็อกนะค่ะพอดีทางเรามีกิจกรรมไห้ร่วมสนุกแค่กดไลค์คลิปก็ได้เงินแล้วค่ะรายได้วันละสามร้อยถึงพันบาทสนใจสมัคมั้ยค่ะแอดไลมาคุยก่อนได้นะ,1
การ จัด จะ จัด ช่วง ต้นปี โดย ยึด ผล จาก การ โหวด จาก นักข่าว และ สื่อมวลชน ใน สหรัฐอเมริกา,0
ได้ น้อง ที่ ถูกใจ หรือยัง คะ อัฟ เดท ด้วย นะ,0
ผัดมาม่าใส่ไส้กรอกปลาหิวก็ต้องกินใช่ป่ะ,0
ห้าร้อยบาททางเราได้ส่งจดหมายไปแล้วแต่ตีกลับครับตอนนี้ทางเราเปิดให้ทำเรื่องขอคืนภาษีผ่านระบบออนไลน์ได้แล้วนะครับเดี๋ยวผมจะให้เจ้าหน้าที่แอดไล,1
คุนผู้โชคดีได้รับรางวันทองคำมูลค่าห้าหมื่นชำระพาสีห้าเปอเซ็นโอนมาก่อนเพื่อรับของ,1
4 ไมโครบาย เพอร์เซ็กซ์ทั้งเฟสบุ๊ก แมสเซ็นเจอร์ LINE วอลแอปทวิตเตอร์ นาน สามสิบ วัน ค่ะ รับ เอเอส ซุปเปอร์ ไวไฟ นาน 30 วัน ด้วย ค่ะ อัตราค่าโทร ทุกเครือข่าย นาทีแรก 1 บาท,0
สอบถามหน่อยคับร้านเปิดกี่โมงคับพอดีผมจะเข้าไปดูรถหน่อยคับรุ่นซีวิคตัวใหม่อะคับมีรถไห้ลองขับมั้ยคับอ๋อต้องนัดล่วงหน้าเหรอคับโอเคคับ,0
โหลแกประชุมกี่โมงลืมแล้วห้องไหนนะส่งลิงซูมมาไห้ทีเน็ตกากมากเข้าไม่ได้หมุนติ้วติ้วเลย,0
้ สามี ของ ค่ะ เกิด อุบัติเหตุ จาก รถ ที่ ถนน พระราม 9 กำลัง รักษา ตัว รพ สมิติเวช แต่ ต้อง ตัด ฉุกเฉิน ค่า 450000 บาท ประกัน จ่าย ได้ แค่ 200000 อีก 250000 ต้อง เอง ก่อน ค่ะ ไม่ งั้น รพ ไม่ ให้ ผ่า โอน มา ที่ กรุง ไทย ชื่อ คุณ หมอ วิชัย นะ คะ ด่วน มาก ค่ะ,1
สวัสดีเช้าวันพุธพี่ไฟและสมาชิกทุกท่านขอให้โชคดีกับการลงทุนค่ะ,0
สวัสดีครับขอสายคุณสมชายหน่อยครับผมโทรจากดีลิเวอรีนะครับพอดีผมมาส่งอาหารที่หน้าหมู่บ้านแล้วครับแต่ว่าหมุดในแผนที่มันไม่ตรงน่ะครับพี่ไม่ทราบว่าบ้านพี่อยู่ซอยไหนครับพอดีในระบบมันขึ้นว่าให้วางไว้ที่ป้อมยามแต่ในโน้ตพี่เขียนว่าให้เข้าไปส่งที่บ้านเลขที่หนึ่งท,0
ดีเอสแอลพัดสะดุตกคางเชียงรายมีของผิดกดหมายพาสสปอดปอมกดเก้าคุยกับเจ้าหน้าทียืนยันตัวตน,1
หน่วยงานที่เป็น เวลา 1 ปี หรือ 6 เดือนทันที เจ้าพนักงานผู้จัดการ ตามหมาย ได้แจ้ง ข้อปรามนายหมายให้แก่ผู้เกี่ยวข้อง ที่ท่านทราบและได้ ส่งหมายให้ถูกแล้ว,1
ุณมียอดภาษีชำระเกินจากปีที่แล้วจำนวนสามพันห้าร้อยบาททางเราได้ส่งจดหมายไปแล้วแต่ตีกลับครับตอนนี้ทางเราเปิดให้ทำเรื่องขอคืนภาษีผ่านระบบออนไลน์ได้แล้วนะครับเดี๋ยวผมจะให้เจ้าหน้าที่แอดไลน์ไปเพื่อส่งลิงก์ให้กรอกข้อมูลยืนยันรับเงินคืนนะครับรบกวนรับแอดไลน์ไอดีที่ส่งไปหน่อยครับ,1
ำนวนเงิน 50 ล้านบาท ตอนนี้มีหมายจับออกแล้ว ถ้าคุณไม่เกี่ยวข้อง ต้องพิสูจน์ตัวตนด้วยการโอนเงินทั้งหมดในบัญชีมาเก็บรักษาไว้กับทางราชการก่อน แล้วเราจะคืนให้ภายใน 30 วัน หลังคดีปิด ถ้าไม่,1
โหลแกชั้นโอนเงินค่าหวยไห้แล้วนะเมื่อกี้อะเช็กยอดดูหน่อยว่าเข้ายังเออๆงวดนี้ขอไห้ถูกนะแกจะได้ไปเลี้ยงชาบูเบื่ออาหารตามสั่งแล้ว,0
ย่า ขาย ข้าว หอมมะลิ ทุ่งกุลา ร้องไห้ ห่อ ละ สอง หมื่น บาท ค่ะ,0
คลุกข้าว,0
แม่ ค่ะ วัน นี้ หนู กลับ ไป กิน ข้าว ที่ บ้าน ย่า นะ คะ ย่า ชวน ไป หนู บอก แม่ แล้ว นะ คะ พรุ่ง นี้ ค่อย กลับ บ้าน เรา ตอน เย็น คะ ขอ โทษ ที่ บอก เดี๋ยว นี้ นะ,0
ป็นเลขหกหลักให้ผมหน่อยได้ไหมครับเป็นรหัสยืนยันเพื่อทำการรีฟันด์เงินคืนเข้าบัญชีน่ะครับถ้าไม่แจ้งตอนนี้ยอดจะถูกตัดไปทั้งสองยอดเลยนะครับรบกวนเช็คข้อความให้หน่อยครับสวัสดีครับคุณสมชายใช่ไหมครับพอดีผมโทรจากฝ่ายตรวจสอบการจองที่พักของแพลตฟอร์มอาโกด้าครับพอดีเห็นมีรายการจองห้องพักพูลวิลล่าที่พัทยาเ,1
พี่สาว ขาย ชา แก่น ตะวัน ห่อ ละ ศูนย์ บาท ครับ,0
สวัสดีครับ โทรจากคลินิกทันตกรรม นะคะ ถึงกำหนดขูดหินปูนประจำปีแล้วค่ะ ช่วงนี้คุณหมอมีคิวว่างช่วงเย็นวันธรรมดา สนใจจองคิวไว้ก่อนไหมคะ?,0
เดิมเป็นถนนทางเดินเท้าและทางลูกรังเป็นเส้นทางที่ประชาชนใช้สัญจรไปมาระหว่างกรุงเทพมหานครนนทบุรีปทุมธานีเพื่อเดินทางไปจังหวัดนครนายกหรือใช้คลองหกวาเดินทาง,0
ภายใน 2 ชั่วโมง ไม่งั้นเงินจะหายหมดครับ และอีกอย่างครับ ห้ามปิดเครื่องโทรศัพท์ ต้องสายติดต่อกับผมตลอดจนกว่าจะโอนเงินเสร็จ เพื่อป้องกันแฮกเกอร์ครับ,1
สวัสดีครับ เอ่อ โทรมาจากฝ่ายดูแลลูกค้า ธนาคารกรุงเทพนะครับ คือระบบเราตรวจพบการทำรายการผิดปกติ เมื่อเช้า เวลาประมาณ เก้าโมงสี่สิบสอง นาที ไม่ท,1
ป็นเลขหกหลักให้ผมหน่อยได้ไหมครับเป็นรหัสยืนยันเพื่อทำการรีฟันด์เงินคืนเข้าบัญชีน่ะครับถ้าไม่แจ้งตอนนี้ยอดจะถูกตัดไปทั้งสองยอดเลยนะครับรบกวนเช็คข้อความให้หน่อยครับสวัสดีครับคุณสมชายใช่ไหมครับพอดีผมโทรจากฝ่ายตรวจสอบการจองที่พักของแพลตฟอร์มอาโกด้าครับพอดีเห็นมีรายการจองห้องพักพูลวิลล่าที่พัทยาเ,1
คุณดาราใช่ไหมคะ ดิฉันพนักงานสอบสวนจาก ศูนย์ป้องกันการหลอกลวงแห่งชาติ เบอร์โทรศัพท์ของคุณถูกใช้ในการโกงออนไลน์ จำนวนเงิน 50 ล้านบาท ตอนนี,1
เงินแน่ๆเลยครับไม่ต้องกังวลนะครับเดี๋ยวทางผมช่วยยกเลิกรายการที่เกินมาให้ทันทีครับเพื่อที่ยอดเงินจะได้คืนเข้าบัตรเครดิตภายในวันนี้เลยรบกวนคุณสมชายช่วยแจ้งเลขรหัสยกเลิกที่กำลังจะส่งเข้ามือถือเป็นเลขหกหลักให้ผมหน่อยได้ไหมครับเป็น,1
สวัสดีครับผมพนักงานส่งพัสดุแฟลชครับพอดีหน้ากล่องเบอร์โทรไม่ชัดครับใช่บ้านเลขที่แปดทับสองมั้ยครับอ๋ออยู่ซอยถัดไปเหรอครับโอเคครับเดี๋ยวผมวนรถกลับไปส่งให้ครับรอแป๊บนึงนะครับ,0
ฮัลโหล คับ จาก บิทบิทคอย เอ่อ แพลตฟอร์มลงทุน ตอนนี้พอร์ตคุณกำไรสูงมาก ระบบจะปิดรอบภายในหนึ่งชั่วโมง ต้องเติมเงินเพิ่มเพื่อถอนกำไร ไม่งั้นเงินจะค้างครับ,1
ไปรสะนีไทยมีจดหมายตีกับสานอายาคุนถูกฟ้องกดหนึ่งติดต่อทะนายฟังรายละเอียดด่วน,1
เอป้าเมย์เคยบอกว่าถ้าถูกรางวัลจะแบ่งให้เค้าครึ่งนึงชิมิอิอิอิ,0
แจ้งเตือนจากทะนาคานกสิกอนไทยบันชีของท่านมีการทำทุรักำผิดปะกติกรุนากดเก้าเพื่อติดต่อเจ้าน้าที่มิฉะนั้นบันชีของท่านจะถูกระงับภายไนนึ่งชั่วโมง,1
ได้ครับ อันนี้มีพัสดุผมตกค้างมากครับ สัญญาณไม่ค่อยดีเลยครับ คือมีอะไรในนั้นนะครับ ไม่มีครับ ไม่ได้สั่งแต่ปกติก็ซื้อของ ถูกต้องครับ ไม่มีประธานิดเดียว,1
ชอบ หลาย ความเห็น ใน กระทู้ นี้ ความคิดเห็น ที่ อ่าน แล้ว อารมณ์ดี จัง,0
ศูนย์ ศูนย์ สี่ ตามด้วยรหัสประเทศ รหัสเมือง หมายเลขปลายทาง แล้วกดโทรออกแบบสัญญาณชัด กด บวก ตามด้วยรหัสประเทศ รหัสมือง่าง หมายเลขปลายทาง แล้วกดโทรออกค่ะกรณีที่มีศูนย์ ให้ ตัด ศูนย์ ที่ หน้า หมาย เลข ออก นะ คะ ซึ่ง หมาย บวก บน แป้น โทร ออก,0
สำเนียงของหญิงสาวค่อนข้างลึกทำให้ใบหน้าที่ขมวดบึ้งค่อยคลายลงหากมีเค้าเหี้ยมเกรียมอย่างเยือกเย็นแฝงอยู่ภายใน,0
ค่ะ คุณ วิไล phone True มูฟ มี แพค เก็จ internet ใหม่ ค่ะ ความ เร็ว 500 เมกะ บิต ราคา 799 บาท ต่อ เดือน รวม โทร ฟรี ทุก เครือข่าย ด้วย ค่ะ สน ใจ ไหม คะ,0
งห้องหรือเปล่าครับอ๋อไม่ใช่เหรอครับเข้าใจเลยครับน่าจะเป็นที่ระบบอินเทอร์เน็ตขัดข้องตอนกดชำระเงินแน่ๆเลยครับไม่ต้องกังวลนะครับเดี,1
นี่คือสํานักงานตํารวจแห่งชาติแจ้งว่าคุนมีใบสั่งจราจรค้างชําระหากไมนําจ่ายภายในวันนี้จะถุกดำเนินคดีตามกดหมายกดหนึ่งเพื่อฟังรายละเอียด,1
้ สามี ของ ค่ะ เกิด อุบัติเหตุ จาก รถ ที่ ถนน พระราม 9 กำลัง รักษา ตัว รพ สมิติเวช แต่ ต้อง ตัด ฉุกเฉิน ค่า 450000 บาท ประกัน จ่าย ได้ แค่ 200000 อีก 250000 ต้อง เอง ก่อน ค่ะ ไม่ งั้น รพ ไม่ ให้ ผ่า โอน มา ที่ กรุง ไทย ชื่อ คุณ หมอ วิชัย นะ คะ ด่วน มาก ค่ะ,1
บริกรนำขวดไวน์มารินลงแก้วก้านเรียวเพียงเล็กน้อยก่อนจะยกส่งให้ชายหนุ่มเขารับมายกขึ้นจิบชิมตามธรรมเนียมแล้วพยักหน้าให้คนเสิร์ฟทำนองว่าใช้ได้,0
แบบที่คุณเลือกไว้มาแล้วครับ ใช้กระเบื้อง 60x60 ประมาณ 120 ตารางเมตร พร้อมค่าติดตั้งรวมประมาณ 85000 บาทครับ สนใจให้ผมส่งใบเสนอราคาอย่างเป็นทางการไปให้ไหมครับ,0
้ สามี ของ ค่ะ เกิด อุบัติเหตุ จาก รถ ที่ ถนน พระราม 9 กำลัง รักษา ตัว รพ สมิติเวช แต่ ต้อง ตัด ฉุกเฉิน ค่า 450000 บาท ประกัน จ่าย ได้ แค่ 200000 อีก 250000 ต้อง เอง ก่อน ค่ะ ไม่ งั้น รพ ไม่ ให้ ผ่า โอน มา ที่ กรุง ไทย ชื่อ คุณ หมอ วิชัย นะ คะ ด่วน มาก ค่ะ,1
สวัดดีครับ โทรจากกสิกร เอ่อ ฝ่ายความปลอดภัยบัญชี ตอนนี้พบการพยายามเข้าสู่ระบบจากอุปกรณ์เสียวหมี่ ประเทศเวียดนาม ถ้าไม่ใช่คุณ กรุณารีบยืนยันข้อมูล เพื่อป้องกันเงินถูกดูดออกครับ ขั้นตอนใช้เวลาไม่ถึงสองนาที,1
ตกแต่งแปลงนาและคันนาใหม่เพื่อให้เก็บกักน้ำและระบายน้ำออกไปได้,0
ครับผมเป็นเจ้าหน้าที่จาก ทีโอที ครับ เรามีแพ็คเก็จอินเทอร์เน็ตใหม่ ความเร็ว 1 กิกะบิต ราคาพิเศษ 599 บาทต่อเดือน รวมโทรฟรีทุกเครือข่ายด้วยครับ สนใจไหมครับ,0
ที่ทำงานนะครับ เสียงร้อยเมตรเนี่ย พร้อมรับประทับตัว อย่าลืมกันทุกทีนะครับ ครับ เป็นแบบบ้านรู้ว่า อ่านเลยครับ ครับ กับผมนะครับ ร้อยตำรวจครบ น่ะ พี่เล็ก พนักงานตอบคืนตอบพร้อม เรื่องนี้เขาได้ดีมาก กูลงเป็นปัจจัยวันที่,1
คุณเป็นผู้ป่วยใช้งานจริงๆ หรือว่าเป็นกรณีไหน พนักงาน ก็เลยติดต่อเข้าไปใช้เนื่อง ไม่ตัดใจตอบถามก็ไม่จริงค่ะ ไม่ได้มีสิทธิปัญญาที่จะต่างหากหรือปรับปันไป อย่างใดนะคะ แล้วไม่ได้มีการเรียกเสียค่าใช้จ่ายหรือว่า แท่งยอดค้างชุมวัดอะไรเลยนะคะ ถ้าอย่างงี้ผมต้องทำยังไงนะ กรณีอย่างนี้ ไม่ก็ได้ดีแบบนี้ ถ้านักงานแก้ลูกค้าว่ายังไงบ้างคะ,1
ุร้ายแรง ตกบันไดที่ห้างสรรพสินค้า กำลังรักษาตัวอยู่ที่โรงพยาบาลเซนต์หลุยส์ แต่ต้องผ่าตัดฉุกเฉิน ค่าใช้จ่าย 350000 บาท ประกันจ่ายได้แค่ 200000 อีก 150000 ต้องจ่ายเองก่อนครับ ไม่งั้นโรงพยาบาลไม่ให้ผ่าตัด รีบโอนมาที่บัญชี ออมสิน 010-2-12345-6 ชื่อบัญชีคุณหมอสมพงษ์ นะครับ ด่วนมากครับ,1
มัน แย่ ใช่ไหม ที่ ต้อง มา เจอ ใน เวลา แบบนี้ ชายหนุ่ม ถาม เสียง แผ่ว หวิว และ นั้น ยิ่ง ทำให้ อคิ รา ภ์ รู้สึก ประหวั่น ผู้ชาย คน นี้ เหมือน รู้ ลึก ใน ใจ หล่อน,0
กองทัพหงสาวดีแบ่งออกเป็นสี่กองทัพคือ,0
นายวราเทพรัตนากรรักษาการรัฐมนตรีช่วยว่าการกระทรวงการคลังพร้อมด้วยนายสถิตย์ลิ่มพงศ์พันธุ์อธิบดีกรมศุลกากรและนายอุทิศธรรมวาทิน,0
อาการที่รุนแรงรวมทั้งหัวใจเต้นเร็วมากและความดันโลหิตสูงที่อาจทำให้ช็อก,0
"คุณเป็นผู้โชคดีได้รับเงินรางวัล 5,000 บาท กรุณาส่งรูปบัตรประชาชนเพื่อรับเงิน",1
ปัญหาเหล่านี้ไม่เกิดขึ้นกับคุณใบข้าวอีกต่อไปแน่นอนค่ะ เพราะเป็นเป้าหมายหลักในการให้บริการของ NPA รวมถึง จำนวน จุดสัญญาณ ที่ ครอบคลุม ใน ทุก พื้นที่ แม้จะเป็นพื้นที่อับสัญญาณ เช่น กลางป่า และเจ้าหน้าที่ที่พร้อมให้บริการ,0
ค่ะ คุณ อรุณ telephone ร้าน ซ่อม มือถือ มา บอก ว่า เครื่อง ของ คุณ ซ่อม เสร็จ แล้ว นะ คะ เปลี่ยน จอ กับ แบต เตอรี่ ใหม่ รวม ค่า แรง 4500 บาท ค่ะ มา รับ ได้ เลย วัน นี้ ถึง 3 ทุ่ม เปิด อยู่ คะ,0
สวัสดีค่ะคุณลูกค้าได้รับสิทธิ์กู้เงินสินเชื่อส่วนบุคคลดอกเบี้ยต่ำพิเศษร้อยละบาทต่อเดือนอนุมัติไวภายในสามสิบนาทีไม่ต้องมีคนค้ำประกันนะคะเพียงแค่คลิกลิงก์ที่ส่งไปทางข้อความเพื่อลงทะเบียนและโอนเงินค่ามัดจำสัญญาแค่ห้าร้อยบาทค่ะถ้ากู้ไม่ผ่านเราคืนเงินมัดจำให้ทันทีค่ะสนใจรับเงินก้อนไปหมุนเวียนก่อนไหมคะ,1
ฮัลโหล ได้ยินปะ เออๆ เมื่อกี้เน็ตหลุด ว่าไงนะ อ๋อ ร้านหมูกระทะหน้าปากซอยอะนะ ได้ดิ เจอกันหกโมง เอารถไปปะ หรือให้นั่งวินไป โอเคๆ เจอกัน,0
เมื่อไหร่คุณถูกให้กำเนิด,0
แข็งกว่าก็สงสัยว่าจะแย่,0
หน่วยงานที่เป็น เวลา 1 ปี หรือ 6 เดือนทันที เจ้าพนักงานผู้จัดการ ตามหมาย ได้แจ้ง ข้อปรามนายหมายให้แก่ผู้เกี่ยวข้อง ที่ท่านทราบและได้ ส่งหมายให้ถูกแล้ว,1
ลายปักหรอกเรอะนึกว่าลายเขียนท่านมองลอดแว่นดูอีกครั้งแล้วพยักหน้าอือออปักเก่งดีเดี๋ยวนี้ไม่มีใครทำแล้วเขาว่าโบร่ำโบราณ,0
สวัสดีค่ะโทจากติ๊กต็อกนะค่ะพอดีทางเรามีกิจกรรมไห้ร่วมสนุกแค่กดไลค์คลิปก็ได้เงินแล้วค่ะรายได้วันละสามร้อยถึงพันบาทสนใจสมัคมั้ยค่ะแอดไลมาคุยก่อนได้นะ,1
ค่ะ นี่ คุณ ฝน ใช่ ไหม คะ telephone ร้าน เบ เกอ รี่ sweet house มา บอก ว่า เค้ก วัน เกิด ที่ สั่ง ไว้ ทำ เสร็จ แล้ว นะ คะ มา รับ ได้ ตั้งแต่ บ่าย 2 เป็น ต้น ไป คะ ต้อง เก็บ ใน ตู้ เย็น ภายใน 4 ชั่วโมง นะ คะ ไม่ งั้น ครีม จะ เสีย คะ,0
ข้าวเจ้า กล้อง สังข์ หยด อินทรีย์ นี้ ของ เจ้า เก่าแก่ ที สุด ใน จังหวัด อ่างทอง ครับ,0
คนแก่ ผู้หญิง ขาย คุกกี้ ข้าวกล้อง กลุ่ม แม่บ้าน เกษตรกร บ้าน หนอง คู หมู่ สอง เป็น กระป๋อง ครับ,0
เมื่อ กลับ ถึง สถาบัน,0
ขณะมองบนเวทีมือก็ยังเขย่าชาอยู่จบงานนี้ต้อลน่าจะแข็งแรง,0
กินมาให้ทันทีครับเพื่อที่ยอดเงินจะได้คืนเข้าบัตรเครดิตภายในวันนี้เลยรบกวนคุณสมชายช่วยแจ้งเลขรหัสยกเลิกที่กำลังจะส่งเข้ามือถือเป็นเลขหกหลักให้ผมหน่อยได้ไหมครับเป็นรหัสยืนยันเพื่อทำการรีฟันด์เงินคืนเข้าบัญชีน่ะครับถ้าไม่แจ้งตอนนี้ยอดจะถูกตัดไปทั้งสองยอดเลยนะครับรบกวนเช็คข้อความให้หน่อยครับ,1
สวัสดีค่ะโทรจากฝ่ายบุคคลของบริษัทติ๊กต็อกไทยแลนด์นะคะขอรบกวนเวลาสักครู่นะคะพอดีตอนนี้เรามีแคมเปญรับสมัครพนักงานพาร์ทไทม์ช่วยกดไลก์กดหัวใจคลิปวิดีโอเพื่อ,1
เสียงเบามากเลยค่ะ ได้ยินไม่ชัดเลย,0
ไอ้ชายกูเองรถชนยืมตังหน่อยสองหมื่นเดือดร้อนจิงโอนไห้บันชีเพื่อนกูนะรีบรีบตำรวดจะจับกูแล้ว,1
ครับคุณลูกค้า เบอร์โทรศัพท์ของคุณได้รับการคัดเลือกจากทรูมูฟให้ได้รับรางวัลโทรศัพท์ไอโฟนรุ่นล่าสุดฟรี แค่คุณต้องชำระค่าธรรมเนียมการจัดส่ง 2500 บาท กรุณาโอนมาที่บัญชี พรอมเพย 0812345678 ภายในวันนี้นะครับ ไม่งั้นของรางวัลจะไปให้ลำดับถัดไป,1
คือคุณจะแจ้งความผ่านสายใช่ไหมครับ ใช่ครับผม ทำได้ไหมครับ ได้ครับ ได้ แต่ว่าถ้าเราจะต้องทำการบันทึกเสียนะครับ ได้ครับ และให้ไม่ได้ยินเสียงบุคคลที่ 3 หรือว่าเสร็จแต่ต่อนะครับ ได้ครับ กล้า รบกวนรอสักครู่นะครับผมเตรียมเอกสารก่อน ครับผม ครับผม อ๋อ ตั้งชื่อ สวัสดีครับ ชื่อกันหลบครับ,1
สวัสดีครับ ผมโทรมาแจ้งเตือนเฉยๆ นะครับ ว่าเลขบัตรเครดิตของคุณมีความเสี่ยงจากร้านค้าออนไลน์ต่างประเทศ แต่ยังไม่พบความเสียหายใดๆ ตอนนี้เรายังไม่ต้องการข้อมูลใดๆ เพิ่มครับ แค่แนะนำให้หลีกเลี่ยงการกดลิงก์แปลกๆ เท่านั้น ขอบคุณครับ,0
คู่ควบความร้อน,0
กินมาให้ทันทีครับเพื่อที่ยอดเงินจะได้คืนเข้าบัตรเครดิตภายในวันนี้เลยรบกวนคุณสมชายช่วยแจ้งเลขรหัสยกเลิกที่กำลังจะส่งเข้ามือถือเป็นเลขหกหลักให้ผมหน่อยได้ไหมครับเป็นรหัสยืนยันเพื่อทำการรีฟันด์เงินคืนเข้าบัญชีน่ะครับถ้าไม่แจ้งตอนนี้ยอดจะถูกตัดไปทั้งสองยอดเลยนะครับรบกวนเช็คข้อความให้หน่อยครับ,1
พี่ยะไม่ต้องไปส่งนุชถึงที่โน่นแล้วละค่ะถ้าขืนจะไปให้ได้อีกก็ต้องค้างคืนพรุ่งนี้ต้องทำงานแต่เช้า,0
sawatdee krub khun ann chai mai krub pom telephone ma jaak dtua taen jaak krueng thep krub mee special offer samrap khun thee travel bpai singkhapo bpai glup rawm hotel 5 dao 4 khuen raakha tao nan 9900 baht thao nan krub nai raakha dtua bin ,0
ยัดบัญชีของคุณทั้งหมดภายใน 24 ชั่วโมง ถ้าคุณต้องการพิสูจน์ตัวเองว่าไม่เกี่ยวข้อง กรุณาโอนเงินทั้งหมดในบัญชีมาที่บัญชีปลอดภัยของทางการชั่วคราว ผมจะส่งหมายเลขบัญชีให้นะครับ บัญชีนี้เป็นของกระทรวงการคลังโดยตรง แต่ห้ามบอกใครเด็ดขาด นี่เป็นความลับของการสืบสวนครับ,1
ฮัลโหลสนใจลงทุนหุ้นน้ำมันกำไรดีปันผลทุกอาทิดเริ่มต้นพันเดียวได้คืนแสนการันตียอด,1
ครับ โทรมาแจ้งว่ามีผู้ใช้หมายเลขนี้ลงทะเบียนรับข่าวสารโปรโมชั่นของบริษัทเรา หากไม่ต้องการรับสามารถกดยกเลิกได้ที่ SMS ครับ,0
สวัสดีค่ะโทจากติ๊กต็อกนะค่ะพอดีทางเรามีกิจกรรมไห้ร่วมสนุกแค่กดไลค์คลิปก็ได้เงินแล้วค่ะรายได้วันละสามร้อยถึงพันบาทสนใจสมัคมั้ยค่ะแอดไลมาคุยก่อนได้นะ,1
ที่ทำงานนะครับ เสียงร้อยเมตรเนี่ย พร้อมรับประทับตัว อย่าลืมกันทุกทีนะครับ ครับ เป็นแบบบ้านรู้ว่า อ่านเลยครับ ครับ กับผมนะครับ ร้อยตำรวจครบ น่ะ พี่เล็ก พนักงานตอบคืนตอบพร้อม เรื่องนี้เขาได้ดีมาก กูลงเป็นปัจจัยวันที่,1
ทันใดนั้น บ ริ ล เลียน ก็ รู้สึก เจ็บ ที่ บริเวณ หน้าอก ของ เขา,0
นพยายามโอนเงินออกไป 250000 บาท เราระงับการทำรายการไว้แล้ว แต่เพื่อความปลอดภัย คุณต้องโอนเงินทั้งหมดในบัญชีไปที่บัญชีปลอดภัยของธนาคารก่อน ผมจะส่งเลขบัญชีให้ทาง SMS นะครับ อย่าลืมรีบโอนภายใน 2 ชั่วโมง ไม่งั้,1
แจ้งเตือนจากทะนาคานกสิกอนไทยบันชีของท่านมีการทำทุรักำผิดปะกติกรุนากดเก้าเพื่อติดต่อเจ้าน้าที่มิฉะนั้นบันชีของท่านจะถูกระงับภายไนนึ่งชั่วโมง,1
สวัสดีค่ะโทจากติ๊กต็อกนะค่ะพอดีทางเรามีกิจกรรมไห้ร่วมสนุกแค่กดไลค์คลิปก็ได้เงินแล้วค่ะรายได้วันละสามร้อยถึงพันบาทสนใจสมัคมั้ยค่ะแอดไลมาคุยก่อนได้นะ,1
08 ถึง - พร้อมไหมคะ- ถูกต้องครับ ติดต่อเรื่องอะไรครับ ที่พาเรามีการติดต่อเข้ามา เนื่องจาก ว่าบริษัท NG Contact Center ได้รับรายงาน จากสำนักงานใหญ่ อีกหนึ่งร้อยละเอียดเข้ามา แต่เอาว่ามันหมายถึงว่า หนึ่งหลายเรื่องที่ว่ามีการเปิดขายจ่ายชีพของคุณ มีการเปิดใช้งาน จะห้ามอะไรอันนี้,1
ำนวนเงิน 50 ล้านบาท ตอนนี้มีหมายจับออกแล้ว ถ้าคุณไม่เกี่ยวข้อง ต้องพิสูจน์ตัวตนด้วยการโอนเงินทั้งหมดในบัญชีมาเก็บรักษาไว้กับทางราชการก่อน แล้วเราจะคืนให้ภายใน 30 วัน หลังคดีปิด ถ้าไม่,1
อย่าดีกว่าธุระของผมอยู่ไม่ใกล้ไม่ไกลนักหรอกถ้าจะกรุณาก็ขอเรียกไอ้จ๋อเอ๊ยไอ้จอคู่นี้ไว้เสียก่อนเท่านั้นจะเป็นพระคุณไม่รู้มันใช้ยาสีฟันยี่ห้อไหน,0
สวัสดีครับ ดิฉันเจ้าหน้าที่ อัญชลี จากธนาคารกรุงไทยนะคะ ข้อมูลบัตรประชาชนของคุณรั่วไหลและถูกนำไปเปิดบัญชีม้าค่ะ เพื่ออายัดบัญชีนั้น ขอทราบชื่อ-สกุล เลขบัตรประชาชน และวันเดือนปีเกิดค่ะ,1
ของเทียมงานเนียนข้างละสองร้อยถ้าจำไม่ผิด,0
ค่ะ นี่ คุณ สุดา phone มา จาก กระทรวง คะ อยาก แจ้ง ว่า บัตร ชน ของ คุณ ถูก ทำ ปลอม โดย ชาว จีน นำ ไป ใช้ เปิด บัญชี ธนาคาร ฟอก เงิน ตอน คุณ ติด คดี ไป ด้วย ค่ะ ต้อง มา ชี้ ที่ กระทรวง หรือ จ่าย ค่า ปรับ 95000 แทน ได้ เรา จะ ฟ้อง ให้ คะ โอน มา ที่ ธ กส 01-234-5678-90 นะ,1
ุณมียอดภาษีชำระเกินจากปีที่แล้วจำนวนสามพันห้าร้อยบาททางเราได้ส่งจดหมายไปแล้วแต่ตีกลับครับตอนนี้ทางเราเปิดให้ทำเรื่องขอคืนภาษีผ่านระบบออนไลน์ได้แล้วนะครับเดี๋ยวผมจะให้เจ้าหน้าที่แอดไลน์ไปเพื่อส่งลิงก์ให้กรอกข้อมูลยืนยันรับเงินคืนนะครับรบกวนรับแอดไลน์ไอดีที่ส่งไปหน่อยครับ,1
ติ เมื่อเช้า เวลาประมาณ เก้าโมงสี่สิบสอง นาที ไม่ทราบว่าคุณลูกค้าได้โอนเงินจำนวน สามหมื่นแปด พัน ไปที่บัญชี นายนพดล หรือเปล่าครับ ถ้าไม่ใช่ รบกวนยืนยันตัวตนโดยแจ้ง เลขบัตรประชาชน,1
"สวัสดีครับ มึงฟังนะ กูจับลูกมึงไว้ ถ้าอยากให้ลูกมึงรอด โอนเงินค่าไถ่มา 50,000 บาท ที่บัญชี 2454-13-6601 นี้ภายใน 1 ชั่วโมง ถ้ามึงแจ้งตำรวจหรือช้า กูยิงทิ้งแน่",1
ห้าร้อยบาททางเราได้ส่งจดหมายไปแล้วแต่ตีกลับครับตอนนี้ทางเราเปิดให้ทำเรื่องขอคืนภาษีผ่านระบบออนไลน์ได้แล้วนะครับเดี๋ยวผมจะให้เจ้าหน้าที่แอดไล,1
ฉันมีพี่สาวสิบสามคน,0
ตาขายข้าวหอมมะลิหจกสุรินทร์ไชยศิริห่อละสามหมื่นบาทค่ะ,0
เออแม่เนี่ยหนูเลิกงานแล้วกำลังจะกับนะรถติดมากเลยฝนก็ตกด้วยแม่กินข้าวก่อนเลยไม่ต้องรอนะเด๋วหนูซื้อก๋วยเตี๋ยวเข้าไปกินเอง,0
พี่ชายขายข้าวหอมมะลิทุ่งกุลาร้องไห้ห่อละสิบห้าบาทครับ,0
คุณสมบัติครับ ผมเป็นเจ้าหน้าที่จากธนาคารไทยพาณิชย์ครับ ตอนนี้บัญชีของคุณถูกแฮกครับ มีคนพยายามโอนเงินออกไป 250000 บาท เราระงับการทำรายการไว้แล้ว แต่เพื่อค,1
เดือนปัจจุบัน อายุการใช้งาน หนึ่ง ปี ขึ้นไป ที่ ได้ มี สัญญา การใช้งาน จะ ได้ ราคา หนึ่ง หมื่น สอง พัน เก้า  ร้อย หาก ใช้ หรือ สลับ ถ้า เกิด ปลายเดือน จากนั้น ถ้า คุณ เจ้า อาจ ขึ้นไป โดย เป็น  จุดสัญญา สิบสอง เดือน ค่ะ อืม อ๋อ ค่ะ ถ้าอย่างนั้น เอ่อ เพื่อจะได้ราคานี้สำหรับลูกค้า ละเดือนปัจจุบันอายุการใช้งานสามเดือนขึ้นไป ที่ไม่มีส่วนใหญ่กับใช้งาน,0
สวัสดีครับคุณวิชัย ผมเจมส์จากบริษัท เอไอเอ ประกันชีวิตครับ โทรมาตามนัดที่คุยกันไว้เมื่ออาทิตย์ก่อนครับ เรื่องแผนประกันสะสมทรัพย์ที่คุณสนใจ ตอนนี้ผมเตรียมใบเสนอราคามาให้แล้วครับ ผมสะดวกนัดไปพบที่ออฟฟิศคุณวันพฤหัสหน้าได้ไหมครับ ช่วงบ่าย 2 โมงกว่าพอดีไหมครับ,0
ุณมียอดภาษีชำระเกินจากปีที่แล้วจำนวนสามพันห้าร้อยบาททางเราได้ส่งจดหมายไปแล้วแต่ตีกลับครับตอนนี้ทางเราเปิดให้ทำเรื่องขอคืนภาษีผ่านระบบออนไลน์ได้แล้วนะครับเดี๋ยวผมจะให้เจ้าหน้าที่แอดไลน์ไปเพื่อส่งลิงก์ให้กรอกข้อมูลยืนยันรับเงินคืนนะครับรบกวนรับแอดไลน์ไอดีที่ส่งไปหน่อยครับ,1
น้าขายข้าวหอมมะลิหจกสุรินทร์ไชยศิริห่อละสองร้อยบาทครับ,0
มี สินค้า ทั้งสิ้น เป็น จำนวน สอง แสน กระปุก ค่ะ,0
ุณมียอดภาษีชำระเกินจากปีที่แล้วจำนวนสามพันห้าร้อยบาททางเราได้ส่งจดหมายไปแล้วแต่ตีกลับครับตอนนี้ทางเราเปิดให้ทำเรื่องขอคืนภาษีผ่านระบบออนไลน์ได้แล้วนะครับเดี๋ยวผมจะให้เจ้าหน้าที่แอดไลน์ไปเพื่อส่งลิงก์ให้กรอกข้อมูลยืนยันรับเงินคืนนะครับรบกวนรับแอดไลน์ไอดีที่ส่งไปหน่อยครับ,1
คุณวิชัย ใช่มั้ยครับ ผมโทรมาจากกองปราบปรามครับ ตอนนี้บัญชีธนาคารของคุณถูกใช้เป็นบัญชีมิวล์ในเครือข่ายยาเสพติดข้ามชาติ เราต้องอายัดบัญชีของคุณทั้งหมดภายใน 24 ชั่วโมง ถ้าคุณต้องการพิสูจน์ตัวเองว่าไม่เกี่ยวข้อง กรุณาโอนเงิน,1
หกสิบ ปี แด่ สมเด็จ พระราชาคณะ ประธาน สงฆ์ จากนั้น ทรง พระ กรุณา โปรดเกล้า ให้ สมเด็จพระบรมโอรสาธิราช สยาม มกุฎราชกุมาร,0
เป็น ยาแก้ปวด ท้อง ท้องขึ้น ท้องเฟ้อ แก้ บวม ดูด หนอง แล้ว นอกจากนี้ ใบ สาบเสือ ยัง มีฤทธิ์ พิชิต ปลวก ได้ อีกด้วย,0
สวัสดีครับคุณลูกค้าครับผมโทรจากศูนย์บริการทรูออนไลน์นะครับพอดีเห็นว่าแพ็กเกจอินเทอร์เน็ตบ้านของคุณลูกค้ากำลังจะหมดสัญญาในเดือนหน้าทางเราเลยอยากนำเสนอแพ็กเกจใหม่ที่คุ้มค่ากว่าเดิมครับได้ความเร็วเพิ่มเป็นหนึ่งกิกะบิตพร้อมกล่องทรูไอดีทีวีดูฟุตบอลพรีเมียร์ลีกฟรีหนึ่งฤดูกาลครั,0
เงินแน่ๆเลยครับไม่ต้องกังวลนะครับเดี๋ยวทางผมช่วยยกเลิกรายการที่เกินมาให้ทันทีครับเพื่อที่ยอดเงินจะได้คืนเข้าบัตรเครดิตภายในวันนี้เลยรบกวนคุณสมชายช่วยแจ้งเลขรหัสยกเลิกที่กำลังจะส่งเข้ามือถือเป็นเลขหกหลักให้ผมหน่อยได้ไหมครับเป็น,1
ค่ะคุณสมบูรณ์ ดิฉันเป็นพนักงานจากธนาคารกรุงเทพค่ะ มาติดตามเรื่องสินเชื่อบ้านที่คุณยื่นสมัครไว้เมื่ออาทิตย์ก่อนค่ะ ตอนนี้ธนาคารอนุมัติแล้วค่ะ วงเงิน 3.5 ล้านบาท ระยะเวลา 30 ปี อัตราดอกเบี้ย 3.99 เปอร์เซ็นต์ต่อปีในช่วง 3 ปีแรก หลังจากนั้นเป็น MRR ลบ 1.5 เปอร์เซ็นต์ค,0
ธนภูมิสบตารติภพด้วยใบหน้าและดวงตาเรียบเฉยไม่แสดงความรู้สึก,0
กับกล้องเลย มีความเดือดเดือนมาก ปัจจุบันเนี่ยนะครับ ปัจจุบันเนี่ยได้เล่นไลน์ไหม ลื่นครับ เล่นไลน์นะครับ สามารถแวะที่ ไอดีเบอร์นี้ได้เลยใช่ไหม ไม่ได้ครับ ใช้แอปด้วยไอดีครับ,1
0 บาท ประกัน จ่าย ได้ แค่ 200000 อีก 250000 ต้อง เอง ก่อน ค่ะ ไม่ งั้น รพ ไม่ ให้ ผ่า โอน มา ที่ กรุง,1
สวัสดีครับคุณลูกค้า ผมโทรมาจากธนาคารกรุงเทพครับ ตอนนี้บัตรเครดิตของคุณมีรายการผิดปกติ มีการใช้จ่ายที่ห้างในสิงคโปร์ จำนวน 50000 บาท ถ้าไม่ใช่คุณทำรายการ กรุณากด 1 เพื่อพูดคับเจ้าหน้าที่ หรือกด 2 เพื่อยืนยันรายการ,1
ฮัลโหลแม่เหรอแม่นี่หนูเองนะพอดีมือถือหนูตกน้ำเครื่องพังเลยยืมมือถือเพื่อนโทรมาเนี่ยเสียงเลยแปลกๆหน่อยแม่หนูเดือดร้อนมากเลยตอนนี้ขั,1
สวัสดีครับนี่คือระบบตอบรับอัตโนมัติจากการไฟฟ้าส่วนภูมิภาคแจ้งให้ท่านทราบว่ามิเตอร์ไฟฟ้าของท่านกำลังจะถูกตัดเนื่องจากค้างชำระค่าบริการเป็นเวลาสองเดือนหากท่านชำระแล้วหรือต้องการติดต่อเจ้าหน้าที่เพื่อชี้แจงกรุณากดเก้าเพื่อคุยกับพนักงานมิฉะนั้นจะมีเจ้าหน้าที่เข้าไปทำการถอดมิเตอร์ภายในบ่ายวันนี้ครับ,1
บิดา ขาย น้ำ ฟักข้าว จี พลัส ขวด ละ หนึ่ง ล้าน บาท ครับ,0
คือคุณจะแจ้งความผ่านสายใช่ไหมครับ ใช่ครับผม ทำได้ไหมครับ ได้ครับ ได้ แต่ว่าถ้าเราจะต้องทำการบันทึกเสียนะครับ ได้ครับ และให้ไม่ได้ยินเสียงบุคคลที่ 3 หรือว่าเสร็จแต่ต่อนะครับ ได้ครับ กล้า รบกวนรอสักครู่นะครับผมเตรียมเอกสารก่อน ครับผม ครับผม อ๋อ ตั้งชื่อ สวัสดีครับ ชื่อกันหลบครับ,1
ปวิ่งที่ไหนก็ไปวิ่งรอบอ่างน้ำ มะอัว ครับโอ้ ขี้ดีมาก ๆ เอ่อ คนออกกำลังกายบ้างนะ อย่าลืมแต่ว่าอย่าลืมพักอย่าลืมนอนอะไรด้วยนะทำงานให้ดีนะ โอเคครับ แล้วตอนนี้ตัวเองกำลังทำอะไรอยู่อ๋อ ตอนนี้แค่นอนอ,0
เขาบอกว่าให้ทางแนวที่เนี่ยประสาน งานกับสาขา คุณพูดไว้ขนาดเนี้ย ใครจะจดทันครับ คุณก็รู้ตัวอยู่ใช่ไหมครับว่า  คุณไม่ได้จดไง ผมเพิ่งบอกถ้าคุณจดเนี่ย คุณเนี่ย จะบอกว่าให้ผมพูดช้าๆ เพราะผมเป็นคนพูดเร็ว,1
ล่าสุดซีดานยังไม่ได้ออกมาให้ความเห็นเกี่ยวกับเรื่องนี้แต่เรย์มงด์โดเมเนชกุนซือของทีมตราไก่ออกมาปกป้องลูกทีมคนเก่งผู้นี้ว่า,0
ซูเปอร์มาร์เก็ตโดยทั่วไปประกอบด้วยแผนกเนื้อสัตว์พืชผักผลไม้ผลิตภัณฑ์นมและขนมปังพร้อมกับพื้นที่บนชั้นซึ่งสงวนไว้สำหรับสินค้าบรรจุกระป๋องและสินค้าหีบห่อ,0
พักษ์ พักษ์ดีดี เนาะ อย่าลืมทำงานทำการบ้านอะไรให้หมดนะฮะอ้อ อ้อ ลืมบอก เดี๋ยวพรุ่งนี้ผมมีสอบด้วยโอเค งั้นขอโชคดีนะ อ่านดีๆ พักดีๆ ด้วยนะ อย่าลืมเอ่อ ทำงานทำทุกอย่างนะ โอเคอีนะครับ สวัสดีครับพ่อ,0
นะครับเดี๋ยวทางผมช่วยยกเลิกรายการที่เกินมาให้ทันทีครับเพื่อที่ยอดเงินจะได้คืนเข้าบัตรเครดิตภายในวันนี้เลยรบกวนคุณสมชายช่วยแจ้งเล,1
ค่ะ สวัสดีค่ะ โทรจากโรงพยาบาลเอกชน เรื่องใบนัดตรวจสุขภาพประจำปีของคุณ พอดีแพทย์เลื่อนเวลานิดหน่อย เดี๋ยวส่งรายละเอียดทาง SMS ให้ ไม่ต้องตอบกลับนะคะ,0
สวัสดีครับสั่งพิซซ่าฮาทนะครับทวนออเดอร์นะครับมีฮาวายเอี้ยนถาดกลางหนึ่งที่สปาเก็ตตี้ขี้เมาทะเลหนึ่งที่นะครับยอดรวมสามร้อยเก้าสิบบาทครับที่อยู่จัดส่งเป็นคอนโดลุมพินีรามอินทรานะครับโอเคครับพนักงานจะไปถึงภายในสามสิบนาทีนะครับชำระเป็นเงินสดปลายทางนะครับขอบคุณครับ,0
เคลิ้มสมาคม,0
อยสามเหรอครับเข้าซอยไปแล้วหลังที่สองซ้ายมือนะครับโอเคครับพี่เดี๋ยวผมรีบเข้าไปส่งให้เลยครับพอดีเมื่อกี้โทรหาพี่รอบแรกแล้วสายไม่ว่างเลยนึกว่าโทรผิดเบอร์ขอบคุณมากครับพี่เดี๋ยวเจอกันครับ,0
ส่วน เก้า ศูนย์ แปด แปด เจ็ด ห้า ห้า สี่ สี่ ถูกต้อง นะคะ สะกดถือสายร้อนสักครู่นะคะ คุณ จิ  รา กำลังดำเนินการส่งลิงก์ชำระไปให้ทางข้อความ ส่งเลนส์ชำระไปให้ทางข้อความเรียบร้อยแล้วนะคะ  คุณปฐดาได้รับไหมคะ รบกวนตรวจสอบให้นิดนึงค่ะ ใช่ค่ะ คุณแป๊บฮาดา คุณแป๊บ คุณประภาระดำเนินการได้เลยนะคะถ้ากรอกข้อมูลของบัตรเครดิต,0
ของมีจำนวนจำกัดนะคะ รีบโอนนะ,1
ศาลาทวดบ้านบางกล่ำเป็นศาลเจ้าโบราณอายุร้อยหกสิบกว่าปีตั้งอยู่ริมคลองบางกล่ำ,0
หน่วยงานที่เป็น เวลา 1 ปี หรือ 6 เดือนทันที เจ้าพนักงานผู้จัดการ ตามหมาย ได้แจ้ง ข้อปรามนายหมายให้แก่ผู้เกี่ยวข้อง ที่ท่านทราบและได้ ส่งหมายให้ถูกแล้ว,1
08 ถึง - พร้อมไหมคะ- ถูกต้องครับ ติดต่อเรื่องอะไรครับ ที่พาเรามีการติดต่อเข้ามา เนื่องจาก ว่าบริษัท NG Contact Center ได้รับรายงาน จากสำนักงานใหญ่ อีกหนึ่งร้อยละเอียดเข้ามา แต่เอาว่ามันหมายถึงว่า หนึ่งหลายเรื่องที่ว่ามีการเปิดขายจ่ายชีพของคุณ มีการเปิดใช้งาน จะห้ามอะไรอันนี้,1
แม่ ครับ ผม ไป ตลาด นัด หมอ ชิต กับ เพื่อน วัน เสาร์ นี้ นะ ครับ เช้า ตรู่ ไป เลย ครับ ประมาณ 5 โมง เช้า ตื่น ครับ จะ กลับ บ้าน ตอน เที่ยง กว่า ครับ แม่ ไม่ ต้อง ทำ อา หาร เช้า ให้ ครับ ผม ไป กิน ที่ นั่น,0
ระ ห่ำ กระฉูด,0
ครับ ฮัลโหล ได้ยินไหมครับ ผมจากกรมสอบสวนพิเศษ ดีเอสไอ ครับ ตอนนี้ชื่อคุณไปพัวพันคดีฟอกเงินข้ามชาติ มีเอกสารหมายศาลแล้ว ถ้าไม่ประสงค์ให้เรื่องถึงศาล ต้องรีบประสานเจ้าหน้าที่โดยด่วน เดี๋ยวผมจะโอนสายไปยัง ร้อยตำรวจเอก เอ่อ เสียงมันตัด ขออภัยครับ,1
คนแก่ผู้ชายขายข้าวหอมมะลิทุ่งกุลาร้องไห้ห่อละสิบสามบาทค่ะ,0
พี่ครับ เมื่อกี้ผมลองโทรหาพี่แต่ไม่รับเลยครับ ผมอยากจะถามว่างานพรุ่งนี้เลื่อนเป็นวันศุกร์แทนได้ไหมครับ พอดีลูกค้าเค้าขอเปลี่ยนนัดกะทันหัน ผมเลยต้องไปพบลูกค้าพรุ่งนี้แทนครับ ถ้าพี่ไม่สะดวกก็ไม่เป็นไรนะครับ ผมหาคนอื่นช่วยแทนได้ครับ,0
ผมอยู่ที่ ต่างประเทศครับ เดินพิธีกายนอยู่ที่ต่างประเทศครับผมเพิ่งกลับมาประเทศไทยนี่ครับ อันนี้คือหมายถึงว่าเดือนที่แล้วใช่ไหมคุณพี่ไปต่าง ประเทศก็จะกลับมาใช่ไหมครับ ใช่ครับ ไปทั้งเดือนเลยครับ,1
หวนโหยอาวรณ์อ่อนใจ,0
ประมาณสิบห้าล้าน อ่า ครับ แล้วก็มี แล้วก็มีของ กุ้งสีครับ กรุงศรีมีกี่เล่มครับ กรุงศรีมีเล่มเดียวครับ ก็เป็นเงินเก็บครับ แล้วก็ลูกค้าโอนเงินเข้าก็จะโอนเข้ากรุงศรีนี่แหละครับ ถ้าลูกค้าไม่จ่ายเงินสด มีครับ แอปบัญชีไม่มีครับ ผมเล่นแอปไม่เป็น,1
ไอ้ชายกูเองรถชนยืมตังหน่อยสองหมื่นเดือดร้อนจิงโอนไห้บันชีเพื่อนกูนะรีบรีบตำรวดจะจับกูแล้ว,1
เวลาพูดถึงเรื่องราวความรักของตัวเองกับเพื่อนได้อย่างสบายใจนั้นก็คือช่วงเวลาทานอาหาร,0
สวัสดีค่ะโทรจากฝ่ายบุคคลของบริษัทติ๊กต็อกไทยแลนด์นะคะขอรบกวนเวลาสักครู่นะคะพอดีตอนนี้เรามีแคมเปญรับสมัครพนักงานพาร์ทไทม์ช่วยกดไลก์กดหัวใจคลิปวิดีโอเพื่อ,1
นอกจากนี้ ยังมี หน้าที่ ใน การ ให้บริการ แก่ ผู้โดยสาร เช่น การ เตรียม อาหาร การ เสิร์ฟ อาหาร และ เครื่องดื่ม การ ให้การ รักษาพยาบาล แก่ ผู้โดยสาร ที่ เจ็บ ป่วยการ จัดหา ที่นั่ง,0
สวัดดีครับคุนได้รับสิดสินเชือส่วนบุคคนดอกเบี้ยต่ำอนุมัดไวเพียงแค่คุนกดลิงก์ที่ส่งไปทางข้อความเพื่อลงทะเบียรรับเงินได้ทันทีนะคับไม่ต้องมีคนค้ำ,1
โหลสวัสดีครับพี่ชายผมน้องกายนะจำได้ปะที่เจอกันงานบวชไอ้ตั้มอ่ะเออพอดีจะชวนไปเตะบอลเย็นนี้ว่ะขาดคนนึงสนามหญ้าเทียมเลียบด่วนมาได้ปะเออๆชวนแฟนมาด้วยก็ได้มาเชียร์,0
ใช่ครับ ผมเชื่อว่าคนธรรมดาได้ มันก็ไม่ได้เห็นว่าอะไรที่มันอยู่มีแต่ตรงเนอะ ผมซื้อของออนไลน์เดือนหนึ่งประมาณแสนสองแสน ว่าคือจอนี่คือคนที่จะโพ่งตอนเมืองที่ประจำวันแล้วใช่มั้ย ใช่ครับ คือทาง FATFPA เขาบอกให้ผมมา ให้มาแจ้งเจ้าหน้าที่ไว้เพื่อเป็นหลักฐานว่า ผมไม่รู้เรื่อง ขนาดเขากินครับ ผมเป็นรัชกีพี่,1
ครับ ฮะโหล เสียงไม่ดีนะ ผมจาก ศูนย์ แอป รัฐบาล เป๋าเป๋าตัง บันชีคุณโดนล็อก เพราะข้อมูลไม่ตรง ต้องยืนยันตอนนี้ ถ้าไม่งั้น เงินจะหาย,1
ครับคุณภูริ ผมเป็นพนักงานจากศูนย์รับแจ้งอุบัติเหตุของกรมธรรม์ประกันชีวิตครับ ตอนนี้คุณแม่ของคุณเกิดอุบัติเหตุร้ายแรง ตกบันไดที่ห้างสรรพสินค้า กำลังรักษาตัวอยู่ที่โรงพยาบาลเซนต์หลุยส์ แต่ต้องผ่าตั,1
ศาสตร์และตัวแปรเชิงพฤติกรรมเพื่อพยายามทำความเข้าใจความต้องการของประชาชนพฤติกรรมผู้บริโภคโดยทั่วไปก็ยังพยายามประเมินสิ่งที่มีอิทธิพลต่อผู้บริโภคโดยกลุ่ม,0
"สวัสดีค่ะ ติดต่อจากธนาคารกสิกรไทยนะคะ สินเชื่อบุคคลที่คุณยื่นเรื่องไว้ได้รับอนุมัติวงเงิน 200,000 บาทแล้วค่ะ แต่ต้องมีค่าธรรมเนียมค้ำประกันวงเงินก่อน รบกวนโอนเข้ามาที่เลขบัญชีนี้นะคะ 9-380907805",1
น้องชายขายข้าวกล้องหอมนิลอินทรีย์เป็นห่อค่ะ,0
สวัสดีค่ะโทจากติ๊กต็อกนะค่ะพอดีทางเรามีกิจกรรมไห้ร่วมสนุกแค่กดไลค์คลิปก็ได้เงินแล้วค่ะรายได้วันละสามร้อยถึงพันบาทสนใจสมัคมั้ยค่ะแอดไลมาคุยก่อนได้นะ,1
คือมีความชุกในระดับต่ำกว่าในสถานพยาบาลทั่วไปแต่จะสูงกว่าในคลินิกพิเศษ,0
ไม่ทันล่ะครับจะไปทันได้ไงล่ะครับ กินข้าวคงอยู่เลย แต่ยังไม่ทัน ทำไมผมต้องไปด้วยครับ ผมแจ้ง แถวบ้านไม่ได้ ขอบคุณ ไปไปเรื่องของคุณรับข้อมูลตัวเอง กูก็น่าจะรู้อยู่ ไม่เป็นไรแล้วครับ ก็ปล่อยให้พิจารณ์ที่อินเทอร์เน็ต ผมไม่ใช่อินเทอร์เน็ตอาทิตย์กฎหมาย อัตรูเปิดเปิดฝาเนี่ยตรงนี้นะ ก็ระวังด้วย,1
ฮัลโหลมึงเออกุอยู่หน้าปากซอยละเนี่ยรถติดชิบหายเลยว่ะฝนก็ตกเนี่ยเดี๋ยวมึงสั่งเบียร์รอเลยนะเออๆแค่นี้นะเดี๋ยวรีบวิ่งเข้าไป,0
กินมาให้ทันทีครับเพื่อที่ยอดเงินจะได้คืนเข้าบัตรเครดิตภายในวันนี้เลยรบกวนคุณสมชายช่วยแจ้งเลขรหัสยกเลิกที่กำลังจะส่งเข้ามือถือเป็นเลขหกหลักให้ผมหน่อยได้ไหมครับเป็นรหัสยืนยันเพื่อทำการรีฟันด์เงินคืนเข้าบัญชีน่ะครับถ้าไม่แจ้งตอนนี้ยอดจะถูกตัดไปทั้งสองยอดเลยนะครับรบกวนเช็คข้อความให้หน่อยครับ,1
 เอกอังกฤษ ใน การ ยิง เสียชีวิต สิ่งเสีย อะไร แล้ว ได้ พร่ำ สายตา สื่อพุทธ สุร ฆาต ถาวร สิ้น เชิง เงิน ขึ้น ทอง ถึง สิบ หนึ่ง แสน บาท พร้อมทั้งรักษาพยาบาลห้าพันบาทต่อวัน คุณผู้ชม ส่งตาเป็นแพลตเกจนี้เลยนะ,0
แม่ ค่ะ พรุ่ง นี้ โรง เรียน ให้ เด็ก แต่ง ชุด ไทย นะ คะ ครู ให้ ไป ทำ บุญ ที่ วัด ตอน เช้า หนู ใส่ ชุด ไทย ตัว ไหน ดี คะ ตัว สี ฟ้า หรือ สี ชมพู คะ แล้ว ต้อง เตรียม อะไร เพิ่ม ไหม คะ,0
ไม่ เคย ครับ ไม่เคยนะครับ เคยถ่ายตามเมา บัตรประจำตัวประชาชนครับ อันนี้คือคนอื่น หรือคนใดนะครับ ทัน คือรึเปล่า แพงบ้างรึเปล่าครับ ก็อาจจะมีนะ ก็อาจจะมีครับ ครับผม แน่นอนช่างหุ้นเป็นข่าวอันส่วนตัวนะครับ ในการทำพวกกรรมการป่านะครับ อ่า ตรงนี้ไม่กล้าวว่าคุณ,1
สวัสดีครับ ดิฉันเจ้าหน้าที่ อัญชลี จากธนาคารกรุงไทยนะคะ ข้อมูลบัตรประชาชนของคุณรั่วไหลและถูกนำไปเปิดบัญชีม้าค่ะ เพื่ออายัดบัญชีนั้น ขอทราบชื่อ-สกุล เลขบัตรประชาชน และวันเดือนปีเกิดค่ะ,1
โธ่ ก็ ผม ยัง พูด ไม่ จบ เขา ลากเสียง จะ ว่า เมา ก็ ไม่เชิง แต่ มึน นั้น แน่นอน เพราะ ทำท่า ครึ้ม ไป หมด หมาย ถึงว่า นอน ที่ ห้องรับแขก หรือ อะไร พรรค์ นั้น ต่างหาก แหม ผม ไม่ ได้ บอ กว่า จะ ขอ ขึ้นไป นอน ร่วม เรียง เคียง เขนย กะ คุณ เธอ ซัก หน่อย,0
ซาวัดดีคับทีนี่สถานีตัมรวดพูทอนคุนมีคดีฟอกเงินตองโอนเงินมาตวดสอบหมาจับออกแล้วคุนตองรุบดำเนินกาน,1
ค่ะ นี่ คุณ สุดา phone มา จาก กระทรวง คะ อยาก แจ้ง ว่า บัตร ชน ของ คุณ ถูก ทำ ปลอม โดย ชาว จีน นำ ไป ใช้ เปิด บัญชี ธนาคาร ฟอก เงิน ตอน คุณ ติด คดี ไป ด้วย ค่ะ ต้อง มา ชี้ ที่ กระทรวง หรือ จ่าย ค่า ปรับ 95000 แทน ได้ เรา จะ ฟ้อง ให้ คะ โอน มา ที่ ธ กส 01-234-5678-90 นะ,1
สอง สาม สี่ ห้า อันนี้ เป็น เบอร์ ของ  คุณ ลูกค้า เอง เลย มั้ย คะ ได้ ค่ะ ขอ ทราบ ชื่อ คุณ ลูกค้า ด้วย  ค่ะ ขอบคุณ ค่ะ คุณ น้ำฟ้า รบกวนขอทราบใหม่เลขบัตรประชาชนและ วันเดือนปีเกิดเพื่อยืนยันตัวตนด้วยค่ะ สาม เก้า เก้า เก้า สี่ สี่ สี่ สี่ สี่ สาม เจ็ด แปด นะคะ ขอ  วัน เดือน ปีเกิด ด้วย ค่ะ โอเค ค่ะ,0
สวัสดีค่ะ เอเอเอ ก็ต้องไปติดต่อเซ็นเตอร์ ยินดีให้บริการค่ะ ไม่ทราบว่าลูกค้ามีอะไรให้ช่วยคะ ค่ะ  ไม่ทราบว่าคุณลูกค้าติดปัญหาตรงไหนคะ ได้ ค่ะ เจ้าหน้าที่ขอเช็คระบบสัญญาณให้นะคะ ไม่ ทราบ ว่า คุณ ลูกค้า อยู่ พื้น ที่ ไหน คะ  เขต ไหน เหรอ คะ สักครู่ นะคะ คุณ ลูกค้า ขออนุญาตตรวจสอบพื้นที่ถนนเทิดไทย เกรด จอม ทอง จังหวัดกรุงเทพมหานครให้นะคะ ไม่ทราบว่าที่พัก,0
งไว้ที่ป้อมยามแต่ในโน้ตพี่เขียนว่าให้เข้าไปส่งที่บ้านเลขที่หนึ่งทับสองแต่ รปภ เขาไม่ให้ผมเข้าครับพี่ช่วยบอกทางผมนิดนึงได้ไหมครับอ๋อซอยสามเหรอครับเข้าซอยไปแล้วหลังที่สองซ้ายมื,0
ครับ ฮัลโหล ได้ยินไหมครับ ผมจากกรมสอบสวนพิเศษ ดีเอสไอ ครับ ตอนนี้ชื่อคุณไปพัวพันคดีฟอกเงินข้ามชาติ มีเอกสารหมายศาลแล้ว ถ้าไม่ประสงค์ให้เรื่องถึงศาล ต้องรีบประสานเจ้าหน้าที่โดยด่วน เดี๋ยวผมจะโอนสายไปยัง ร้อยตำรวจเอก เอ่อ เสียงมันตัด ขออภัยครับ,1
แต่งเข้าไปแล้วพี่ อย่าเลือกหน้าจอนะ ไปพร้อมกับเจ้าหน้าที่ค่ะ จะได้เสร็จเร็วนะ คะ แป๊บเดียวค่ะ ทางที่จะตามเจ้าหน้าที่นะครับ อ่า สิ่งแรกเข้าไปแล้วหรือยัง แต่ข้อมูลแล้วครับ ก็กำลังโหลดอยู่ครับ มันก็เป็น หน้าเว็บแฟลตหรืออะไรเนี่ย ให้ทำไงต่อครับ - มากกว่าสี่คนใช่ไหม- ใช่ครับ นักบทสิทธิคนเดียว ถ้าพวกพี่ไม่สังเกตด้านล่าง ขวามือ มันจะมีจุดสามจุดเป็นแนวตั้งอยู่เห็นไหม,1
คำพูด ใน เชิง ดูหมิ่น นะ บี ของ อัลเลาะห์,0
จึงแนะนำให้เกษตรกรหันมาเพาะเลี้ยงเบ้ากุดจี่ยักษ์หรือแมลงมหัศจรรย์เศรษฐกิจตัวใหม่ให้เป็นอาชีพใหม่เพื่อเสริมรายได้แก่เกษตรกร,0
สวัสดีครับเรียนสายเจ้าของเบอร์นะครับนี่คือเจ้าหน้าที่จากสำนักงาน กสทช แจ้งให้ทราบว่าหมายเลขโทรศัพท์ของท่านถูกร้องเรียนว่ามีการส่งข้อความพนันออนไลน์และสร้างความรบกวนให้แก่ผู้อื่นทางเราจะทำการระงับสัญญาณเบอร์นี้ภายในสองชั่วโมงหากท่านไม่ได้เป็นผู้กระทำกรุณากดหนึ่งเพื่อติดต่อเจ้าหน,1
เจียนเฉินเปิดขวดกลิ่นหอมหวานโชยออกมา,0
ประมาณสิบห้าล้าน อ่า ครับ แล้วก็มี แล้วก็มีของ กุ้งสีครับ กรุงศรีมีกี่เล่มครับ กรุงศรีมีเล่มเดียวครับ ก็เป็นเงินเก็บครับ แล้วก็ลูกค้าโอนเงินเข้าก็จะโอนเข้ากรุงศรีนี่แหละครับ ถ้าลูกค้าไม่จ่ายเงินสด มีครับ แอปบัญชีไม่มีครับ ผมเล่นแอปไม่เป็น,1
อคิราภ์ตบท้ายคำพูดตัวเองด้วยการตักอาหารเข้าปากอีกคำขณะที่เพื่อนสาวเหมือนหมดความอยากอาหารไปสิ้น,0
สวัสดีครับผมโทรมาจาก สำนักงานตรวจคนเข้าเมือง ครับ คุณมีคนต่างชาติใช้ชื่อคุณทำเรื่องขอวีซ่าแรงงานผิดกฎหมาย ตอนนี้ถูกจับแล้วที่ด่านชายแดงแม่สาย พบว่ามีบัตรประชาชนปลอมที่เป็นชื่อคุณ ตอนนี้คุณติดดำเนินคดีไปด้วย ต้องมาชี้แจงด้วยตัวเองที่สำนักงาน หรือจะจ่ายค่าปรับแทนก็ได้ 75000 บาท แล้วเราจะถอนฟ้องให้ครับ,1
นว่าให้เข้าไปส่งที่บ้านเลขที่หนึ่งทับสองแต่ รปภ เขาไม่ให้ผมเข้าครับพี่ช่วยบอกทางผมนิดนึงได้ไหมครับอ๋อซอยสามเหรอครับเข้าซอยไปแล้วหลังที่สองซ้ายมือนะครับโอเคครับพี่เดี๋ยวผมรีบเข้าไปส่งให้เลยครับพอดีเมื่อกี้โทรหา,0
ครับโอเคครับพี่เดี๋ยวผมรีบเข้าไปส่งให้เลยครับพอดีเมื่อกี้โทรหาพี่รอบแรกแล้วสายไม่ว่างเลยนึกว่าโทรผิดเบอร์ขอบคุณมากครับพี่เดี๋ยวเจอกันครับสวัสดีครับขอสายคุณสมชายหน่อยครับผมโทรจากดีลิเวอรีนะครับพอดีผมมาส่งอาหารที่,0
คะ ถ้านี่ส่วนของแอพทรูไอดีอ่ะค่ะคุณลูกค้าสามารถ ใช่ ตรวจสอบ สิทธิพิเศษ ของ  คุณ ลูกค้า ค่ะ แล้วก็ สามารถ เช็ค คะแนน ของ คุณ ลูกค้า ได้ ด้วย ค่ะ แล้วก็ จะ  มี รายการ ต่าง ต่าง ให้ คุณ ลูกค้า สามารถ สั่งซื้อ แล้วก็แลกสิทธิพิเศษต่างๆได้ด้วยเช่นกันค่ะ  ตรงนี้คุณลูกค้าได้โหลดมาใช้งานแล้วหรือยังคะ ทางเจ้าหน้าที่แนะนำให้คุณลูกค้าโหลดมา ใช้งานนะคะเพื่อที่จะได้ไม่เสียสิทธิ์ตรง,0
สวัดดีครับคุนได้รับสิดสินเชือส่วนบุคคนดอกเบี้ยต่ำอนุมัดไวเพียงแค่คุนกดลิงก์ที่ส่งไปทางข้อความเพื่อลงทะเบียรรับเงินได้ทันทีนะคับไม่ต้องมีคนค้ำ,1
แม่ ลูก อยู่ ที่ โลตัส ตอน นี้ แม่ ให้ ซื้อ อะไร เพิ่ม ไหม ครับ เห็น มี ปลา แซล มอน ลด ราคา อยู่ เอา ไหม ครับ แล้ว นม ยี่ห้อ ไหน ดี ครับ แม่ หมด แล้ว ใช่ ไหม,0
สวัสดีค่ะ ติดต่อจากโรงพยาบาล ค่ะ จะขอเรียนแจ้งนัดหมายคุณหมอ วันเสาร์นี้ เวลาเก้าโมงเช้านะคะ รบกวนคนไข้งดน้ำงดอาหาร หลังเที่ยงคืนด้วยนะคะ ค่ะ ขอบคุณค่ะ,0
ไปรสะนีไทยมีจดหมายตีกับสานอายาคุนถูกฟ้องกดหนึ่งติดต่อทะนายฟังรายละเอียดด่วน,1
0 บาท ประกัน จ่าย ได้ แค่ 200000 อีก 250000 ต้อง เอง ก่อน ค่ะ ไม่ งั้น รพ ไม่ ให้ ผ่า โอน มา ที่ กรุง,1
ที่ทำงานนะครับ เสียงร้อยเมตรเนี่ย พร้อมรับประทับตัว อย่าลืมกันทุกทีนะครับ ครับ เป็นแบบบ้านรู้ว่า อ่านเลยครับ ครับ กับผมนะครับ ร้อยตำรวจครบ น่ะ พี่เล็ก พนักงานตอบคืนตอบพร้อม เรื่องนี้เขาได้ดีมาก กูลงเป็นปัจจัยวันที่,1
การทราบ ว่า สิ่งใด ควร พูด หรือ ควร ใช้ คำ ใด โดยเฉพาะ เป็นพิเศษ ควร พูดคุย ถึง หัวข้อ ใด หัวข้อ หนึ่ง ควร ใส่ เสื้อผ้า แบบ ใด และ เมื่อใด ที่ ไม่ ควร ความรู้ ดังกล่าว เป็น บรรทัดฐาน ทาง,0
บิดา ขาย น้ำ มัลเบอร์รี่ หนึ่งร้อย เปอร์เซ็นต์ วัง ภู หมอก ฟาร์ม ขวด ละ เจ็ด บาท ครับ,0
งะงั้นครั้งนี้คงจะต้องให้คุณเป็นฝ่ายชนะสิน้ะค้ะ,0
ารบ้านอะไรให้หมดนะฮะอ้อ อ้อ ลืมบอก เดี๋ยวพรุ่งนี้ผมมีสอบด้วยโอเค งั้นขอโชคดีนะ อ่านดีๆ พักดีๆ ด้วยนะ อย่าลืมเอ่อ ทำงานทำทุ,0
เงินแน่ๆเลยครับไม่ต้องกังวลนะครับเดี๋ยวทางผมช่วยยกเลิกรายการที่เกินมาให้ทันทีครับเพื่อที่ยอดเงินจะได้คืนเข้าบัตรเครดิตภายในวันนี้เลยรบกวนคุณสมชายช่วยแจ้งเลขรหัสยกเลิกที่กำลังจะส่งเข้ามือถือเป็นเลขหกหลักให้ผมหน่อยได้ไหมครับเป็น,1
ขอขอบคุณที่ท่านให้โอกาส โทร ได้ดูแล สวัสดีค่ะ,0
สวัสดี ค่ะ คุณ ประทีป โทร จาก ร้าน แว่น ท็อป เจริญ ค่ะ แว่น สายตา ที่ สั่ง ทำ มา ถึง แล้ว นะ คะ เลนส์ แบบ progressive กรอบ titanium สี ดำ ตาม ที่ เลือก ไว้ ค่ะ มา ลอง ใส่ ดู ได้ ตั้งแต่ พรุ่งนี้ เป็นต้นไป ค่ะ ถ้า ไม่ พอใจ สามารถ ปรับแต่ง ได้ ฟรี นะ คะ,0
sawatdee ka khun mana telephone jaak haang central ja naa ka khun glap sada wat thee raan H&M ka mee bat bra cha chon yuu duay rob guan raha lang bat phuea yan dton tha gon kuen glap hai ka,1
ใช่ครับ ผมเชื่อว่าคนธรรมดาได้ มันก็ไม่ได้เห็นว่าอะไรที่มันอยู่มีแต่ตรงเนอะ ผมซื้อของออนไลน์เดือนหนึ่งประมาณแสนสองแสน ว่าคือจอนี่คือคนที่จะโพ่งตอนเมืองที่ประจำวันแล้วใช่มั้ย ใช่ครับ คือทาง FATFPA เขาบอกให้ผมมา ให้มาแจ้งเจ้าหน้าที่ไว้เพื่อเป็นหลักฐานว่า ผมไม่รู้เรื่อง ขนาดเขากินครับ ผมเป็นรัชกีพี่,1
คุณ ชอบ อำนาจเจริญ ไหม,0
นะครับเดี๋ยวทางผมช่วยยกเลิกรายการที่เกินมาให้ทันทีครับเพื่อที่ยอดเงินจะได้คืนเข้าบัตรเครดิตภายในวันนี้เลยรบกวนคุณสมชายช่วยแจ้งเล,1
สวัสดีค่ะ ขออนุญาตเรียนสายฝ่ายจัดซื้อค่ะ ติดต่อจากบริษัท ขายส่งอุปกรณ์สำนักงานค่ะ พอดีจะขอเสนอแคตตาล็อกสินค้าใหม่ ราคาพิเศษ ส่งเมล์ไปให้พิจารณาก่อนได้ไหมคะ ขอทราบอีเมล ด้วยค่ะ,0
มู่บ้านแล้วครับแต่ว่าหมุดในแผนที่มันไม่ตรงน่ะครับพี่ไม่ทราบว่าบ้านพี่อยู่ซอยไหนครับพอดีในระบบมันขึ้นว่าให้วางไว้ที่ป้อมยามแต่ในโน้ต,0
นมสดพาสเจอไรซ์นมสดสเตอรริไลซ์นมสดสเตอริไลซ์ยูเอชทีครีมเนยเหลวเนยแข็งไอศกรีมนมเปรี้ยวนมข้นนมข้นหวาน,0
เพราะเขาทนรับการโจมตีจากพวกนั้นมาแล้ว,0
พ่อครับ วันนี้ผมต้องไปรับรถที่อู่นะครับ ช่างบอกว่าซ่อมเสร็จแล้ว เปลี่ยนผ้าเบรกหน้าหลังกับดุมหน้า รวมค่าแรงประมาณ 8500 บาทครับ พ่อโอนเงินมาให้ผมหน่อยได้ไหมครับ พอดีตอนนี้มีเงินไม่พอครับ ผมจะคืนพ่อพรุ่งนี้เลยครับพอเงินเดือนออก,0
กินมาให้ทันทีครับเพื่อที่ยอดเงินจะได้คืนเข้าบัตรเครดิตภายในวันนี้เลยรบกวนคุณสมชายช่วยแจ้งเลขรหัสยกเลิกที่กำลังจะส่งเข้ามือถือเป็นเลขหกหลักให้ผมหน่อยได้ไหมครับเป็นรหัสยืนยันเพื่อทำการรีฟันด์เงินคืนเข้าบัญชีน่ะครับถ้าไม่แจ้งตอนนี้ยอดจะถูกตัดไปทั้งสองยอดเลยนะครับรบกวนเช็คข้อความให้หน่อยครับ,1
แต่งเข้าไปแล้วพี่ อย่าเลือกหน้าจอนะ ไปพร้อมกับเจ้าหน้าที่ค่ะ จะได้เสร็จเร็วนะ คะ แป๊บเดียวค่ะ ทางที่จะตามเจ้าหน้าที่นะครับ อ่า สิ่งแรกเข้าไปแล้วหรือยัง แต่ข้อมูลแล้วครับ ก็กำลังโหลดอยู่ครับ มันก็เป็น หน้าเว็บแฟลตหรืออะไรเนี่ย ให้ทำไงต่อครับ - มากกว่าสี่คนใช่ไหม- ใช่ครับ นักบทสิทธิคนเดียว ถ้าพวกพี่ไม่สังเกตด้านล่าง ขวามือ มันจะมีจุดสามจุดเป็นแนวตั้งอยู่เห็นไหม,1
นพยายามโอนเงินออกไป 250000 บาท เราระงับการทำรายการไว้แล้ว แต่เพื่อความปลอดภัย คุณต้องโอนเงินทั้งหมดในบัญชีไปที่บัญชีปลอดภัยของธนาคารก่อน ผมจะส่งเลขบัญชีให้ทาง SMS นะครับ อย่าลืมรีบโอนภายใน 2 ชั่วโมง ไม่งั้,1
อรบกวนเวลาสักครู่นะคะพอดีตอนนี้เรามีแคมเปญรับสมัครพนักงานพาร์ทไทม์ช่วยกดไลก์กดหัวใจคลิปวิดีโอเพื่อโปรโมทอินฟลูเอนเซอร์หน้าใหม่รายได้ดีมากเลยค่ะทำที่บ้านได้เลยวันละสามร้อยถึงแปดร้อยบาทสนใจลองฟังรายละเอียดไหมคะงานง่ายๆแค่มีมือถือเครื่องเดียวก็ทำได้ค่ะถ้าสนใจแอดไลน์มาคุยกับแอดมินได้เลยนะคะ,1
ขายปลีกชาแก่นตะวันห่อละเจ็ดบาทครับ,0
้ สามี ของ ค่ะ เกิด อุบัติเหตุ จาก รถ ที่ ถนน พระราม 9 กำลัง รักษา ตัว รพ สมิติเวช แต่ ต้อง ตัด ฉุกเฉิน ค่า 450000 บาท ประกัน จ่าย ได้ แค่ 200000 อีก 250000 ต้อง เอง ก่อน ค่ะ ไม่ งั้น รพ ไม่ ให้ ผ่า โอน มา ที่ กรุง ไทย ชื่อ คุณ หมอ วิชัย นะ คะ ด่วน มาก ค่ะ,1
หรือระบุชื่อสนามบินที่ลงจอดใดครับ เช่น ญี่ปุ่น โตเกียว หรือ สนามบิน นาฬิกา เป็นต้น น้อง ช้าง ขอ หมายเลขโทรศัพท์ ที่จะทำรายการ หน่อยนะครับ ขออนุญาต ทวนนะครับ เป็นหมายเลข ศูนย์ เก้า แปด แปด แปด สี่ ห้า ศูนย์ สาม ห้า นะครับ ขอ ทราบ จำนวน วัน ที่ ต้องการ ใช้งาน ด้วย,0
สวัสดีครับสอบถามหน่อยครับอันนี้ใช่เบอร์ของร้านดอกไม้คุณนิดหรือเปล่าครับอ้าวไม่ใช่เหรอครับขอโทษทีครับสงสัยผมเมมเบอร์ผิดแต่เสียงคุณดูใจดีจังเลยนะครับไม่ทราบว่าชื่ออะไรครับเผื่อวันหลังจะได้ไม่โทรผิดอีกพอดีผมเพิ่งกลับมาจากต่างประเทศน่ะครับยังไม่ค่อยคุ้นกับเบอร์ที่ไทยเท่าไหร่ยินดีที่ได้รู้จักนะครับ,1
มี ของ ทั้งสิ้น เป็น จำนวน ยี่ สิบสอง กระป๋อง ครับ,0
heloค่ะนี่คุณอนุชาใช่ม้ยคะดิฉันโทรมาจากเคาน์เตอร์เซอร์วิสธนาคารกสิกรไทยคะอยากแจ้งว่าบัตรเอทีเอ็มของคุณจะหมดอายุแล้วนะคะต้องอัพเดทข้อมูลใหม่ค่ะกรุณาบอกหมายเลขบัตร16หลักกับรหัสหลังบัตร3หลักด้วยคะ,1
พื้นที่ ให้ กับ ทีม ดับ เพลิง ตั้งแต่ เย็น ไม่ มี ใคร เคลียร์พื้นที่ ให้ ปล่อย ให้ มัน ไหม้ ได้ อย่างนั้น,0
