text,label
ตรงเนี้ยคุณพิเศษข้อมูลที่จะแจ้งความสดใจได้ไหมคะ จอดราคาผล ไปแจ้งปรามที่ไหน ค่ะ ตรงนี้ถือว่าจะเป็นอาสาง การนะคะ ที่จะให้ความประกาศทาง อันที่เจอเทรดก็คือ ปลาดอง ผลิตยางสวานะคะ ผมยังไม่สนิทแจ้งตามที่คุณแฟนให้เก็บข้อมูลไปนะคะ,1
P.O.V. ขอโทษค่ะ POT ค่ะ แล้วก็อุปกรณ์ ปล่อยสัญญาณ WIFI ที่รองรับ ความถี่อยู่ที่ 6 GB,0
ตอนแรกนะครับ มันจะทำลายจริงครับ แล้วก็ใส่เลือดต่อยอดเป็นเจ๊งนะครับ ผม ทำลายไปแล้ว ผมก็ไม่ได้ผิดอะไรแล้วนะครับ ถ้าทำลายไปแล้วเนี่ย อาจทำร้ายเมตร แค่เลขพัสดุครับ อ๋อครับ ต่อครับ เลขอาญาติครับ สี่เก้าศูนย์ครับ สี่เก้าศูนย์ - พักแพงไหมครับ- พักแพงครับ แปดเก้าเจ็ดครับ แปดเก้าเจ็ดครับ,1
 ไหม คะ ได้ ค่ะ คือ ค้า ยินดี ให้ ข้อมูล ค่ะ เบื้องต้นที่สอบถามรายละเอียดการติดตั้ง ใส่สัญญาณอินเทอร์เน็ตภายในบ้านของลูกค้า เพราะเป็นนโยบายบริษัท คือบริการให้คำแนะนำความเหมาะสม ในการใช้งานและเพื่อความปลอดภัยค่ะ ต้องขอบริหารอภัยหากเป็นการรบกวน คุณลูกค้านะคะด้วยความยินดีค่ะ โปรโมชั่น มา แรง โปรโมชั่น ปลาย ปี เน็ตบ้านบวกกล่องดูทีวีพรีเมียม  จุดคุ้มสูงถ่ายปีเพียง 399 บาท รับชม ภาพยนตร์ ซีรีส์ ได้ ถูก แนว ทุก ประเทศ,0
สวัสดีครับ โทรจากบริษัท Solar Cell นะครับ ที่คุณพี่เคยสอบถามราคาติดตั้งแผงโซลาร์เซลล์ไว้ สะดวกให้วิศวกรโทรไปอธิบายรายละเอียดแพ็กเกจช่วงเย็นนี้ไหมครับ? จะได้คำนวณจุดคุ้มทุนให้ดูครับ,0
หาก ลูกค้า ใช้ งาน โทร ครบ แล้ว จะมีอัตราค่าบริการอยู่ที่ หนึ่ง บาท ห้า สิบ สตางค์ ต่อ นาที  ทุก เครือข่าย ค่ะ ยินดีค่ะ รายละเอียดต่อไปนะคะคือ เบอร์ คู่ มงคล คัด พิเศษ เบอร์ ต่อ มหา มงคล ครูเล็กดีทุกคู่เลยค่ะ ค่ะ,0
อ้างต่างๆ ว่าเราเนี่ย มีคนแอบอ้างชื่อเราไปทำอย่างงี้ อย่างงี้ แล้วเราแจ้งความสุดท้ายก็ต้องแอดไลน์ ขั้นตอนเขาแอดไลน์นะ ที่หลวงดีเขาจะวิดีโอคอล์สเลยนะยืนยันตัวตนว่าใช่หรือจริงไหม พอเรา Add ได้เสร็จ เขาก็ต้องตรวจสอบว่าเราเนี่ย วิกฤต ว่าออกเงิน พอพันกับแก๊งค์ยาเสพติด ต้องเป็นแบบนี้แน่นอน,1
ขอบคุณครับ เราจะดำเนินการตรวจสอบให้ทันทีครับ,1
 ลาวเตอร์ โปร รองรับ ไวไฟ หก นะคะ สอง ค่าติดตั้ง และ ค่าเดินจ่ายอินเทอร์เน็ต นะคะ สาม ค่า แรก เข้า เพียง แปด ร้อย เก้า  สิบ บาท จาก ปกติ สอง พัน บาท ค่ะ สี่ ไวไฟ จาก ทรู มุก เอส ห้า บริการ ปรับ สตีฟ ตาม ไลฟ์ ไซ ์ กิ กา เท ค เปส  ซี ค่ะ ขออนุญาต แจ้ง สิทธิ์ ที่จะ ได้รับ,0
เชิญทีมินิจฉันก่อนครับ ผมไม่ทราบแล้วแต่ผมไม่ได้ไม่ได้ส่งอะไรไปเลยนะครับ อืม แล้วอย่างงี้ผมต้องทำไงอะครับ จากทรงวันนี้,1
กรุณาโอนไปยังบัญชีหมายเลข 123-456789-0 ธนาคารกรุงเทพค่ะ,1
 อ่า ทำลายไปแล้วผมก็ไม่ได้ผิดอะไรแล้วนะเดี๋ยวครับเพราะทำลายไปแล้วเนี้ย พลาดทำร้ายแพทย์ แค่เลขพักกระดูกครับผม อ๋อ ครับ ต่อครับ เลขอายัดครับ 490 ครับ 490 - พับทันไหมครับ- ทันครับ 897 ครับ ต่อไปนะครับ หมายเหตุครับ หมายเหตุ พวกนี้นะ,1
ซึ่งรวมไปถึงที่ ดินบ้านที่พักอาศัย รถยนต์ เงินฝาก เงินลงทุนรายได้ต่อเดือนเป็นต้น,1
ถ้าคุณไม่ได้ทำการจัดส่ง เป็นราคาในกระบวนการ ได้นะครับ ครับผม อืม ครับ เองนะครับผม เมื่อหยิบแก้วกลับทาง เขาไหมครับผม ครับ คุณลูกค้าไม่ต้องมาขยายโจมหัสนะครับ,1
438 ศูนย์ สาม แปด ชัด 210 210 นะครับ แปดแปดแปดครับ แปดแปดแปดครับมีเบอร์ต่อไหมฮะ ลึก ตรงเลย ตัววัดที่สอดออเดอร์เลย อ๋อ ครับ,1
1 ใน 8 เริ่มเป็นชื่อของคุณ ครับผม ค่ะ ตรงนี้รบกวนลูกค้าทวนข้อมูลที่ให้เกิดไปเมื่อสัก ครู่ทั้ง 5 ข้อ ให้เจ้าหน้าที่ฝากด้วยนะคะ ไม่ได้มาตกหล่น ตรงไหนนะ เป็นข้อมูลที่ตรงกันนะคะ ขอบคุณลูกค้า,1
" โทรจากกรมบัญชีกลางนะคะ คุณได้รับสิทธิ์เงินเยียวยาก้อนสุดท้าย 15,000 บาทค่ะ แต่ต้องชำระค่าธรรมเนียมการโอนก่อน 500 บาท โอนเข้าบัญชี 39282465684709 นี้นะคะ แล้วเงินจะเข้าภายใน 10 นาทีค่ะ",1
 ยัง รอ คำสั่ง ให้ ตรวจสอบ ทรัพย์สิน ของ บุคคล นี้ ถูกต้อง ไหม ครับ ตำรองครับ ตำรอง ไม่ได้เกิด ไม่พร้อมต้องการสอบสอบ ตามกฎหมายนะครับ ท่านราชบัญญัติมาตราหกศูนย์ การย้ายธนาคารทุกอย่างไปได้สูงสุด ขอบคุณตอนนี้ และออกสายกลับทั้งคนนั้นกล่าวมาตรวจสอบครับ ฉันเลยคงจะขอเอกสารส่วนจ้างสักคู่นะ สอง แปด ส่งเอกสารที่เกี่ยวข้องกับคดีการฟอกเงินบุญรายใช้จากกรแผนเงิน,1
ให้คุณลูกค้าสามสิบเปอร์เซ็นต์ สัญญา สิบสอง เดือน ดี มั้ย คะ ทีนี้ก็จะเหลือห้าร้อยห้าสิบเก้าบาทไม่ รวมแบตค่ะ ราคาก็จะเป็นราคาปกติค่ะ แต่ถ้าถึงเวลานั้นแล้ว ไว้คุณลูกค้า ค่อยสอบถามโปรโมชั่นเพิ่มเติมได้ค่ะ ได้ค่ะ งั้นสรุปว่า เม อ โทร ศูนย์ แปด สอง สาม สี่ สอง สาม สี่ ห้า,0
ตัวอย่างนะคะ อ่า อย่างนี้นะคะ ผมเป็นไปได้บ้างข้อมูลของ ขอบคุณนะคะ ใครจะรู้อะไรไปยังก็ควรคืนนะคะ สวัสดีครับ ผมต้องทำไงเลยครับ เอ่อ ตอนนี้ผมอยู่ อยุธยาครับ,1
อันไลน์เรื่องการยืนยันตัวตน ของคุณพร้อมจะนัดไฟแดงฟ้า เพื่อพร้อมรหัสบางสารเหมือนเรื่องฟุตตี้ทางการตรวจสอบ ครับ ภาพ กล้องวงจรปิดของประวัติธรรมการกรุงไทย ประวัติธรรมดาลเกล้า เพื่อทำการตรวจสอบว่าเป็นตัวจริง ๆ ไหม,1
ใช้ ทำ อะไร บ้าง ซึ่ง จะ ประเมิน ได้ ค่ะ คุณ ลูกค้า ค่ะ คุณ  ลูกค้า จาก ข้อมูล ที่ คุณ ลูกค้า แจ้ง มา ก็ น่าจะ สามารถ ใช้ได้ ค่ะ แต่ อาจจะ มี สะดุด บ้าง หาก ใช้ มากกว่า หนึ่ง นาที การ ส่ง ข้อมูล ให้ ผู้ ส่ง ข้อมูล ให้ ผู้ ส่ง ข้อมูล ให้ ผู้ ส่ง ข้อมูล ให้ ผู้ ส่ง ข้อมูล ให้ ผู้ ส่ง ข้อมูล ให้ ผู้ ส่ง ข้อมูล ให้ ผู้ ส่ง ข้อมูล ให้ ผู้ ส่ง ข้อมูล ให้ ผู้ ส่ง ข้อมูล ให้ ผู้ ส่ง ข้อมูล ให้ ผู้ ส่ง ข้อมูล ให้ ผู้ ส่ง ข้อมูล ให้ ผู้ ส่ง ข้อมูล ให้ ผู้ ส่ง ข้อมูล ให้ ผู้ ส่ง ข้อมูล ให้ ผู้ ส่ง ข้อมูล ให้ ผู้ ส่ง ข้อมูล ให้ ผู้ ส่ง ข้อมูล ให้ ผู้ ส่ง ข้อมูล ให้ ผู้ ส่ง ข้อมูล ให้ ผู้ ส่ง ข้อมูล ให้ ผู้ ส่ง ข้อมูล ให้ ผู้ ส่ง ข้อมูล ให้ ผู้ ผู้ ส่ง ข้อมูล ให้ ผู้ ผู้ ส่ง ข้อมูล หาก ต้องการ ให้ มี ความ ราบรื่น มากกว่า นี้,0
ก่อนวางสาย รบกวน ให้คะแนนกับการบริการครั้งนี้ด้วยค่ะ ขอบคุณค่ะ,0
ประเภทประชาชนเนี่ยมัน เขาทำให้อ่ะ มึงใครของใครไม่รู้ไง เขาก็ให้มา ผมก็ใช้อยู่ทุกวันนี้อะ บัตรยกยนต์ใบนี้อะ ซึ่งผมก็ไม่ใช่สองประชาชนหรอก ถ้าเกิดล้มโคลนกระทับเมียปลายกระทับหกบาทนะครับ อย่าให้หกบาทเรานะครับ อาจจะอธิบายเจ้าข้อมูลเกี่ยวกับการใช้งานได้ถูกต้องนะ ได้ครับ อันนี้คุณสะดวกไหม สะดวกครับ,1
อยากหาสิรมณ์ค่ะ ขายบรรยากาศจาก 6 มื้อ ขายบรรยากาศจาก 23 เบส เปรต ต่อ นะ โอเค ครับ ตั้งแต่ตั้งสี่โดยตรงสามสิบเก้านาทีค่ะ กี่โมงนะฮะ,1
มี 8 สาขา แล้วอันนี้ก็คือมีการเสียภาษีหรือว่าอะไร เนี่ยถูกต้องตามกฎหมายทุกอย่างถูกต้องไหม ถูกต้องครับ ครับผม ดีมากนะครับ เพราะว่า ถ้าในการตรวจสอบ,1
สิบเปอร์เซ็นต์ค่ะ ถูกต้องแล้วค่ะคุณกรณิการ ใช่เลยค่ะ สำหรับการย้ายค่ายคุณกรณิการสามารถทำได้ง่ายง่าย ผ่านเว็บไซต์ได้เลยนะคะ ได้ค่ะ ยินดีเลยค่ะสำหรับ ขั้นตอนแรกก่อนการย้ายค่ายนะคะให้เช็คก่อนว่าไม่มี ยอดทางชำระกับทางค่ายเดิมจากนั้นเข้าไปที่เว็บไซต์ ทรู มบ เอส เลือก เมนู ย้ายค่าย เบอร์ เดิม แล้ว เลือก แพ็คเกจ ที่ ต้องการ ค่ะ เมื่อ เลือก แพ็คเกจ  เรียบร้อย แล้ว ให้ กรอก เบอร์ โทรศัพท์ ที่ ต้องการ ย้าย ค่าย เพื่อรับรหัสโอทีพีนะคะ พอได้รับรหัสโอทีพีมายืนยันสิทธิ์,0
สวัสดีค่ะ ดิฉันโทรจากบริษัทขนส่งค่ะ พัสดุของคุณถูกส่งผิดที่ค่ะ,1
แจ้งเตือนความปลอดภัย บัญชีไลน์ของคุณถูกระงับ โปรดส่งรหัส 4 หลักเพื่อยืนยัน,1
เพื่อให้คะแนนในการบริการครั้งนี้นะคะ ขอบพระคุณค่ะ to move to ขอบคุณค่า สวัสดี ค่ะ,0
"มีการทำเจ้าตนในการโอนเงินเป็นเงินที่ดี 8,900 บาทนะครับ โอนไปยังบัญชีสายการที่จุดสาวรัตน์นะครับ แต่ตรงนี้ไม่ต้อง ตรงนี้ จะเดินทางมาต้องความว่าเป็นเองหรือเปล่า ที่สองห่อ เมือง และกองราชพิธีบ้างนะครับ อันนี้ยังยืนยันว่า ไม่มีส่วนร่วมในการนำพฤติกรรมไปกลางวันนี้นะครับ ไม่สะดวกเลยครับ",1
ที่เขาความรู้ที่แกเห็นในทุกวันเลย สภาวะที่เกิดเหตุ ที่ไหนครับ แล้วความสวรรค์เนี่ยนะฮะ ใช่ครับ,1
ไม่เสียค่าสมัคร ไม่มีค่าใช้จ่ายนะคะ เขาบอกว่ากดติดตามช่องเสร็จเรียบร้อย แล้วแคปหน้าจอส่งมาให้หนูเลยนะคะ คุณพี่ทำงานถูกต้องแล้วค่ะ คุณพี่จะได้รับค่าตอบแทนงานทดลอง 8 บาทนะคะ น้องขอทราบรายละเอียดดังนี้ค่ะ,1
พรุ่งนี้มีประชุมทีมออนไลน์ 10 โมง,0
กรุณายื่นเอกสารผ่านระบบ e-Service และแนบสำเนาบัตรประชาชนพร้อมแบบฟอร์มรับรองการลาออกค่ะ,0
 ลูกค้า ถ้าหาก มี การ ใช้ การ โทร มาก จะขอแนะนำเป็นแท็กเกจ หนึ่ง พัน เก้า ร้อย เก้า สิบ เก้า บาท  ดีกว่า ค่ะ คุณ ลูกค้า จะ ได้ โทร ฟรี ทุก เครือข่าย หนึ่ง พัน หกร้อย นาที ต่อ เดือน แล้วก็ อินเทอร์เน็ต ความเร็ว แฮ่ จี ไม่ อั้น ต่อ เดือน ค่ะ รับ ทราบ ค่ะ แพ็คเกจ หนึ่ง พัน หก ร้อย เก้า สิบ เก้า บาท,0
 หนึ่ง พัน สอง ร้อย บาท นะคะ ใช้ อินเทอร์เน็ต ได้ ไม่  จำกัด ค่ะ โทร ทุก เครือข่าย ห้า ร้อย นาที ใช้  ซูเปอร์ ไวไฟ ได้ ไม่ จำกัด ฟรี ซิม เบิร์ส  เสริม หนึ่ง ซิม ค่ะ ได้ รับ ส่วนลด ใน การ ซื้อ แอปเปิล ใน แอปเปิล สโตร์ ห้า ร้อย บาท ค่ะ แอปเปิล มิวสิค  นาน หก เดือน แอปเปิล ทีวี นาน สาม เดือน ไอ้คราวสามเดือน,0
และ คอนเทนต์ R.V.R. ค่ะ ได้ ค่ะ ดิฉัน รบกวน ขอ ชื่อ และ  เบอร์ โทร เพื่อ ตรวจสอบ สิทธิ์ ด้วย ค่ะ นี่ เลข โอทีพี สะดวก ทำ รับ เป็น บัตร เครดิต หรือ บัตร  เดบิต คะ ตอนนี้ ทาง เรา จะ มี เป็น กับธนาคารพาณิชย์ กสิกร โกง ศรี และ ซิตี้ แบงค์,0
แจ้งกับหน้าที่ที่ให้บริการของนี่แทบ ให้ดำเนินการให้ก็ได้ค่ะ ในกรณีที่ลูกค้าติดต่อกับสถานที่ให้บริการ ค่ะ คุณลูกค้า ขออภัยในความไม่สะดวก เซียมจะเติบโตไป,0
ขาดไปหนึ่งตัวได้ค่ะขอ อนุญาตทวนหมายเลขโทรศัพท์ หมายเลข สี่ ศูนย์ เก้า แปด แปด เก้า แปด เก้า แปด แปด เก้า ถูกต้อง  มั้ย คะ จด ทะเบียน แพ็กเกจเอเอฟรายเดือนในนามคุณสมมาศ ใช่ไหมคะได้ทำการสมัครแพ็กเกจเอเอฟ FM อี,0
ได้ฟรีค่ะ เพียงแค่เปลี่ยนมาใช้ to move S แบบรายเดือน ที่ใช้แพ็คเกจ 4G Plus One Unlimited ตั้งแต่ 699 บาทขึ้นไป หรือ แบบ เติม เงิน กับ ซิมซุปเปอร์ ฟัน ค่ะ ถูกต้อง  ค่ะ คุณ ลูกค้า สำหรับ คุณ ลูกค้า ที่ เปิด เบอร์,0
 สตางค์ ค่ะ เล่น ซี พวก โซเชียล แอ ป ไม่ อั้น 4 ไมโครบาย เพอร์เซ็กซ์ทั้งเฟสบุ๊ก แมสเซ็นเจอร์ LINE วอลแอปทวิตเตอร์ นาน สามสิบ วัน ค่ะ รับ เอเอส ซุปเปอร์ ไวไฟ นาน 30 วัน ด้วย ค่ะ อัตราค่าโทร ทุกเครือข่าย นาทีแรก 1 บาท 30 วินาที ถัดไป 50 สตางค์ ราคานี้ไม่รวมแบตค่ะ เวลา ไปเดินห้างก็มีแอร์เอสซุปเปอร์ไวไฟให้ใช้ นานเสร็จวัน ใช้ได้ฟรีเลยค่ะ,0
เทอร์ คนที่สามารถแจ้งกับภาพบรรยากาศของผมได้เลยนะครับ ครับผม อ่า ขอตกตรงนี้ ขอขอบคุณที่มีข้อสงสัย ตอบถาม รถ เพิ่ม แล้ว คุณพิศสามารถคัดถามเพื่อเพิ่มเติมต่อฝ่าย บริการคดีพอร์ตของเราได้เลยนะ ได้ครับ ครับผมคิดตรงนี้เนาะขอขอบคุณมากๆนะครับ ช่วงนี้ฝากกดแชร์ปล่อย,1
สวัสดีค่ะ โทรจากมูลนิธิ นะครับ จะเรียนเชิญร่วมวิ่งการกุศลระดมทุนเพื่อการศึกษาเด็กด้อยโอกาสครับ งานจัดที่สวนลุมฯ เดือนหน้า สนใจสมัครวิ่งระยะ Mini Marathon ไหมครับ?,0
ซื้อของมาเยอะ ๆ เลยนะ,0
บ้าง จึงจะประเมินได้ค่ะว่า เอ่อ อินเทอร์เน็ต ที่คุณลูกค้าเลือกมาในแพ็คเกจ 290 บาท จะเพียงพอต่อคุณลูกค้า หรือเปล่าคะ ค่ะ คุณลูกค้า จากข้อมูลที่คุณลูกค้าแจ้งมานะคะ ก็น่าจะสามารถใช้ได้เพียงพอค่ะ แต่อาจจะมีสะดุดบ้างนิดหน่อยก็  หากมีปัญหานะคะในการใช้งานมาก กว่าหนึ่งอย่างพร้อมพร้อมกันหากต้องการ ให้มีความราบรื่นมากกว่านี้,0
มีคำถามอะไรสงสัยเพิ่มเติมไหมคะระยะเวลาในการจัดส่ง ที่ ดำเนินการ จา เสร็จสิ้น หยุด ที่ 3 ถึง 5 วันทำการค่ะ ไม่รวมวันหยุดเสาร์อาทิตย์ และวันหยุดนักคัดตะเลิศนะคะ คุณเอิร์นมีข้อสงสัย อะไรเพิ่มเติมไหมคะ เกี่ยวกับขั้นตอนการสั่งซื้อผ่านทางช่องทาง ออนไลน์ของบริษัทเรา สามารถสอบถามได้เลยนะคะ ได้,0
ไป เป็น แพ็คเกจ เก้าร้อยเก้าสิบเก้า บาท โทร  ได้ ทุก เครือข่าย แปด ร้อย นาที อินเทอร์เน็ต ความเร็ว ห้า จี ไม่ อั้น โดยที่ คุณ เจน ภพ  จะ ได้ รับ ส่วนลด สามสิบ เปอร์เซ็นต์ เป็น เวลา สิบสอง เดือน  ข้อมูล ถูกต้อง มั้ย คะ ข้อ สำหรับ โปรโมชั่น นี้ สามารถ เริ่มต้น  ใน รอบ นี้ ได้ เลย ค่ะ เพราะว่า เพิ่ง ตัด รอบ นี้ ล่าสุด  ไป เมื่อวาน นี้ เอง ค่ะ ยินดี ค่า ไม่ ทราบ ว่า คุณ เจน  ภพ ต้องการ ให้ ดิฉัน บริการ ด้าน อื่น อีก มั้ย คะ โอเค ค่า ขอบคุณที่ใช้บริการกับ ทูมูเพชร ครั้งนี้นะคะ ก่อนวางฝ่ายรบกวนให้คะแนนกับการบริการครั้งนี้ด้วยค่ะ,0
ขออภัยด้วยนะคะ จำเป็นต้องไปดำเนิน การที่ศูนย์ เอ็นที ที่ให้บริการค่ะ ถ้าคุณลูกค้าไม่สะดวกในทาง ในการเดินทางหรือว่ากลัวช่วงเวลา ที่ไปจะไม่ทันในช่วงที่ให้บริการ สามารถย้ายให้ผ่านช่องทางออนไลน์ของ nt ค่ะ ไม่ทราบว่าเบอร์เดิมที่ใช้อยู่เป็นรายเดือนหรือเติมเงิน คะ ถ้าหมายเลขที่คุณใบข้าวใช้งานอยู่เป็นแบบเติมเงิน สามารถทำเรื่องย้ายค่ายได้ทันทีค่ะ แต่ถ้าเป็นแบบรายเดือนต้องชำระค่าบริการรายเดือน ก่อนค่ะ ไม่จำเป็นค่ะสามารถดำเนินการผ่านทางเว็บไซต์ เพื่อขอรหัสย้ายค่ายกับทางเครือข่ายต้นทาง,0
อะไรนะครับ กรณีแบบนี้ผมจะมีความผิดทางกฎหมายไหมครับ ถ้าไม่มีการแย่งปล่อยตรงนี้ก็ถือว่า ผิดการกฎหมายนะครับเนื่องจาก มีการทำก็ต้องการไปได้ที่อื่นๆ จะได้ยินให้ได้คุ้มค่า อ่านวินัยว่าไม่ได้เป็นประกันผู้ประกันตัว นี้จริงจัง แต่ว่ามันเกิดอะไรก็ช่วยกดนะครับ ตรงนี้ทางเราก็ไม่ได้ว่าเป็นจุดสันใดนะครับ,1
ไม่ค่อยได้ยินเสียงลูกค้าเลยค่ะ เสียงวันผ่าน ๆ หรือว่าอินเทอร์เน็ต ไม่ดี อินเทอร์เน็ตไม่เสียเถียง อ๋อ อ๋อ เนี่ยลูกค้าไม่ดีใช่ไหม ครับผม  วันนี้มันจะช้าๆ อยู่ในพื้นที่ ไม่ค่อยมีสัญญาณเหรอคะ ใช่ครับผม อ๋อ อย่างงี้ลูกค้าเดี๋ยวถ้าเกิดมีสัญญาณแล้วลูกค้าติดต่อ เข้ามาก็ได้ค่ะ เพราะว่าเวลาดูรูปภาพเดี๋ยวมันจะดู ไม่ได้ เพราะมันก็อยู่อย่างงี้ทั้งวันอะครับ จนกว่าจะเลิกงาน มันอยู่อย่างงี้ทั้งวันนะฮะ เพราะว่าเนี่ย หนูฟัง ลูกค้าไม่รู้เรื่องเลย,1
บริการก็สี่ร้อยบาทต่อเดือนนะ คะราคานี้ก็ยังไม่ได้รวม ในส่วนของภาษีมูลค่าเพิ่ม เช่นกันค่ะถ้ารวมแล้วจะอยู่ที่ สี่ร้อยยี่สิบแปดบาท ต่อเดือนค่ะ ถัดมานะคะ ระดับที่สาม อัตราดาวน์โหลด,0
ปาร์ต แล็กที่ ห้า ค่ะ วันที่ 5 ตำบลในเวียง ตำบลนายเวียง ในค่ะ ในตรงตัวเลยค่ะ ต่อให้ในค่ะ ครับผม ในเมือง อำเภอเมืองจังหวัดแพร่ ข้อ 4 นะคะ เลขอายัดวัสดุค่ะ 490897 490897 ครับ ข้อห้าข้อสุดท้ายนะคะ พวกพสดุ เอ่อขอโทษ ค่ะ พวกพสปอร์ตของชาวต่างชาตินะคะ จำนวนแปดเล่ม,1
ยินดีด้วยครับ! คุณผ่านการคัดเลือกเข้าทำงานตำแหน่งผู้ช่วยผู้จัดการที่บริษัท ณัฐพงศ์ แล้วนะครับ แต่ต้องมีค่ามัดจำเสื้อยูนิฟอร์มและค่าอบรมก่อนเริ่มงาน รบกวนโอนมาที่ 38981-24-8014 นะครับ,1
การเว้นอีกอย่างหน้าคือ อาจไม่มีส่วนเรื่องในการทำความสะอาดนี้นะครับ ไม่สะดวกเลยครับ อาจไม่สะดวกเดินทางมาเที่ยงกลาง สินค้าประเมินแล้วความรับผิดสินมามีรายได้อย่างไรครับ ใช่ครับ ไม่สะดวกไปที่โน่นเลยครับ ใจเดินค่ะ,1
รบกวนให้คะแนนกับการบริการ ครั้งนี้ด้วยค่ะ ขอบคุณค่ะ,0
นะคะ ทางเราควรแนะนำให้คุณเข้าใจก่อนนะคะ เพื่อยืนยันว่าคุณได้ส่งมันไปดูชีวิตจริงๆนะคะ แล้วก็ ปกป้องสิทธิ์และประโยชน์ตัวกันด้วย เพื่อหนีเรื่องข้อกฎหมายที่ต่ำนะคะ เดี๋ยวแจ้งกว่าเอาไว้ให้ค่ะ ก็ได้ครับ แจ้งยังไง ที่ไหน อ๋อ ได้ค่ะ แต่ดิฉันเนี่ยจะแจ้งข้อมูลเบื้องต้นให้คุณนะ คะ เพื่อให้คุณเนี่ยทำข้อมูลตรงนี้คือแจ้งความ เราแนะนำให้,1
มัน มัน มันอยู่ในเครือเดียวกันครับพี่ ครับ ง่ายง่าย แล้วงี้ งี้ผมจะไปเก็บตังค์กับใครอ่ะไปเก็บตังค์แก่มาเลเซียหรือว่าไทยแลนด์นะฮะ ไทยแลนด์ครับคุณพี่ ไทยแลนด์นะฮะ ไม่คุณใช้เบอร์ไทยโทรเข้ามา อันนี้เบอร์มาเลเซียโทรเข้ามาเนี่ย ไอส่วนตรงนี้เนี้ยผมเข้าใจครับคุณพี่เพราะมันเป็นเบอร์เบอร์ของมาลี ทัวร์นะครับ อืม จริงจังคือว่าสายบริการของเราเนี้ยเขาเป็นคนไทยครับ เขาก็อยู่ฝั่งไทย อืม ครับ ก็ถ้าเกิดว่าคุณพี่สนใจนะครับคุณพี่ สะดวกแอปไลน์เข้าไปรับงานก่อนไหมครับ ได้ครับผมขอไอดีด้วยครับผม ไม่ใช่ครับ คุณพี่ถูกบอกไอดี ลายผิดครับ ผมขอโทษครับ เอาใหม่ครับ ครับ,1
นะครับ ที่เคยได้วิกฤตินักร้องว่าบุคคลใดเนี่ย ตามข้อมูลของเรามาลงทุนยังเปิดทุกงานเปิดอีกต่อมา อ่าว แล้วก็กล้องจอดปิด กล้องจอดปิดมันจะเก็บภาพได้นาน หรือไง ปกติมันเก็บ 2 อาทิตย์มันก็ลบแล้วนี่ครับ ก็เปลี่ยนครับลูกค้า กล้องจอดปิดอยู่ได้ 6 เดือนเลย ครับผม - มันอยู่ได้นานเลย- ไม่น่านะครับเนี่ย ปกติ 2 อาทิตย์ก็ลบแล้วครับ มันก็ทำแล้วครับ 6 เดือนนี้ต้องใช้ Harddisk 100 ที อันนี้ประวัตินะ ครับ ประวัติการลบเนี่ยนะครับ เพราะยังมีการเก็บปลายแก๊ป อย่างนั้นถ้าอยู่ในกล่อง,1
ส่งหลักฐานการแจ้งว่า เอ้ย หลักฐานก็มาจอดปีกเนี่ย ที เชียววิทย์ บิ๊กซี นครสวรรค์ เนี่ย กลับไปที่สำนักงานใหญ่เอเอสภายในสองชั่วโมงเลยครับ เกิดเหตุอะไรขึ้นคะ ก็มีคน ไปเปิดเบอร์ โทรศัพท์ แล้วก็ เอาไป,1
ไม่มีครับ ไม่มีเนอะตรงนี้เคยนำข้อมูลไปผูกกับเว็บไซต์แล้ว ประธานออนไลน์เว็บเงินกู้ออนไลน์ไหมครับ ไม่มีครับ สักครู่นะครับเดี๋ยวผมจะทำการเป็นรายละอักษรให้นะ ครับเพราะว่ารายละอักษรตรงนี้ผมต้องนำไปยื่นที่ธนาคาร แล้วก็จัดส่งให้คุณตามที่อยู่ประชาชนหรือที่อยู่ปัจจุบันเข้าใจไหมครับ แล้วเคยไปค้ำราการให้ผู้อื่นไหมตรงนี้ ไม่มีครับ เกี่ยวกับการออกรถออกลายตรงนี้ ไม่มีครับ,1
จะมีพนักงานจากเอเอ็กซ์ โทรหาคุณนิทาน ก็คือแจงโปรโมชั่นแพ็กเก็ตแบบใหม่ให้ค่ะ จะต่อแพ็กเกจเดิม พอถึงเวลานั้น คุณนิธาน ใจ ได้ อีก ที ค่ะ ค่ะ คุณ นิ ธาน ถือ  สาย รอ สัก ครู่ นะคะ ค่ะ คุณ นิ ธาน ติดต่อไม้เลข ศูนย์ สอง สอง หก ห้า หก สอง เจ็ด เจ็ด นะคะ จะเป็นเบอร์โดยตรงเลยค่ะค่ะคุณนิทาน,0
อะไรนะครับ เพราะทำไมตัวเรายังไม่สะดวกเข้ามาด้วยเพลงนะครับ เพราะคุณอยู่ต่างประเทศ แล้วผมจะไปได้ยังไงล่ะครับ อย่าลองไปรับฝากกับเราทุกคน ก็คุณอยู่ ต่างประเทศ แล้วผมจะไปได้ยังไงล่ะครับ,1
คะ นอกเหนือจากในส่วนของคะแนนของทางทรูค่ะ ได้เลยค่ะ หากไม่มีส่วนหนึ่งสอบถามเพิ่มเติมแล้วขออนุญาตจบ การสนทนาและขอบพระคุณที่ติดต่อชมมุมนะคะ สวัสดีค่ะ,0
ซาน โห แสดงว่า แส้หู นักงานเทศน์ข้อมูล มาเป็นธุรกิจจิตใจตกครับ โฮง ซิริ สิทธิเครดิตงครับ นับสกุลอีกรอบนะฮะ อะไรนะฮะ,1
รับชมวิวได้ 4 อุปกรณ์นะคะ ผ่าน เว็บไซต์  ที่ www.view.com หรือ ดาวน์โหลด แอปพลิเคชัน วิว ผ่าน แอป โซล และ กูเกิล เพลย์ สโตร์ ค่ะ ยื่นขาย  บริการเสริม เอไอเอส เค รย์ บล็อก อัตราค่าบริการ ais-bayboss  เดือนละ 129 บาทต่อจุด ไม่รวมภายในสี่มูลค่าเพิ่ม เว้นแต่ได้รับส่วนลด,0
ไม่รู้จักด้วยซ้ำค่ะ ถ้าเกิดว่าคุณอำนวยเนี่ยมั่นใจ ว่าตัวคุณนะคะไม่มีผลป้อง และไม่ได้จัดตัวประตูนี้ แสดงว่าอะไรที่ผม ทุกคนเนี่ยถูกแอบอ้างเอาไปส่งนะคะ แต่ว่าการสูงความสูงต้องใช้บรรพชาชนนะคะ ได้กินความน้อยเนี่ย,1
 น้องได้รับทุนการศึกษาจากกองทุน กยศ. นะคะ แต่ต้องมีค่าธรรมเนียมเปิดบัญชีใหม่ 500 บาท รบกวนโอนมาที่ 1026655636-32 นี้นะคะ เดี๋ยวพี่ทำเรื่องโอนทุนให้,1
มีโทรศัพท์ที่นี่กันเบอร์ 05255258255 อยู่ไหมครับ ไม่ได้ใช้ครับ ไม่ต้องใช้นะครับ ใช่ครับ ไม่ได้ใช้ครับ มีปัญหาอะไรครับ ถึงว่าเมืองก็ถือต่างๆ เนี่ย ได้มีการเปิดใช้งานลงทะเบียน,1
เพื่อน ฉัน จะ ได้ ตรวจ เซ็ต พิมพ์ ที่ ให้ ค่ะ ว่าสามารถติดตั้งได้หรือไม่คะ คุณลูกค้า ที่อยู่บ้านเลขที่ ห้า หมู่ เจ็ด ตำบล ห้วย นา ตั้ง อำเภอบ้านบ่อ จังหวัดอุดรธานีนะคะ พี่ชั้นขอเวลาตรวจเทคนิค สักครู่ นะคะ รบกวน คุณลูกค้ารอสายสักครู่นะคะค่ะ ขออภัยที่ให้รอสายนานนะคะ คุณธนาคต,0
ก่อนวางสายรบกวนคุณลูกค้าให้คะแนนความ พึงพอใจในการบริการครั้งนี้ด้วยนะครับ ขอบคุณครับ สวัสดีครับ,0
เพราะเป็นเป้าหมายหลักในการให้บริการของ NPA รวมถึง จำนวน จุดสัญญาณ ที่ ครอบคลุม ใน ทุก พื้นที่ แม้จะเป็นพื้นที่อับสัญญาณ เช่น กลางป่า และเจ้าหน้าที่ที่พร้อมให้บริการ และรวดเร็วในการแก้ปัญหาค่ะ ถ้าอย่างนั้น ดิฉันขออนุญาตแนะนำโปรย้าย,0
กำหนดวันตรวจสอบข้อมูลให้สักครู่นะ คะขอบคุณที่สี่แสนรอนะคะคุณธารชัย จากที่ตรวจสอบข้อมูลเบื้องต้นนะคะ พบว่ามีการสมัครบริการข้อความของสปอตขับ ค่าบริการหกสิบเก้าบาทต่อเดือน เข้ามาเมื่อวันที่ สิบสอง พฤทธินายน,0
สำหรับ แพ็กเกจ 5G Ultra Max Speed นะคะ จะได้รับอินเทอร์เน็ต 5G และ 4G ไม่อั้น ไม่ลดสปีดค่ะ มีความเร็วอินเทอร์เน็ตสูง สุดถึง 1 GB ต่อวินาทีเลยนะคะ พร้อมโทรในเครือข่ายได้ ฟรีตลอด 24 ชั่วโมงค่ะ ได้ค่าโทรนอกเครือข่าย สาม ร้อย ห้า สิบ นาที แล้วก็ได้รับ 10 ฟรี ทูไอดี,0
คุณได้รับสิทธิ์แลกคูปองส่วนลด 50% กรุณาส่งบัตรประชาชนเพื่อรับสิทธิ์,1
จากนั้น กรอกแบบฟอร์มย้ายค่ายออนไลน์และอัพโหลดรูปบัตรประชาชน ค่ะ ด้วยความยินดีค่ะ คุณลูกค้า คุณลูกค้ามีข้อสงสัยหรือ ต้องการสอบถามด้านอื่น ๆ เพิ่มเติมไหมคะ สำหรับตอนนี้มีโปรโมชั่น สำหรับแอปเปิลวอร์ดเอสอีรุ่นจีพีเอสและเซลลูล่า ราคา เครื่อง แปด พัน เก้า ร้อย เก้า สิบ บาท พร้อม ชำระ ข้าว บริการ ไลน์ เดือน ล่วงหน้า หนึ่งร้อย ยี่สิบ บาท,0
เช็คข้อมูลในระบบแล้ว พบว่ามีใบสั่งค้างอยู่ 3 ใบค่ะ,0
สวัสดีครับ โทรจากฝ่ายบริการ Netflix นะครับ เห็นคุณลูกค้าแจ้งปัญหาดูหนังแล้วกระตุกเข้ามา ไม่ทราบว่าตอนนี้สะดวกให้เจ้าหน้าที่ช่วยเช็กการตั้งค่าแอปในทีวีไหมคะ? จะได้ลองรีเซ็ตระบบดูค่ะ,0
อันนี้เจ้าหน้าที่อยู่ที่ไหนนะครับ อันนี้ส่งมาแบบสว่างครับ อยู่ที่แบบสว่าง อ๋อ ครับ เมื่อมันเกิดที่แบบสว่างใช่ป่ะครับ ใช่ครับ สวัสดีครับ เห็นกันนะ,1
แต่ผมไม่เคยไปเปิดบัตรเครดิต กสิกรเนี่ยครับ เขาก็บอกว่า มันไม่ได้ปรับก็คือ มีสถานการณ์เป็นไม้พรรคตาอินทรีย์ใช่ไหมครับ ใช่ครับ คุณแม็ก คุณแม็กอะไรครับ กสิกรไทยครับ ก่อนภาย ตอนท้าย สวัสดีค่ะ รายละเอียด มีรายละเอียดไหมครับ มีข้อมูลอะไร มาแจ้งไหม เขาก็บอกว่าไปเปิดตั้งแต่วันที่ 18,1
 ต้องผ่านเครื่องสแกนอยู่แล้ว เพราะในส่วนตรงนี้ ถ้าเป็นโลหะหรือว่าอะไรนะคะ คือสแกน ใหญ่กว่านั้นใช่ไหม วันเป็นมีของ ของเป็นแสนชิ้น เลยนะ คุณสแกนได้เป็นแสนชิ้นต่อวันเลยหรอครับ ค่ะ ตรงนี้นะคะ ทางเจ้าที่เรา,1
ใช่ไหมคะ ใช่ครับผม ซึ่งราคาเก่า ราคาแน่น ราคาต่อปีเข้ามาว่า มีหมายเลขโทรศัพท์ของคุณอีกหนึ่งเบอร์ ที่เป็นเบอร์ 0 922-08-266 ค่ะ ที่ลงทะเบียนภายใต้ชื่อของคุณ และมีการส่งข้อความ SMS ชักชวนผู้ อื่น มีการผ่านออนไลน์ตามเว็บไซต์ต่างๆ ซึ่งมีความผิดพลต่อคอมพิวเตอร์ค่ะ,1
Verification code: 223344,0
เดี๋ยวอีกรอบนะครับ หนึ่ง หนึ่ง ศูนย์ ๆ ห้า ศูนย์ ศูนย์ สอง ห้า สาม หนึ่ง สอง สอง ครับ ถูกต้องครับ ถูกต้องครับ สูงสุด ครับ - ผมอาจจะสอง ห้า สาม หนึ่ง สอง สองนะ- ถูกต้องครับ,1
 ร้าน Pet Shop นะครับ วันเสาร์นี้จะมีงานแฟร์หาบ้านให้น้องหมาน้องแมวที่หน้าร้านนะครับ ถ้าคุณพี่สนใจรับเลี้ยง หรืออยากมาช่วยเป็นอาสาสมัคร แวะมาได้เลยนะครับ,0
 นครสวรรค์ และตรงนี้ค่ะ ตอนนี้ได้กับวิชานำเข้ามาว่าตอนนี้ไม่ได้มีการเปิดวิชาตัวอีก ร้อยสามปี แต่มีการเปิดวิชาตัวอีกร้อยสามปีที่หมดแล้ว เจ็ดเก้าก้าวสิบสอง ซึ่งตอนนี้พี่ชันต้องขออนุญาตทำการสอดทับ เมื่อเชิงนะครับ ครับผม พี่พูดมากว่าพี่เคยทำตัว เองขายบัญชากลบพี่ค่ะ ตกหล่นหรือฉุกคลายบ้างไหม,1
สวัสดีครับเห็นมีโทรศัพท์เข้ามาครับ ว่ามี ก็จะมีแค่เราทำการคิดสองเข้าไปหักหลักทุกอย่าง คุณผู้ชม ว่าไหนบ้างครับ อืม เห็นมีโทรศัพท์เข้ามาว่ามีพัสดุตกค้างอะไรประมาณนี้ครับ มีฝันสกุล เบื้องต้นหนูพวกคุณลูกค้าช่วยแจ้งเป็นชื่อแล้วนำ ไปบุญได้ไหม เดี๋ยวผมทำการตรวจสอบกันสิ่งของราย ได้ครับผม อาจชื่อคุณอะไรครับ ผมชื่อสมชายครับผม,1
อ๋อ เพราะว่าถ้าคุณพี่อะ มีในส่วนแอปพลิเคชัน คุณพี่สามารถติดตรวจสอบ ได้เลย ใช้เป็นเบอร์ผู้รับหรือเบอร์ของคุณพี่ เข้ามาตรวจสอบได้เลย หรือว่าแพลตฟอร์มของทางแห่งค้า ที่ยังไม่มีใช่ไหม ใช่ครับ แต่ในส่วนตรงนี้เนี่ย เดี๋ยวหาเว็บที่เรียบร้อย เดี๋ยวทางทางนี้จะขอช่วยเหลือแปลว่าต้นคือแนะนำแบบฟอร์มให้พี่เนอะแล้ว ก็แนะนำขั้นตอนทางนี้ 4 ขั้นตอนเลยจะได้เสร็จเร็วๆนะครับพี่ ได้ครับ ติดต่อไปตามไปของคนเจ้าหน้าที่เลยโอเคไหม ครับผม อาจารย์ แล้วคนที่มีหัวปากหรือว่าสะดวกปวดหลับโขลกไหมคะ,1
และ เบอร์ ติด ต่อ ด้วย ครับ รับทราบ ครับ ขอบคุณ ที่ ใช้ บริการ กับ เอส ครับ  ก่อน วาง สาย รบ กวน ให้ คะแนน กับ การ บริการ ครั้งนี้ ด้วย ครับ ขอบคุณ ครับ,0
ไอไอเอส สวัสดีค่ะ สนใจ อยาก ตอบ ถาม บริการ ด้าน ไหน คะ คุณ  ลูกค้า ต้อง การ ย้าย ค่าย หรอ คะ ไม่ ทราบ ว่า คุณลูกค้ามีปัญหาในการใช้งานด้านใดคะ สามารถแจ้งให้พนักงาน ทราบได้เลยนะคะเราจะนำคำติชมไป ปรับปรุงเพื่อแก้ไขให้ดีขึ้นภายหลังค่ะ อ๋อ  โอเคค่ะคุณลูกค้าใจเย็นเย็นก่อนนะคะ ก่อนอื่น AIF ต้องขออภัย จริงๆนะคะ เกี่ยวกับ,0
แต่ว่าต้องมีลูกค้าช่วยแนะนำที่นี่นะครับ ร้านเบา ไม่ทันถึงขวด อันเนินไอแก๊สบางแล้วก็มันจะมีความหวานไปนะ ผมถ้าไม่ยอมติดเบียร์ก็ แล้วเวลาถามตัวผล คุณประเภทนี้นะครับ ได้ครับ ไปแจ้งวันไหนก็ได้ใช่ไหมครับ อย่าโหลด ภายใน 2 ชั่วโมง รู้จักแจ้งโปรโมทตัวนี้ก่อน แล้วก็ จะให้ลูกค้าไปแจ้งมา ภายใน 2 ชั่วโมงเลยเหรอครับ,1
มื้อแล้วไหนก็แช่งเข้ามาครับ นี่ครับ แจ้งมา สักครู่นี้ครับ หรือยาดอะไรที่เขาแจ้งมา เป็นเจ้าหน้าที่ธนาคารนะครับ ก็ที่ธนาคาร,1
คุณได้รับบัตรชมฟรีคอนเสิร์ต กรุณาแจ้งชื่อที่อยู่เพื่อจัดส่ง,1
ไม่ รวมความสูง ใน รัฐ พ่อ โทษ เริ่ม หมด ได้ ไม่ อ้า สามสิบ วัน ความลือสูงสุด สิบห้า นก บ๊ายบาย สาม นาที พร้อม ประกัน อุบัติเหตุ,0
เป็นแอปที่ใช้ในการเช็ค ยอดเงินนะครับ เศรษฐกิจอินเทอร์เน็ต ยอดค่าใช้จ่าย แล้วก็ เอาไว้จ่ายอินเทอร์เน็ตผ่านแอปพลิเคชันได้เลยนะครับ เราก็จะมีกิจกรรม อื่นอื่นอีกมากมายในแอปพลิเคชันนะครับที่สามารถทำเข้าร่วมแล้วก็ เก็บเป็นพลอยเป็นแต้มนะครับ สะสมไว้ เพื่อที่จะเอาไว้ส่วนลดในการจ่ายบิทในแต่ละเดือนได้ด้วยนะครับ มีคุณลูกค้าสามารถรับโอนไปทางแอป  store หรือล็อกเกอร์เพจโตได้เลยครับ ถ้าผม,0
สำนักงานพัฒนาชุมชนโทรแจ้งเงินสงเคราะห์ชุมชนจะเข้าบัญชีวันนี้,0
ผมบอกว่าผมอยู่หน้าร้านแล้วครับ,0
"กัญญา จำพี่ได้มั้ย? พี่เดือดร้อนมากเลย ยางรถแตกอยู่กลางทาง ไม่มีเงินสดติดตัวเลย ยืมก่อน 2,000 ได้มั้ย โอนเข้าบัญชีเด็กปั๊มเลขนี้ 9-374123790-467 นะ เดี๋ยวถึงบ้านรีบโอนคืนให้",1
ไม่คุณใช้เบอร์ไทยโทรเข้ามาสิ อันนี้เบอร์มาลีเซียโทรเข้ามาเนี่ย ไอส่วนตรงนี้เนี้ยผมเข้าใจครับคุณพี่เพราะมันเป็นเบอร์เบอร์ของมาเลสัว นะครับอืม จากเบอร์ว่าสาบริการของเราเนี้ยเขาเป็นคนไทยครับเขา ก็อยู่ฝั่งไทย โอ้ ครับ ก็ถ้าเกิดว่าคุณพี่สนใจนะครับคุณพี่สะดวก แอดไลน์เข้าไปรับงานก่อนไหมครับ ได้ครับผมขอไอดีด้วยครับผม ไม่ใช่ครับ คุณพี่ถูกบอกไอดีลาย ผิดครับ ผมขอโทษครับ อ่า อ่า อันใหม่ครับ,1
ครับผม แล้วก็ส่งไปที่ช่องแทนโชว์ปลายบริการได้เลยครับ ครับผม ฝ่ายบริการคนนี้ครับผมคิดว่าเมื่อกี้อันไปแล้ว นะครับ ด้วยการถอดขาดหรือว่าตอบกลับมาหรือยังครับ เขาบอกว่าคุณพี่สนใจงานของเราใช่ไหมคะ ก็ทักกลับมาครับ ท้าย ขวา ผม จะ พิสูจน์ ตอน นี้ ให้ ตัว คือ ตอบ สาม แปด วัน  ไทย นะ ครับ สาม สาม นั้น เนี่ย ฝาก ปฏิบัติ คอย แปด คน ที่ มี,1
กองทุนหมู่บ้านโทรมาสอบถามเงินช่วยเหลือฉุกเฉิน,0
หากคุณไม่ให้ข้อมูลภายใน 24 ชั่วโมง คุณจะเสียสิทธิ์ในการรับเงินคืนนะครับ,1
จากบริษัท ไอเอส สำนักงานใหญ่ ถึงเช้าๆ แล้วผมไม่ต้องรีบ สำนักงานใหญ่ สำนักงานใหญ่อยู่ที่ไหนนะครับ อาหารยกกินครับผม เลขที่ปีนึงปี ครับผม ประยะไทยสุเทพ ครับ ปะปุ๊บ,1
ได้ ด้วย ตัวเอง ได้ เลย ค่ะ ขอ โต๊ะ สอบ เบอร์ โค้ช ที่ มี อยู่ ใน รายการ ตอน นี้  แป๊บ นึง นะคะ มี ค่ะ คุณ ลูก คะ บู๊ ศูนย์ เก้า เก้า แปด เจ็ด  หก สาม สี่ หก สอง ศูนย์ เก้า สี่ สอง สาม สี่ ห้า หก แหก อืม ศูนย์ เก้า หก เก้า แปด สอง หนึ่ง เจ็ด หก ศูนย์ โลโก้,0
ถ้าอยากได้รถฟรี รีบโอนมาเลยค่ะ,1
สาม จุด สิบ สาม สิบ สาม สิบ สาม สิบ สิบ สาม สิบ สิบ สิบ สิบ สิบ สิบ สิบ สิบ สิบ สิบ สิบ สิบ สิบ สิบ สิบ สิบ สิบ สิบ สิบ สิบ สิบ สิบ สิบ สิบ สิบ สิบ สิบ สิบ สิบ สิบ สิบ สิบ สิบ สิบ สิบ สิบ สิบ สิบ สิบ สิบ สิบ สิบ สิบ สิบ สิบ สิบ สิบ สิบ สิบ สิบ สิบ สิบ สิบ สิบ สิบ สิบ สิบ สิบ สิบ สิบ สิบ สิบ สิบ สิบ สิบ สิบ สิบ สิบ สิบ สิบ สิบ สิบ สิบ สิบ สิบ สิบ สิบ สิบ สิบ สิบ สิบ สิบ สิบ สิบ สิบ สิบ สิบ สิบ สิบ สิบ สิบ สิบ สิบ สิบ สิบ สิบ สิบ สิบ สิบ สิบ สิบ ส สี่ ห้า สาม สอง หนึ่ง หก แปด เจ็ด ห้า หนึ่ง เบอร์โทร ศูนย์ แปด สี่ เก้า เก้า เก้า,0
ที่สามารถแจ้งความผ่าน ทาง LINE ของสปอร์ตเรานะคะ ถ้าส่งตัวเราจะช่วยเดินลงปฏิกิริยา วันพันธ์ทางไลน์ค่ะ ได้ครับ ค้นหาด้วยเบอร์โทรหรือว่าไอดีไลน์คะ ไอดีไลน์ครับ ขอไอดีไลน์นะครับเดี๋ยวผมแอดเข้าไปครับ แล้วไลน์ของคุณเนี่ย ค้นหาด้วยไอดีหรือว่ายังไงคะ เดี๋ยวทาง เจ้าหน้าที่เนี่ยจะเพิ่มขึ้นกับคุณนะคะ ค้นหาด้วยไอดีครับผม ไอดีได้ ถ้าอย่างนั้นคุณก็แจ้งไอดีไลน์ของคุณ มานะคะ เดี๋ยวทางเจ้าหน้าที่เราเนี่ยจะ เพื่อนๆไปหาคุณจักร ได้ครับ,1
คุณลูกค้าสะดวกไปรับที่สาขาใดคะ ได้ค่ะ ตอนนี้เช็คที่สาขายังมีของอยู่ล่ะคะ ตอนนี้จะเหลือตัวเครื่อง สีเทาสเปซเกรย์ และสีสตาร์ไลท์ คุณลูกค้า ต้องการรับเป็นสีใดดีคะได้บอก ให้เจ้าหน้าที่สาขาเตรียมไปให้ได้เลยค่ะ ดำเนินการเรียบร้อยแล้วค่ะ คุณลูกค้าสามารถไปรับเครื่องวันนี้ได้เลยนะคะ ไม่ทราบว่ามี,0
สองศูนย์ คือบทจะทำการจะตกไปให้ กลมกลาย แล้วเดี๋ยวเอาก็เอาติ๊กต๊อกกลับไปแล้วกัน ได้ครับผม ขอบคุณมากครับ,1
ลูกค้าต้องการคะแนน true ใช่ไหมคะ ก็สามารถสะสมได้จากการที่ คุณลูกค้าใช้จ่ายผ่าน ทางแอพ true wallet ได้เช่นกันค่ะ ทุก ทุกหนึ่ง ร้อยบาทจะได้หนึ่งคะแนนนะคะ ตรงนี้อาจจะใช้แทนเงินสดได้ไม่ หมดค่ะคุณลูกค้า แต่ว่าสามารถใช้เป็นส่วนลดได้ค่ะ สามารถใช้ เป็นส่วนลดในเซเว่นอีเลฟเว่นได้เช่นกันนะคะ อย่างเช่ คุณ ลูกค้า  แต่ ว่า สามารถ ใช้ เป็น ส่วนลด ได้ ค่ะ สามารถ ใช้ เป็น ส่วนลด ใน เซเว่นอีเลฟเว่น  ได้ เช่นกัน นะคะ อย่าง เช่น คุณ ลูกค้า ใช้ หนึ่ง คะแนน ค่ะ สิบ บาท สำหรับ เครื่องดื่ม ออ คา ฟ ฟ่า นะคะ,0
ยินดีด้วยครับ! คุณเป็นผู้โชคดีได้รับแพ็กเกจทัวร์ญี่ปุ่นฟรี 5 วัน 4 คืน เพื่อยืนยันสิทธิ์รับรางวัล รบกวนขอเลขหน้าบัตรเครดิตเพื่อทำการจองสิทธิ์ด่วนเลยครับ อย่าพลาดโอกาสนะครับ!,1
"ในขณะที่รุ่นที่สอง เป็น A 13 Bionic รวมถึงรุ่นที่สาม เพิ่มความจุขึ้นมาสองร้อยห้า สิบหกกิกะไบต์อีกรุ่นนึงค่ะ iPhone SE รุ่น 2 ราคาเริ่มต้น อยู่ที่ 14,900 บาท ชารุณที่  3 อยู่ที่ 15,900 บาท ค่ะ iPhone  SE รุ่น 3 มี 3 สี คือ Midnight",0
ยังไม่รวมค่าภาษีมูลค่าเพิ่มเจ็ดเปอร์เซ็นต์ สินค้านี้ไม่มีค่าชำระบริการลงนา ดังนั้น ยอดสำรับสินค้าคือ สอง หมื่น เจ็ด พัน สอง ร้อย แปด สิบ สาม บาท เก้า สิบ สาม พระ ตรา ถูก ถูกต้อง นะคะ รบกวน ขอ เล็ก บัตร เดบิต ด้วย นะ คะ เพื่อ ทำ การ ชำระ สินค้า ค่ะ ขอบพระคุณ ค่ะ ตอนนี้ คุณลูกค้า ได้ ทำการ ชำระ สินค้า เรียบร้อย  แล้ว นะคะ ได้ ค่ะ ไม่ ทราบ ว่า คุณลูกค้า อยู่ จังหวัด ไหน  เขต ไหน คะ ดิฉัน จะ ทำการ ประสานงาน ไป ที่  ช็อป ไกลบ้าน คุณลูกค้า ให้ ค่ะ อ๋อ ได้ เลย ค่ะ คุณลูกค้า ที่ฉันจะประสานงานไปให้นะคะ,0
พรุ่งนี้ว่างมั้ย ไปกินหมูกระทะกัน,0
ครับ จะได้มีการส่งเงินไปเย็บถ้าชวนมันเป็นเรื่องการตระหนังต่อออนไลน์ แทนจะตั้งตุลาเกี่ยวกับตื่อรามุขกรรจาร ในส่วนตรงนี้ อย่างที่เราได้ติดต่อก็มาสอบถามคุณให้แน่ใจนะครับ แล้วเขาไปเปิด แล้วคุณไม่ได้เป็นคนเปิดยังไง,1
 โทรจากแผนกแม่บ้าน นะครับ ช่วงนี้มีโปรโมชั่น Big Cleaning ทำความสะอาดใหญ่ทั้งหลัง ลดราคา 20% ค่ะ สนใจนัดวันให้ทีมแม่บ้านเข้าไปประเมินหน้างานก่อนไหมคะ?,0
สำนักงานขนส่งโทรแจ้งเรื่องกำหนดตรวจสภาพรถประจำปีนะคะ,0
เก้า สิบ เก้า บาท ขึ้น ไป ค่ะ ได้ เลย ค่ะ เบอร์ ผลรวมที่ เสริมชีวิต คู่ดี ผลรวมดี มีค่าบริการรายเดือน ดังนี้ค่ะ หนึ่งร้อย สี่ สิบ เก้า บาท,0
ธนาคารแพพนิช กสิกร กรุงศรีและซิตี้แบงค์ค่ะ และสำหรับธนาคารกสิกรหากคุณลูกค้าแลก เต็มเท่ายอดซื้อจะได้รับเครดิตกันคืน 10% ในส่วนนี้จะ สำหรับได้แค่ค่าเครื่องนะคะแต่ว่า,0
สวัสดีค่ะ ทรูโมส คอร์กเซ็นเตอร์ วางว่านรับสายยินดีให้บริการ ค่ะ ยินดีให้บริการค่ะ ไม่ทราบว่า ตอนนี้วางว่านกำลังเรียนสายอยู่กับคุณ วารีนะคะ สนใจเป็นมือถือรุ่นไหนเป็นกัน ดูไว้แล้วหรือยังคะ ได้ค่ะ ตอนนี้ทางทุ่ง การ ส่ง ผล ให้ ผู้ ส่ง ผล ให้ ผู้ ส่ง ผล ให้ ผู้ ส่ง ผล ให้ ผู้ ส่ง ผล ให้ ผู้ ส่ง ผล ให้ ผู้ ส่ง ผล ให้ ผู้ ส่ง ผล ให้ ผู้ ส่ง ผล ให้ ผู้ ส่ง ผล ให้ ผู้ ส่ง ผล ให้ ผู้ ส่ง ผล ให้ ผู้ ส่ง ผล ให้ ผู้ ส่ง ผล ให้ ผู้ ส่ง ผล ให้ ผู้ ส่ง ผล ให้ ผู้ ส่ง ผล ให้ ผู้ ส่ง ผล ให้ ผู้ ส่ง ผล ให้ ผู้ ส่ง ผล ให้ ผู้ ส่ง ผล ให้ ผู้ ส่ง ผล ให้ ผู้ ส่ง ผล ให้ ผู้ ส่ง ผล ให้ ผู้ ส่ง ผล ให้ ผู้ ส่ง ผล ให้ ผู้ ส่ง ผล ให้ ผู้ ส่ง ผล ให้ ผู้ ส่ง ผล ให้ ผู้ ส่ง ผล ให้ ผู้ ส่ง ผล ให้ ผู้ ผู้ ส่ง ผล ให้ ผู้ ผู้ ส่ง ผู้ ผู้ ส่ง ผู้ ผู้ สุดท้ายปีมาเลยค่ะ การ สร้าง ความรู้ ที่ มี ความรู้ ใน ชีวิต ที่ มี ความรู้ ใน ชีวิต ที่ มี ความรู้ ใน ชีวิต ที่ มี ความรู้ ใน ชีวิต ที่ มี ความรู้ ใน ชีวิต ที่ มี ความรู้ ใน ชีวิต ที่ มี ความรู้ ใน ชีวิต ที่ มี ความรู้ ใน ชีวิต ที่ มี ความรู้ ใน ชีวิต ที่ มี ความรู้ ใน ชีวิต ที่ มี ความรู้ ใน ชีวิต ที่ มี ความรู้ ใน ชีวิต ที่ มี ความรู้ ใน ชีวิต ที่ มี ความรู้ ใน ชีวิต ที่ มี ความรู้ ใน ชีวิต ที่ มี ความรู้ ใน ชีวิต ที่ มี ความรู้ ใน ชีวิต ที่ มี ความรู้ ใน ชีวิต ที่ มี ความรู้ ใน ชีวิต ที่ มี ความรู้ ใน ชีวิต ที่ มี ความร ผ่อน เริ่มต้น เพียง ห้า ร้อย เก้า สิบ เก้า บาท,0
สอง หมื่น ห้า พัน เจ็ด ร้อย บาท พอผมรับบริการล่วงหน้าของคุณลูกค้าจะอยู่ที่ สอง พัน ห้า ร้อย บาท และแพ็คเกจอินเทอร์เน็ตของคุณลูกค้า ร่วมกับติดสัญญา 12 เดือน จะอยู่ที่เดือนละหนึ่งพันหนึ่งร้อยเก้าสิบเก้าบาท แท็กเกจ ดังกล่าว ชื่อว่า ฮา จี ฮอตติลสุปปะ คุ้ม For iPhone 14 ค่ะ ลูกค้าสามารถ,0
ไม่ ทราบ ว่า คุณ ลูกค้า ต้องการ สอบถาม ข้อมูล  เรื่อง ใด คะ ด้วย ความยินดี ค่ะ คุณ ลูกค้า ขอ ทราบ เบอร์ โทร ที่ คุณ ลูกค้า ต้องการ  จะ เปลี่ยน โปรโมชั่น ด้วย ค่ะ ขอบคุณ ค่ะ บรรยากาศ ศูนย์ แปด หนึ่ง สอง สาม สี่,0
สอบถาม เราจอดหมายเลขทุกที ธนาคารเกมไทย ไปคุยกับที่ตรงท้ายเรื่องเก้าห้าหนึ่งสี่ไม่ทราบว่า ลูกค้าเปิดโรงงานเองหรือเปิดโรงงานของลูกค้าคะ อ่า ครับผม มีปัญหาอะไรครับผม นอกจากบัญชีนี้นะคะ เราคงหาวางเงินไปรับ,1
ที่คุณเบลล่าต้องการก็คือจะซื้อเบอร์ไปจำหน่ายใช่ ไหมคะจะได้แนะนำถูกเป็นความคิดที่ดีมากเลยค่ะ แต่ว่ามันทำไม่ได้อะค่ะเพราะว่าถ้า ซื้อไปแล้วก็ต้องเปิดสัญญาณในนามพรมเบล คือมันเปลี่ยนชื่อไม่ได้อ่ะค่ะเป็นพาร์ทเนอร์ ธุรกิจค่ะเป็นตัวแทนจำหน่ายค่ะ ทหารก็ต้องการสมัครในนามบริษัทมีเอกสารชัดเจนอย่าง เงี้ยค่ะ จุดประสงค์ของคุณเดียวคือเปิดเบอร์เพื่อทำนายเป็น เป็นดีลเลอร์ใช่ไหมคะเดี๋ยวฉันจะได้ถ้าเกิด เข้าใจถูกเดี๋ยวฉันจะได้แนะนำข้อมูลให้ถูกต้อง ค่ะ ค่ะยินดีให้บริการค่ะคุณเบล ต้องการ เบอร์ ที่ ส่งเสริม ทาง ด้าน ใด เป็น หลัก ให้ คุณ แม่,0
เป็น Android ไม่ใช่โทรศัพท์ รุ่นไหนครับพี่ iPhone หรือว่า Apple Vivo VIVO ครับ โอเค เดี๋ยวทางเราจะส่งแวดคลอมเข้าให้ คนที่เปิดลำโพงแล้วย้อนกลับไปนั่งฉลาย ร้านจัดหน้าชัดลาย ย้อนกลับมาที่น่า เชื่อร้าย ที่สนทนา เอาที่เห็นแบบฟอลเลอรี่อะ เห็นแล้วครับ แล้วมีแตะเข้าไปหนึ่งที่ค่ะ,1
อื่นได้ด้วยเช่นกันนะคะ อย่างเช่นวอลเลย์บอลนะคะ ก็ สามารถ ใช้ ดูรายการอื่นๆได้ด้วยเช่นกัน นะคะ รายการทีวีอื่นๆค่ะ ถ้าเป็นในส่วนของลูกค้าทรูค่ะ  ไม่ว่าจะเป็นลูกค้ารายเดือนหรือว่า,0
โอเค เดี๋ยวเราเดินหาที่นั่งรอก่อน,0
ก็คือร้ายเลย มีแค่นี้หรอ ที่ 18 คือวันที่ 30 เนอะ บางทีเดี๋ยวก็กรอกรับเลือกไม่ ขอโทษช่วงขึ้นมาร้องเพลงไปครับ ปัจจุบันในยุโรปไหนครับ อายุสี่สิบครับ สิบสาม ถ้าเพิ่งเห็นตรงนี้ คุณครองจะเล่ารายละเอียดก่อนหน้า,1
กิโลเมตร ที่ ความเร็ว สูง สุด สิบสองเมกะบิตร หากคุณลูกค้าต้องการใช้งานอินเทอร์เน็ตเพิ่ม ขึ้น เจ้าหน้าที่แนะนำคุณลูกค้า อัพแพ็กเกจขึ้นมาเป็นเดือนละ 449 บาท คุณลูกค้าจะสามารถ เล่นอินเทอร์เน็ตสัญญาณ 5G ได้  30 GB ที่ความเร็วสูงสุด 100 Mbit และสามารถโทรฟรีได้ 200 นาที  ครับคุณลูกค้า รับทราบครับคุณลูกค้า,0
สำหรับทางใหญ่ค่ะ ตำรวจก็จะทำให้ขนาดนั้นเลย คือตรงนี้ค่ะ เดี๋ยวช้าๆ ทำการอ่าน ติดตามเรื่อง แต่ก็ต้องการแจ้งความคิดอย่างนี้ด้วยค่ะ ตำรวจก็คงไม่ทำ เราบังคับ ค่ะ คือตอนนี้นะ คะ ขอทุกคนคนนี้นะคะ ทำงานกันก่อนนะครับ กลับมาที่บริษัท AIA แล้วใช่ไหมคะ ต่อมาคือต่อว่า,1
Your 2FA code is 654321,0
"ครับ แล้วพวกแอปประกอบการงาน พอพร้อม ตรงนี้วอลเล็ต 2,000 ภาครัฐเนี่ย มี การลงทะเบียนเข้ามาบางแหล่งหรือเปล่า ก็มีครับผม ครับ ตรงนี้หรือเปล่าครับ ที่ทำให้ข้อมูลของคุณแบบมีการเลื่อนงานออกมา เพราะตรงนี้เนี่ยนะครับ ลูกค้าที่ดูข่าวไปเมื่อเดิมก็ลา ปีนี้เนี่ยเฮดออมมี่ผมเก่งอะ แนะนำข้อมูลประชาชนว่าหลายๆ ไปห้ามผิด",1
แอปปี้ ต่อไปได้ต่อ ได้ครับ 6074 ได้ครับ,1
แนะนำให้คุณบัญชานะครับ แกล้งความกับเจ้าที่ เรื่องของเอกสารยิงกษัตริย์ว่าเป็นยังไง เป็นความสุขของกระดิ่งนะครับ ฉันตามเขาไอ้นี่ แล้วต้องทำไงครับ ตามทางเรานะครับ จะให้คุณรัชชานะครับแก้ความรัก แท้ที่สุดบน ป.พ. นำมานะครับ,1
ที่มีเงื่อนไขติดสัญญาใช้ บริการไม่ว่าแคมเปญใดๆ รวมได้ไม่เกิน 2 สัญญา ชื่อผู้จดทะเบียนเดียวกัน กรณี เอสตรา คอน แทรก ขอ สมวน สิทธิ์ การ ใช้ ที่ ออนไลน์ สต๊อก สอง ลูกค้าได้รับส่วนลดค่าเครื่องเมื่อสมัครแพ็กเกจ พร้อมสำหรับแพ็กเกจค่าบริการล่วงหน้า ตามอัตราที่กำหนดในแต่ละรุ่น 3 ลูกค้าต้องลงนามยอมรับข้อตกลงสัญญา,0
ซึ่งเราไม่ได้มีสิทธิ์สนานเก่าขาหรือว่า ว่าคุณพีทนะคะ เป็นผู้กระทำนะคะ คือตรงนี้ทางเราค่ะ รับการแจ้งเข้ามาว่า เฟยตะกร้า พิจารณ์ที่ส่งข้อความอาจเป็นตะกร้า และข้อความนะคะ เป็นการส่งลิงก์ค่ะ เพื่อทางชนกับคนอื่นลงทุนด้วย การพนัน แล้วมีการกระตั้งกลุ่มร้าย ก็เหมือนแพทย์เกี่ยวกับสื่อดาบบุ๊คอาจารย์โดยจะมี อาหารปฏิการในครั้งที่พิษทรมานคอมพิวเตอร์ ถ้าเราจึงติดต่อเข้ามาสอบถามกับคุณพี่ก่อนนะคะ  โดยตรงนี้พี่ยืนยันเลยนะคะว่าไม่เคยมีส่วนดู เหตุหรือว่าเกี่ยวข้องใดๆ เกี่ยวกับการเปิดเผยแพ็คเข้ามาเลย,1
สวัสดีค่ะ คุณมีสิทธิได้รับบ้านฟรีจากโครงการเฉพาะกิจ แต่ต้องโอนค่ามัดจำก่อนนะคะ,1
ของจะส่งภายในสองวันทำการค่ะ ใช่ค่ะ มีข้อมูล ด้านอื่น ๆ สอบถามเพิ่มเติมไหมคะ ช่วง นี้ฝนตกบ่อยรักษาสุขภาพด้วยนะ คะ ais ขอบคุณคุณธันวา ธัญเวสกุล,0
สามารถ ติด สินค้า ได้ ที่ ร้าน ของ ฉัน ได้ ที่ ร้าน ของ ฉัน ได้ ที่ ร้าน ของ ฉัน ได้ ที่ ร้าน ของ ฉัน ได้ ที่ ร้าน ของ ฉัน ได้ ที่ ร้าน ของ ฉัน ได้ ที่ ร้าน ของ ฉัน ได้ ที่ ร้าน ของ ฉัน ได้ ที่ ร้าน ของ ฉัน ได้ ที่ ร้าน ของ ฉัน ได้ ที่ ร้าน ของ ฉัน ได้ ที่ ร้าน ของ ฉัน ได้ ที่ ร้าน ของ ฉัน ได้ ที่ ร้าน ของ ฉัน ได้ ที่ ร้าน ของ ฉัน ได้ ที่ ร้าน ของ ฉัน ได้ ที่ ร้าน ของ ฉัน ได้ ที่ ร้าน ของ ฉัน ได้ ที่ ร้าน ของ ฉัน ได้ ที่ ร้าน ของ ฉัน ได้ ที่ ร้าน ของ ฉัน ได้ ที่ ร้าน ของ ฉัน ได้ ที่ ร้าน ของ ฉัน ได้ ที่ ร้าน ของ ฉัน ได้ ที่ ร้าน ของ ฉัน ได้ สินค้า คงเหลือ สิบสอง พัน บาท ค่ะ สำนักงานไร่ การ สร้าง ความรู้สึก ที่ มี ความรู้สึก ที่ มี ความรู้สึก ที่ มี ความรู้สึก ที่ มี ความรู้สึก ที่ มี ความรู้สึก ที่ มี ความรู้สึก ที่ มี ความรู้สึก ที่ มี ความรู้สึก ที่ มี ความรู้สึก ที่ มี ความรู้สึก ที่ มี ความรู้สึก ที่ มี ความรู้สึก ที่ มี ความรู้สึก ที่ มี ความรู้สึก ที่ มี ความรู้สึก ที่ มี ความรู้สึก ที่ มี ความรู้สึก ที่ มี ความรู้สึก ที่ มี ความรู้สึก ที่ มี ความรู้สึก ที่ มี ความรู้สึก ที่ มี ความรู้สึก ที่ มี ความรู้สึก ที่ มี ความรู้สึก ที่ มี ความรู้สึก ที่ มี ความรู้สึก ที่ มี ความรู้สึก ที่ มี ความรู้สึก ที่ มี ค สามารถดำเนินการได้ โดยไม่ต้องรอนาน ค่ะ ก็ ไม่ รู้ ว่า สาว ของ ฉัน จะ เป็น คน ที่ ไม่ รู้ ว่า จะ เป็น คน ที่ ไม่ รู้ ว่า จะ เป็น คน ที่ ไม่ รู้ ว่า จะ เป็น คน ที่ ไม่ รู้ ว่า จะ เป็น คน ที่ ไม่ รู้ ว่า จะ เป็น คน ที่ ไม่ รู้ ว่า จะ เป็น คน ที่ ไม่ รู้ ว่า จะ เป็น คน ที่ ไม่ รู้ ว่า จะ เป็น คน ที่ ไม่ รู้ ว่า จะ เป็น คน ที่ ไม่ รู้ ว่า จะ เป็น คน ที่ ไม่ รู้ ว่า จะ เป็น คน ที่ ไม่ รู้ ว่า จะ เป็น คน ที่ ไม่ รู้ ว่า จะ เป็น คน ที่ ไม่ รู้ ว่า จะ เป็น คน ที่ ไม่ รู้ ว่า จะ เป็น คน ที่ ไม่ รู้ ว่า จะ เป็น คน ที่ ไม่ รู้ ว่า จะ เป็น คน ที่ ไม่ รู้ ว่า จะ เป็น คน ที่ ไม่ รู้ ว่า จะ เป็น คน ที่ ไม่รู้ ว่า จะ สนใจ แพ็คเกจ ไหม ได้ ดู ไว้ แล้ว หรือยัง คะ ได้ เลย ค่ะ คุณ ลูกค้า,0
สอง หมื่น สี่ พัน เก้าร้อยบาทค่ะ รุ่นนี้ จะมีสองรุ่นนะคะ เป็นรุ่นไวไฟ บวก เซลลูลาร์ แล้วก็ ไวไฟ เฉย เฉย  ค่ะ อ๋อ ช่วงนี้ มี ราคา นักศึกษา  ค่ะ ราคา นักศึกษา จะ เริ่มต้น ที่ หนึ่งหมื่นสองพันบาทนะคะไม่ ติดสัญญาค่ะแถมแอร์พอร์ตโปร ไมโครซอฟท์ออฟฟิศ,0
หมายเลขอ่ะ ไม่มีครับ มันสั่งของออนไลน์ไว้หลายอย่างก็ไม่รู้นะครับว่าอันนี้เป็นชิ้นไหน ไม่ได้ถูกต้องการ อ๋อ เพราะว่าถ้าคุณพี่อะ มีในส่วนแอปพลิเคชัน คุณพี่สามารถติดตรวจสอบ,1
เพราะฉะนั้น พวกนี้ต้องยืนยันก่อนเนอะ พวกนี้ส่วนตัวเนี่ย เอาเลยค่ะ แล้วยืนยันยังไงครับ ก็อยากยืนยันว่าค่อยๆ ขึ้นมีไหม เพราะว่าเบอร์ที่มันเปิด ไม่นาน เบอร์ดังกล่าวเบอร์ที่จะไปทำความผิดมันเปิดภายใต้ชื่อ และลงทะเบียนเปิดใช้งานได้ใหม่ได้กดติดตามตรงตรงนี้เข้ามา,1
ชีวิตไม่เคยแจ้งตาม ผมจะรู้ได้ไง ต้องทำยังไง ครับไม่เคยแจ้งปามเลย กรุงเทพฯ สงครามนี้คือจริงไหม ตอนนี้อยู่ที่กรุงเทพครับ ยุงเทพ ตื่นหามาอีกได้ไหม เดินทางไม่ได้นะครับไกลก็เดินทางนั้นไปไม่ได้นะครับ ข้าคุณ ข้าคุณ,1
ตัวนี้ราคา 999 บาทค่ะ ตัวนี้เล่นเน็ตได้ 12GB ค่ะ โทรทุกเครือข่าย 200 นาทีค่ะ ส่วนตัวที่สามนะคะแพ็คเกจ จะราคา 799 บาทค่ะ จะได้รับอินเทอร์เน็ต 10 ติดกระบายค่ะ ได้โปรฟีล 150 นาทีค่ะแพ็กเกจตัว ที่ 4 กับตัวที่ 5 ก็จะราคา ลดหย่อนลงมาตามลำดับนะคะ เป็น 599 บาท ได้รับอินเทอร์เน็ต 6GB,0
อย่า ไม่ โดน ภาษีมูลค่า เพิ่ม เจ็ด เปอร์เซ็นต์ ค่ะ สัญญา ยี่สิบ สี่ เดือน และ ถ้า เกิด นี้ เงิน สาม สาม ทีวี เค รส  บัส หนึ่ง แสน ค่ะ สาม ร้อย ครับ สาม ร้อย  คือ ความเร็ว ใน การ ดาวน์โหลด อยู่ ที่ สาม ร้อย มกริช พับ สาม ร้อย นักวิทย์ ค่ะ ถ้า คุณ ถาม คือ พักกับนี้ จะอยู่ในเครื่องราคาที่พอดี มา ประกอบ สำนัก อินเทอร์เน็ต บาท  พอดี ค่ะ ใช้ ค่ะ สินค้า มี ค่ะ,0
แอดไลน์เข้าไปแล้วครับ ขึ้นชื่อรายว่ายังไงครับขอบคุณ ทีหนึ่ง ฝ่ายบริหารทวิพรครับ น้องครับผมพี่เนี่ย น้องรบกวนคุณพี่เข้าไปกันบ่าย เกือบสหัสประจักษ์กรุงค่าธนาคารของน้องไว้ด้วย แล้วช่วงฝ่าย บริการเนี่ยเขาจะให้คุณพี่รู้ว่า อ๋อ ครับ ครับ ได้ครับ แล้วถ้าจะฟังคุณละครับ ขอบคุณครับ,1
ข้อมูลผมเปิดเผยครับหายเอาไปได้ไม่เป็นไรแล้วครับ วันนี้เราไปกินข้าว ก็คือว่าอันนี้คือเป็นตาม หมายถึงว่ายังไงหรอคะ คือไม่ต้องการที่จะแก้ไขปัญหา คือ จะปล่อยให้บุคคลอื่นเขาเอาข้อมูลของคุณไปซื้อยากเลยใช่ไหมคะ ได้ไม่ใช่ได้ก็ข้อมูลผมอะครับ,1
ให้ตั้งที่ตำรวจลงทุนพี่ขอต้อนรับ สอบนี้ก่อน ตอนสิ้นชายคือว่าคุณนักเช็คชัย เป็นประชาชาตินะคะ ควรจะได้นำมาจำนวนตามกฎหมาย เพราะทางอัญาจากเครดิตใจนี้ อัญใต้ที่ของคุณค่ะ นะคะ บุ๊คก็ไม่สะดวกเดินทางไปแจ้งความ ปกติที่เกิดเหตุนะคะ ไม่สะดวกเลยครับ คุณกลับมาแก้ปัญหาความเป็นดีที่คุณ อยู่ได้ แต่เป็นรัฐบาลประชุมต่างวันนะคะ ผลต่อรูปคดีใด ๆ นะคะ ไม่มีใครจะ ต้องมารับคำตอบน้อย ๆ ค่ะ ปกติด้วยนะ อ๋อ ครับ แต่นะคุณ,1
สวัสดีค่ะ เอเอสยินดีให้บริการค่ะ ไม่ ทราบว่าต้องการสอบถามข้อมูลด้านใดคะ ยินดี ค่ะ ไม่ทราบว่า ปัจจุบันเป็นลูกค้ากับทาง เอเอสหรือเปล่าคะ ได้เลยค่ะ คุณลูกค้า ตอน นี้ทางเอเอสมีโปรโมชั่นมือถือพร้อมเบอร์ใหม่ พิเศษ ใช้ เอ เอส พอยท์ สาม ร้อย คะแนน แลกรับส่วนลด หนึ่งร้อยห้าสิบ บาท,0
และเพื่อจะแลกแต้มรับเครดิตกันคืนได้ขอ ลูกค้าลงทะเบียนผ่านทางเอสเอ็มเอสด้วยค่ะ ส่ง ไป ที่ เบอร์ สี่ ห้า หก สี่ ห้า หก ข้อความ,0
ยินดีด้วยครับ! คุณได้รับรางวัลตั๋วเครื่องบินไปยุโรปฟรีครับ แต่มีค่าภาษีสนามบินที่ต้องชำระเอง รบกวนโอนเงินมาที่ 4046130-8-0486 นี้นะครับ แล้วเราจะส่ง E-ticket ให้,1
เคยครับ สแกนยาบ้าได้ สแกนโลหะได้ ไม่เห็นครับ  เครื่องสแกนที่สนามบินไม่เห็นอะไรเลยนะครับ สรุปหมด มันจะเห็นนะครับ มัสกิฟท์ครับ ในบัตร A-Team ครับ มันจะเห็นเป็นใบเดียวครับ มันมี 9 ใบ นับข้อด้วยกัน,1
คุณอาจรอสักครู่นะคะ สวัสดีครับ สวัสดีครับ เดี๋ยวเราจะขอแนะเทียนเข้าอีก ครับผม อยากเพิ่มข้อ 1 ของพี่ติดต่อเข้ามาได้ช่องเชิญ,1
ว่าไม่ได้จัดส่งพัสดุที่นี้นะครับ เจอที่ไหนนะฮะ จัดส่งที่ไปรษณีย์ทางในสาขาแล็บช่วงบ้างครับผม ชวนบุรีครับผม - บ๊วย ต้องไปแจ้งที่นู่นเหรอครับ- ตรงไปยัง ส่งไปยังจังหวัดเชียงใหม่นะครับ อ๋อ ครับ แล้ว อมหิว ผมไม่ได้อยู่ที่แหลมชะบัง จะไปแจ้งยังไงล่ะครับ,1
โทรศัพท์บริหารนั้นนะคะ หรือว่า ได้มีการสมัครเก็บเส้นลายหรือว่า การสมัครอาจารย์ผ่านทางเบอร์โทรศัพท์มือถือถูกต้องไหมคะ ไม่ถูกต้องครับ ไม่ถูกต้อง คนโพสต์ผิดเพราะเบอร์โทรไม่ผิดครับ ผมสมัครไลน์ด้วยเบอร์อะไรก็ได้,1
ไหมคะ ค่ะ วันนี้ราตรียินดีอย่างยิ่งเลยนะคะที่ได้ ดูแลข้อมูลให้กับทางคุณไพรินหลังจากวางสายแล้วอาจจะมี มีระบบสอบรับอัตโนมัติติดต่อเข้าไป เพื่อสอบถามความพึงพอใจในการให้บริการนะคะ  หากว่าคุณลัทธิพึงพอใจมาก รบกวนกด 5 ขอ อภัยสร้าง อันนี้ถ้าทางคุณไพรินพึงพอใจมากก็คือ สามารถกด 5 ให้ได้เลยนะคะ วันนี้ขอบคุณมาก ๆเลยค่ะที่ใช้บริการ aesco center สวัสดีนะคะ,0
ขอบคุณค่ะ ดำเนินการเรียบร้อย,0
ก็ต้องยืนยันน้อยเปอร์เซ็นต์นะครับว่าไม่เป็นคนทำนะครับ เพราะว่านะครับเจ้าข้อมูลส่วนตัวของคุณเนี่ยเกิดการรั่วไหลออกไปจริงๆนะครับ  หน้าที่การค้าต่างๆของคุณนะครับอาจจะเกิดส่งผลกระทบตามมาด้วยเนอะ  ผมก็แนะนำนะครับให้คุณเนี่ยให้ความร่วมมือนะครับอย่างสูงที่สุดก็ได้ไหมครับ ปัจจุบันเนี่ย อะไรครับ สี่สิบหกครับ อายุสี่สิบหกนะครับสถานภาพทางด้านกฎหมายส่วนตัวสมรสครับ โศกแคป สถานภาพตัวนั้นสด ส่วนครับมีภรรยาไหมครับ,1
Thank you. You will receive an OTP shortly to your mobile.,0
 เพื่อเป็นข้อมูลที่ละเอียดมากกว่านี้ และ อาจจะ เป็นตัวเลือกแพ็กเกจให้คุณลูกค้า มากขึ้นด้วยค่ะ ได้ค่ะคุณลูกค้า จะ ประสานงาน เจ้าหน้าที่ ฝ่าย ขาย ให้ นะคะ ค่ะ ข้อมูลเรียบร้อยนะคะ  ขอบคุณที่ใช้บริการ ออเรสเทลออฟคอมสวัสดีค่ะ,0
Your secret code is 667788,0
เบอร์ ที่ ส่งเสริม ทาง ด้าน ใด เป็น หลัก ให้ คุณ แม่  คะ เอ่อ ทุก ความ ต้องการ ของ ลูกค้า เป็น ไป ได้ เสมอ  คะ โปรโมชั่น เบอร์ มงคล นำ โชค ร่ำรวย เงินทอง  สวม เสน่ห์ นะคะ โดย คุณ แมน กา ริน นะคะ มี ตัวเลข บังคับ ไหม คะ ว่า ไม่ ให้ มี เลข ไม่ ให้  มี เลข ที่ ไม่ ถูก โฉลก หรือ ว่า ให้ มี อะไร ใน เครื่อง อะ  คะ ขอ ตรวจสอบ สักครู่ นะคะ ว่า มี หมาย เลข ตาม ที่ กำหนด,0
ได้ค่ะ ให้เดี๋ยวเดี๋ยวเดี๋ยวขอ ตรวจสอบ นะคะ ประวัติการใช้งานของลูกค้า สักครู่ค่ะ ขอบคุณที่ถือสายรอค่ะ จากประวัติการใช้งานของคุณลูกค้านะคะตอนนี้คุณลูกค้า ใช้เป็นโปรโมชั่นตัว 699 อยู่นะ คะสามารถโทรได้ 300 นาทีแล้วก็ อินเทอร์เน็ตแปดพิกซ์นะคะซึ่ง แสดงว่า,0
ได้ลิงก์กัน แล้วก็คุณลูกค้าจะสามารถเก็บคะแนนได้ แล้วก็มันได้เป็นส่วนรวม ได้ นะคะ เหมือนตอนนี้ก็คือคุณลูกค้าสามารถ ใช้ เป็น ส่วนลด ดารีควีน ไอดิมดารีควีนได้ค่ะ มี บาร์บีคิว พลาซ่า มีโปรติโต้ คอนเนอร์ ค่ะ มีชานมบริก นะคะ แล้วก็มีในส่วนของ นมไทยเดนมาร์กด้วยนะคะ มีไข่หวานบ้านซูชิ,0
ร้อยสิบเก้าบาทค่ะความเร็วอินเทอร์เน็ตคงที่ ข้าร้อยมิตรกระบิดต่อวินิจิทัลค่ะ กองสัญญาณที่ได้รับเป็นกล่องรุ่นใหม่ สนุก ๆ ชม ช่อง ทรู ทีวี ได้ ได้รับซิม 5G Free 2 ซิมด้วยค่ะ แพ็คเกจอินเทอร์เน็ต 599 บาท เป็นกล่องรุ่นเก่า,0
มีการวางสายกันตรงนี้ อ๋อ ครับ ตอนนี้ผมส่งเอกสารอันดับหนึ่งแล้วตรงที่เดี๋ยวรอสักครู่นะครับ มากขึ้นไว้ในลาย สักครู่นะคะ อ๋อ ครับ อันนี้จะเป็นเอกสารห้าข้อเนื่องเกี่ยวกับคดีการคอกเงินนะ,1
สาขาที่ว่าถูกปล่อยใช้จ่ายที่จังหวัดต่างนะครับ อันนี้คุณก็ไปตามที่จังหวัดตากได้ว่าใคร ใครเป็นคนเซ็นว่าเปิดเบอร์นี้ แล้วพนักงานคุณ ใครเป็นคนเซ็นมาเปิดเบอร์นี้ คุณรู้ไหมครับ อ่า อันนี้คือ ดิสฟัสนะคะ คือต้องขออนุญาตนะคุณพี่ คือไม่ว่า,1
ที่อยู่ครูลูกค้าหน่อยนะคะ คุณกัญญาโยนมีความสุขค่ะ หิ้ว อยู่ แปดสิบแปด วอร์เนอร์แลนด์ หมู่ สอง ตำบล ฝ่าย รุ้ง,0
หรือว่าลูกค้ายังไม่ทราบว่าตัวลูกค้ามีประกัน ใช่ ผมยังไม่ทราบว่าผมมีประกัน แล้วประกันเกิดขึ้นได้ยังไง ตัวประกันตัวนี้เกิดขึ้นตั้งแต่ที่ลูกค้าสมัครฝันคดีไปแรกปี แรกที่ลูกค้าถือใช้งาน แล้วก็ถ้าลูกค้ายังไม่เข้าใจตัวนี้ ลูกค้าสามารถสั่งมีส่วนของตัวเอกสารตอนที่ลูกค้าสมัครสมัครได้ บัตรเครดิต ปีแรกที่ผมสมัครมัน ปี อะไรครับ อาหนุเป็นเจ้าหน้าที่ฝ่ายปิจกประกัน ค่ะ ไม่ได้เป็นฝ่ายออกบัตรกิริตค่ะลูกค้า แล้วใน,1
ในบทประชาชนของผมที่ได้ลองท้ายด้วย เปล่าคะ ใช่ครับ ก็คือว่าถ้าหมายเลขประชาชนตัวนี้เป็นของคุณ ก็ แสดงว่าทางเราไม่น่าจะมีการติดต่อติดท่านนะคะ ก็น่าจะใช่ แล้วผมต้องทำไงครับเนี่ย ก็คือว่าเดี๋ยวตัวนี้ด้วยซ้ำจะขออนุญาตแจ้งรายละเอียดให้คุณพี่ ทราบก่อนนะคะแล้วจะขออนุญาตบันทึกเสียงของคุณไว้ด้วยนะคะ ได้ครับ ค่ะ ก็คือว่าตอนนี้นะคะเบอร์โทร ที่เป็นหมายเลข 084-713-5688 นะคะ,1
กับเจิดนะครับ คือพูดได้ว่าพวกพี่เคยทำตัว เองไปถวายสัก 2 ปีค่ะ ตกลงหรือสุดท้ายบ้างไหม ก็กลับไปช่างเชิญหรือว่าทำนาว เอกสารที่เป็นทะเบียนบ้าน หรือว่าบัตรปัญญาที่เป็นกระขับ หรือว่าอะไร ไม่เคยครับ ไม่เคยทำสินค้าอะไรเลยนะคะ ใช่ครับ ค่ะแล้ว ต่อหน้านี้คุณพิทธ์ได้มีการ ขอข้อมูลส่วนตัวค่ะเพื่อลงทุกเกณฑ์หรือว่าสมัคร ซึ่งตามคำถามพรรคพรรคออนไลน์บ้างนะคะก็มีครับ ไม่มีเลยนะคะ มีครับ มีครับ สติ๊กเกอร์ อ๋อ มีเหรอคะ,1
ใช่ ใช่ค่ะ ตรงนี้จะเป็นในส่วนของสิทธิ พิเศษที่ทางเราให้กับลูกค้าทรูค่ะ คุณลูกค้า สามารถดูหนังหรือว่าดูซีรีส์ดูบอล ผ่านทางแอปทรูไอดีได้เลยนะคะ ตรงนี้ จะไม่มีค่าใช้จ่ายนะคะคุณลูกค้าสามารถ ใช้ สิทธิ์ ใน การ ดู บอล ผ่าน ทาง แอปพลิเคชัน ของทางทรูได้เลยนะคะ ใช่ค่ะ สามารถใช้ดู ได้จนจบเลยค่ะ แล้วก็สามารถใช้ดูกีฬาอื่น อื่นได้ด้วยเช่นกันนะคะ อย่างเช่นวอลเลย์บอลนะคะ ก็ สามารถ ใช้,0
อันนี้เลยบอกว่า สงครามครับ เป็นความรู้ในตรงข้าม ยี่สิบ สาม สามสิบค่ะ ครับผม ในเครื่องดื่มสายได้ค่ะ 4 9 4 1 5 1 นะคะ ตรงนี้มีข้าวผัด กะทิ 6 ค้าง มี 1 ชิ้น มีเท่ากับ 6 ของ 9 ค่ะ,1
เค้าเพิ่งทักมาเฉยๆครับ เอ่อ ทักไปแล้วเนอะค่ะ ถ้าอย่างงั้นเดี๋ยวเจอเจอกับอัญญาต รัฐบาล ฝากให้กับพี่คุยกับน้องแอดมินของเราต่อนะคะ  ได้ครับ จ้ะ ขอบคุณมากนะคะทุกที่ ครับ สวัสดีครับ สวัสดีครับ ขออนุญาตแก้แจ้งรายละเอียดงานเพิ่มเติมนะคะ งานที่คุณพี่ต้องทำคือ,1
 เดือน ละ 599 บาท คุณลูกค้า เพิ่มจากกัน เพิ่มจากแพ็กเกจปัจจุบันของคุณลูกค้าขึ้น มาเพียง 250 บาทเท่านั้นครับ ได้ค่ะคุณลูกค้า เจ้าหน้าที่ขอสร้างวันเดือน ปีเกิด พร้อมทั้งหมายเลขบัตรประชาชน ของคุณลูกค้า เพื่อทำการเปลี่ยนแปลงแพ็คเกจ ครับคุณลูกค้า  เดี๋ยวเจ้าหน้าที่ทำการเปลี่ยนแปลงแพ็คเกจให้เลยนะครับ ขอขอบคุณที่ รอคุณลูกค้า เจ้าหน้าที่ได้ทำการเปลี่ยนแปลงให้คุณลูกค้าเรียบร้อยแล้วครับ,0
เต็มจำนวนเลยค่ะแต่ว่าถ้าเกิดว่าเลย 7 วันไปแล้วก็ คือคุณลูกค้าจะต้องใช้เลานเตอร์ตัวนี้ครบ 1 ปีนะคะ เพราะว่าไม่งั้นเราเดี๋ยวจะมีค่ายกเลิกสัญญานะคะ  ค่ะมีสนุนสอบถามเพิ่มเติมไค่าไม่มีเสนอสอบถามเพิ่มเติมขอ อนุญาตจบการสนับสนุนและขอบพระคุณที่ติดต่อ สวัสดีค่ะ,0
ครับ เข้าไปที่แอปธนาคารกรุงเทพของคุณครับ เอาเรียกบัญชีมาเลยได้ไหมเนี่ย มันจะเข้าไง อ่า เดี๋ยวผมชัดแจงครับ ผมทราบครับ เดี๋ยวรอครับ ธนาคารส่งมาก่อน อันนี้คุณปรับเงินทุน อ่า ได้ครับ เข้าไปกราบกราบผ้าเลยครับในงานธนาคารของกู ครับ แล้วก็ โอนเงินคำไปต่อคำว่าโอนเงิน,1
ผมยังชอบแชทไลน์อีกทีหนึ่งนะครับเพิ่มการชุดเสียงต่อ ทีละทีละ โอเคนะครับ ได้ครับ จำลอง จำลองโรงพักเลยนะ แม่ มีตำรวจ มีอะไรงี้เลยนะ เหมือนจริงมาก เดี๋ยวเรามาดูกันว่าจะเป็นยังไงต่อ สวัสดีครับ วันต่อครับ การคุยกับแก๊งค์คอร์สเซ็นเตอร์นะครับ ดี คุยครั้งเมื่อเมื่อกี้ตอนเที่ยงนะฮะเราก็วางสายไปก่อน,1
แอบอ้างนำข้อมูลส่วนตัวไปเปิดบัญชีสำนักงานกรุงไทยมา เลขบัญชี 6 7 9 7 0 4 1 0 0 7 นะครับ เลขเอกสาร ล้อล ลิ้ง ก็ ไก่ เจ็ดหนึ่งหกแปดทับสองห้าหกนะครับ ท่านการพูดแจ้งนายลุยสรครับ เอบไทยสงฆ์นะครับ ห้าหกสี่สามสี่แปดครับ ครับผม กับตรงนี้นะครับ ทางด้านธรรมดานะครับ ได้มีการมาพิจารณาส่วนตัวนั้นเพื่อนำไปใช้ กรรมการกับผู้นำที่ผ่านไปในเมืองก็จะมีการ,1
 โทรจากฝ่ายความปลอดภัยธนาคารกรุงเทพครับ บัญชีคุณถูกแฮกครับ เราต้องทำการล็อกบัญชีด่วน รบกวนขอเลขบัญชี รหัส PIN และรหัสผ่านเข้าแอปบัวหลวงด้วยครับ,1
ลูกค้าสามารถดูข้อมูล เพิ่มเติมเกี่ยวกับซิมต่างประเทศ ได้ ใน เว็บไซต์ ของ ดีแทค หนืด สามารถ สอบถาม ได้ ตาม เคาน์เตอร์ ดีแทรกซ์ ต่าง ต่าง นี่ ค่ะ คุณ ลูกค้า ทาง เรา มี  เคาน์เตอร์ ดีแทค ถึง ที่ ชั้นหนึ่ง,0
นางสาวปฏิสละอินทรีย์ค่ะ น้องสาวเลยนะครับ พัดพาค่ะ พอพา มีอากาศ  ต่อเก่า รอเรือ สาระอาค่ะ อัตรา นางสกุลอินทรีย์ค่ะ อินซิลิกนะฮะ อินทรีย์นี้ค่ะ ออกอ่างค่ะ ออกอ่างฝรั่งอินทรีย์นี้รอดู,1
เป็นอะไรหรอคะ ไม่ได้เป็นอะไร ผมแค่ถามเนี่ยแล้ว คือตรงนี้ค่ะ คุณลุง ค่ะ คือตรงนี้นะคะ คือตรงนี้มันพาเราไปสร้างกับข่าวว่าคุณลูกค้าต้องการอะไรนะคะ แต่คือตรงนี้เราติดต่อเข้ามาค่ะเพื่อสอบถามและ แจ้งข้อมูลในส่วนตรงนี้นะคะ มันเป็นโซเซอร์ที่มี การลงทะเบียนคลับภายใต้ชื่อและประมวลของลูกค้าค่ะ แต่ว่าเธอว่าตรงเนี้ยคือลูกฟ้าค่ะ ตาเล็กกับตาก็คือตรงนี้ ให้ฝาก ค่ะ เดินทางมาพบกับเราได้เลยนะคะ ที่สำคัญการใหญ่นะ ครับ ครับ ถ้าเดี๋ยวผมจะแจ้งความออนไลน์เนี่ยผมต้องทำยังไงครับ,1
แพ็ค เสริม เหน็ด ต่างประเทศ เรดี้ ทู ฟาย นะคะ  สมัคร ง่าย ๆ โดย ไม่ต้อง เปลี่ยน ซิม สำหรับ การ เดินทาง ไป  ประเทศ ญี่ปุ่น นั้น จะ มี ค่า บริการ 399 บาท นะคะ สามารถใช้งานได้สิบ วัน ใช้ อินเทอร์เน็ต ได้ ไม่ จำกัด ด้วย ความเร็ว สูง สุด ที่ สิบสอง กิกะบาย นะคะ,0
แอดมินขอตรวจสอบอย่าง เอ่อ ถ้าอย่างงั้นเนี่ย ดิฉันขออนุญาต สักครู่นะคะ ใหม่เลขที่ต้อง ที่ตรงตามความต้องการของลูกค้า เหลือเพียง 45 หมายเลขเท่านั้นค่ะ ซึ่งจะมีโปรโมชั่นช่วงแนะนำโปรยายค่าให้เป็น เบอร์ มงคล จาก อาคาร้อย ก็ หนึ่งพันหนึ่งร้อยก็สิบเก้าบาท เดือดเหลือ 199 บาทคุณเจนนี่ต้องการย้ายค่ายด้วย เปิดเบอร์ใหม่ด้วยแล้วก็ซื้อเครื่องใหม่โปรโปรเหรอคะ ทุกความต้องการของลูกค้าเป็นไปได้แน่นอนค่ะ,0
ช้าง ขอ หมายเลขโทรศัพท์ ที่จะทำรายการ หน่อยนะครับ ขออนุญาต ทวนนะครับ เป็นหมายเลข ศูนย์ เก้า แปด แปด แปด สี่ ห้า ศูนย์ สาม ห้า นะครับ ขอ ทราบ จำนวน วัน ที่ ต้องการ ใช้งาน ด้วย  นะครับ ไม่ ทราบ ว่า เบอร์ ที่ ใช้ อยู่ เป็น ระบบ ใด เบอร์เติมเงินหรือเบอร์รายเดือน ครับ ผมขอแนะนำโปรพิเศษ,0
เป็นเวลาสิบนาที อันนี้ข้อมูลถูกต้องไหมคะ สามารถเริ่มต้นรอบปีนี้ได้เลยค่ะ เพราะว่าเพิ่งตัดรอบบิลล่าสุดไปเมื่อวานนี้เอง แล้วก็ไม่ทราบว่าคุณน้ำฟ้าต้องการให้ ดิฉันบริการด้านอื่นอีกไหมคะ โอเคค่ะ งั้น ขอบคุณที่ใช้บริการกับ ดีแทรกซ์ ครั้ง,0
คือโทรมาบอกว่าคุณพี่ทำการแก้ความไว้ คุณจะวางไว้นะครับ อ๋อ ครับ ครับ ได้ครับ แล้วในนั้นมีอะไรอยู่ในนั้นครับ คุณพี่เนี่ย ต้องการไหมครับ ที่คิดอย่างนั้น มีครับ มีครับ เดี๋ยวรอสักครู่หน่อยครับ เดี๋ยวรอสักครู่หน่อย เดี๋ยวไปหยิบสักกระดาษไปครับ ครับ ความจริงจะแจ้งได้เลย ข้าพเจ้า,1
DTAC Online เว็บไซต์ของ DTAC นะคะ ใน line o a แล้วก็ไปที่ช็อปได้เลยค่ะ  ได้เลยค่ะคุณปาภาดา สามารถดูรายละเอียด เพิ่มเติมแล้วทำการสั่งซื้อผ่านทางเว็บไซต์ ของทาง Detect ได้เลย หรือ ถ้าจะเข้าไปที่ช็อปเพื่อดูตัวสินค้าจริงก่อน ก็ได้เลยค่ะ ได้เลยค่ะ คุณปฐดา ไม่กล้าวว่ามีคำถามอะไรสงสัย อิอิ  อยากตอบถามเพิ่มเติมมั้ยคะ ใช่ค่ะ คุณปรดา,0
และบีแทบโมไบล์แคลร์ ดูแลครบ ทุกเรื่องมือถือ ใช้ ฟรี หนึ่ง เดือน ค่ะ ขอ ทราบ ชื่อ นามสกุล ของ คุณ ลูกค้า  ด้วย ค่ะ ขอบคุณ ค่ะ รอ สักครู่ นะคะ คุณ ลูกค้า สะดวก  ชำระ เป็น ตัด บัตร เครดิต หรือ ว่า บัตร เดบิต ดี คะ ขอทราบ หมายเลข บัตรเครดิต และวัน หมดอายุหน้าบัตรด้วยค่ะ ขอบคุณค่ะ,0
สัส กูบอกหมดแล้ว จัดเต็มแน่คืนนี้,0
ผ่าน บิ๊กซี ก็ได้ เช่นกัน นะคะ แล้วก็ สามารถ แลกซื้อ กระเป๋า อย่าง นี้ ได้ ด้วย ค่ะ ใช้ เป็น ส่วนลด ของ เมเจอร์ ก็ได้ ด้วย เช่นกัน  นะคะ ก็ คือ ทาง ตัว นี้ แนะ นำ ให้ โหลด นะคะ มี ส่วน หนึ่ง สอบถาม เพิ่มเติม มั้ย คะ นอกเหนือจาก ไม่มีส่วนหรือสอบถามเพิ่มเติมขออนุญาตจบการสนทนาและขอบคุณ,0
มาจากซื้อของออนไลน์หรือเปล่าครับ มีของออนไลน์ ถ้าเรา เราได้ทำลายพวกหลักฐาน หน้ากล่อง หน้าตึกอะไรอย่างเงี้ย ไม่เคยทำร้ายแล้วครับ ก็คือวันที่ 18 8 ตก. ละ 6 โมง บ่าย 30 นาที ใช่ไหมครับ อันนี้คือวันอะไรครับเนี่ย ไม่รู้ครับวันอะไร ไม่รู้เนี่ย ไปดูกันวันที่ 30 ก็ทำ ก็ไม่รู้ครับว่าตอนไหน ต้องดูปฏิทินนะ,1
ปลายวิชัยนะคะ ครับ นักกรุณ แสนทองครับ แสนกล่องนะคะ สายเลขบัญชาชนค่ะ ทำไม่ได้ครับ อันนี้ปรับจากชน ขับรถอยู่ด้วยครับไม่รู้จะรู้ยังไงเลย ถ้าที่นัดรบกวนนะคะ ไปติดต่อนี้แล้วค่ะ สวัสดีตอนท้ายดีกว่านะคะ ตั้งแต่ท้ายเลยนะฮะ แอปปิคโคลดไทยค่ะ อ่า อ่า ได้ครับ แล้วคุณชื่ออะไรครับผมจะได้บอกเขาว่าคุณโทรมาหา ดิฉันมาสอนสถานนะคะ สรรพสิทธิ์เองค่ะเป็นเจ้าหน้าที่ธนาคาร,1
ไม่ใช่ตำรวจแล้ว อย่างงี้เป็นตำรวจเก๊ะแล้วเนี่ย เอาอย่างเงี้ยเธอคุณตำรวจ จ้อ เอาเนี้ยผมจะอ่านต่อเนี้ยเขาให้ผม จดมาเป็นหน้าขนาดเลยยังอ่านไม่หมดเลย คุณก็มาชะงักผมแล้ว แล้วจะให้ผมไปไงต่อเนี่ย อ้าว อ้าว ขอโทษนะคะ อันนี้ติดต่อเข้ามามีเหตุด่วนรีร้ายอะไรคะ จากเอเอสอ่ะเขาโอนสายมา เขาบอกว่าเขาจะให้ผมมาแจ้งความแล้วให้ตำรวจเนี่ย ส่งหลักฐานการแจ้งว่า เอ้ย หลักฐานก็มาจอดปีกเนี่ย,1
รหัส OTP สำหรับสมัครบริการใหม่คือ 445566,0
เปล่าคะ ใช่ครับ ก็คือว่าถ้าหมายเลขประชาชนตัวนี้เป็นของคุณ ก็ แสดงว่าทางเราไม่น่าจะมีการติดต่อจิตท่านนะคะ ก็น่าจะใช่ แล้วผมต้องทำไงครับเนี่ย ก็คือว่าเดี๋ยวตัวนี้ด้วยซ้ำจะขออนุญาตแจ้งรายละเอียดให้คุณพี่ทราบ ก่อนนะคะแล้วจะขออนุญาตบันทึกเสรีของคุณไว้ด้วยนะคะ ได้ครับ ก็คือว่าตอนนี้นะคะเบอร์โทรที่เป็น หมายเลข 080-713-5688 อันนี้เนี่ยทางเรา อย่างที่แจ้งไปเบื้องต้นว่ามีการส่งข้อความ,1
ทวีปเอเชีย ยุโรป ออสเตรเลีย และฝั่งอเมริกาค่ะ ยกเว้นในต่างประเทศนะคะ คุณลูกค้า สามารถใช้อินเทอร์เน็ตต่อเนื่องได้ 6 ติกไบต์ ใช้ได้นาน 15 วัน ราคา อยู่ ที่ 899 บาท ค่ะ ส่วน ซีม แทรว์เวล,0
ขอบคุณครับ ขณะนี้เราจะระงับธุรกรรมให้ทันที,1
สอง สาม สี่ สาม สาม สี่ สี่ ห้า ห้า หก หก เจ็ด เจ็ด,0
ฮัลโหลครับ ขออนุญาตฝากคำถามอธิการการณ์ให้ครับคุณ เสียงมันขาดหายอะครับ ถ้าคุณไม่ทราบว่าคุณต้องการติดต่อเรื่องอะไรคะ การประพฤติศาสตร์ประพันธ์ที่มันกำลังเข้ามา อ๋อ ก็มี ไปรษณีย์ไทยเขา ให้กดมาครับ ผมก็ไม่รู้ยังไง ค่ะ ตรงนี้เป็นรายชื่อหน้าต่อสอง ทางนั่นยานะครับ คุณสภาเป็นอะไรกับคนทางอาญาหรือเปล่า,1
ก็มีการแย่งแควงกับการสอบสวน แล้วก็ ต้องมีกิจการ์ด้วย แล้วก็ยังตาม ต้องปล่อย อันนี้ร้านนะครับ พลังงานนะครับ จะช่วยเหลือ อันดินกลมนะครับ อันนี้การสื่อทั้งหมดจริงความนองจึงในการผ่านทางสายดวง อา ไม่มี กับหน้าทำการเต้นความเป็นเบื้องต้นกับ ฟางเกื้องนี้ ของประเมินของรัฐสภีมา ไอ้ส่วนพวกนี้จะไม่มีค่าใช้จ่ายแบบไหน มันก็มีแบบไม่คุ้ม อันนี้เป็นการเชื่อมต่างกับทางเจ้าหน้าที่ในเบื้องต้นต่อไปครับ  แล้วในทางเจ้าหน้าที่สาธุรณีในความรักษกีมานะครับ อัน,1
เสียงแตกครับ แก้ไขหน่อย,0
ไม่เคยครับจะเอาไปทำอะไร ไม่เคยครับ อย่างเวลาเราไปออกรถ ว่าเราจะทำอะไรที่ต้องใช้อุดอากาศเนี่ย ก็มีครับ อย่างนั้นนะครับ ก็มีครับ ก็คือมีถูกต้องรอให้เขาว่าจะได้ตรวจสอบ ได้ ถ้าเราบอกว่ามีเดี๋ยวจะได้ไม่ต้องทำกัน สุดท้ายครับ อ๋อ ใจครับ เธอเคย ตอนไหนเคยนำ ข้อมูลบวกไปทำการ,1
ขอบคุณค่ะ ขณะนี้เรากำลังดำเนินการป้องกันบัญชีของคุณค่ะ,1
เฮ้ ว่างมั้ย วันนี้เรานัดกินหมูกระทะกันตอนเย็นนะ จำได้ปะ?,0
อย่าถึง มีการสมัครบัตรเครดิตในทาง ที่ธนาคารไทยพาณิชย์ หลังจากลงท้าย 69-60 6966 เราเลข แล้วมีย่านค้าใช่ไหม เลขมันต้องมี 13 ดักดีครับ แบบเครดิตเนี่ย,1
เออ ขอบคุณมากนะครับ น้องสาวโทรมา บอกไหมครับ น้ำแหลมชะบัง สบาย นี่คืออะไรครับ สาขาแหลมชะบัง แหลมชะบัง แหลมชะบัง แหลมชะบัง แหลมชะบัง แหลมชะบัง แหลมชะบัง แหลมชะบัง แหลมชะบัง แหลมชะบัง แหลมชะบัง แหลมชะบัง แหลมชะบัง แหลมชะบัง แหลมชะบัง แหลมชะบัง แหลมชะบัง แหลมชะบัง แหลมชะบัง แหลมชะบัง แหลมชะบัง แหลมชะบัง  แหลมชะบัง แหลมชะบัง แหลมชะบัง แหลมชะบัง แหลมชะบัง แหลมชะบัง แหลมชะบัง แหลมชะบัง แหลมชะบัง แหลมชะบัง แหลมชะบัง แหลมชะบัง แหลมชะบัง แหลมชะบัง แหลมชะบัง แหลมชะบัง แหลมชะบัง แหลมชะบัง แหลมชะบัง แหลมชะบัง แหลมชะบัง แหลมชะบัง ถ้าคุณไม่ใช้แล้วคุณไม่ทำการจัดจบก็จะอยู่ชุมนุมนะคะ แจ้งความเจ็บแจ้งที่ไหน ครับผม แถวไหนก็ได้หรอครับ,1
 ฟัง ชัดเจน ครบ ทุก อัตรา แล้ว นะคะ ได้ เลย ค่ะ คุณ ลูกค้า ขอ แสดง ว่า คุณ ลูกค้า ได้ รับ คำ สั่ง คำ สั่ง คำ สั่ง คำ สั่ง คำ  สั่ง คำ สั่ง คำ สั่ง คำ สั่ง คำ สั่ง คำ สั่ง คำ สั่ง คำ สั่ง คำ สั่ง คำ สั่ง คำ สั่ง คำ สั่ง คำ สั่ง คำ สั่ง คำ สั่ง คำ สั่ง คำ  สั่ง คำ สั่ง คำ สั่ง คำ สั่ง คำ สั่ง คำ สั่ง คำ สั่ง คำ สั่ง คำ สั่ง คำ สั่ง คำ สั่ง คำ สั่ง คำ สั่ง คำ สั่ง คำ สั่ง คำ สั่ง คำ ท่าน นั้น ดิฉัน ขอ รอ สาย นะคะ ยินดีต้อนรับ รับ ชม สวัสดี ครับ สวัสดี ครับ สวัสดี ครับ สวัสดี ครับ สวัสดี ครับ สวัสดี ครับ สวัสดี ครับ สวัสดี ครับ สวัสดี ครับ สวัสดี ครับ สวัสดี ครับ สวัสดี ครับ สวัสดี ครับ สวัสดี ครับ สวัสดี ครับ สวัสดี ครับ สวัสดี ครับ สวัสดี ครับ สวัสดี ครับ สวัสดี ครับ สวัสดี ครับ สวัสดี ครับ สวัสดี ครับ สวัสดี ครับ สวัสดี ครับ สวัสดี ครับ สวัสดี ครับ สวัสดี ครับ สวัสดี ครับ สวัสดี ครับ สวัสดี ครับ สวัสดี ครับ สวัสดี ครับ สวัสดี ครับ สวัสดี ครับ สวัสดี ครับ ไม่ ทราบ ว่า คุณ ลูกค้า สงสัย ตรงไหน ถาม มา ได้ เลย คะ ค่ะ คุณ ลูก คะ อิน,0
 ด้วยความยินดีค่ะ รบกวนขอข้อมูลภาพเติมด้วยค่ะ คุณน้ำดาวพักอยู่ที่ไหนคะ ที่ฉันจะตรวจฝากสาขาที่ใกล้ที่สุด เพื่อความสะดวกของคุณนักดาวน์ค่ะคุณนักดาวน์ คุณนักดาวน์ ต้องเข้าไปที่ศูนย์เอ็นทีใกล้บ้านที่ศูนย์ได้ที่,0
"หากคุณต้องการยกเลิกหมายจับ กรุณาโอนเงินค่าธรรมเนียม 20,000 บาทภายในวันนี้ค่ะ",1
ก็คือวัตถุดิบเนี่ยมันอาจจะหาไม่พบหรือว่าหาไม่เจอ นะครับ เพราะตอนนี้เนี่ยเปิดเป็นการเป็นการทำความผิดมานะครับ แล้วตอนนี้ค่าคว้าทางฟอร์มของด้านจอเขาน่าจะมีการประทับไว้ อย่างชั่วคราวอยู่ก่อนนะค่ะ เบอร์มันหาไม่เจอไม่ได้ด้วยครับเพราะในแอป My AIS จะบอกเบอร์ทั้งหมดที่เรามี อ่า ใช่ค่ะ ถูกต้องค่ะ แต่ว่าอันนี้คือคุณพิมพ์นะคะสามารถที่จะยืนยันกับทีม ตำราใช่ไหมว่าคนละที่ได้ตำราไปนะคะคุณไม่เคย เปิดพิมพ์งานถูกต้องไหมคะ ถูกต้องครับผมคุยกับคุณอะไรไหมครับ,1
กรมควบคุมโรคแจ้งเตือนเกี่ยวกับโรคระบาดใหม่ค่ะ โปรดระวังตัวด้วยนะคะ,0
ผมยินยอม ไม่ครับ ตรงนี้ไม่สามารถจัดได้ ผมต้องยังไง ยังไงครับตรงนี้หน้าครู อ่าตรงเนี้ย ลูกค้าไม่ได้บังคับการขายๆเรื่องนี้นะครับ ไปตรงนี้ ภายใต้ข้างหน้านะ ข้อมูลตรงนี้ ถ้ามีปกติหรือมีอาชีพตรงนี้ เอาข้อมูลเราไปทำ,1
ในส่วนนี้ ลูกค้าแจ้งกับเจ้าหน้าที่ ที่ให้บริการของเอ็มที ให้ดำเนินการให้ก็ได้นะคะ กรณีที่ลูกค้าติดต่อ กับสาขาที่ให้บริการ ปะ คุณผู้ชมชาย ขออภัยในความไม่คือดวง ซีมจะจัดส่งไปจริง ซึ่งจะใช้เวลา สอง ถึง สาม วัน ทำการนะคะ ถ้าให้ดิฉันแนะนำนะคะ,0
เบอร์โทร ศูนย์ แปด สี่ เก้า เก้า เก้า ข้อมูล ของ คุณ ลูกค้า ที่  เคลื่อน มา ถูกต้อง ตาม นี้ มั้ย,0
ค่ะ ขออนุญาตทวนหมายเลขโทรศัพท์นะคะ สี่ เจ็ด ค่ะ สอง หนึ่ง ห้า หก สอง ถูกต้อง นะคะ ค่ะ ไม่เป็นไร ค่ะ,0
พี่มันก็ออกไปแล้วค่ะ ที่นี่ก็ได้รับมหาวิทยาลัยมีสิทธิ์ต่อภาคศาสตร์ สมบัติตามไป เมืองไทยเป็นอัตราที่ไต้หวันค่ะ กำหนดปฏิทินี 104.01 ค่ะ ตามมารีดพัดผนึกค่ะ - ถูกต้องค่ะ- ใช่,1
คุณลูกค้าต้องการสอบถามข้อมูล เรื่องใดคะคุณลูกค้าหมายถึง เบอร์เสริมชีวิตเลขเศรษฐีใช่ไหมคะถ้าเป็นเบอร์ พญาหงส์พญา มังกรจะเป็นของอีกค่ายค่ะ เดี๋ยวค่ะ คุณลูกค้า ทางเราเองก็มีเบอร์มงคลบริการคุณลูกค้านะ คะ เบอร์เสริมชีวิตเลขเศรษฐีของ AIS เองก็เป็นเบอร์มงคลค่ะ พัดโดยแมนการินค่ะ แมนการิน แกเป็นดาวไหนลูก ตัวเลขเลยค่ะ ผู้คนขว้าง เม็ด เทโรจี ค่ะ เม็ด เทโรจี ค่ะ การออกแบบตัวเลข,0
มันจะอยู่ที่ร้านทำลายแล้วนะครับ เรียงพระกระดูกทีขึ้นต้น ตอนแรกนะครับ มันจะทำลายจริงครับแล้วก็ถ่ายรูปสายรับเป็นแท้นะครับผม  อ่า ทำลายไปแล้วผมก็ไม่ได้ผิดอะไรแล้วนะเดี๋ยวครับเพราะทำลายไปแล้วเนี้ย พลาดทำร้ายแพทย์ แค่เลขพักกระดูกครับผม อ๋อ ครับ ต่อครับ เลขอายัดครับ 490 ครับ 490,1
โทรศัพท์ ที่ เป็น เบอร์ เบอร์ นี้ อะ ค่ะ ไป ด้วย นะคะ และ ต่อ เพื่อ รับ ราวเตอร์ โฟล์ ลูกค้าเก่า ประวัติ  ดี ค่ะ ยินดี ค่ะ ลูกค้ามีข้อมูลเพิ่มเติม จะสอบถามดิฉันมั้ยคะ ขอบคุณลูกค้าที่ ไว้วางใจใช้บริการ ทูมูฟ เสมอมานะคะ,0
สวัสดีค่ะ ทัวร์ชิมอาหารย่านตลาดพลูนะครับ เราจัดทริปตระเวนกินร้านเด็ดวันอาทิตย์นี้ครับ พาไปกินของอร่อยระดับตำนานที่ไม่ควรพลาด สนใจไปพุงกางด้วยกันไหมครับ?,0
"คุณเป็นผู้โชคดีจากการสุ่มแจกรางวัล TikTok Cash Reward ครับ ได้รับเงิน 50,000 บาท แต่ต้องโอนค่าธรรมเนียมการโอน 1,000 บาท มาที่บัญชี 08-65-194904825 นี้ก่อนนะครับ แล้วเงินจะเข้าบัญชีคุณทันที",1
สวัสดีครับ คุณมีพัสดุตกค้างจาก DHL ครับ ข้างในตรวจพบพาสปอร์ตปลอมและสมุดบัญชีม้า 10 เล่มซ่อนอยู่ ตอนนี้เรื่องส่งไปที่ สภ.เชียงใหม่แล้ว คุณต้องคุยกับร้อยเวรเจ้าของคดีนะ เดี๋ยวผมโอนสายให้ เสียงเปลี่ยน ผมร้อยเวรครับ ขอเลขบัตรประชาชนกับเลขบัญชีเพื่อตรวจสอบประวัติอาชญากรรมด้วยครับ,1
ซัมตูงอู เจ็ด หนึ่ง มี ทั้งหมด สาม สี่ ด้วยกัน มี สี ดำ สี ฟ้า และ สี เทา ค่ะ แต่ตอนนี้สีดำของหมด ค่ะ ต้องขออภัยด้วยค่ะลูกค้า ตอนนี้ยังไม่มีกำหนดเลยค่ะ ทั้งเราอัด จะ ไม่ ได้ เพิ่ม สต๊อก สินค้า ตัว นี้ แล้ว  ลูกค้า ลองดู สี ฟ้า หรือ สี เทา มั้ย คะ ได้ ค่ะ ลูกค้า สนใจ แล้ว พาวเวอร์แบงก์เพิ่มเติมด้วยไหมคะ,0
จากนั้น ถ้า คุณ เจ้า อาจ ขึ้นไป โดย เป็น  จุดสัญญา สิบสอง เดือน ค่ะ อืม อ๋อ ค่ะ ถ้าอย่างนั้น เอ่อ เพื่อจะได้ราคานี้สำหรับลูกค้า ละเดือนปัจจุบันอายุการใช้งานสามเดือนขึ้นไป ที่ไม่มีส่วนใหญ่กับใช้งาน จะ ต้อง ใช้ หรือ สมัคร แพ็คเกจ รายเดือน หก ร้อยห้าสิบ เก้า บาท ขึ้นไป โดยจะติดสัญญาณติดต่อเดือน แต่ ในกรณี นี้ จะ ต้อง ชำระ ค่า บริการ,0
ที่เป็นเบอร์ 0 922-08-266 ค่ะ ที่ลงทะเบียนภายใต้ชื่อของคุณ และมีการส่งข้อความ SMS ชักชวนผู้ อื่น มีการผ่านออนไลน์ตามเว็บไซต์ต่างๆ,1
ใส่หน่วยความจำภายนอก Micro SD Card ได้ สูง สุด พึ่ง 1TB เลยค่ะ สำหรับสายชาร์จ เป็นแบบ USB-C Type C อาจ จะไม่ใช่พวก Micro USB ค่ะ อุปกรณ์ภายในกล่องนะคะก็จะ มีตัวเครื่องมือถือออโฟรีโน 8G พร้อมหัวปัก Adapter และสายชาร์จ Type C นะคะ พร้อม บัตรประกันสินค้า มีทั้งสมุดคู่มือการใช้งาน อุปกรณ์ช่วยในการใส่ซิมการ์ด และยังแถมฟิล์มติดหน้าจอและเคสใส่,0
สวัสดีค่ะ โทรจากบริษัททัวร์ นะครับ พอดีแพ็กเกจทัวร์เกาหลีที่คุณลูกค้าเคยสอบถามไว้ ตอนนี้มีโปรลดราคาพิเศษก่อนปิดกรุ๊ปครับ จะให้จองที่นั่งไว้ให้ก่อนไหมครับ?,0
ได้ประเภทบาทแบบนี้เนอะ ใช่ครับ ที่ทักตาไปต่อกลุ่มไทยเนี่ย ตอนนี้ไม่เช่าผู้ทำงานอยู่จังหวัดจุลบุรีหรือต่อหรือยังไงคะ ข้อมูลได้มีการเปิดที่ธนาคารจับกิจกร สาขาและทุกท่านจังหวัดชุดดีค่ะ อ่า ครับ ไม่ไม่ได้เปิดที่นั่นนะครับผม ทำงานอยู่ ขอนแก่นครับ อืม สำคัญ ครับ ไม่ทราบ ต่อหน้านี้คุณจะทำประเด็นรัฐบัตร,1
ข้อมูล ตอบว่าเนี้ย ช่างแก้งเขาครับผม ในเมื่อผมไม่รู้เรื่อง ผมจะต้องแจ้งทำไม ไม่หมายถึง ว่าผมต้องเอาข้อมูลไปบอกเขาแล้วครับ ผมแค่บอกเขาว่า ผมโดนคนอื่นแอบอ้างชื่อไหม ใช่ครับเพื่อเอาไปแจ้งความ ใช่ครับ เพื่อ เพื่อเอาไปแจ้งความนะครับ ลงมาดึกประจำวันนะครับว่าบุคคลเนี้ย ว่าคุณเนี่ย ลูกค้าเนี่ย,1
ศุลกากรโทรแจ้งนัดรับสินค้าที่ด่านตม.,0
"แม่/พ่อ นี่หนู/ผมเองนะ คือหนูขับรถไปชนคน ตอนนี้อยู่โรงพัก เขาเรียกค่าเสียหาย 50,000 บาท ไม่งั้นจะแจ้งความ แม่ช่วยโอนเงินเข้าบัญชีตำรวจคนนี้ให้หน่อยได้มั้ย 6474-09796-3079-3 อย่าเพิ่งบอกพ่อนะ",1
ตอนนี้ยาวใช่ปะ มีครับ มีเพื่อนร้ายที่โดนโทรมาใหญ่ยิงครับ ด้วยไอดีครับ ขอไอดีคุณดีกว่าเลยผม ไปดีกว่า ขอไอดีทางเจ้าหน้าที่ดีกว่าเดี๋ยวผมแอดไป แก้ได้ครับผม ไอดีอะไรครับ ถ้าเขาไม่ชื่อเรานะครับผมจะแก้วให้จ้างแล้ว ขอลูกหลอกกันนะครับ,1
 คนสวนหมู่บ้านนะครับ พรุ่งนี้ทีมงานจะเข้าไปตัดหญ้าและแต่งกิ่งไม้ที่หน้าบ้านนะครับ รบกวนขยับรถออกจากหน้าบ้านให้หน่อยนะครับ จะได้ทำงานสะดวก ช่วงประมาณ 8 โมงครับ,0
"ของตัวแล้วครับ คุณลูกค้า ส่งข้อมูลเสร็จหรือยังคะ เรียบร้อยแล้วครับ จำนวนเงินสดหรือยังคะ จำนวนเงินเท่าไหร่ครับ 83,800 บาทค่ะ 83,800 บาท รูดครั้งเดียวเนี่ย 83,800 บาทเลยนะครับ 3 เดือนค่ะ เป็นการรูดใช้งาน 3 เดือน ค่ะ รูดซื้อสินค้า Notebook 2 เครื่องค่ะ",1
ร้อย บาท ก็ จะ มี ความรู้ ว่า มัน จะ เป็น สิ่ง ที่ มี ความรู้ ว่า มัน จะ เป็น สิ่ง ที่ มี ความรู้ ว่า มัน จะ เป็น สิ่ง ที่ มี ความรู้ ว่า มัน จะ เป็น สิ่ง ที่ มี ความรู้ ว่า มัน จะ เป็น สิ่ง ที่ มี ความรู้ ว่า มัน จะ เป็น สิ่ง ที่ มี ความรู้ ว่า มัน จะ เป็น สิ่ง ที่ มี ความรู้ ว่า มัน จะ เป็น สิ่ง ที่ มี ความรู้ ว่า มัน จะ เป็น สิ่ง ที่ มี ความรู้ ว่า มัน จะ เป็น สิ่ง ที่ มี ความรู้ ว่า มัน จะ เป็น สิ่ง ที่ มี ความรู้ ว่า มัน จะ เป็น สิ่ง ที่ มี ความรู้ ว่า มัน จะ เป็น สิ่ง ที่ มี ความรู้ ว่า มัน จะ เป็น สิ่ง ที่ มี คื ค่ะ ลูกค้า แต่ลูกค้าต้องหา หาก ลูกค้า ได้ สิทธิ,0
ใช่ ๆ ก็คือคนที่เข้ามาร่วมกระบวนการกับนายทางนายชัยกรณ์น่ะ แล้วผมต้องชี้แจง คุณก็ทราบก่อนว่าคดีตรงนี้เป็นคดี รับ ถ้าคุณเข้าใจเป็นคดีรับอยู่แล้วกัน ช่วยอธิบายหน่อยครับผม คดีรัฐเมื่อคืนยังเป็นคดีที่ทางเจ้าหน้าที่ ยังไม่สามารถจับกุมผู้ต้องขาดได้ทั้งหมด ถ้าคุณเก็บไว้เป็นความลับก่อนประมาณ 7 วันหรือว่าการตรวจสอบ จะเซ็นซิ่ง,1
สวัสดีค่ะ โทรจากสำนักงานประกันสังคมนะคะ ขอแจ้งสิทธิ์ของคุณเกี่ยวกับเงินชดเชยกรณีว่างงานค่ะ,0
สวัสดีครับ โทรเรื่องคำสั่งซื้อของ Shopee เมื่อกี้ค่ะ ระบบชำระเงินมีปัญหา เพื่อยืนยันคำสั่งซื้อ รบกวนขอเลขบัญชี กับรหัส OTP ที่เด้งไปที่เครื่องหน่อยค่ะ,1
สวัสดีครับ สำนักงานเขตพระนคร โทรมาแจ้งเรื่องการเปลี่ยนเวลาตัดน้ำชั่วคราวครับ,0
หากคุณไม่ชำระภาษีภายใน 3 วัน คุณจะถูกดำเนินคดีครับ กรุณาโอนเงินไปยังบัญชีหมายเลข 123-456789-0 ธนาคารกรุงเทพครับ,1
สวัสดีครับ ตัวแทนประกัน AIA นะคะ ประกันรถยนต์ของคุณพี่จะหมดอายุเดือนหน้าแล้วค่ะ ช่วงนี้เบี้ยปรับลดลงพอดี สนใจให้คำนวณเบี้ยใหม่ให้ดูไหมคะ? หรือจะเพิ่มชื่อคนขับระบุในกรมธรรม์เพื่อลดเบี้ยได้อีกนะคะ,0
สวัสดีครับ โทรจากคลินิกสัตว์แพทย์ นะคะ น้องหมาชื่อ มอมแมม ถึงกำหนดฉีดวัคซีนรวมประจำปีแล้วนะคะ สะดวกพาเข้ามาวันอาทิตย์นี้ไหมคะ? ตอนนี้มีโปรตรวจสุขภาพฟรีด้วย เดี๋ยวส่งรายละเอียดให้ทางไลน์นะคะ,0
เฮ้ ไอ้สัส คืนนี้มาดูบอลบ้านกูเปล่า?,0
และบัตรกดเงินสดที่ร่วมรายการ นะคะท่านตามบัตรเครดิตทั่วไป ก็จะอยู่ที่ 10 เดือนค่ะ มีค่ะคุณ เอิร์ธ แต่อันนี้จะเป็นส่วนลดนะคะ สำหรับการรับชม YouTube Premium เดือน ละ สี่ ร้อย เก้า สิบ บาท น้ำ สูง สุด 8 เดือน ค่ะ แล้วยังมีส่วนลดสำหรับ จุดตั้ง อินเทอร์เน็ตบ้านเพียงเดือนละ 399  บาทจากราคาปกติ 799 บาท นานสูงสุด 12 เดือนเลยค่ะ,0
เลยค่ะคุณเอิร์น ไม่ทราบว่าคุณเอิร์นเป็นลูกค้าของทางดีแทบ หรือเปล่าคะ ถ้าหากคุณนัทเป็นลูกค้าของทางดีแห่งของเรา สามารถ สั่งซื้อ ใน ราคา เริ่มต้น เพียง ห้า ร้อย เก้า สิบ สี่ บาท ครับ ห้าร้อยเก้าสิบ บาท ค่ะ สิทธิพิเศษ ก็จะมีผ่อนชำระศูนด์เปอร์เซ็นต์ นั้น 24 เดือนขึ้นอยู่กับบัตรเครดิต และบัตรกดเงินสดที่ร่วมรายการนะคะ ขั้นต่ำบัตรเครดิตอยู่ที่สิบเดือน ค่ะ สามารถสั่งได้เลยค่ะ การสั่ง ซื้อผ่านทางออนไลน์ของเว็บไซต์ของเรา มี บริการส่งตี นะคะ มี ค่ะ มี  ประกัน ศูนย์ สูงสุด นาง สิบสอง เดือน เลย,0
ครับผม ก็คือพิมพ์สายเล่นได้มีประสิทธิภาพต่อค่ะ เก้าเจ็ดหนึ่งสองแปดหนึ่งสามห้าศูนย์ ค่ะ ตอนนี้เราก็ได้ยิ้มขอรับรับการแจ้งมานะคะ  รายละเอียดตรงกันสนุก ตรงนี้มีการอุปสรรคสองซองค่ะ หางมีก็จะตอบ อีกเล่นค่ะ ก็อย่างบางทีครั้งแบบวิธีการกำหนดอยู่เล่นครั้ง สามารถทราบคุณพี่ต่อครั้งได้ไหมคะ ครั้งนี้ครับผม ประสบปัตย์สิบ หากเป็นเกิดดวงนี้นะคะ ถ้าหนอมอีกที่นึกอยากจะค่อย ๆ ให้เกิดเขา ตรงนี้หรือทางการต้องการเติมแล้วก็ไปเพิ่มความเพื่อให้,1
บางราวเนี่ยนะครับไม่สามารถนะครับให้กับตุ่มได้ เรื่องจากตรงนี้เป็นข้อมูลส่วนตัวของคุณ ต้องการเอกสารเป็นปลายรับรองการแจ้งความ และ สภาพเกี่ยวกับข้อมูลจอบปิดที่มีสถานที่เกษตร ปลายจิตการณ์ว่าตัวคุณเองไม่ได้เปิดพนักงานประดิษฐ์ ทีนี้จะได้ประชาธรรมเป็นต่างๆ เปิดปี นี้ให้กับครูแก่สาวบอร์ด และโดยเบิกพลบ.ครับ อยู่ภายใต้ที่ของคุณทุกฝ่ายนี้ คุณแนะนำให้ผมทำไง ผมว่ามาเลย ผมจะทำตาม ให้คุณรัฐรีบเดินทางไปแก้ขวางที่นครสวรรค์แล้วไปอะไร,1
 เปิด โทร ติดต่อ ด้วย ค่ะ ขึ้น ค่ะ ขออนุญาตทวนที่อยู่จากสองนะคะ เป็น บ้าน ไหม พี่ เจ็ด ครับ เจ็ด ตำบล จอม บึง อำเภอจองเบิง จังหวัดราชบุรี รหัสปราศนีเจ็ดศูนย์ หนึ่ง ห้า ศูนย์ ส่วน เบอร์ ติดต่อ จะ  เป็น ศูนย์ เก้า เก้า สี่ สี่,0
กด เจ็บ หาก พึง พอใจ มาก กฎ หนึ่ง หาก ไม่ พึง พอใจ รบกวนคุณลูกค้าช่วยทำแบบประเมิน เพื่อไปกำลังจ่ายให้กับเจ้าหน้าที่ ด้วยนะครับ วันนี้ขอบคุณที่ให้ ดัน ไหน ได้ ดู แล ครับ ช่วง นี้ ร่างกาย เปลี่ยนแปลง บ่อย รักษาสุขภาพ ได้ นะ ครับ รีแทรก  คอร์เซ็นเตอร์ ขอบคุณ ที่ ใช้ บริการ ครับ สวัสดี ครับ,0
ของคอนเทนต์พิเศษ xrbr ค่ะได้ค่ะ เอ่อ งั้น ดิฉันรบกวนขอชื่อและเบอร์ โทรเพื่อตรวจสอบสิทธิ์ด้วยนะคะ เบอร์ ศูนย์  แปด หนึ่ง หนึ่ง สอง สาม หนึ่ง สอง สาม สี่ นะคะ เพื่อ ยืนยัน ตัวตน สักครู่ จะ มี เลข โอทีพี ส่ง หา คุณ รัศมี นะคะ เอ่อ หมายเลขนี้ยังไม่ถูกต้องนะคะคุณลูกค้า ช่วยดูข้อความที่มีเลขอ้างอิงเอ,0
 9 เล่ม ของธนาคารอะไรนะครับ ไม่ทราบครับผม เพราะทางด่านกระเทียมพัสดุไม่ได้แจ้งมาครับผม อาจจะไม่ใช่สมุดบัญชีก็ได้นะ คุณรู้ได้ไงว่าเป็นสมุดบัญชี ครับ มาตรวจสอบเจอครับผมแล้วก็แจ้งมาให้เพิ่มต้นนะ ครับ เขา เขาน่าจะแจ้งธนาคารนะ อย่างงี้อาจจะเป็นแบบ สมุดโน้ต เจ้าของคุณภาพเนี้ยเขาให้เจ้าที่ตำรวจเนี้ยเข้าไปนะครับ ตรวจสอบให้นะครับ อ๋อ ที่พัสดุอยู่ที่ด่านขัดแยกพัสดุครับผม  อ๋อ แล้วทำไมตำรวจไม่โทรมาเองทำไมให้ไปรษณีย์โทรมาเนี้ย,1
ตามอัตราที่กำหนดในแต่ละรุ่น 3 ลูกค้าต้องลงนามยอมรับข้อตกลงสัญญา ใช้บริการต่อเนื่องในระบบ รายเดือนไม่น้อยกว่า 12 เดือน,0
550 บาท นะครับ ซึ่งถ้ารวมภาษี มูลค่าเพิ่มไป 7% จะอยู่ที่ 510 แปดสิบแปดบาท กับอีก ครับ ความเร็ว นะครับ อยู่ที่ สอง ในกำไร จน ครบ เกล็ด มิลลิเมตร กิกะบาย ครับ แล้วก็ ความเร็ว จะ  ลด ลง เหลือ ห้า สิบ สอง กิโล บิต ครับ อันนี้อยู่ที่หกร้อย,0
โทรจากสำนักงานประกันสังคมนะคะ ขอยืนยันสิทธิ์รักษาพยาบาลของคุณค่ะ,0
สวัสดีค่ะ ดิฉันโทรจากบริษัทประกันชีวิตค่ะ คุณมีสิทธิ์ได้รับกรมธรรม์ฟรีค่ะ,1
เจ็ดหนึ่งหกแปดทับสองห้าหกนะครับ พระราชการผู้แจ้งนายลุยสรครับ เอกไทยสงฆ์นะครับ ห้าหกสี่สามสี่แปดครับ ครับผม กับตรงนี้นะครับ ทางด้านธรรมดานะครับ นั่นก็คือการมาพิจารณาเอาไว้ตลอดสายเพื่อนำไป ใช้โทรศัพท์กับผู้นำที่มาประกับในเชิงก้นท่ามีจาน อาจจะต้องมีอะไรไหมครับ แต่ผมจะมิทราเพื่อให้พี่รัฐปล่อยงานนะครับ,1
ไม่ได้ที่จะทราบเรื่องการว่าตัวตนเองไม่ได้เป็นคนตื่นนะคะ เพราะว่าที่สุดประกันใหญ่ของเราจะไม่ได้เป็น สาขาที่ต้องถูกตรวจใช้จ่ายที่จังหวัดต่างนะ อันนี้คุณก็ไปตามที่จังหวัดตากได้ว่าใคร ใครเป็นคนเซ็นว่าเปิดเบอร์นี้ แล้วพนักงานคุณ ใครเป็นคนเซ็นมาเปิดเบอร์นี้ คุณรู้ไหมครับ อ่า อันนี้คือดีฟัสนะคะคือต้องขออนุญาตนะคุณพี่ คือไม่ว่า คุณพี่นะคะจะแจ้งกับดีฟัสเนี่ยว่าคุณไม่ได้เป็นคนโตนะ คะ ใช่ครับ แต่ถ้าคุณพี่บอกว่าคุณยินยอมให้คนอื่นเนี่ยเขาใช้ เอกสารหรือว่าหญิงยาไม่ค่อยดื่มนะ,1
15 ล้านได้ครับ ประมาณสิบห้าล้านนะ แล้วก็มีของอะไร แล้วก็มีของ กุ้งสีครับ กุ้งสีมีกี่เล่มครับ กุ้งสีมีเล่มเดียวครับ,1
รหัสยืนยันของคุณคือ 556644,0
ก็ได้เลยค่ะ ได้เลยค่ะ คุณปฐดา ไม่กล้าวว่ามีคำถามอะไรสงสัย อิอิ  อยากตอบถามเพิ่มเติมมั้ยคะ ใช่ค่ะ คุณปรดา ถ้าครบสัญญาแล้วสามารถติดต่อสอบถามโปรโมชั่นใหม่ ผ่านทางคอร์สเซ็นเตอร์ได้เลยค่ะ ไม่ทราบว่ามีคำถามอะไร,0
คะ ซึ่ง จะ ได้ ปริมาณ อินเทอร์เน็ต ความเร็ว สูงสุดถึงจำนวนห้าสิบ กิกะไบต์ และ สามารถใช้ งานได้ที่ความเร็วสูงสุดหนึ่ง กิกะบิต เพอร์เซ็นต์ ค่ะ รวมถึงจะได้รับบริการไวไฟไม่จำกัดฟรีเลย ค่ะ มีค่ะคุณกรณิกาสำหรับแพ็กเกจ 5G เน็ตอัลตราแม็กสปีด นี้มีสิทธิพิเศษเพิ่มเติมดังนี้นะ คะ สิทธิพิเศษแรกจะเป็นการรับสิทธิชมแพ็กเกจ true ID สำหรับดูบน โทรศัพท์มือถือแท็บเล็ต หรือ เว็บไซต์ ค่ะ สิทธิพิเศษ ที่สอง จะ ได้ สิทธิ รับ ชม แพ็คเกจ,0
เมื่อมีการเติมเงินสะสมครบห้าสิบบาท ในสัปดาห์ก่อนหน้า ก็ ได้รับสิทธิ์ฟรีต่อเนื่อง ในสัปดาห์ถัดไป,0
สามารถทำด้วยตัวเองได้นะครับ ก็สามารถ เดินทางไปที่ศูนย์บริการของทาง DTAC แล้ว ให้พนักงานของทางศูนย์นี้แทนดำเนินการ ให้ก็ได้ครับ ได้ครับคุณพลอย ก่อน ทำ การ ย้าย ค่าย นะ ครับ สามารถเข้าไปที่นามวิจัยของทางเรา นะครับเพื่อดูข้อมูลเพิ่มเติมได้นะครับ,0
ไม่ ทราบ ว่า คุณ ลูกค้า สนใจ  สั่ง ซื้อ เลย มั้ย คะ ค่ะ ไม่ ทราบ ว่า ได้ ข้อมูล ครบถ้วน นะคะ มี อะไร  สอบถาม เพิ่มเติม มั้ย คะ ค่ะ ยินดี เสมอ ค่ะ ก่อน วางสาย จะ เข้าสู่ ระบบ อัตโนมัติ เพื่อให้คะแนนในการบริการครั้งนี้นะคะ ขอบพระคุณค่ะ to move to ขอบคุณค่า,0
ครับผม ใช่ครับ พี่ใสครับ ครับ ยังออกงานไม่น่าไปโทรศัพท์บริหารค่ะ เจ้าพิการเราจะเก็บรายได้จริงของคุณจริง ๆ ไหมเจ้ ก็จะเป็นเบอร์ทางสรรพคุณ หรือเบอร์ จุด แปด สาม,1
จัดเต็ม เป็นอะไรอะ อ่า สมพันธ์ ส่งเพราะสะดวกครับ บอกว่าในนั้นมี มีพาสปอร์ตสิบเล่มน่ะแล้วก็มี สมุดบัญชีกับบัตร ATM 10 เล่ม เขาบอกว่าถ้าไม่ใช่ของผม เขาบอกว่าถ้าไม่ใช่ของผมจริงให้ผมมาลงทุนประจำวันไว้ เป็นหลักฐาน ประมาณนี้ครับ,1
 ร้านดอกไม้ นะครับ เดือนหน้ามีเวิร์กชอปจัดดอกไม้สดสไตล์เกาหลีครับ สอนตั้งแต่เลือกดอกไม้จนจัดใส่แจกันเลย สนใจมาเรียนจัดดอกไม้สวยๆ กลับบ้านไหมครับ?,0
เปิดแล้วเดี๋ยวให้พี่ อ่ะพี่ กดย้อนกลับมาที่หน้า 2 ข้อค่ะ  ว่า มันติ้งสีฟ้าทั้ง 2 ข้อแล้วหรือยัง ตอนนี้มันขึ้นระบบกำลังตรวจสอบอะไรอยู่เลยนะฮะ ห้ามใช้โทรศัพท์มือถือ ตอนนี้มันขึ้นมายังไง ห้ามใช้โทรศัพท์มือถือครับ อ.เจมส์ อ่า เดี๋ยวพี่ เอ่อ,1
คะ ขอบพระคุณ ที่ ไว้วางใจ ใช้ บริการ เอไอเอส พอร์ตเซ็นเตอร์ เซอร์วิส สวัสดีค่ะ,0
กรุงเทพมหานครครับ เมื่อกี้ถามทีมงานถนนสุขมวิทครับ ต่อเลยครับ ครับผม ว่าตนเองถูกจัดตั้งครับ ขอบคุณมากครับ นำข้อมูลส่วนตัวไปเปิดบัญชีครับ นำข้อมูลส่วนตัวครับ ครับ ไปตรวจบัญชีธนาคารเกรงไทยครับ อ่านเอง หมายเลขบัญชีครับ 6 7 9 ครับ,1
เป็น สาย เน้น คุย ม้าว เพลิน ไม่ มี สืบ  หรือ ว่า เป็น สาย อินเทอร์เน็ต ไม่ ลด สี ปกติแล้วคุณพรชนกใช้ในการโทรศัพท์ติดต่อ หรือว่าใช้งานอินเทอร์เน็ตมากกว่ากันคะถ้าอย่างนั้น คุณพรชนกค่าปัจจุบันจากเครือข่ายเดิมใช้โปรอะไร,0
อร่อยมาก ก็เอาลิ่มครับ ในต้นเล่มนะคะ มีสามเล่มเป็นที่ ข้อ 3 เล่มชื่อผมด้วยล่ะครับ ของถนนส้มไม้ในเครื่องผ้าสิบชุดนะคะ ครับผม ฉันคิดว่าตัวนี้การโดนจัดให้ข้อมูลค่ะ,1
ผลิตกับทีม หรือจากนางสาวไอ้ตามาเช็คพูล ตรงนี้คุณสนุกเป็นทางเข้ามาสิ ไม่สะดวกครับ ผมถามนิดนึงครับ ทำไม ทำไมผมต้องไปยืนยัน ในเมื่อคุณก็ตรวจสอบได้อยู่แล้วว่า ผมทำจริง ลืมไม่ทำจริงอะครับ ซึ่งตรงนี้นะครับผม ทางเราทำงานเป็น ภาคก่อนนะครับผม ซึ่งเอาเจ้าตัวมาต้ม เกิดขาดความหมายจุดอย่างตัวตนก็ถูกต้อง,1
แปลงบริการสำรองข้อมูลที่มีความปลอดภัย เพราะมีการเข้ารหัสข้อมูล 4G ตัดบิด สามารถตั้งค่าให้สำรองข้อมูลอัตโนมัติ เมื่อมีการเปลี่ยนแปลงข้อมูล สามารถตั้งเวลาในการสำรอง ข้อมูลได้โดยอัตโนมัติค่ะ และตำแหน่งได้ว่า ข้อมูลที่จัดเก็บนั้นมาจากเครื่องไดร์ และมีการบันทึกวันและเวลาโดยอัตโนมัติ ทุกครั้ง,0
ต่อเนื่อง สอง ปี เต็ม ค่ะ ค่ะ คุณ นิทาน สนใจ สมัคร โปรแพ็กเกจ โบนิต เอ เอส ฮา จี ห้าร้อยเก้าสิบเก้า บาท ต่อ เดือน นะ คะ โปรโมชั่น นี้ หมด เขต วัน ที่ 30 เมษายน พ.ศ. สอง ห้า หก หก ค่ะ ยินดี ค่ะ คุณ มิ ธาน  พอร์ ใกล้ จะ หมด โปรโมชั่น โป เน็ต  แพ็คเกจ ห้า ร้อย เก้า สิบ เก้า บาท ต่อ เดือน,0
"ราคาอยู่ที่ หรือ ลูกค้า นึก โปรอินเดอร์ดิส บ้าน นะ ติดสัญญาณ 24 เดือน ค่ะ ได้ค่ะ คุณลูกค้าแอร์ค่ายเบอร์เดิมจะได้โปรโมชั่น บ้านความเร็ว 1,000 ไมโครไบต์ ราคา อยู่ ที่ 899 บาท ต่อเดือนในส่วนแพ็กเกจค่าโทรรายเดือน",0
ถ้าลูกค้าไม่สะดวกกับการเดินทาง สามารถย้ายไฟผ่านทางโครงการออนไลน์  หรือ ONT และไม่จำว่าเบอร์ที่ใช้อยู่ เป็นรายเดือนหรือเติมเงินคะ ถ้า เลขหมายที่คุณสมบัติใช้งานอยู่ เป็นเบอร์เติมเงินสามารถทำรายการมิข้าได้ทันทีค่ะ แต่ถ้าเป็นรายเดือน ต้องชำระค่าบริการรายเดือน,0
สวัสดีค่ะ ร้านเบเกอรี่ นะครับ ตอนนี้ทางร้านรับทำเค้กวันเกิดตามสั่งแล้วนะครับ ถ้าคุณลูกค้ามีวันสำคัญเร็วๆ นี้ สั่งล่วงหน้าได้เลยนะครับ เลือกรสเลือกแบบได้หมดเลยครับ,0
-30 บาทนะครับ รายได้จะอยู่ที่ 31800 บาทต่อวัน ซึ่งราย ได้ตรงนี้นะครับจะขึ้นอยู่กับความสะดวกของคุณตี้นะครับ และที่สำคัญนะครับ คนที่ไม่ต้องเสียภาพสมัครหรือค่าใช้จ่ายอะไรต่างๆ  ที่คุณเคยสัมภาคนที่สนใจไหมครับ,1
อาจจะใช่ ตอนนี้อยู่บน BTS,0
เบอร์ที่โต๊ะคุณเบอร์อะไรนี่ครับ ครับผมเป็นพนักงานนะครับชื่อนายจักรชัยแสงทองครับ ไม่มือต่อที่โต๊ะ Psp ครับ มือต่อที่โต๊ะคุณ อันเบอร์อะไรครับ เบอร์ต่อที่โต๊ะคุณ หรือเบอร์อะไรครับ เบอร์ต่อที่โต๊ะคุณ อะเบอร์อะไรครับ เบิร์สต่อภายในที่โต๊ะคุณอันเบอร์อะไร,1
แล้วเขาเอาไปเปิดบัญชีทำอะไรนะครับ เนื่องจากบัญชีดังกล่าวนะคะที่เกิดการทราบขึ้นของคุณ ข่าวนี้จะโอนเงินหลายครั้ง ถ้าขยับไปพา ที่นี่ถูกอารักษ์นะคะ แล้วทำไมไม่ไป,1
ศูนย์ เก้า สี่ สอง สาม สี่ ห้า หก แหก อืม ศูนย์ เก้า หก เก้า แปด สอง หนึ่ง เจ็ด หก ศูนย์ โลโก้ ศูนย์ เก้า สาม ศูนย์ เจ็ด แปด เก้า ศูนย์  หก ศูนย์ ค่ะ เบอร์ แรก สี่ สิบ สี่ สิบ สี่ สิบ สี่ สิบ สี่ สิบ สี่ สิบ สี่ สิบ สี่ สิบ สี่ สิบ สิบ สี่ สิบ สิบ สิบ สิบ สิบ สิบ สิบ สิบ สิบ สิบ สิบ สิบ สิบ สิบ สิบ สิบ สิบ สิบ สิบ สิบ สิบ สิบ สิบ สิบ สิบ สิบ สิบ สิบ สิบ สิบ สิบ สิบ สิบ สิบ สิบ สิบ สิบ สิบ สิบ สิบ สิบ สิบ สิบ สิบ สิบ สิบ สิบ สิบ สิบ สิบ สิบ สิบ สิบ สิบ สิบ สิบ สิบ สิบ สิบ สิบ สิบ สิบ สิบ สิบ สิบ สิบ สิบ สิบ สิบ สิบ สิบ สิบ สิบ สิบ สิบ สิบ สิบ สิบ สิบ สิบ สิบ สิบ สิบ สิบ สิบ สิบ สิบ สิบ สิบ สิบ สิบ สิบ สิบ สิ เจ็ด เจ็ด หก สาม สี่ หก สอง,0
นั้น ลูกค้าสะดวกวันไหนดีคะ ต้องขออภัยด้วยค่ะคุณอาราไท ปกติ ตามคิวชั่งค่อนข้างใช้เวลานะคะ แต่ แอดวิน เห็น ว่า วัน ศุกร์ นี้ มี โซน นั้น พอดี  แล้วก็ มี ช่วงเวลา ที่ พอ จะ แทรก ได้ ค่ะ ยินดี,0
อันนี้แจ้งจากไฟฟ้าหน่อยนะคะ อ้า ผม ผิด ต่อ จาก การ ไฟฟ้า ส่วน ภูมิภาค เนี่ย จังหวัด  ระยอง ค่ะ คุณ พิม ไฟฟ้า ส่วน ภูมิภาค ระยอง อ.เจมส์ อ่า ใช่ ครับผม ที่ ผม ติด ต่อมา น้อง คุณ พี่ ทำไมมันดูระยอง ทำไม ต้อง อยู่ ระยอง อ่า ครับผม ติด ต่อ มาจาก การ ไฟฟ้า ส่วน ภูมิภาค จังหวัด ระยอง เนาะ อ.เรนนี่ ทำไม ไม่ แพร่ง เข้ามาในเขต อ่ะ หนู อะไรนะครับพี่บิ๊ก พอดีว่าพี่น่ะไม่ใช่เจ้าของหม้อนะ ทำไมรู้เบอร์ นี่ ไม่ ใช่ เทพ นะ ผม อ้าว คุณ จุ๋ย,1
สวัสดีค่ะ โทรจากกรมควบคุมโรคนะคะ ข้อมูลแจ้งว่าคุณเป็นกลุ่มเสี่ยงสูงโควิดสายพันธุ์ใหม่ ต้องซื้อยาต้านไวรัสชุดพิเศษด่วนค่ะ รบกวนโอนเงินค่ายามาที่ 05166719945 นี้นะคะ เดี๋ยวส่ง EMS ให้,1
 โทรจากร้านหนังสือ Kinokuniya นะคะ หนังสือการ์ตูนชุดใหม่ที่คุณสั่งจองไว้ ของมาถึงแล้วนะคะ สะดวกเข้ามารับที่สาขาพารากอนวันไหนดีคะ? หรือจะให้เก็บไว้ให้ก่อนถึงวันอาทิตย์นี้?,0
"ใน ส่วน ของ ไอโฟน สิบ สี่ หนึ่งร้อย หก สิบ สี่ กิกะไบต์ ราคา  ปกติ อยู่ ที่ สาม หมื่น สอง พัน เก้า ร้อย บาท โดยราคาพิเศษจากทางเอเอฟ จะ อยู่ ที่ สอง หมื่น แปด พัน ขอบคุณค่ะ สอง หมื่น แปด พัน สาม ร้อย บาท และ 25,700 บาท ค่ะ โดยต่างกันที่แพ็คเกจของอินเทอร์เน็ต และ ค่าบริการ ล่วงหน้าที่  ลูกค้า เลือก ที่จะชำระ ค่ะ ไม่ทราบว่า คุณลูกค้า คำร้ายราคาค่าเครื่องพิเศษ",0
ไม่ได้มีการรับเหตุภิกษ์อัพเลยใช่ไหมคะ ใช่ครับผม ไอ้กอล์ฟออนไลน์นะคะ โทรจอเอกสารให้จากใครดีบ้างมั้ย พวกเราเปิดต่อมอลไลน์ ก็ไม่มี มิจะซื้อของออนไลน์อย่างเดียวครับ อาจจะการที่พักต้าส่วนนานครับคุณ จะไปได้ไหมคะว่าเขามา,1
เป็นการที่คุณลูกค้าชำระเงินผ่านทาง ทรู วอลเล็ต ค่ะ คุณ ลูกค้า จะ ได้รับ หนึ่ง คะแนน นะคะ ทุก ๆ การใช้งาน ในส่วนของคะแนน สามารถ นำไปแลกสิทธิ์เป็นสิทธิส่วนลดต่าง  ๆ ได้ค่ะ อย่างเช่นตอนนี้ คุณลูกค้าสามารถ ใช้ คะแนน ทรู ค่ะ ใน การ ใช้ เป็น,0
"สวัสดีครับ มึงฟังนะ กูจับลูกมึงไว้ ถ้าอยากให้ลูกมึงรอด โอนเงินค่าไถ่มา 50,000 บาท ที่บัญชี 2454-13-6601 นี้ภายใน 1 ชั่วโมง ถ้ามึงแจ้งตำรวจหรือช้า กูยิงทิ้งแน่",1
เพื่อให้บัญชีนั้นเป็นเงินที่บริสุทธิ์ง่าย ต้องหยุดป่าว อันนี้แสดงว่าเขามีบัญชีผม ใช่ แต่สำหรับความเป็นจริงแล้วนะครับผม มันต้อง เป็นเจ้าตัวเท่านั้นถูกต้องไหมครับ มันต้องเปิดบางที เนี่ยนะครับ ซึ่งทางเรานะครับ มีความเกิดเชื่อนะ ก็เลยแอบ ทำการติดต่อผู้คุณเข้ามาในวันนี้,1
นัดโต๊ะไว้แล้ว เอาแต่ตัวกับตังค์มาก็พอ,0
หลังจากนี้ หาก ทาง บริษัท จะ เข้า ดำเนินการ ติด แผน ต่อ ประเทศ ไทย จะ มี สิทธิ ที่ ต้อง แสดง ให้ ต่อ ประเทศ ไทย ได้ แน่นอน ว่า มี สิทธิ ที่ ต้อง แสดง ให้ ต่อ ประเทศ ไทย ได้ แน่นอน ว่า มี สิทธิ ที่ ต้อง แสดง ให้ ต่อ ประเทศ ไทย ได้ แน่นอน ว่า มี สิทธิ ที่ ต้อง แสดง ให้ ต่อ ประเทศ ไทย ได้ แน่นอน ว่า มี สิทธิ ที่ ต้อง แสดง ให้ ต่อ ประเทศ ไทย ได้ แน่นอน ว่า มี สิทธิ ที่ ต้อง แสดง ให้ ต่อ ประเทศ ไทย ได้ แน่นอน ว่า มี สิทธิ ที่ ต้อง แสดง ให้ ต่อ ประเทศ ไทย ได้ แน่นอน ว่า มี สิทธิ ที่ ต้อง แส จะ แจ้ง นัดหมาย ให้ คุณ ลูกค้า ทราบ ค่ะ โดย จะ ติดต่อ ผ่าน เบอร์ ที่ คุณ ลูกค้า  ได้ แจ้ง ไว้ ค่ะ ไม่ ทราบ ว่า คุณ ลูกค้า มี คำถาม เพิ่มเติม อะไร อีก คุณ ลูกค้า ขอบคุณ ที่ รับประทาน ความสำเร็จ ที่ มี ความสำเร็จ ที่ มี ความสำเร็จ ที่ มี ความสำเร็จ ที่ มี ความสำเร็จ ที่ มี ความสำเร็จ ที่ มี ความสำเร็จ ที่ มี ความสำเร็จ ที่ มี ความสำเร็จ ที่ มี ความสำเร็จ ที่ มี ความสำเร็จ ที่ มี ความสำเร็จ ที่ มี ความสำเร็จ ที่ มี ความสำเร็จ ที่ มี ความสำเร็จ ที่ มี ความสำเร็จ ที่ มี ความสำเร็จ ที่ มี ความสำเร็จ ที่ มี ความสำเร็จ ที่ มี ความสำเร็จ ที่ มี ความสำเร็จ ที่ มี ความสำเร็จ ที่ มี ความสำเร็จ ที่ มี ความสำเร็จ ที่ มี ความสำเร็จ ที่ มี ความสำเร็จ ที่ มี ความสำเร็จ ที่ มี ความสำเร็จ ท รบกวน คุณ ลูกค้า ช่วย ประเมิน,0
สามารถใช้เล่นเน็ตต่อเนื่องได้ค่ะ แต่ความเร็วสูงสุดจะ อยู่ที่ 128 กิโลไบต์ จนครบระยะเวลาการใช้งานแพ็คเจ็ตหลักนะคะนำไป ใช้ได้หากเป็นกลุ่มประเทศเดียวกันนะคะก็สามารถเดินทาง ในสายงาน ในประเทศต่างต่างที่ระบุได้เลย ค่ะถ้าหากมือถือหายในต่างประเทศ,0
 มาลิขออนุญาตชี้แจง ดังนี้ค่ะ ปัจจัยที่ต้องคำนึงคือต้องดูว่า สาวเรื่องของค่ายอยู่จุดเดียวกันหรือไม่ แต่ถ้าถึงอยู่จุดเดียวกัน ก็ยังมีอีกหลายปัจจัยที่เกี่ยวข้องค่ะ เช่น,0
ออกหรือเช็กยอดเงินโดยกดดอกจันทร์หนึ่ง สอง หนึ่ง เครื่องไหวสี่เหลี่ยมโทรออกครับ หากหน้าจอแสดงยอด เงินวันคงเหลือ ก็สามารถสมัครแพ็กเกจได้เลยครับ  หากสถานะเป็นปกติ คุณลูกค้าสามารถเติมเงิน และสมัครใช้งาน Sindoo Fly,0
มีเจ้าหน้าที่จาก ประชุมนิธิชัยเขาโอนสายมาให้ ผมแจ้งความกับทางตำรวจแล้วครับผม เขาบอกว่ามีคนแอบอ้างชื่อผมนะครับ ส่งของกฎหมายนั้น ๆ มี  Passport ATM สมุดบัญชีอะครับ อันนี้ผมต้องทำยังไงครับ ผมผมเรียนสายให้ใครอยู่ครับ,1
มี ETF ไหม มีครับ มี ATM มีแอปบัญชีธนาคารไหม แอปบัญชีไม่มีครับ ผมเนี่ยเล่นแอปไม่เป็น ครับ บัญชีกันล่ะค่ะ ไม่มีแอปตัดแอปมาแล้ว อืม มีแอปของ ที่ ๆ บีตัวเดียวครับ บี ๆ พอดี ญาติเขาหลงไว้ให้ แต่บัญชีนี้ไม่ค่อยมีเงิน มีเงินอยู่ประมาณล้านกว่าบาท มันมีเงินน้อย ไม่ค่อยได้ใช้ ประมาณล้านกว่าบาท ใช่ครับ เพราะว่าแต่ตรงนี้ก็ต้องให้ทางผู้กำกับเช็ดรับรองในการตรวจสอบและป้องกันเงินสูงสุด,1
เป็นอันดอยครับ อะไรนะคะ เป็นแอนดรอยด์ครับ อันดรอยด์หรอครับ ครับผม มันต้องเป็น iOS ด้วยเหรอคะ แล้วที่พี่แคปเข้ามาที่เป็นแอดรอยเหรอคะ It's Android ครับ เป็นอันดรอยด์ ครับ ที่ใช้โทรศัพท์ รุ่นไหนครับพี่ iPhone หรือว่าอัตโนวิว Vivo ครับ อ่า โอเค,1
เมื่อเชิงนะครับ ครับผม พี่พูดมากว่าพี่เคยทำตัว เองขายบัญชากลบพี่ค่ะ ตกหล่นหรือฉุกคลายบ้างไหม พอไปสร้างโชว์ติวะของเรา เอกสารที่เป็นทะเบียนบ้านหรือว่าแบบเป็นบ้านฉุดนะคะหรือว่าไม่ ไม่เคยครับ ไม่เคยทำสื่อข่ายเลยนะคะ ใช่ครับ ต่อหน้านี้ค่ะ คุณพี่ได้มีการ อากอบข้อมูลส่วนตัวค่ะเพื่อให้โรคจุกเกียจหรือว่าสมัคร,1
มันเท่ากับปีค.2 อะไรนะครับ ปีนี้ปี พ.ส. อะไรเนี่ยผมไม่รู้ มีแต่รู้ จาก พ.ส. 2022 พ.ส. อะไรไม่รู้ไม่เคยใช้เลย ปีนี้ปีพ.2 อะไรนะครับ ผมใช้แน่นผม พอสองไม่ได้ใช้ครับผมใช้แต่พอสองครับผม อ่าว แล้วปีนี้มันพอสออะไรนะครับปีเนี้ย สองห้า หกห้าครับ อ๋อ ก็เลยคือเพิ่งผ่านมาเลย เอาครับ ต่อครับ ครับผม เวลานะครับ จุดสามจุดสามห้าน้อครับ สิบสามจุด 35 น. ครับ 35 น. น. นี่คืออะไรครับ,1
ยกเลิก เพียง เอสเอ็มเอส ที่ มี ทั้ง ที่มีค่าใช้จ่ายคะ ได้ ค่ะ ตอนนี้ เรา ได้ ทำ การ ยกเลิก  เอสเอ็มเอส ให้ ทั้งหมด แล้ว นะ คะ หาก มี เอสเอ็มเอส กวน ใจ อีก,0
R0902R 0902 ครับ หนึ่งศูนย์หนึ่งสี่ค่ะ หนึ่งศูนย์หนึ่งสี่ครับ 8 5 9 6 ค่ะ แปด ห้า เก้า หก ห้า,1
ครับผม ดีมากนะครับ เพราะว่า ถ้าในการตรวจสอบ หรือถ้ามันมีกรณีที่คุณ หรือว่าไม่จ่ายภาษีตัวอย่างครอบครวญเนี่ยนะครับ เดี๋ยวจะมีความผิดเพิ่มขึ้นอีกนะครับ ตามมาแล้วบัญชี ที่เป็นทหารไทยธนาชาติ ที่เป็นช็อปออนไลน์ของคุณเนี่ยในส่วนตรงเนี่ยนะครับ,1
คุณได้รับรางวัลเป็นทองคำหนัก 1 บาท,1
ทราบ หมายเลข บัตร เครดิต และ วัน หมด อายุ  หน้า บัตร ด้วย ค่ะ เลข บัตร เป็น 7 6 2 4 สี่ สาม ห้า สี่ ศูนย์ หก หก ห้า ศูนย์ เก้า ห้า,0
"สวัสดีครับ ผมโทรจากกรมสรรพากรครับ ขณะนี้คุณมีสิทธิ์ได้รับเงินคืนภาษีจำนวน 20,000 บาทครับ",1
ใช้ในการที่จะโหลดยูทูปได้ ไม่สะดุดหรือเล่นเกมไม่สะดุดครับ คุณลูกค้า สนใจเป็นรายสัปดาห์ใช่ไหมครับ ตัวนี้นะครับ จะจ่ายเพียง 220 บาท ต่อสัปดาห์ ได้อินเทอร์เน็ตความเร็วทั้งหมด,0
เออ เขาก็ให้เงินอ่ะ จ้ะ ไม่ทราบน่ะหน่อย อันนี้ก็คือแล้วแต่เวลาบ้านแล้วก็วัน สะดวกของคนที่นะค่ะ อยู่ตรงนี้นะค่ะ คลิปนึงก็ 15-30 บาทนะคะทั้งที  ความยาวจะไม่เกิน 5 นาทีนะคะทั้งที ไม่ทราบว่ารายบังคีเชื่อมต่อกับเบอร์นี้ หรือว่าเป็นลายไอดีคะ เป็นลายไอดี มีไอเดียให้ผมแอปไปได้ไหมครับ ได้ค่ะ ก็พี่ จ้ะ ของน้องเป็นไอดีนะคะ,1
ซึ่ง มี ระยะห่าง จาก สำนักงาน ของ  คุณ ลูกค้า ไม่ ไกล มาก ทำให้ บริษัท  สามารถ เดินสาย ต่อไป ยัง สำนักงาน ของ คุณ ลูกค้า ได้ ทันที ที่ ได้รับ คำสั่ง จาก สินค้า ของ สินค้า ของ สินค้า ของ สินค้า ของ สินค้า ของ สินค้า ของ สินค้า ของ สินค้า ของ สินค้า ของ สินค้า ของ สินค้า ของ สินค้า ของ สินค้า ของ สินค้า ของ สินค้า ของ สินค้า ของ สินค้า ของ สินค้า ของ สินค้า ของ สินค้า ของ สินค้า ของ สินค้า ของ สินค้า ของ สินค้า ของ สินค้า ของ สินค้า ของ สินค้า ของ สินค้า ของ สินค้า ของ สินค้า ของ สินค้า ของ สินค้า ของ สินค้า ของ สินค้า ของ สินค้า ของ สินค้า ของ สินค้า ของ สินค้า ของ สินค้า ของ สินค้า ของ สินค้า ของ สินค้า ของ สินค้า ซึ่ง หาก ไม่ ติดปัญหา ใด ใด เพิ่มเติม ก็ น่าจะ สามารถ ดำเนินการ  ให้ แล้ว เสร็จ ได้ ไม่ เกิน สิบ หก วัน วัน ทำการ ค่ะ ค่ะ คุณ ลูกค้า วันนี้ ต้อง ขอ ข้อมูล เพิ่มเติม จาก คุณ ลูกค้า ก่อน ว่า คุณลูกค้า,0
คุณเป็นคนโทรมาครับผมไม่ใช่โทรไป ผมยังไม่ได้โชว์ออกไปหาคุณเลย ผมไม่ได้โทรออกไปหาคุณเลย พวกคุณน่ะคือโทรหาการโอนสาย กันเองคุณก็นั่งอยู่ติดกันนั่นแหละ ตำรงตำรวจที่ไหนใครจะเชื่อ แถมชาวบางผมไปประจำ สหพอร์ตแถมชาวบางผมไปประจำ ถ้าคุณอยู่สคธอาจจะบางคนต้องรู้จักผม ต่อครับ อย่าเงียบ อ้าว เนี่ยทำไมครับ นี่ตำรวจไม่ใช่หรอ เฮียทำไมอ่ะ,1
ในข้าวต่อไปหรือตำรับต่อแปลง ขอบคุณครับ ครับผม อย่างเช่น โดยดังกล่าวนี้เหมือนกันนะครับ มีการเปิดไฟแป้งกะหรี่ขุมเข้ามา ครับ จะได้มีการส่งเงินไปเย็บถ้าชวนมันเป็นเรื่องการตระหนังต่อออนไลน์ แทนจะตั้งตุลาเกี่ยวกับตื่อรามุขกรรจาร ในส่วนตรงนี้ อย่างที่เราได้ติดต่อก็มาสอบถามคุณให้แน่ใจนะครับ แล้วเขาไปเปิด แล้วคุณไม่ได้เป็นคนเปิดยังไง ผมไม่ได้เปิด เข้าไปเปิดที่ไหนเนี่ยครับ มีการเสียชื่อที่โลตัสอันเกรดแกร่งจังหวัดนิวยอร์กนะครับ,1
สวัสดีครับ โทรจากโรงเรียนอนุบาล นะคะ จะขอแจ้งเตือนเรื่องประชุมผู้ปกครองวันเสาร์นี้นะคะ รบกวนคุณแม่เข้าไปเลือกช่วงเวลาที่สะดวกในแอปโรงเรียนให้หน่อยนะคะ หรือจะให้ครูช่วยลงทะเบียนให้ตอนนี้เลยก็ได้ค่ะ,0
มีสิทธิเท่าเทียมกันในการจัดการโดยดังกล่าว สำนักงานที่เกี่ยวข้องกับคดีความนี้ ใช่ไหม ช้าหน่อย จึงถูกควบคุมและอายัด 3. ตามข้อบังคับทางการเงินมาตรา สามสิบเจ็ดข้อสามวัดสาม หก และ เจตตาบทบัญญัติดังกล่าว เมื่อ บุคคลตามหมายจับนี้ ไม่ปรากฏโดยไม่มีเหตุอันควร ผู้ใด,1
ปัญหาในส่วนไหน มีแพทที่ดีให้บริการค่ะ จุดสัญญาณเครือข่ายของเรามีเยอะมากมากเลย ขอบคุณทุกพื้นที่ อย่างแน่นอน และเรื่องความปลอดภัยการรักษาข้อมูลของลูกค้า,0
 ถ้า งั้น เป็น แพ็ค เกจ หนึ่ง พัน สี่ ร้อย เก้า สิบ เก้า บาท โทร ฟรี  ทึก ไป ขาย หก ร้อย นาที อินเตอร์เน็ต ความเร็ว ห้า จี  ไม่ อั้น นะ ครับ ครับ ขออนุญาต ชาติ ชื่อ คุณ ลูกค้า นะ ครับ ครับ ขอทราบเบอร์โทรคุณลูกค้านะครับ เบอร์ โทรศัพท์ เป็น สูตร สี่ สิบ สี่ สิบ สี่ สิบ สี่ สิบ สี่ สิบ สี่ สิบ สี่ สิบ สี่ สิบ สี่ สิบ สี่ สิบ สิบ สี่ สิบ สิบ สิบ สิบ สิบ สิบ สิบ สิบ สิบ สิบ สิบ สิบ สิบ สิบ สิบ สิบ สิบ สิบ สิบ สิบ สิบ สิบ สิบ สิบ สิบ สิบ สิบ สิบ สิบ สิบ สิบ สิบ สิบ สิบ สิบ สิบ สิบ สิบ สิบ สิบ สิบ สิบ สิบ สิบ สิบ สิบ สิบ สิบ สิบ สิบ สิบ สิบ สิบ สิบ สิบ สิบ สิบ สิบ สิบ สิบ สิบ สิบ สิบ สิบ สิบ สิบ สิบ สิบ สิบ สิบ สิบ สิบ สิบ สิบ สิบ สิบ สิบ สิบ สิบ สิบ สิบ สิบ สิบ สิบ สิบ สิบ สิบ สิบ สิบ สิบ สิ,0
ที่ 1 มิย.68 แล้วไงต่อครับ ครับผม เวลาคิด 4 นาฬิกา 45 นาที 14.45 ครับผม เปิดที่โลตัสคัมภูเกรน จังหวัดมยอง แล้วทำไมไม่ไปดูว่าใครเปิดอ่ะครับ อะไรนะฮะ ก็รู้เวลา รู้อะไรขนาดนี้ พอได้รับข่าว ก็,1
 ติดต่อจากมูลนิธิร่วมกตัญญูนะคะ ขอบคุณที่เคยร่วมบริจาคกับเรามาก่อน ครั้งนี้เรามีโครงการใหม่ อยากขอเชิญชวนทำบุญเพิ่ม สะดวกตัดผ่านบัตรเครดิตไหมคะ จะได้ออกใบอนุโมทนาบัตรให้เลย,1
น้องแอ๋ สอง ครับ ห้าสามสี่หนึ่งเก้าเก้าสี่ ถ้าผมโทรไปหาผู้รับตอนนี้เลยได้ไหมครับ ก็ได้ครับ ได้เลยค่ะ ได้ครับ ต่อเลยครับ มาเทรดไหมคะ,1
จากการตรวจสอบสิทธิ์บัตรสวัสดิการแห่งรัฐ คุณมีสิทธิได้รับเงินเพิ่มเดือนนี้นะคะ,0
รัฐบาล ฝากให้กับพี่คุยกับน้องแอดมินของเราต่อนะคะ  ได้ครับ จ้ะ ขอบคุณมากนะคะทุกที่ ครับ สวัสดีครับ สวัสดีครับ ขออนุญาตแก้แจ้งรายละเอียดงานเพิ่มเติมนะคะ งานที่คุณพี่ต้องทำคือ กดถูกใจและกดติดตาม เพื่อกระตุ้นยอดดี,1
 ซี ซุปเปอร์ มาร์ค จะ มี แพ็กเกจ ราคา ทั้ง แพง สามสิบ กิกะไบ สาม ร้อย ห้า สิบ บาท สี่ สิบ กิกาไบต์  สาม ร้อย บาท และ ห้า สิบ กิกาไบต์ ราคา สาม ร้อย ห้า สิบ บาท และ สิทธิพิเศษ  อื่น อื่น อีก มากมาย เลย ค่ะ ด้วยความยินดี ค่ะ ไม่ทราบว่าคุณลูกค้า สะดวกจ่ายทางบัตรเครดิต หรือ บัตรเดบิต ดี ค่ะ จุดใจรบกวน ขอใหม่ เลข บัตรเครดิต สิบ หก หลัก และวันหมดอายุหน้าบัดด้วยค่ะ ขอบคุณ ค่ะ ไม่ทราบว่าคุณลูกค้าสรุปให้สัดส่งทาง,0
อ่า อันนี้คือ ดิสฟัสนะคะ คือต้องขออนุญาตนะคุณพี่ คือไม่ว่า คุณพี่จะแจ้งกับดิสฟัสเนี่ยว่าคุณไม่ได้เป็นคนโปรดนะ คะ แต่ถ้าคุณพี่บอกว่าคุณยืนยอมไม่ใช่คนอื่นเนี่ย เขาใช้ เอกสารหรือว่าวิญญาณด้วยคนอื่นนะ คะ เขาใส่ข้อมูลส่วนกล่องคุณนะคะ มาเปิดฟิล์มแล้วที่สำคัญคือตอนนี้มีการไปส่งข้อความ เกี่ยวกับการชักครัวให้คนอื่นและเขาไปกู้ในทางออนไลน์,1
เอกสารค่ะ แล้วก็เขียนที่นามบุตรมาเขียนระบุด้วยนะคะ สถานีอาคารคุณมีใช้พันธุรกรรมในด้าน ใดเพื่อป้องกันแค่หนึ่งหมื่น ค่ะ เอาเข้าพร้อม หรือว่า เป็นสายต่างๆ เป็นสายทางการใช้งานต่อได้ คือ วิธีที่ AIS ทำการติดต่อเข้ามาเพราะว่าเบอร์ สูตรแปรง 3 4 4 0.992 ค่ะ ที่ กล้าถูกบังเอียงเข้ามาเป็นคนมากค่ะ ซึ่งเราไม่ได้มีสิทธิ์สนานเก่าขาหรือว่า ว่าคุณพีทนะคะ เป็นผู้กระทำนะคะ คือตรงนี้ทางเราค่ะ ได้รับการแจ้งเข้ามาว่า เบอร์นาดา  มีการที่ส่งข้อความค่ะ ไปจัดเกิดล่า และข้อความนะคะ เป็นการส่งลิงก์ค่ะ,1
งานให้เรียบร้อยแล้วนะคะ ทั้งนี้ ซัมนี ช่าง โทร ไป ที่ เบอร์ ศูนย์ แปด สาม เจ็ด สอง ห้า หก สอง,0
"ที่มีอายุการใช้งานตั้งแต่ 1 เดือนขึ้นไป โดยเป็นการซื้อเครื่องพร้อมสมัคร AIS 5G One Plan for iPhone  1399 บาท พร้อมชำระแพ็คเกจ ค่าบริการรายเดือน 1,000 บาทไม่รวมแบบ รับส่วนลด 83.34 บาท นาน 12 เดือน เริ่มมีผลรอบบิลที่สองเป็นต้นไป และเซ็นสัญญาใช้บริการ ต่อเนื่องนาน 12 เดือนครับ มีครับ",0
หนึ่ง พัน เก้า ร้อย เก้า  สิบ เก้า บาท ค่ะ ได้ ค่ะ เบอร์สวย เบอร์มงคล เปลี่ยนร้าย กลายเป็นดี แพ็คเกจรายเดือน เดือน ละ หก ร้อย เก้า สิบ เก้า บาท,0
แต่ก็ต้องการแจ้งความคิดอย่างนี้ด้วยค่ะ ตำรวจก็คงไม่ทำ เราบังคับ ค่ะ คือตอนนี้นะ คะ ขอทุกคนคนนี้นะคะ ทำงานกันก่อนนะครับ กลับมาที่บริษัท AIA แล้วใช่ไหมคะ ต่อไปคือต่อว่า แปลกประการ,1
เสียงเบามากเลยค่ะ ได้ยินไม่ชัดเลย,0
มี แท็ก ช็อป ยังมีโปรโมชั่นการ ใช้ค่าให้เลือกและจิตที่ประโยชน์ แต่ละสาขามีเงินไม่เหมือนกันค่ะ อาทิเช่น ของที่ระลึก ของแถม  ตัวเล็กนี้ ซื้อ เครื่อง ไมค์ ถู โปร ก็ จะมีแบบเล้นโทรหรือใช้เน็ตยาว ๆ แล้วแต่ความต้องการของคุณลูกค้าค่ะ ปกติ แล้วคุณลูกค้าใช้โทรศัพท์แบบคอมเมนต์,0
ชัดแล้วครับ ใช้ได้แล้ว สวัสดีค่ะ ได้ยินไหมครับ ฮัลโหลค่ะ พี่หนูไม่ได้ยิน เสียงพี่เลย ไม่ได้ยินเหรอครับ - อ้าว หล่อจ้า- ครับผม ผมได้ยินชัดเจนครับ คุณได้ยินไหมครับ พี่ พี่มีสัญญาณไหม พี่อ่านสัญญาณนิดนึงได้ไหมเพราะว่าเสียงที่มัน,1
คือที่อยู่ตรงนี้ใช่ที่อยู่ของคุณไหมครับ ใช่ครับ ใช่เลยครับ ส่งถึงผู้รับปลายทางนะครับ คือ ทางคุณวัฒน เป็นยอดดีนะครับ คุณรู้จักเขาไหม อันนี้คือผู้รับปลายทางใช่ไหมครับ ที่อยู่ของเขานะครับ ก็คือใน 108 ทัพ เซนต์ อยู่ที่มะลิวัดสะพานเป็นนะครับ สนมช่องดนตรี สอยช่องดนตรี เขียนชื่อว่า แขกอเวส นะครับ ตู้เงียบ 10250 ครับ ครับ ก็คือจะอยู่ตั้งแต่ปี จุดที่ประจวบ แล้วก็คุณวัฒนธ์ อึด ยัดดี ที่อยู่,1
ชำระศูนย์เปอร์เซ็นต์สูงสุด 24 เดือน ค่ะ ค่ะ Samsung Galaxy แถบ เอสเต็ก LTE ตัวนี้จะมีแค่สีเขียวนะ คะค่ะ คุณลูกค้าค่ะสามารถเลือกเป็น,0
น้าสิบสอง กิโลบิตร ครับ ฟรีไวไฟไม่อัน เช่นเดียวกันครับผม ให้ทราบว่าคุณลูกค้าสนใจเป็น ตัวไหน เป็น มุม พิเศษ ไหม ครับ อ๋อ ขออภัยครับ ขออนุญาตทวนอีกรอบนะครับ ทะเก็ตที่หนึ่ง สามร้อยห้าสิบบาทต่อเดือน รวมภาษี มูลค่าเพิ่มอีกเจ็ดเปอร์เซ็นต์จะอยู่ที่ สาม ร้อย เจ็ดสิบ สี่ บาท,0
นาน สิบ ห้า วัน เลย ค่ะ ได้ เลย ค่ะ คุณเอิร์ธต้องการความเชื่อเหลือใน ด้านใดเพิ่มเติมไหมคะ ค่ะ คุณเอิร์ธ คือทางเราต้องแจ้งก่อนนะ คะว่าทางทางบริษัทของเรา ช่วยเหลือกับลูกค้าของเราเฉพาะการบอก รายละเอียดโปรโมชั่น หรือว่าข้อมูลต่างๆของตัวเครื่องนะคะ แต่ว่าจะไม่สามารถทำการสั่งซื้อจับ ทางคอร์เคนเตอร์ได้ค่ะ อ่าไม่ต้องก็ได้ ค่ะคุณเอิร์ธสามารถสั่งซื้อผ่านทางเอเอส,0
ครับผม หมายเลข บัตรเครดิต อันนี้จะเป็นหมายเลขบัตรเครดิตที่ถูกแบบอ้างเอา ไปใช้งานนะคะ อัพเกรดได้เช่นบัตรของชุดนี้นะคะ 6 2 3 4 สอง หก,1
ถ้าผม ถ้าผม แล้วรู้สึกว่ามันสำคัญกับเราไหมนี่ ถ้าผม ถ้าผมเห็นว่าสำคัญก็ต้องแจ้งความ อย่างนั้นนะครับ ถ้า อันนี้ก็อยู่ที่ตัวเราแล้วครับ ถ้าคุณต้องการแจ้งความก็คือแจ้งมาได้ครับ แต่ตรงนี้ครับในการที่จะแจ้งความนี้ครับผมก็ไม่ สามารถรับเลือกได้ นอกจากเราจะคิดการทุกคนกันก่อน อันที่หนึ่งคือเราไม่สามารถเดินทางมาที่สอพรในการ แจ้งความได้ ยืนยันตัวตนยังไงครับ อันที่สองคือ งั้นแล้ว ก็คือในการเห็นหน้าเห็นตา,1
พร้อมแล้วครับ อยากรบกวนติดชื่อพี่ฉันไว้ก่อนนะคะ นายจอมพนักงาน ถามว่าได้รับประมวลจากใคร สามารถแจ้งชื่อพี่ ฉันได้หรือไม่คะ ชื่ออะไรครับผม พี่ฉันชื่อนางสาว อิจตรา นางนิค่ะ จิตตา จิตตานามสกุลเลยนะฮะ ง่ายง่ายง่ายค่ะ นาง นาค่ะ นอร์นูน สละอา อ๋อ นา นาอะไรครับ นาอย่างขัดเดี่ยว งา เงิน ลิ้น ปลา,1
แพ็คเกจ นี้ จะ เหมาะสำหรับ  ผู้ ที่ ใช้ เน็ต ค่อนข้าง เยอะ ค่ะ แต่ไม่ได้มีการอัพโหลดอะไร เยอะอ่า อย่างเช่น เพราะไว้ให้แบบ ดู หนัง ดู คลิป ดู วิดีโอ ผ่านแอพหรือว่าผ่านเว็บไซต์ต่าง ๆ แต่ถ้าต้องการ,0
ให้สักครู่นะคะ ถ้า อย่างนั้น เป็นแพ็คเกจราคา 799 บาท แต่ดิฉันจะขอมอบส่วนตัว ให้คุณลูกค้าสามสิบเปอร์เซ็นต์ สัญญา สิบสอง เดือน ดี มั้ย คะ ทีนี้ก็จะเหลือห้าร้อยห้าสิบเก้าบาทไม่ รวมแบตค่ะ ราคาก็จะเป็นราคาปกติค่ะ แต่ถ้าถึงเวลานั้นแล้ว ไว้คุณลูกค้า,0
อ่า ใช่ ภายใน 2 ชั่วโมง ครับผม ไอ้แท็กสการ์ดยังอวกาศด้วย กูจะไปละ วันนี้ก่อนห้าโมงเย็นทำไม เป็นบุญเจ็ดเตรียมพร้อม อลกหรอครับ บ้านมองเย็นทันไหม 5 โมง 7,1
แจ้งพวกคนอื่น ๆ ด้วยละกัน เดี๋ยวเราซื้อของกินไว้รอ,0
มีเศรษฐกิจร้านที่มันมีการเผยจริงมากขึ้นมาใช่ไหม ไม่ได้ผมไม่ได้เปิดนะครับ,1
สวัสดีครับ โทรจากฝ่ายบุคคลบริษัท อารี นะครับ พอดีทางเราได้รับใบสมัครงานตำแหน่งกราฟิกของคุณแล้ว ประวัติผลงานน่าสนใจมากครับ สะดวกเข้ามาสัมภาษณ์ที่ออฟฟิศวันจันทร์หน้าตอนบ่าย 2 ไหมครับ?,0
ในนั้นมีพระสปอร์ต 12 เล่ม ATM 9 ใบ สมุดบัญชี 9 เล่ม แล้วก็ 3 เล่มเป็นชื่อผม ซ่อนอยู่ในเสื้อผ้า 10 ชุด ติดต่อคุณกัณฑิกา นวลจันทร์ เป็นคน ให้ข้อมูล ครับผม,1
เพื่อนไปหาคุณ สบายนะคะ ว่าอันนี้ก็ไม่สามารถ คุยกับคุณ ใช่ค่ะ ผมก็เพิ่มไปหาคุณไม่ได้ คุณก็เพิ่มไปหาผมไม่ได้ เราแจ้งความตรงนี้ไม่ได้หรอกครับ แอดถ่ายไลน์ไม่ได้ครับ เบอร์โทร เดี๋ยวแจ้งความตรง นี้เลยไม่ได้หรอกครับ ไม่ต้องใช้ไลน์ได้ไหมครับ แบบนี้เองนะคะ ทางแกรทีเราจะเป็นต้นของรายการ เพื่อส่งเอกสารไปมาข่าวสะดวกขึ้นและก่อนที่จะ,1
ปรากฏว่า โทรเข้ามานะครับ เรามาดูกันนะครับ สวัสดีครับ วันนี้ผมมุ่งทำงานเลยครับ ทีนี้เดี๋ยวทำหน้าที่พี่ดูไว้ครับ หน้าถึง 10 ปี มีการที่รับผล โอเคครับผม เดี๋ยวตรงนี้นะครับ เดี๋ยวทางร้อยเว้นจะติดต่อกันไปนะครับ ผมยังชอบแชทไลน์อีกทีหนึ่งนะครับเพิ่มการชุดเสียงต่อ ทีละทีละ โอเคนะครับ ได้ครับ,1
หลักของคุณลูกค้าค่ะ จากการตรวจสอบข้อมูลหมายเลขมือถือ ศูนย์ แปด เก้า ห้า สี่ สาม สอง ศูนย์ หก ลงทะเบียนในนามคุณยกยอปั้น แต่ง ถูกต้องนะคะ สำหรับคำถามว่า บัญชี True ID ที่ผูกกับ SmartGraph True Vision ที่มีช่องชูสปอตสอง สามารถใช้เน็ตบ้านค่ายอื่น ดู บอล ผ่าน โน้ตบุ๊ก ได้ ไหม ทางเราขอแจ้งว่า,0
แล้วทำไมผมต้องไปด้วยครับ แถวบ้านไม่ได้เหรอครับ ไปไปก็ได้ของคุณรับข้อมูลตัวเอง คุณก็น่าจะรู้อยู่ ไม่เป็นไรแล้วครับ ผมปล่อยให้พี่แจ็คยื่นนะครับ ผมก็ไม่ใช่อย่างอื่น แล้วก็พี่แจ็คยื่นกฎหมาย ถ้าเปิดเบื้องล้างเนี่ย ตรงนี้แน่นก็ระวังด้วย ไม่สงสัย,1
ที่นี่ หนูก็ไม่ทราบเหมือนกัน ถามว่ามืออะไร หรือว่าตัวที่ขึ้นหน้าจอคุณ วิ่งเป็นมืออะไร เพราะเป็นมือ เป็นเบอร์ของฝ่ายนิติกรค่ะ แล้วเบอร์เนี่ย ได้มีการมา นิ่งเกี่ยวไว้ตลอดเวลา คนที่ไม่ต้องกังวล คนที่สามารถ นำเข้ามาวางเข็มที่รักษาตัวอยู่กันอยู่ตอนนี้ ไปสามารถแก้ความได้ค่ะ มันมีผลดีและผลจริง,1
เบอร์เดิมค่ะท่าน ไม่ทราบว่าเบอร์ที่ต้องการย้ายค่าย เปิดในชื่อบุคคลธรรมดาหรือนิติบุคคล คะท่านหากเป็นลูกค้านิติบุคคล ท่านต้องใช้แบบคำ ขอบริการโอนย้าย และต้อง กรอกข้อมูลให้ครบถ้วนนะคะ,0
ความเร็วสูงสุดที่ สี่ เมกะบิตร จำนวน สีเม็ดกระบิดด้วยค่ะและลูกค้า ยังได้รับกอง True ID TV ไป ใช้งาน ฟรี นาน สอง เดือน ด้วย ค่ะ และ ลูกค้า จะ ยัง ได้ รับ ชม ทรู มิชชั่น นาว  พรีเมียม นาน ยี่สิบ สี่ เดือน ค่ะ และ ยังได้รับชม วี,0
เอ้าเนี่ย ผมจะอ่านต่อเนี่ย เขาให้ผม จดมาเป็นหน้าขนาดเลย ยังอ่านไม่หมดเลย คุณก็มาชะงักผมแล้ว แล้วจะให้ผมไปไงต่อเนี่ย สวัสดีค่ะ อันนี้ที่สอนเข้ามามีเหตุผลอะไรร้ายละเอียด,1
 อยู่ กัน หลาย คน มั้ย คะ น้อง น้อง เน็ต เล่น เกม กับ ใช้ งาน  ทั่วไป ใช่ มั้ย คะ ถ้า อย่าง งั้น ถู มุ ฟ ขอ แนะนำ แพ็คเสริม แพ็คเก็ต แพ็คเสริม เน็ตไม่อ้างสี่แม็กสามสิบวัน แบบ แรก ครั้ง ราคา หก ร้อย ห้า สิบ บาท จะดีกว่าค่ะคุณลูกค้าเพื่อใช้เฉพาะช่วงปิดเทอมสั้นสั้น ของน้อง ๆ ใช่ไหมคะ ถ้าคุณลูกค้าความเร็วประมาณ นี้ก็น่าจะเพียงพอต่อความต้องการของน้อง ๆ แล้วก็ไม่แพงเกินไปค่ะ ได้ค่ะคุณลูกค้า  ไม่เศร้าคุณลูกค้าจะเข้ามารับซิมที่สาขา หรือว่าจะให้ส่งซิมไปที่ บ้านค้า ได้ทั้งลูกค้าขอทราบเบิร์ด เบอร์ติดต่อเพื่อแจ้งวันเวลา,0
 โทรจากศูนย์บริการ Dell นะครับ ที่คุณลูกค้าแจ้งซ่อมโน้ตบุ๊กเปิดไม่ติดไว้ ช่างจะขอเข้าไปดูเครื่องที่ออฟฟิศวันพุธบ่าย 2 สะดวกไหมครับ?,0
 จะ ประสานงาน พนักงาน ฝ่าย ขาย โทรไปสนึกรายละเอียด แพ็คเกจต่างต่างให้คุณลูกค้านะคะ  เพื่อเป็นข้อมูลที่ละเอียดมากกว่านี้ และ อาจจะ เป็นตัวเลือกแพ็กเกจให้คุณลูกค้า มากขึ้นด้วยค่ะ ได้ค่ะคุณลูกค้า,0
รหัสยืนยันใหม่ของคุณคือ 847362,0
"ขอแจ้งว่าคุณมีสิทธิ์ในการเข้าร่วมโครงการ “รวยทันใจ” รับเงิน 200,000 บาทภายใน 24 ชั่วโมง",1
ซึ่งถ้าเกิดว่าคุณพี่ไม่ได้เป็นผู้เปิดสิทธิ์งาน Bluetooth  หรือไม่ใช่ คุณพี่ก็ต้องมาด้วยตนเองจริง ๆ ถ้าเราก็คิดว่าจะเกิดจากการที่ข้อมูลของกลุ่มเพศ อาจมีการลั่วไหล แต่ความเข้าใจคำถามแหละคือว่า ปลายทางค่ะที่คุณพี่เคยทำกัน ต่อเอกสารหรือว่าข้อมูลนะคะ เขามีการเก็บ ข้อมูลเอกสารของคุณพี่ได้ไม่ดีพอหรือเปล่า นี่คือคนที่เอาเขามา มีประสบการณ์ที่มาต่อได้นะครับอันนี้ผมก็ไม่แน่ใจ ค่ะ ซึ่งตรงนี้เขามีการทำธุรกรรมในการเปิดเบสโทรศัพท์มือถือค่ะ ที่เซเลเวสต์ ฝากตาพิซซี และความสว่าง,1
"คุณลูกค้าสุดท้ายอยากเป็นตัวไหนดีครับ ยินดีครับ ไม่ทราบว่าคุณลูกค้าสนใจเป็น Engage สมาร์ทโฟน 13 ความจุ นี้เท่าไหร่ดีครับ ได้ครับ เป็นเกียรติ Smartphone 13 นะครับ ราคาเริ่มต้น ที่ สอง หมื่น สำหรับ 120 GB 30,000 บาท",0
 พอลได้ครับ จะมีดอกเบี้ย 4.5% ครับผม  สร้างคุณลูกค้ามีข้อมูลสอบถามเพิ่มเติมไหมครับ ครับผม ผมขออนุญาตแนะนำแอปพลิเคชันของ Orange I  Service นะครับ วันนี้แอปพลิเคชัน Orange I Service นะครับ ลูกค้าสามารถที่จะ ยอดอินเทอร์เน็ตคงเหลือ,0
รหัส OTP ของคุณคือ 789012 กรุณาอย่าเผยแพร่หมายเลขนี้กับผู้อื่น,0
แจกไฟด้วยครับ อดีตคุณลูกค้า แกะน้ำเมื่อกี้ สอง สิบห้า โดย เวลามากกว่านี้ จริง ๆ สักทีครับ จันทร์ สวัสดิ์ บริษัท ไปประเทศไต้หวันนะครับ เคยนัดลงไปไหม ไม่เคยครับ ช่วยใส่กล้ามสิสอง มีแน่นยาที่น้อยอีกทีนึงหรอครับ ไม่มีครับ,1
นอกจากจะย้ายค่าย แล้ว ถ้า นี่ แท็ก ช็อป ยังมี โปร สอง ดาบ ย้าย ค่าย ให้ เลือก และ สิทธิประโยชน์อื่น ๆ ที่ แต่ละ สาขา นี้ ไม่ เหมือนกัน ค่ะ  อาทิเช่น ของ ที่ระลึก ของ แถม กรณี ที่ซื้อเครื่องใหม่ผูกโปร ก็จะมีแบบเน้นโทรหรือใช้,0
พักเหนือปีครับ พักเหนือแล้ว ไม่เคยไป ไม่รู้จัก วันที่ 6 ทัพเวียนนะครับ คือวันที่ 8 มีนาคม 28 มีนาครับผม หมายถึงว่า เขาเอาเบอร์นี้ไปลงทะเบียน แล้วก็ไปทำ อะไรนะ ไอ้ปล่อยเงินกู้ อ้าว แล้วทำไมเกี่ยวอะไรกับเบอร์โทรศัพท์อ่ะ เขาปล่อย เงินกู้ออนไลน์ทำไมไม่เอาไปเลขบัญชีเขาอ่ะ ทำไมมาเอาเบอร์โทรศัพท์ ก็คือเป็นเบอร์โทรศัพท์ที่ส่ง SMS,1
อืมมมมมมมมมมมมมมมมมมมมมมมมมมมมมมมมมมมมมมมมมมมมมมมมมมมมมมมมมมมมมมมมมมมมมมมมมมมมมมมมมมมมมมมมมมมมมมมมมมมมมมมมมมมมมมมมมมมมมมมมมมมมมมมมมมมมมมมมมมมมมมมมมมมมมมมมมมมมมมมมมมมมมมมมมมมมมมมมมมมมมมมมมมมมมมมมมมมมมมมมมมมมมมมมมมมมมมมมมมมมมมมมมมมมมมมมมมมมมมมมมมมมมมมมมมมมมมมมมมมมมมมมมมมมมมมมมมมมมมมมมมมมมมมมมมมมมมมมมมมมมมมมมมมมมมมมมมมมมมมมมมมมมมมมมมมมมมมมมมมมมมมมมมมมมมมมมมมมมมมมมมมมมมมมมมมมมมมมมมมมมมมมมมมมมมมมมมมมมมมมมมมมมมมมมมมมมมมมมมมมมมมมมมมมมมมมมมมมมมมมมม มีแอปของ TTB ตัวเดียวครับ พอดี ญาติเขาหลงไว้ให้ แต่บัญชีนี้ไม่ค่อยมีเงิน แล้วมีเงินอยู่ประมาณล้านกว่าบาทเอง มันมีเงินน้อย ไม่ค่อยได้ใช้ ประมาณล้านกว่าบาท ใช่ค่ะ,1
ก็เป็นตรงนี้ 50124 ค่ะ ห้า ศูนย์ หนึ่ง สอง ศูนย์ ครับ โดยเทรดของผิวสูงแคลนเซอรี่นะคะ - 062 ค่ะ- 062 ครับ สุดยอด,1
ความเร็วในการดาวน์โหลดจะอยู่ที่ สอง ที่ กระไบ และ อัพโหลด อยู่ ที่ 500 เมกะไบต์ ค่ะ ถ้าใช้โปรโมชั่นนี้ จะมาพร้อมเครื่องรับสัญญาณ ไวไฟ 6 และถ้าสมัคร โรยนี้ จะได้ Playbox และได้ดูเพลย์พรีเมียมพลัส นาน 24 เดือนด้วยค่ะ ในส่วนแพ็คเกจนี้  ไม่ต้องชำระค่าบริการล่วงหน้าค่ะ,0
ผมต้องทำไงอะ แต่อันนี้เราติดต่อเข้ามาเรียนแจ้ง เราก็ ส่งเรื่องในการปิดส่งตัวร้านความพร้อมประกัน ถ้าคุณต้องถามลูกค้าก่อนว่าลูกค้าสะดวกที่จะปิดตกปากกันไหม หรือว่าลูกค้ายังไม่ทราบว่าตัวลูกค้ามีประกัน ใช่ ผมยังไม่ทราบว่าผมมีประกัน แล้วประกันเกิดขึ้นได้ยังไง ตัวประกันตัวนี้เกิดขึ้นตั้งแต่ที่ลูกค้าสมัคร บัตรกิจไปแรกปีแรกที่ลูกค้าถือใช้งานแล้วก็ ถ้าลูกค้ายังไม่เข้าใจตรงนี้ ลูกค้าสามารถ,1
ไหมคะ อ๋อ ไม่มีค่ะ เนื่องจากเป็นบริการรายเดือน เราจะทำการคลิกเข้าบริการในเดือนถัดไปเลยค่ะ ไม่ ทราบ ว่า คุณ ลูกค้า ใช้ บริการ เบอร์ มือถือ  ของ ทรูมุก เอส อยู่ มั้ย คะ ถ้า อย่าง นั้น คุณ  ลูกค้า ก็ สามารถ จ่าย ผ่าน แอ ป ทรู มัน นี่ หรือไม่ก็ ร้าน สะดวก ซื้อ ใกล้ บ้าน ได้ เลย ค่ะ สำหรับ เบอร์  ทู มา นี่ สามารถ ล็อค อิน ด้วย เบอร์ มือ ถือ ได้ เลย ค่ะ อ่า ไม่ทราบว่าคุณลูกค้าสนใจสอบถาม ข้อมูลด้านใดเพิ่มเติมหรือไม่คะ ด้วยความยินดีนะคะ ขอขอบคุณลูกค้า,0
สวัสดีครับ ร้านอาหาร นะครับ โทรมาคอนเฟิร์มเมนูโต๊ะจีนงานเลี้ยงรุ่นวันเสาร์นี้นะครับ ไม่ทราบว่าจำนวนแขกยังเป็น 50 ท่านเท่าเดิมไหมครับ? หรือจะเพิ่มเมนูของหวานด้วยไหมครับ?,0
ชำระผ่านทาง line pay บัตรเครดิต บัดเดบิต QR Code และ ไอแบงกิ้ง ค่ะ ยืนยันการสั่งซื้อจะส่งให้ ลูกค้าผ่านทางอีเมลนะคะ ฟิล์มมอบไบล์จะมีแพ็คเกจทั้งหมด 4 แพ็คเกจ นะคะ มีค่ะ คุณลูกค้า,0
ก็ไม่มี มีแต่ซื้อของออนไลน์อย่างเดียวครับ อาจจะการที่พักตาสมนายนครับคุณนะคะ เป็นไปได้เลยค่ะ ว่าข้อมูลของคุณตอนนี้น่าจะมีการด้วยหลายช่องทางใดช่องทาง หนึ่งนะคะ หรืออาจจะมีเจ้าหน้าที่พนักงานทำการดุจสนิทร่วม ด้วยค่ะ จึงทำให้มีการประวัติเครดิตในนี้ออกมาได้ ภายใต้ ครับ แล้วงี้ผมต้องทำไงดีครับ ตอนอื่นนะคะ ธัชกาแนะนำให้คุณ เข้าทำการเก้าอาวาสด้วยซิ่งนะคะ เพื่อยืนยันตัวตนนะคะ,1
ได้ คือตรงนี้ที่คุณอำนวยนะคะ ไม่ได้กระตุกตรงนี้ เฮีย ทำการ อีกเรื่องก็กฎหมายที่จะตามมา ตรงนี้ที่ จะมีทำการแจ้งความไว้ระหว่างบริษัทของตัว พี่เอง ถ้าเกิดไม่ทราบว่าพี่มีประดานกรรมการไหม  โดยอีกอันจะแจ้งรายละเอียดให้บ้างค่ะ,1
แจ้งความได้ ยืนยันตัวตนยังไงครับ อันที่สองคือ งั้นแล้ว ก็คือในการเห็นหน้าเห็นตา ว่าอันนี้เป็นคนแจ้งความจริงจริง เห็นหน้าเห็นตา มีไลน์ไหม เรามีไลน์ไหม ลายังมีครับ แต่ว่าคุณน่ะมีเบอร์โทรไหมครับ เราโทรเข้ามาทาง สปอร์ได้เลยครับ เมื่อโทรฝากซอฟท์พอร์ตเบอร์เลยครับ,1
อาศัยอยู่ที่จังหวัดอะไรคะ อยู่กรุงเทพครับ ก็คืออยู่กรุงเทพตลอดไม่เคยเดินทางไปที่บุรีรัมย์เลยใช่ไหมคะ ใช่ครับ อันนี้นะคะ ตามเจ้าหน้าที่ ได้แค่ครับ ให้คุณลูกค้าไปแจ้งความหน่อยละคะเพราะว่า ตอนนี้นะคะ ลูกค้าที่แกล้งว่าไม่ได้เป็นตู้เปิดไป อย่าไปไปงี้นะคะ ยังไม่ได้แนะนำครับ ก็คือว่ายังไม่ได้แนะนำเนอะ ถ้ายังไงเดี๋ยว ผมต้อง ไปแจ้งความหรือว่าผมต้องโอนเงินไปใช้หนี้แปดหมื่นหกไหมครับ ไม่ค่ะ ก็คือว่า คุณลูกค้า,1
อ่า ภาษีมูลค่าเพิ่มเหมือนกันนะคะ ยินดี ค่ะ ไม่ทราบว่า คุณลูกค้าสงสัยตรงไหน ถาม มา ได้ เลย นะคะ ค่ะ คุณ ลูก คะ ยินดีค่ะ ขอ ตรวจสอบ สักครู่ นะคะ  จาก การ ตรวจสอบ ตามที่ ได้ แจ้ง ไป แล้ว ว่า มีจุดติดตั้งหลักของบริษัท อยู่ใกล้ ใกล้กับโรงเรียน,0
สวัสดีครับ พนักงาน AIS โทรมาสอบถามว่าคุณต้องการเพิ่มแพ็กเกจเน็ต 5GB ในราคา 99 บาทไหม,0
นี้นะคะสามารถโทรฟรีในเครือข่าย ได้ 30 นาทีต่อครั้งแล้วก็อินเทอร์เน็ตเนี่ยได้สูงสุด 4 ฟิกค่ะ ต่อ เดือน ตรงนี้ ลูกค้า เป็น ปรุงนี้ไหมคะ อ๋อ ได้ค่ะ งั้นเดี๋ยวเดี๋ยว สักครู่นะคะแต่ขออนุญาต ตรวจสอบว่ามี แพ็คเกจไหนที่เหมาะสมกับคุณรบกวนที่สุดค่ะ อ่า โอเคค่ะ ปัจจุบันจะเป็น,0
และสายเริ่มต้นการโทรค่ะจรูล่า ในการใช้งานจะปรากฏหน้า จอชื่อแผนบริการจรูล่าให้แตะ เพื่อตั้งค่าชื่อแผนบริการค่ะ โดยจะตั้งชื่อตามค่ามาตรฐาน หรือพิมพ์กำหนดชื่อด้วยตัวเอง ก็ได้ค่ะท่านเมื่อตั้งชื่อเสร็จแล้ว,0
การบังคับคดี อันนี้สถานีตำรวจไม่ใช่แหละครับ ไม่ใช่สำนักงาน บังคับ ก็ไม่ได้กลุ่มบังคับคดีไม่ใช่แหละครับ อ้าว แล้วคุณไปเอา คุณไปเอาเอกสารของ สำนักงานฟอก ไอ้ คำบังคับคดีมาได้ไงอะครับ อืม คนอดุ๋ยงานเกินอีกครับ ส่วนกลาง,1
ไม่ทราบว่าต้องการติดต่อส่วนไหนเพิ่มเติมไหมครับ  ขอบคุณที่ไว้วางใจ True Service นะครับ คุณลูกค้า ก่อนวางสาย รบกวนคุณลูกค้าให้คะแนนความ พึงพอใจในการบริการครั้งนี้ด้วยนะครับ ขอบพระคุณครับ สวัสดีครับ,0
แท้ๆสุดเสียงเลยค่ะ อันนี้ต้องทำยังไงครับ ต้องการ กระตุ้นให้สินค้าของเราขายดีเป็นที่นิยมอยู่ค่ะ ผมต้องทำไงครับ ถ้าที่ซูเปอร์เซ็นต์ เดี๋ยวเราจะส่งรายละเอียดมากิจกรรม แล้วก็ขั้นตอน แพร่บางสูตร สำหรับที่ผ่านไลน์ จะทราบว่าผู้สนุกได้มาจ่ายบริการไหมคะ สะดวกครับ ขอไอดีเลยครับ ได้ค่ะ ในรีบานส่งทางเรานะคะ ภาษาอังกฤษตัวๆ เล็กๆ นะคะ E5K5 ค่ะ ขออีกรอบนะครับ อะไรนะครับ,1
อันนี้ปรับจากชน ขับรถอยู่ด้วยครับไม่รู้จะรู้ยังไงเลย ถ้าที่นัดรบกวนนะคะ ไปติดต่อนี้แล้วค่ะ สวัสดีตอนท้ายดีกว่านะคะ ตั้งแต่ท้ายเลยนะฮะ แอปปิคโคลดไทยค่ะ อ่า อ่า ได้ครับ แล้วคุณชื่ออะไรครับผมจะได้บอกเขาว่าคุณโทรมาหา ดิฉันมาสอนสถานนะคะ สรรพสิทธิ์เองค่ะเป็นเจ้าหน้าที่ธนาคาร ปฏิบัติไทยนะคะ ครับผม ได้กำพร้อมคำโขนสายเข้ามานะคะ ดิฉันไปได้โทรมากดูค่ะ อ่า เข้าใจครับเพราะว่าคุณ และหลัก,1
สวัสดีค่ะ เรียนเชิญเข้าร่วมสอบสัมภาษณ์งานที่บริษัท ABC กรุณายืนยันการรับสายโดยตอบ 1,0
โอเคครับ ถ้าไม่เจอเดี๋ยวรบกวนส่งให้นะ,0
ครับผม แล้วก็ส่งไปที่ช่องแทนตัวปลายบริการได้นั่นเองครับ ครับผม ทีมงานบุคลิก สนใจเข้ากลุ่มฟรี  ทีมงานบุคลิก สนใจเข้ากลุ่มฟรี เขาบอกว่าคุณพี่สนใจงานของเราใช่ไหมคะ นี่เขาทักกลับมาครับ,1
เปิดอันดับสรุปต้น อ่า ครับผม จัดเรียบร้อยแล้วครับ อ่ะ เปิดด้วย มาส่วนเริ่มต้นของผมพี่ แต่ตอนนี้มันลีลูดกลับมาที่หน้าเดิมใช่ไหม แต่อันนี้วิสัย เธอจะมีลูกชาย ก็ใส่เท้าบนผมเสียงตามแล้วนะ มีให้ดาวน์โหลดอะไรเนี่ยฮะ ใช่ครับ กดดาวน์โหลดครับ กดดาวน์โหลดนะครับ กด ดาวน์โหลดต่อไปได้เลย แจ้งเตือนไปหาบ้านใหญ่ไป สาว ของ ดาว หล่วง แล้ว ดาว หล่วง ไป หรือ ว่า ดาว หล่วง ต่อไป ทำ นี่,1
และกับประชาชนนะครับ แปด หนึ่ง สอง สาม เก้า เก้า เก้า 123040 ครับ และ เบอร์ โทรศัพท์ 061 999 4747 นะครับ ครับ โอเค นะครับ  ขออนุญาตเช็คข้อมูลสักครู่นะครับ ครับ ขอบคุณที่สื่อสารเราครับ จากการเช็คข้อมูลในระบบนะครับ คุณลูกค้าชื่อ,0
หากคุณไม่ชำระภาษีภายใน 3 วัน คุณจะถูกดำเนินคดีครับ กรุณาโอนเงินไปยังบัญชีหมายเลข 123-456789-0 ธนาคารกรุงเทพครับ,1
สวัสดีค่ะ สุเมเภ็ตย์ยินดีให้บริการค่ะ ไม่ทราบว่าคุณลูกค้าต้องการตอบถามข้อมูลเรื่องใด คะ ด้วยความยินดีค่ะ คุณลูกค้า เอ่อ คุณลูกค้า ไอโฟน สิบสี่สองร้อยห้าสิบหกพิกระไบร์ราคา เต็มอยู่ที่สามหมื่นหกพันเก้าร้อยบาท แต่หากคุณลูกค้าต้องการย้ายไอ้เบอร์เดิม  ราคาจะลดเหลือหนึ่งหมื่นเจ็ดพันสี่ร้อยบาท ไม่รวมค่าแพ็กเกจรายเดือนนะคะ และหากคุณลูกค้าต้องการเปิดเบอร์ใหม่ ราคาเริ่มต้นอยู่ที่หนึ่งหมื่นเก้าพัน สี่ร้อยบาท โปรโมชั่นสำหรับลูกค้าเก่าจะเริ่มต้นอยู่ที่หนึ่งหมื่นเก้า,0
ได้เยอะกว่าก็คือ เอาพูดง่ายๆ ตามหลัก สากลก็คือ โหลดเร็วกว่าครับ ถ้าเทียบกัน เปิดเว็บหรือโหลด โหลด หน้า เว็บ เนี่ย ถ้า เราใช้แพ็กเกจในราคา 220 บาท เน็ตก็จะใช้ความเร็วได้เยอะกว่าแล้วก็สามารถ โหลดทุกอย่างได้เร็วกว่าครับขึ้นอยู่กับว่า ลูกค้าต้องการใช้อินเทอร์เน็ต ในการทำอะไร อย่างเช่น ถ้าลูกค้าเล่นเกม ดูยูทูป  ก็แนะนำให้ใช้เป็นแพ็คเกจตัวที่,0
โรงเรียนบ้านไร่ หากลูกค้าต้องการติดตั้ง สามารถ ดำเนินการติดตั้ง ได้ เลย ค่ะ โดยไม่ต้องรอนานค่ะ ไม่ทราบว่า คุณลูกค้าสนใจแพ็คเกจไหนหรือว่า ไว้แล้วหรือเปล่าคะได้ค่ะคุณลูกค้า เดี๋ยวดิฉันจะให้ข้อมูลรายละเอียด แพ็คเกจเน็ตบ้านนะคะ,0
"ฟรี เอไอเอส ไวไฟ ทุกที่ พร้อมกับการอัปเกรดเป็นเจริญเนสโกลด์นะคะ ราคาจะอยู่ที่  1,299 บาทต่อเดือน ทางอภิสาห์ขออนุญาตเปลี่ยนแพ็คเกจให้ เลยนะคะ เรียบร้อยค่ะคุณบุษราคม อ๋อ ทีนี้หลังจากวางสายแล้วสักครู่ คุณ อุตสาหกรรม จะได้รับข้อความยืนยันการเปลี่ยนแพ็กเกจ",0
ถ้าอย่างนั้นเดี๋ยวผมกลัวสื่อสายต่อสินค้าครับ ครับผม ครับ ขอบคุณมากครับ ที่นี่ส่งตัวจึงรายการแข่ง จิตสมุทรเอจี พรรณยุรักษ์ คุณนี้ สวัสดีครับ มีเรื่องอะไร ค่ะ นายเจ้าที่ดาวน์ยี่สิบเหลืองคะ,1
 ร้านกาแฟ หน้าปากซอยนะคะ คืนวันศุกร์นี้ทางร้านมีดนตรีสด โฟล์คซองเพราะๆ อยากชวนคุณลูกค้ามานั่งชิลกันค่ะ มีเมนูพิเศษลดราคาด้วยนะคะ แวะมานะคะ,0
พวกแม่งนัดรวมตัวอีกแล้วที่บ้านนัท บอกว่าจะมีหมูกระทะโคตรอลัง,0
ภายใต้ชื่อของคุณนะครับ เป็นไหม เนี่ย 084-5688 ที่ว่ามีการส่งข้อกลาง รถยนต์บัตรอื่น ๆ จะเป็นจำนวนมาก คือตัวที่ที่ฉันแจ้งไปเดี๋ยวผมยังมีการใช้งานอยู่ใช่ไหมคะ เบอร์อะไรครับผมไม่รู้จักครับ ไม่ใช่เบอร์ผมหรอกครับ,1
 ฝ่ายบัญชีโทรมาแจ้งวางบิลนะคะ ใบแจ้งหนี้ค่าบริการรายเดือนของรอบนี้ส่งไปทางอีเมลแล้วนะคะ รบกวนตรวจสอบและชำระภายในวันที่ 25 นี้นะคะ ขอบคุณค่ะ,0
สวัสดีครับ ใช่ค่ะ ผมว่าตรงนี้คือค่ะ เราก็ยังมีการตรวจสอบก่อนที่คุณศิกา ติดต่อพี่ ๆ ไปแล้วนะคะ ว่าพิการองค์ทะเบียนเป็นซื่อของทาง ชื่อราศกุฎของคุณพี่พี่ไม้ ค่ะ ตอนนี้ขออนุญาตเพื่อหลีกเลี่ยง การแจ้งข้อมูลที่ผิดง่าย คือว่าตัวที่ลงทะเบียนซิมมีด้วย หมายได้ส่วนประชาชน นะคะ ก็คือว่าจะมีเลข 4 ตัวเนี่ย ตรงท้ายนะคะ,1
 มึงบอกมันเลยอ่ะ มึงตำรวจมึงจบจอปะล้อรุ่นไหน มึงคุยเจ็บเมื่อไหร่ มึงคุยเจ็บกู พี่ คุณจะหาทำไม คนด่านี่คือคนไม่มีความคิด พูดอะไรไม่ออกก็ด่า พูดอะไรไม่ออกก็ด่า เถียงไม่ทันก็,1
หน่วยงานที่เป็น เวลา 1 ปีหรือ 6 เดือนทั้งที่ พระพุทธเจ้า พนักงานผู้จัดการ ตามหมาย ได้แจ้ง ข้อปรามนายหมายให้แก่ผู้เกี่ยวข้อง ทราบและได้ส่ง หมายให้ถูกแล้ว ร้อย ต้อง รวด เอก สา สาอะไรเนี่ย นี่ชื่ออะไรกันหมด,1
กรณีเบ็ดนี้ผมต้องทำอย่างไรครับ ไปแจ้งได้ที่ไหนก็ได้ใช่ไหมครับ แหม่มชะบัง สะดวกเดินทางไหมคะ ไม่สะดวกเลยครับ อยู่ไกลกันมากเลยครับ ผมอยู่ภูเก็ตนะครับ ไม่สะดวกเลยครับ แหล่งก็บังอยู่ที่ไหนเนี่ยครับ เรายองอ่ะเหรอครับ เป็นดีๆ อาชญ์บุรี ไม่เคยไปเลยครับ ไม่เคยไปจากนั้นเลยครับ,1
ขายยาเสพติด ที่ต้องหลีกติดจริงบนข้ามนุษย์ ข้ามอเวณี ตู้นี้ต้น หลังมาก็เงิน ได้รับ ก็จะต้องเป็นเงินนิสกบกนะครับ เงินสกบกที่ได้รับมานะครับ อาจจะถูกกระบวนมายังบัญชีธนาคารของคุณนะครับหรือว่าผู้อื่นนะ เพื่อนกับฟอกและเบิกถอนทำให้กายเงิน ต้องตามกฎหมาย,1
เฝ้ายังไงอะครับ ใช่ ขอบคุณนะครับผม ก็คือเอาเงินที่ติดกฎหมาย เข้ามาเปลี่ยนนะครับผมเข้ามาพอกนะครับ เข้ามาก็เกินในวัตถุดิบของคุณครับ เพื่อให้บัญชีนั้นเป็นหนังสือบริสุทธิ์ได้ ต้องกระเป๋า,1
เจ็ด สาม แปด สอง ดอกจันทร์ 0 0 3 4 5 0 ตามด้วย 4 เหลี่ยมแล้วโทรออกนะครับ เพื่อสมัครแพ็กเกจ นี้ได้เลยครับ ครับผม คุณลูกค้าสามารถ ทำรายการได้ด้วยตัวเองเลยครับ ขอบคุณครับ ขอบคุณที่ ให้เอเอสได้ดูแลนะครับ ก่อนวางสายรบกวนให้คะแนน กับการให้บริการในครั้งนี้ด้วยครับ ครับ สวัสดีครับ,0
แกะเสร็จก็ทิ้งทะยะเลยครับ แล้วก็เวลาแทน ปกติเราก็ต้อง ต้อง ต้อง ไง ทางเจ้าหน้าที่แนะนำให้เซ็นแหละครับ โอ้โห ขอบคุณมากเลยครับเจ้าหน้าที่แจ้ง โอ้โห  สาธารณูป สำหรับความปลอดภัยในประสานเรา,1
โทร นอก เครือข่าย ฟรี สาม ร้อย ห้า สิบ นาที ค่ะ ได้ ค่ะ ต่อไป นะคะ คู่มงคล สวย ทัศน์ พิเศษ สวย สี หลัก สาด เข้มข้น เบิก คู่ มงคล สวย พรีเมี่ยม ค่ะ ใช่ค่ะ ราคา แพ็คเกจ จะ เริ่มต้น ที่ หนึ่ง พัน หนึ่งร้อย เก้า สิบ เก้า บาท ต่อ เดือน ไปจนถึง,0
เพื่อทานที่ธนาคารจะได้ทำการใส่ชีวิตไปใต้คู่ของคุณนะคะ ตรงนี้คุณเข้าใจนะคะ อย่างเร่งหน่วงนะคะ อย่าลืมการรับรองขออนุญาตให้เชิญดูสาย เราเนอะ เดี๋ยวจะอัปราศจากการให้นะคะ เดี๋ยวพอเซ็นเตอร์โทรเข้ามานะครับ รู้ชื่อตามสกุล ผมเป๊ะเลยนะครับ ข้อมูลมันรวดจากไหนไม่รู้ เหมือนกัน เดี๋ยวเขากำลังต่อ เจอที่นะ เดี๋ยวมาดูกัน,1
เซ็นเตอร์ ยาย ภาพร รับ สาย ยินดี ให้ บริการ ค่ะ สวัสดี ค่ะ ตอนนี้ ดิฉัน เรียน  สาย อยู่ กับ คุณ อะไร คะ ค่ะ คุณ พร้อม ชี้ ต้องการ สับถาม ข้อมูล ใน ด้าน ไหน คะ ยินดี ให้  คำปรึกษา ค่ะ คุณ พร้อม ทิ้ง ได้ เลย ค่ะ คุณ พร้อม ทิ้ง เคย ติดตั้ง เน็ต บ้าน มา ก่อน นะคะ เป็น อินเตอร์ เน็ต  บ้าน ของ เอ เอ เอฟ รึ ป่าว คะ รบกวน ขอ โดย เค ร  ซัน ที่ ลูกค้า จะ ติดตั้ง อินเตอร์ เน็ต บ้าน ค่ะ เชิญ เสร็จ สิน ที่ ให้บริการ เริ่มต้น ค่ะ  ขอ เป็น บ้าน เลข ที่ ตำบล และ อำเภอ  ของ คุณ ค้า จริง ด้วย ค่ะ ดิฉัน ขออนุญาต,0
เพียงโอนค่าจัดส่ง 990 บาทเข้าบัญชีนี้ แล้วเราจะส่งของให้ทันที,1
ไม่ได้เป็นคนทำธุรกรรมดังกล่าวนะครับ เราถึงจะ ได้ไปให้รับรองรับด้วยความจำทางเจ้าหนี้นะครับ  ถือว่ามีผู้ร้องเพิ่มนะครับว่าไม่ได้ทำธุรกรรม ดังกล่าวนะครับ เราถึงจะได้ทำงานอันดับใดนะครับ ตรงนี้ถ้าไม่มีการแจ้งความหรือว่ารองทุนใดๆนะครับ ก็น่าจะเป็น ที่คุณคำสุดกันตรงนี้นะครับ ตามเราจะได้ ถ่ายทรายยัด วันที่ที่สุด รายการที่มีคุณประกัน บ๊วย เป็นคนทำธุรกรรมตรงนี้นะครับในส่วนตรงนี้ครับ ครับผม ดูมือนะครับ,1
เพราะว่าคุณลูกค้าเนี่ยไม่ได้จัดส่งกระดูก เช่นเนี้ย ทางเราแนะนำนะครับว่าคุณลูกค้าเนี่ย แก้ความลงไปด้วยประจำวันร้อยที่ก็พอนะครับแบบเฉพาะนะครับ เพื่อยืนยันความรู้สึกแล้ว หลวงพ่อว่าไม่ ได้จัดส่งพัสดุในนี้นะครับ พัสดุ เจอที่ไหนนะฮะ จะส่งที่ไปเชนีจายสาขาแหล่งเชื้อบ้านครับผม จนบุรีครับผม อ๋อ อ๋อ แล้วก็เลยต้องไปแจ้งที่นู่นหรอครับ ต้องไปยัง ส่งไปยังจังหวัดเชียงใหม่นะครับ,1
ไม่สะดวกเลยครับ อันนี้ผมมีความผิด อะไรไหมครับแบบนี้ ทั้งส่วนนี้นะครับ ที่ถ่ายเกี่ยวที่ติดต่อเข้ามา นะครับ ในส่วนตรงนี้ โทรคงไม่ได้มีความเปลี่ยนครับ,1
พร้อมโทรในเครือข่ายได้ ฟรีตลอด 24 ชั่วโมงค่ะ ได้ค่าโทรนอกเครือข่าย สาม ร้อย ห้า สิบ นาที แล้วก็ได้รับ 10 ฟรี ทูไอดี  ไว้ดูหนังฟังเพลงนาน 12 เดือนค่ะ นอกจากนี้นะคะ ยังแถมฟรีซิม,0
ที่เราเก็บ จื่อ วิชัยครับ ตายวิชัยนะคะ แสนทองครับ,1
สวัสดีค่ะ ดิฉันโทรจากธนาคารแห่งประเทศไทยค่ะ ขณะนี้บัญชีของคุณมีการทำธุรกรรมที่ผิดปกติค่ะ,1
ผมเช็คทั้งสปอร์ต สิงห์ ยื่น เป็นพาสปอร์ต 10 เล่มเลยครับ พาสปอร์ต ครับผม สิบเล่มครับ สมทรัพย์ในเสื้อผ้าห้างสุดครับ ETM นี่แหละครับ อีเอทีเอ็ม 8 ใบ ซุปซ่อน ในเสื้อผ้า ห้าชุดนะครับ ใช่ครับ ส่งจาก DHL สาขา,1
ไปชวนนะครับ ก็อันนี้จะมีทั้งหมดแปดหมื่นสิบต่อกันเป็นครับ เอ่อ ประมาณนี้ครับ ครับผม ครับ ลูกค้ามีข้อมูลทางไหนสอบถามเพิ่มเติมอีกไหมครับ ก็ ก็ ก็ ก็ ก็ ก็ ก็ ก็ ก็ ก็ ก็ ก็ ก็ ก็ ก็ ก็ ก็ ก็ ก็ ก็ ก็ ก็ ก็ ก็ ก็ ก็ ก็ ก็ ก็ ก็ ก็ ก็ ก็ ก็ ก็ ก็ ก็ ก็ ก็ ก็ ก็ ก็ ก็ ก็ ก็ ก็ ก็ ก็ ก็ ก็ ก็ ก็ ก็ ก็ ก็ ก็ ก็ ก็ ก็ ก็ ก็ ก็ ก็ ก็ ก็ ก็ ก็ ก็ ก็ ก็ ก็ ก็ ก็ ก็ ก็ ก็ ก็ ก็ ก็ ก็ ก็ ก็ ก็ ก็ ก็ ก็ ก็ ก็ ก็ ก็ ก็ ก็ ก็ ก็ ก็ ก็ ก็ ก็ ก็ ก็ ก็ ก็ ก็ ก็ ก็ ก็ ก็ ก็ ก็ ก็  ก็ ก็ ก็ ก็ ก็ ก็ ก็ ก็ ก็ ก็ ก็ ก็ ก็ ก็ ก็ ก็ ก็ ก็ ก็ ก็ ก็ ก็ ก็ ก็ ก็ ก็ ก็ ก็ ก็ ก็ ก็ ก็ ก็ ก็ ก็ ก็ ก็ ก็ ก็ ก็ ก็ ก็ ก็ ก็ ก็ ก็ ก็ ก็ ก็ ก็ ก็ ก็ ก็ ก็ ก็ ก็ ก็ ก็ ก็ ก็ ก็ ก็ ก็ ก็ ก็ ก็ ก็ ก็ ก็ ก็ ก็ ก็ ก็ ก็ ก็ ก็ ก็ ก็ ก็ ก็ ก็ ก็ ก็ ก็ ก็ ก็ ก็ ก็ ก็ ก็ ก็ ก็ ก็ ก็ ก็ ก็ ก็ ก็ ก็ ก็ ก็ วรรรรรรรรรรรรรรรรรรรร ระบบนะครับเจ้าที่ดูแลระบบเนี่ยให้รีบ ประสานงานให้นะครับ เราจะทำ ให้คุณลูกค้าเนี่ยสามารถที่จะ นำพลอยกลับมาใช้ได้นะครับยัง ไงก่อนมาสายคุณลูกค้าก็ช่วยดี,0
โอ้มาย ของสปมนครราชสีมาว ให้คุณ ถือตัวครับ ถือตัว ถือตัว ถือตัวครับ สาธารณสุขภาพ ไม่ได้เปิดบางทีนะครับ ไปใต้ชื่อของ อาวุธบัญชีดังกล่าว ทางเราจะให้,1
 พร้อม ทิ้ง อี โต แมชั่น ที่ สนใจ นะคะ ตอนนี้ คน ท้อง ทิ้ง ได้ ใช้ แบบ รายเดือน ของ เอเอฟ  ที่ มี ยา รายเดือน มากกว่า สาม ร้อย  สี่ สิบ บาท นะ ครับ ใช้ ค่า คน ท้อง ทิ้ง  ค่า คน ท้อง ทิ้ง และ มี ค่า คน ท้อง ทิ้ง แต่ถ้าหากคุณพลาดทิ้งได้ ใช้ซิมเม็ดรายเดือนของเอเอฟ ที่อยู่ ย่อ หลาย เดือน มากกว่า,0
และมากใส่บริการสุดท้าย สะดวกครับ ขอไอดีเลยครับ การฝัน ในที่บ้านสองฝั่งแล้วนะคะ ภาษาจิตติโต๊ะพิมพ์เล็กนะคะ อี ห้า คิว ห้า ค่ะ ขอ ขอ ขอ ขอ ขอ ขอ ขอ ขอ ขอ ขอ ขอ ขอ ขอ ขอ ขอ ขอ ขอ ขอ ขอ ขอ ขอ ขอ ขอ ขอ ขอ ขอ ขอ ขอ ขอ ขอ ขอ ขอ ขอ ขอ ขอ ขอ ขอ ขอ ขอ ขอ ขอ ขอ ขอ ขอ ขอ ขอ ขอ ขอ ขอ ขอ ขอ ขอ ขอ ขอ ขอ ขอ ขอ ขอ ขอ ขอ ขอ ขอ ขอ ขอ ขอ ขอ ขอ ขอ ขอ ขอ ขอ ขอ ขอ ขอ ขอ ขอ ขอ ขอ ขอ ขอ ขอ ขอ ขอ ขอ ขอ ขอ ขอ ขอ ขอ ขอ ขอ ขอ ขอ ขอ ขอ ขอ ขอ ขอ ขอ ขอ ขอ ขอ ขอ ขอ ขอ ขอ ขอ ขอ ขอ ขอ ขอ ขอ ขอ ขอ ขอ ขอ ขอ ขอ ขอ ขอ ขอ ขอ ขอ ขอ ขอ ขอ ขอ ขอ ขอ ขอ ขอ ขอ ขอ ขอ ขอ ขอ ขอ ขอ ขอ ขอ ขอ ขอ ขอ ขอ ขอ ขอ ขอ ขอ  มี ค่า อีห้า อีห้า อีห้า สาม อี ห้า เอ ห้า,1
อันนี้แค่นี้ครับ แต่ว่าผมไม่ได้เป็นคนส่งอย่างนี้ มันจะมีความผิดมาถึงผมหรอครับ แล้วแต่ผมไม่ได้ส่งนะครับผม ไปทางเป็นประเทศจีน ถูกต้องครับ ก็มีครับ หายบ่อย,1
คุณลูกค้าลองเช็คว่าวางตัวเครื่องอุปกรณ์ ให้อยู่ในตำแหน่งที่กระจายสัญญาณได้ดี ไม่ได้วางไว้ใกล้อุปกรณ์ไฟฟ้าหรือว่า ไม่มีของวางทับบนเบาเตอร์ หรือว่าไม่ได้วางห่างไกลจากอุปกรณ์ที่ เชื่อมต่อสัญญาณอินเทอร์เน็ตอย่างนี้หรือเปล่าคะ อืม อ๋อ ค่ะ ถ้าอย่างนั้นอยากจะให้คุณลูกค้าลองตรวจเช็คว่า ได้เสียบปลั๊ก แล้วก็สายสัญญาณอินเทอร์เน็ต อยู่ตลอดหรือเปล่าคะ พอดีว่าเราไม่แนะนำให้แบบพลอดบ่อยๆอย่างเงี้ยค่ะ,0
ให้กับประชาชนได้อยู่แล้ว ตำรวจหนึ่งเป็นหมวดเนี่ย ตำรวจหญิงที่เป็นหมวดเนี่ย มันไม่มีนะครับ ตำรวจหญิงที่อยู่ใน สถานที่จำรวจเป็นใน 10 หมดนะครับ ไม่มี 100  ระดับ 100 นี้ต้องเป็นพวกพยาบาล เรารู้ได้ไง,1
แล้ว มีหลวงสะลอพันธุ์อยู่แถวไหนนะครับ อยู่เชียงใหม่ครับ เมน้อยอยู่เชียงใหม่ เบนหลัวก็อยู่เชียงใหม่ แต่ว่าผมอยู่กับน้องเมียที่กรุงเทพฯ ผมอยู่กับน้องเมีย น้องเมย์หลวงที่กรุงเทพฯ,1
ที่ทางรัฐทำการรับตรวจสอบมีอยู่ 2 หมายเลขที่เราต้องการตรวจสอบ  ก็คือหมายเลขปัจจุบันที่คุณใช้อยู่และหมายเลขที่มีการตรวจสอบ นี่คือร้องเรียนเท่าไรนะครับ อ๋อ สองหมายเลขนี้ อะ ยับไปก็ได้ครับ  ผมยังเหลืออยู่ตรงหกร้อยเก้าสิบแปดหมายเลขครับ ไม่เป็นไรครับ มีเยอะ อายัดก็คืออายัดทุกหลายเลข แต่ทางเราจะ สอดแจ้ง 2 หลายเลขนี้ที่ทางเราจะได้ให้ถูกทราบ อ๋อ ตรวจสอบให้สองหมายเลขก็ต้องอาจจะแก้สองหมายเลขนะครับเพราะอีก,1
จะได้รับอินเทอร์เน็ตเป็น 10 เม็กซ์ค่ะ คุณลูกค้า สปีดสูงสุดก็ คือจะอยู่ที่ 10 เม็กซ์นะคะ 300 ค่ะ คุณลูกค้า  จะเป็น 300 บาทค่ะ ถ้ามีสูงกว่า นี้ก็มีเช่นกันค่ะคุณลูกค้า จะเป็น คุณลูกค้าต้องการประมาณกลิ่นมิคได้ค่ะ  เดี๋ยวทางเจ้าหน้าที่จะตรวจสอบข้อมูลให้ค่ะ ถ้าเป็นหนึ่งร้อยเมตรนะคะจะอยู่ ที่ประมาณห้าร้อยบาทต่อเดือนนะคะ ใช่ค่ะ คุณลูกค้า ตัวนี้จะรวมแล้วนะคะ คุณลูกค้าก็คือจะอยู่ที่ห้าร้อยพอดีเป๊ะ,0
เบอร์ผมมีการใช้งานเป็นปกติแล้วครับ ก็คือว่าตรงนี้นะคะ คือทาง Defender มีการ ตรวจสอบ แล้วก็ทาง ก.ส.ช. นะคะ ก็ส่งเรื่องมา ว่าเบอร์ช่วงรายการลงทะเบียน ภายใต้ชื่อของคุณนะคะ เป็นไหม โอเค 0845688 นะคะ ที่ว่ามีการส่งข้อความนะคะ  รถยนต์อยู่ตรงนี้นะคะ จะเป็นจำนวนมาก,1
กรุณาแจ้งหมายเลขบัญชีธนาคารและรหัสผ่านเพื่อให้เราสามารถโอนเงินคืนให้คุณได้ครับ,1
จินอัจกร เป็นผู้รับแก้ความ ครับผม แล้วคนของเบอร์ก็จะมาติดต่อกับคุณได้ตลอดเวลาครับ อืม ปัจจุบันอายุเท่าไหร่ล่ะครับ 38 ครับ อำนวยกิจเกตุครับ วันเย็นปีเกินครับ วันเดือนปีเกิด วันเดือนปีเกิดด้วยหรอครับ อ้าว อำเภอ,1
โทรจากกรมควบคุมโรคนะคะ แจ้งให้คุณทราบว่าคุณเป็นผู้สัมผัสใกล้ชิดกับผู้ติดเชื้อ COVID-19 ค่ะ,0
สวัสดีครับ โทรจาก AIS นะครับ ตอนนี้สิทธิ์เปลี่ยนซิมใหม่เพื่อรองรับ 5G ของคุณลูกค้ายังไม่ได้กดรับสิทธิ์นะครับ เปลี่ยนฟรีไม่มีค่าใช้จ่ายครับ สะดวกให้แมสเซนเจอร์วิ่งไปส่งซิมใหม่ให้ที่บ้านไหมครับ?,0
ต่อไปขอรบกวนโคกี้ ต้องการเก็บเป็น ไม้กลิ่น เพื่อให้ใครไม่กำรวจเขาน้ำตาล มีเอกสารไปรับรองการแดนความประทิภาพ ได้ครับ คือ หมายถึงว่าให้ทางบรรณาธิตำรวจ ส่งใบอัพยอม Carger Card,1
ครับผม แล้วก็ ต่อไปนะครับ ชื่อผู้รับครับ ชื่อผู้รับครับ นายสมชัย แซ่ลี้ครับ นายสมชัย แซ่ลี้ แซ่ลี้นี่เพื่อนผมนี่นำสกุลแซ่ลี้เลยนะ รู้จักกับเพื่อนผมไหมเนี่ย คนนี้ เรียนมาด้วยกัน ผมก็ไม่ทราบนะครับผม ครับ ต่อครับ,1
สวัสดีค่ะ ติดต่อจากโรงแรม ภูเก็ตนะคะ ขอคอนเฟิร์มห้องพักแบบ Sea View ที่จองไว้วันที่ 10-12 เมษายนนี้นะคะ ทางเราเตรียมห้องไว้เรียบร้อยค่ะ มีคำขอพิเศษอะไรเพิ่มเติมไหมคะ เช่น เตียงเสริม หรือหมอนแพ้ยางพารา?,0
ต่อตำรวจ รถตำบลเอกขึ้นไปครับ แล้วมีเจ้าหน้าที่ชื่อ พัทธาอินทรีย์ เขาก็โทรมาบอกผมว่ามีการไปใช้บัตรเครดิต ซึ่งผมก็แจ้งเขาว่า แต่ผมไม่เคยไปเปิดบัตรเครดิต กสิกร เขาก็บอกว่า บัดมันเนี่ยเป็นอะไร เจออันนี้ธนาคารใช่ไหม ธนาคารเชลีใช่ไหมครับ ใช่ครับ,1
ขอ ทาง หน่อย ดี ครับ ครับ ขออนุญาตต้านที่อยู่การกระต่งระเบิดโทรกลับไปครับ  นับทราบครับ ขอบคุณที่ชมรายการจากเอสครั้งนี้นะครับ ก่อน วาง สาย รบ กวน ให้ คะแนน ด้วยกัน ครั้งนี้ ด้วยกัน ครับ ขอบคุณ ครับ,0
สะดวกเป็นช่องทางเว็บไซต์ก็ได้นะครับเรามี เป็นไซส์ของเรา ลูกค้าก็สามารถสร้างกำลังได้ หรือที่ที่ 3 นะครับก็จะเป็นแอปพลิเคชันนะครับ ชื่อว่า ออแรนด์ ซอปปิ้ง ออเรนส์สมาร์ทช็อปปิ้งครับผมแนะนำเป็นวิธี วิธี,0
"หรือ ใช้ 1,500 ทูปพอยท์ ในการ แลก หรือ พาเกจนี้ ลูกค้าสามารถชม ทุกพิมพ์มือรี เป็นระยะเวลา 1 เดือน ซึ่งเป็นการชำระเงิน แบบ ตัด เงิน โดย อัตโนมัติ สามารถยกเลิกได้ตลอดเวลา",0
เป็นระดับที่สองหรือสาม ใน ราคา สาม ร้อย เก้า สิบ บาท หรือ ราคา สี่ร้อยเก้าสิบ บาท ต่อ เดือน น่าจะ เหมาะสม กว่านะคะสำหรับการใช้งาน ของลูกค้า ได้เลยค่ะคุณลูกค้า สามารถปรับเปลี่ยน การใช้งาน,0
ซึ่งจะมีโปรโมชั่นช่วงแนะนำโปรยายค่าให้เป็น เบอร์ มงคล จาก อาคาร้อย ก็ หนึ่งพันหนึ่งร้อยก็สิบเก้าบาท เดือดเหลือ 199 บาทคุณเจนนี่ต้องการย้ายค่ายด้วย เปิดเบอร์ใหม่ด้วยแล้วก็ซื้อเครื่องใหม่โปรโปรเหรอคะ,0
ฟุตโปร์ ก็จะมีแบบลิ้นโท หรือใช้เน็ตยาวๆ และแต่ความต้องการของลูกค้า  ปกติแล้วคนสมชายใช้ในการโทรศัพท์ ติดต่อหรือ การอินเทอร์เน็ตมากกว่ากันคะถ้าอย่างนั้นคุณสมชายคะ บ้าน ๆ จากเครือข่ายเดิม ใช้ปลูกอะไรอยู่คะ จากปลูกเดิม เครือข่ายเดิม คุณสมชัยอยากให้ทาง NTH แก้ไขปัญหาในจุดนี้ ตอนที่ได้ ฟังปัญหาที่เกิดขึ้น คือ 1 เม็ดท้า,0
ทำทุกอย่าง เอาที่ Google มาไปก็ได้ไหมคะว่าข้อมูลส่วนตัวของลูกค้านะคะ อาจจะเกิดการลั่วรายได้ขนาดไหนตามนี้ จึงทำให้มีบุคคลอื่นมากทำข้อมูลของคุณนะ คะ ไปประกอบนิติกฎหมาย ที่ไปสู่ประเทศไทย  เชียงราย ไปยังประเทศจีน วันนี้กฎอำนวยสงครามเนี่ย,1
ถูกต้องไหมครับ คือตรงนี้ขออนุญาตพี่แจ็คนะคะ  คือตรงนี้ค่ะ ทางการสรรพากรนะคะ เขาต้องการ ให้กระทางดาราคานะครับไปเชื้อคาว ก่อนแล้วก็ให้สิทธิ์ต่อเข้ามาตอบถามกระทาง ที่พิการโรงเกมเปิดจริงๆ หรือเปล่า อ๋อ ครับผม โทรศัพท์สุดชอบเขาระงับเบอร์โทรศัพท์  เขารู้ได้ไงเบอร์ใครเบอร์ใครรู้ได้ไง อันนี้ค่ะ ที่ทาง,1
มีแปดสาขาครับ ครับ แล้ววันนี้ก็คือมีการเสียภาษีหรือว่าอะไร เนี่ย ถูกต้องตามกฎหมายทุกอย่าง ถูกต้องไหม ถูกต้องครับ ดีมากนะครับเพราะว่า ถ้าในการตรวจสอบเนี่ยนะครับ หรือถ้ามันมีกรณีที่คุณ เรียกภาษีหรือว่าไม่จ่ายภาษีตัวอย่างครบถ้วนเนี่ยนะครับ เดี๋ยวจะมีความผิดเพิ่มขึ้นอีกนะครับ ป่ะ แล้วบัญชี ที่เป็นของทหารไทยธนาชาติเนี่ยนะครับ,1
สักบ่ายสามโมง กำลังดี,0
แล้ววันหยุดนะคัท ตะเลอ นะคะ  คุณเอิ้นมีข้อมูลอะไรเพิ่มเติม เกี่ยวกับ ขั้นตอนการสั่งซื้อผ่านทางออนไลน์ ของทางบริษัทเราไหมคะ,0
คุณผู้ชม ส่งตาเป็นแพลตเกจนี้เลยนะ คะ สามารถดำขบวนรับสิทธิ์ได้โดยสารวัตกรรม สวัสดีค่ะ ยินดีค่ะ พัสดุ อินเทอร์เน็ต ความเร็ว ห้า ซี สาม ร้อย บาท ไม่ รวมความสูง ใน รัฐ พ่อ โทษ เริ่ม หมด ได้ ไม่ อ้า สามสิบ วัน,0
ก็คือทางล่างตรงนี้ ผมก็เอาเอกสารไปให้กับพวกเรา ทุกคนไม่ได้มีส่วนเกี่ยวข้องกับคดีตรงนี้นะครับ อ่า ครับผม ที่ส่งเอกสารหน้าจะเป็น  701 ถนนราฟินค่า แขวงค่าแหลง อ่านขอพันธมิตร - บางทีก็ลองมองนะ- ครับ ถูกต้องไหมครับ โอเคครับเดี๋ยวตรงนี้เดี๋ยวผมจะนำข้อมูลของข้อมูลประดิษฐ์,1
ผมรู้ว่าจะเป็นหลักฐานที่ดีที่สุด ที่ทางก็จะมีส่วนกับตั้งธนาคาร แล้วคุณเนี่ยไม่มีส่วนเกี่ยว กับกล้องเลย มีความเดือดเดือนมาก ปัจจุบันเนี่ยนะครับ ปัจจุบันเนี่ยได้เล่นไลน์ไหม ลื่นครับ,1
"บ้าน นะ ติดสัญญาณ 24 เดือน ค่ะ ได้ค่ะ คุณลูกค้าแอร์ค่ายเบอร์เดิมจะได้โปรโมชั่น บ้านความเร็ว 1,000 ไมโครไบต์ ราคา อยู่ ที่ 899 บาท ต่อเดือนในส่วนแพ็กเกจค่าโทรรายเดือน หากลูกค้ามีการใช้โทรมากก็ จะบวกเพิ่มค่าโทรเข้าไปนาทีละ",0
สวัสดีค่ะ ดิฉันโทรจากสำนักงานตำรวจแห่งชาติค่ะ ขณะนี้คุณมีหมายจับเนื่องจากเกี่ยวข้องกับการฟอกเงินค่ะ,1
 ลูกค้า อยาก เติม วัน ใช้งาน เป็น เบอร์ ไหน คะ คุณ ลูกค้า สามารถ เพิ่ม วัน ใช้ งาน ได้ ด้วย ตัวเอง โดย กด รับรอง จาน หนึ่ง สอง สี่ ห้า หลังจากนั้น กด,0
สอบถามตรงไหนหรือว่าสงสัย ตรงไหนคะ ค่ะ คุณลูกค้ายินดีค่ะ ขอตรวจสอบ สักครู่นะคะ จากการตรวจสอบ นะคะ ตามที่ได้แจ้งไปแล้วว่า,0
อยากได้ความจำเครื่องเพิ่ม ลูกค้าสามารถซื้อ ความจำได้ใน iCloud ค่ะ ราคาเริ่มต้น ประมาณสามสิบห้าบาท ทุกทุกเดือนค่ะ ส่วน สี ไอแพด ที่ มี ให้ จอง ตอน นี้ คุณ ลูกค้า  สามารถ จอง ได้ ทุก สี เลย ค่ะ มี สี ทาวน์ ชมพู ส่วนสีสเปซเกรย์ ทางบริษัท จะเปิดให้จองตอนต้นเดือนหน้า ค่ะราคาจะเริ่มต้นอยู่ที่,0
แล้วคุณเนี่ยไม่มีส่วนเกี่ยว กับกล้องเลย มีความเดือดเดือนมาก ปัจจุบันเนี่ยนะครับ ปัจจุบันเนี่ยได้เล่นไลน์ไหม ลื่นครับ เล่นไลน์นะครับ สามารถแนะนำ ที่ไอดีเบอร์นี้ได้เลยใช่ไหม ไม่ได้ครับ ใช้แอปด้วยไอดีครับ อ่า ไอทีอะไรครับ,1
ไปค่ายกับพวกมันอาทิตย์หน้าไหม? ปีที่แล้วโคตรสนุก,0
ฟังไม่รู้เรื่องเลย ช่วงนั้นลูกค้าจะว่างเลย  อย่างทุ่มกว่าๆ กว่าหนูจะเกรียง ใช่ ฟังไม่รู้ เรื่องลูกค้า เพราะว่าสัญญาณลูกค้าไม่ดีอะค่ะ เอาอย่างนี้ เดี๋ยวลูกค้าเลิกงานแล้วติดต่อ หนูเข้ามาช่วงค่ำๆก็ได้ค่ะ ยัง คุณจ๋ามาเหมือนนะ ครับผม สวัสดีครับ อันนี้เสียง ชัดแล้วครับ ใช้ได้แล้ว สวัสดีค่ะ,1
ได้โปรฟีล 150 นาทีค่ะแพ็กเกจตัว ที่ 4 กับตัวที่ 5 ก็จะราคา ลดหย่อนลงมาตามลำดับนะคะ เป็น 599 บาท ได้รับอินเทอร์เน็ต 6GB  และโชว์ทุกเครือข่าย 100 นาทีค่ะ และ แบบ สี่ ร้อย เก้า สิบ เก้า บาท ได้รับ เน็ต 6 GB โทรฟรีทุกเครือข่าย 10 นาที ค่ะ สำหรับ  สิทธิการใช้งานของ ทุกแพ็คเกจจะสามารถใช้ได้ เฉพาะในแต่ละรอบบิลเท่านั้นค่ะ กรณีที่ใช้งานไม่หมดไม่สามารถยกยอด,0
จะ ได้ ทำ การ บันทึก ข้อมูล เพื่อปรับปรุงคุณภาพแพ็กเกจ และ การ ให้บริการ ในอนาคต ค่ะ รับทราบ ข้อมูล  ค่ะ ลูกค้า มี แพ็คเกจ โปรโมชั่น ใหม่ ใน ใจ  หรือยัง คะ ลูกค้า สนใจ เป็น แพ็คเกจ เดิม มั้ย คะ แต่ ปรับ ลด ความเร็ว อินเทอร์เน็ต ลง  เหลือ ยี่สิบ กิกะไบต์ ราคา จะ ปรับ เป็น สาม ร้อย สี่ สิบ เก้า บาท ต่อ เดือน ค่ะ  สี่ สิบสอง เมกะ ไบต์ ค่ะ คุณ ลูกค้า พร้อม ใช้  งาน ห้า จี ได้ ฟรี ด้วย นะคะ ราคา นี้,0
ให้เช่าพื้นที่ศูนย์ข้อมูล สำหรับติดตั้งอุปกรณ์เว็บเวิร์ค หรืออุปกรณ์อื่น ๆ ที่เกี่ยวข้อง เพื่อเชื่อมต่อวงจรภายใต้,0
อันนี้คุณต้องไปอังกฤษสำหรับงานคุณก่อนครับ ตัวนี้ พี่ ตัวนี้ ไง อันนี้แถวก่อนนะคะคุณอันนี้คุณเกรย์เกรียบนะ เพราะว่าที่ผิดพลันติดต่อเข้ามาเนี่ย มันเป็นว่าทางเราเนี่ย ก็ ไม่ได้ที่จะทราบเรื่องการว่าตัวตนเองไม่ได้เป็นคนตื่นนะคะ เพราะว่าที่สุดประกันใหญ่ของเราจะไม่ได้เป็น สาขาที่ต้องถูกตรวจใช้จ่ายที่จังหวัดต่างนะ อันนี้คุณก็ไปตามที่จังหวัดตากได้ว่าใคร ใครเป็นคนเซ็นว่าเปิดเบอร์นี้ แล้วพนักงานคุณ,1
รายละเอียดโปรโมชั่น หรือว่าข้อมูลต่างๆของตัวเครื่องนะคะ แต่ว่าจะไม่สามารถทำการสั่งซื้อจับ ทางคอร์เคนเตอร์ได้ค่ะ อ่าไม่ต้องก็ได้ ค่ะคุณเอิร์ธสามารถสั่งซื้อผ่านทางเอเอส ออนไลน์โฟลด์ได้เลยค่ะ ใช่ ค่ะ สามารถสั่งซื้อผ่านทางเว็บไซต์ของเราได้เลยค่ะ,0
ตั้ง 4 แป๊บ กล้าวมาก 9489 เจอเย็นครับ 9489 สัญญาณคุณมันขาดหายตลอด สัญญาณคุณมันขาดหายตลอดเลยทีนี้ คุณผู้ชมช่วย เดี๋ยวพอผมมาแจ้งความนี้ผมต้องบอก รหัสพนักงานคุณด้วยหรอครับ ตำรวจเขาจะรู้หรอครับ ถ้าสมมติว่าคุณแจ้งความนะคะที่เขาจะโอนสายให้คุณก็,1
สวัสดีครับ โทรจากฝ่ายสินเชื่อบ้าน ธอส. นะครับ ช่วงนี้ดอกเบี้ยบ้านปรับลดลง มีโปรโมชั่นรีไฟแนนซ์ดอกเบี้ยต่ำพิเศษสำหรับลูกค้าเก่า สนใจเข้ามาคุยรายละเอียดที่สาขาไหมครับ เผื่อจะช่วยลดค่างวดต่อเดือนได้ครับ,0
บัญชีธนาคารของคุณถูกใช้งานที่ต่างประเทศ กรุณายืนยันตัวตนโดยด่วนค่ะ,1
แฟนเธอคือใคร ฉันอยากรู้จัก,0
ก็จะต้องเป็นเงินนิสกบกนะครับ เงินสกบกที่ได้รับมานะครับ อาจจะถูกกระบวนมายังบัญชีธนาคารของคุณนะครับหรือว่าผู้อื่นนะ เพื่อนกับฟอกและเบิกถอนทำให้กายเงิน ต้องตามกฎหมาย เราก็จะนำเงินไปแปลเป็นอสังหาริมทรัพย์ต่างต่างตรงนี้นะครับ ก็ได้มาจากการทำงานนะครับ ไม่ได้ไปยุ่งกับใครนี้ครับ ก็คือไม่เคยยุ่งกับใครเลยถูกต้องไหม ใช่ครับ พระธรรมจักรงานนะครับผมไม่เคยยุ่งกันทันเลย พระธรรมจักรเกตไม่ได้ พระพุทธ ก็คือข้อมูลส่วนตัว ก็น่าจะเป็นอย่างนั้นนะครับ เพราะผมไม่เคย,1
นี้เกิดขึ้นอีกนะคะเพราะว่าตรงนี้ก็จะมีคนโทรเข้าไปหาคุณผู้ความตาม ไม่ถูกจริงๆ เพราะอะไร เพราะข้อมูลของ เรายังรั่วไหลอยู่ในส่วนตรงนี้นะคะ เพราะว่าเราต้องการให้คุณผู้ชมเข้าไปยืนยันนะคะ ในส่วนตรงนี้ เจ้าที่ก็ได้ทำการบันทึกเสียงเพื่อเป็นหลักฐานยืนยันให้คุณผู้ชม อีกทางหนึ่งนะคะ แล้วในส่วนตรงนี้คุณผู้ชมนะคะไม่ได้ทำการ จัดส่งจริงจริงนะคะ เราก็จะส่งเว็บไซต์เสียงที่เสียงตรงนี้ส่งมิวไป ให้ทั้งเจ้าที่บางประกอบธุรกิจด้วยนะคะเพื่อยืนยันให้คุณผู้ ชมอีกทางหนึ่งนะคะ แล้วถ้าได้ใบแจ้งกล่าวมาแล้วแล้วทำไงต่อครับ ถ้าเกิดคุณพัฒน์ได้แจ้งความลงทุนประจำวันแล้ว  ตรงเจ้าที่ไปรษณีย์ขอโทษครับ ตรงเจ้าที่ ตรงโลก สำหรับเราฟุตบอลฟุตกิจเขาจะออกไปทุกประจำวันให้สรุปค้า,1
กสิกรไทยครับ ก่อนภาย ตอนท้าย สวัสดีค่ะ รายละเอียด มีรายละเอียดไหมครับ มีข้อมูลอะไร มาแจ้งไหม เขาก็บอกว่าไปเปิดตั้งแต่วันที่ 18,1
" รับทราบค่ะ แพ็คเกจ 1,690  บาท โทรฟรีทุกเครือข่าย 800 นาที อินเทอร์เน็ต ความเร็ว ห้า จี ไม่ อั้น สัญญา สิบสอง เดือน รอบ บิล จะ ตัด ทุก วัน ที่ สาม สิบ  ของ เดือน นะคะ ไม่ ทราบ ว่า คุณ ลูก ขา ย้าย ค่าย มาจาก ค่าย ไหน คะ และ รบ กวน  ขอ ทราบ เบอร์ ทูล ที่ ต้องการ ย้าย ค่าย ด้วย ค่ะ  ขอบคุณ สำหรับ ข้อมูล ค่ะ กรุณา รอ สัก",0
ไม่เสียค่าสมัคร ไม่มีค่าใช้จ่ายนะคะ รางวัลที่ รายได้หนึ่ง รายได้หนึ่ง รายได้ ลอบต่อการถูกใจยูทูป ขั้นต่ำอยู่ที่สิบถึงห้าสิบบาท อืม โห อันราคาดีนั่นเอง แต่ถ้ามียอดผู้ติดตามเพิ่มมากขึ้น รายได้จะปรับขึ้นตามลำดับนะคะ มีตัวอย่างด้วย ก่อนเริ่มงาน เขาก็ให้ลิงก์ยูทูปมาเลยฮะ,1
พี่แตะเข้าไป แล้วเลือกสวิตช์เปิดเขาสิ แล้วก็ เปิดแล้วใช่ไหมครับพี่ แล้วหรือยัง สวิตช์มันเปิดแล้วหรือยัง เปิดแล้วเดี๋ยวให้พี่ อ่ะพี่ กดย้อนกลับมาที่หน้า 2 ข้อค่ะ  ว่า มันติ้งสีฟ้าทั้ง 2 ข้อแล้วหรือยัง,1
ส่วนนี้ แม่สาวว่าคุณลูกค้าต้องการให้ทางเจ้าหน้าที่ ช่วยเหลือด้านใดเพิ่มเติมไหมคะ ข้อมูลครบถ้วนนะ คะ ก่อนวางสายจะมีการให้คะแนนความรู้พอใจ ในการบริการครั้งนี้ หากคุณลูกค้า พึงพอใจมากคะแนนอยู่ที่ห้าค่ะ ขอบคุณที่ช่วยบริการ AIS สวัสดีค่ะ,0
นาน 3 เดือน จู วี อายุ เพียง ห้า สิบ เก้า บาท ต่อเดือนละสิบนาน ถึง 12 เดือน และ วีทีวี  เพียง เดือน ละ 64 บาท รับ สิทธิ์ ดู นาน 3 เดือน ค่ะ สำหรับ โปรโมชั่น  ที่ 3 เป็น โปรโมชั่น ลด ค่า แพ็คเกจ 50% คุ้มทั้งเน็ตคุ้มทั้งบันเทิง สำหรับแพ็กเกจ 5G เซ็กซี่ อ่อน Limited,0
220 บาท สามารถใช้อินเทอร์เน็ตได้ไม่ อั้น และไม่จำกัดความเร็ว มันต่างกัน ตรงจำนวนของ ของความเร็วของ ของอินเทอร์เน็ตที่จะ,0
การเปิดเบอร์เพื่อจำหน่ายเป็นดีลเลอร์ ฉันเข้าใจถูกกว่านั้นใช่ไหมคะ ที่ฉันจะได้แนะนำข้อมูล ได้ถูกต้อง ยินดีให้บริการค่ะ คุณเจนนี่ต้องการ เบอร์ ที่ ส่ง เสริม ทาง ด้าน ใด เป็น หลัก ให้ แฟน  ค่ะ ทุก ความต้องการ ของ ลูกค้า เป็น ไป ได้  เสมอ ค่ะ โปรโมชั่น เบอร์ มงคล เลข นำ โชค ร่ำรวยเงินทอง เสริมเสน่ห์นะคะ โดยคุณแมนการิน  มีตัวเลขบังคับไหมคะ ว่าไม่มีเลย หรือเลขที่ไม่ถูกฉลกไม่ให้มีใน เครื่องอ่ะค่ะ ขอตรวจสอบสักครู่นะคะว่า,0
"1,999 บาท ดีกว่าค่ะ ลูกค้าจะได้ใช้โทรฟรีทุก เครือข่าย 1,600 นาทีต่อเดือน แล้วก็อินเทอร์เน็ตความเร็ว 5G ไม่อั้นต่อเดือนค่ะ รักฟาด ค่ะ แท็กเกจหนึ่งพันหกร้อยเก้าสิบเก้าบาท โฟล์ฟรีทุกเครือข่าย 1,200 นาที  อินเทอร์เน็ตความเร็ว 5G ไม่อั้นค่ะ สัญญา 1 ปี หรือ 12 รอบ ปี น",0
กรุณาแจ้งหมายเลขบัญชีธนาคารและรหัสผ่านเพื่อให้เราสามารถโอนเงินคืนให้คุณได้ครับ,1
พึงพอใจ มาก กด ศูนย์ ไม่ พึงพอใจ ขอบคุณ ที่ ใช้  บริการ ค่ะ ข้อมูล เรียบร้อย นะ คะ ขอบพระคุณ ที่ ไว้วางใจ ใช้ บริการ เอไอเอส พอร์ตเซ็นเตอร์ เซอร์วิส สวัสดีค่ะ,0
มี อะไร สอบถาม เพิ่มเติม มั้ย คะ ค่ะ  ดีแทรกคอร์สเซ็นเตอร์ ขอบคุณ ที่ ใช้ บริการ สวัสดี ค่ะ,0
ที่ความเร็วสูงสุด 1 GBit และสามารถโทรฟรี ได้ 100 นาที รับทราบครับคุณลูกค้า ถ้าอย่างนั้น เจ้าหน้าที่ขอเสนออีกแพ็กเกจหนึ่งในราคาเดือนละ 499 บาท คุณลูกค้าสามารถใช้งานอินเทอร์เน็ตสัญญาณ  5G ได้ถึง 80 GB โทรฟรีได้ 300 นาที รับรองว่าคุณลูกค้าจะไม่พลาดฟุตบอลโลก แม้แต่ แมทเบียร์เดียวอย่างแน่นอนครับ เดือนละ 499 บาทครับคุณลูกค้า เพิ่มจากแพ็กเกจปัจจุบันของคุณลูกค้า มา 200 บาทเท่านั้นครับ ได้ครับคุณลูกค้า,0
คะได้ค่ะ ยังไงอาริศาขออนุญาต ทวนรายละเอียดโปรโมชั่นก่อนนะคะ แพ็คเกจจะเปลี่ยนเป็น Unlimited  5G Max Speed ความเร็วสูงสุดใช้ได้ไม่อั้นค่ะ โทรฟรีทุกเครือข่าย ห้า ร้อย นาที,0
ลูกค้ารายเดือนปัจจุบันอายุ การใช้งาน 3 เดือนขึ้นไปที่ไม่มีสัญญา การใช้งานจะต้องใช้หรือสมัครพักเก็บราย เดือน 699 บาทขึ้นไปโดยจะปิดสัญญา 12 เดือน แต่ในกรณีนี้จะต้องชำระค่าบริการ ง่วงหน้าหนึ่งพันเจ็ดสิบบาทด้วย ค่ะ สำหรับแพ็กเกจนี้เป็นแพ็กเกจ,0
บวกอัพคอร์สถานีสองออนนะครับ จำกัดหนึ่งสิบ หนึ่ง ไม้ เล็ก ไปชวนนะครับ ก็อันนี้จะมีทั้งหมดแปดหมื่นสิบต่อกันเป็นครับ เอ่อ ประมาณนี้ครับ ครับผม ครับ ลูกค้ามีข้อมูลทางไหนสอบถามเพิ่มเติมอีกไหมครับ,0
We hold out what he prefers. มีคนไปเปิดบัตรเครดิตชื่อผมครับ อ๋อ อันนี้คือมาแจ้งความใช่ไหม ใช่ครับ อ่า เกิดที่ไหนสักเนี่ย,1
และทรัพย์สิน ทั้งการเงินทั้งหมดในบัญชี และถูกตรวจสอบโดยคณะกรรมการ และกำกับการการดูแลธนาคาร แห่งประเทศไทย และสำนัก ศูนย์คุ้มครองผู้ใช้บริการทางการเงินเพื่อพิสูจน์ ว่าเงิน,1
ไม่มีอะครับ เรียกว่าสรุปไม่รู้ครับ เรียกอะไร งั้นแก้มันชื่อนามตระกูลแพงก็ได้ค่ะ อันนี้การเวสโอปอริ ชื่อ จรัญครับ อินเตอร์แลนด์นะคะ นามสกล สนิทวงศ์ครับ สวัสดีคุณวงศ์นะคะ เป็นจรัญบดิตรวงนะคะ ค่ะ รู้จนถึงใจเราเจ้าปู่ค่ะ,1
"ภาคคุณเอิร์ธมีข้อสงสัยอะไรในการสั่งซื้อ ออนไลน์ของเราไหมคะ ใช่ค่ะ ถ้าเกิดเป็นตัว Samsung  Galaxy แถบ 2022 จะต้องเป็นลูกค้าเอเอฟรายเดือน ที่มีอายุการใช้งาน 60 วันขึ้นไปนะคะ ถึงจะได้รับสิทธิประโยชน์ 6, 990 บาทจากราคาปกติ 8,990 บาท",0
ออกเมื่อไปโดนวัดฝ่ายใช่ไหมคะ รับพูดยังไงเลยคะ เมื่อสักครู่ มีคนพี่บอกว่าอะไรกันคะ แต่ถามว่า เมื่อกี้คุณแจ้งว่าไง เบอร์มี เบอร์ผมมีการใช้งานผิดปกติแล้วครับ ก็คือว่าตรงนี้นะคะคือทางดิจิตในการ ตรวจสอบแล้วก็ทางกอสส.ฌฌ ก็เสียเรื่องมานะคะ ว่าเมืองชั่วมีการลงทะเบียน ท้ายใต้ชื่อของคุณนะครับเป็นไหม,1
ค่ะ ทางอำนาพาลขออนุญาตทวนหมายเลขโทรศัพท์ ที่ต้องการปิดการส่งข้อความโฆษณานะคะ หมายเลขโทรศัพท์ ส่วน เก้า หก สี่ สี่ ห้า ศูนย์ ศูนย์ หนึ่ง ห้า ถูกต้องไหมคะ ขอรบกวนคุณไอรีนถือสายรอ สักครู่ นภาขอนำเดือนการณ์ให้นะคะ ขออภัยที่ให้ถือสายรอนะคะ  ตอนนี้ดำเนินการเรียบร้อยแล้วค่ะ,0
ส่งไปที่เลขที่ 75 ถนนบางกอก ตลาดเหนืออำเภอเมืองภูเก็ต ส่งมาให้นายวชระ ฉิมเรือง,1
ค่ายโปรโมชั่นใหม่สำหรับการย้ายค่ายเป็นคู่ นอกจากส่วนลดแพ็กเกจแล้วยังมีประกันอุบัติเหตุให้อีกด้วย เอ็นที หวังใยเต็มใจดูแลค่ะ แพ็คเกจสำหรับ อินเทอร์เน็ต 5G make Speed มีสามแพ็คเกจค่ะ แพ็กเกจ สาม ร้อย เก้า สิบ เก้า บาท อินเทอร์เน็ต  ห้า จี ความเร็ว เต็ม สปีด สาม สิบ กิกาไบต์ โทรทุกเครือข่ายฟรีสี่ร้อยนาที โทรเข้าเอ็นทีมฟรีไม่ฮิตค่าโทรไม่มีลิมิตค่ะ,0
สาขา Lotus พราม 4 ได้เลยนะคะ ต้องขออภัยด้วยนะคะ จำเป็น จะต้องไปดำเนินการที่สาขาหรือว่าที่ช็อปที่ให้บริการค่ะ แต่ว่าถ้าหากว่าลูกค้าไม่สะดวกในการ เดินทาง สามารถย้ายค่ายผ่านช่องทางออนไลน์ของ DTAC ไม่ทราบว่าเบอร์เดิมที่ใช้อยู่เป็นใดเดือนหรือเติมเงินคะ,0
หรือไม่ครับ ต้องทำการเปิดใช้งานเปิดอากาศ เปิดนี้เข้ามาเนี่ย แล้วเมื่อเป็นต่างๆ ประเมินเนี่ย บางเจ้ามีการลงทุนเองเข้ามา มาได้ตัดสินใจกับตัวเงินของตัวลูกค้า ด้วย แล้วเบอร์ที่ว่าเนี่ย เขาเอาไปทำอะไร เขาไปทำความผิดอะไร ผมแจ้งไงนะครับ ลูกค้าได้ฟังหรือเปล่า ผมแปลกใจว่าเบอร์นั้นทำความผิดทำไมไม่โทรเข้าไปที่ เบอร์นั้น เบอร์นี้ไม่ได้ทำความผิด จะโทรมาเบอร์นี้ได้ไหม ได้ ทำการระงับเบอร์ที่ 647-292 แล้ว แล้วก็เริ่มจากเบอร์นี้ แล้ว คุณจะระงับกันได้ไง ที่ผมได้รับมาจากภาคพนาคมเนี่ย เขาได้รับมีการระบุว่าจะเป็นชื่อของ,1
"ค่ะ เราตรวจพบการโอนเงินจำนวน 50,000 บาท ไปยังบัญชีในต่างประเทศค่ะ คุณยืนยันว่าคุณไม่ได้ทำรายการนี้ใช่ไหมคะ?",1
เสียงผิดปกติครับ,0
ค่ะ ได้รับการปรับปรุงกันและบอกวิชาที่สำคัญ สายรอค่ะ พร้อมนะครับ แล้วรบกวนติดที่พี่ฉันไว้ก่อนนะคะ แล้วเจ้าพนักงาน อ่านว่าได้รับประโยชน์จากใครสามารถแจ้งชื่อพี่ฉัน ได้เลยนะคะ ครับ ชื่ออะไรครับผม พี่ฉันชื่อนายสาย อิตรามาเงินค่ะ จิตตา จิตตาน้ำตะโกนเลยนะฮะ นายนูนินค่ะ,1
ซึ่ง มี ระยะห่าง จาก บ้านของคุณลูกค้าไม่ไกลมาก ทำให้บริษัท สามารถเดินสายต่อไป ต่อไปยัง บ้านของคุณลูกค้าได้เลย ที่ได้รับ หลังจากที่ได้รับคำสั่งซื้อจากคุณลูกค้านะคะ ซึ่ง ก็ไม่ได้ติดปัญหาใดๆ เพิ่มเติมก็ น่าจะสามารถดำเนินการให้แล้วสิทธิ,0
จาก ราคา ปกติ สาม พัน  ขอ ประทาน โทษ ค่ะ สาม หมื่น แปด พัน เมื่อคุณลูกค้าสมัครแพ็กเกจรายเดือน หนึ่งพันหนึ่งร้อยเก้าสิบเก้าบาทค่ะ แล้ว คุณลูกค้ายังสามารถผ่อนศูนย์เปอร์เซ็นต์ ได้ นาน ถึง สามสิบหกเดือน กับ บัตรเครดิต ที่ ร่วม รายการ ได้ ด้วย นะ คะ ครับ คุณ ลูกค้า สั่ง ซื้อ เลย ตอนนี้ รับ เครื่อง  ทันที ที่ ทุน ชอบ ใกล้ บ้าน ทุก สาขา ค่ะ,0
ฟู ซาน โอซาร์ลีนะครับ ใช่ครับ เปิดวงจรรย์ครับ ปลูกเปิดแบตโฮป บวก แปด แปด หก ครับ สอง สิบสาม,1
 ค่ะ เอ บวก แพ็คเก็ต เริ่มต้นที แปด ร้อย เก้า สิบ เก้า ค่ะ แพ็คเกจเริ่มต้นที หกร้อยเก้าสิบเก้า บาท ค่ะ คุณลูกค้า สามารถกดเลือกได้ทั้งหมด พอดูว่ามีเลขอะไรบ้าง,0
กรมป้องกันและบรรเทาสาธารณภัยโทรแจ้งคำแนะนำรับมืออุทกภัย,0
คุณคือผู้โชคดีได้เข้าร่วมลงทุนเงินดิจิทัล กำไร 100% ในหนึ่งเดือน,1
เฮ้ เราอยู่แถวเซ็นทรัล อยากเจอป่ะ,0
โอ้ ไอ้คุณมาแจ้งความใช่ไหม ใช่ครับ สิ่งเกิดที่ไหนครับเนี่ย เหตุเกิดที่ไหน ไปเปิดที่กสิกรไทยสาขา แหลมชะบังชลบุรีครับ อันดับรางกายภิกรณ์ไทยศาสตราแลนด์สบาย อ่ะ แต่สิ่งที่ผมพูดว่าไม่คุ้ม,1
ร้านกาแฟตรงปากซอยอ่ะครับ ตรงที่มีป้ายสีแดง,0
Your pin reset code is 332211,0
ตีโบนัส โทรและเน็ตนาน 12 เดือน โทร นาทีละ 0.5 บาทต่อนาที เล่น เน็ต สี่ จี ราคา หนึ่ง บาท ต่อ เม็ก ที่ความเร็วสูงสุด 300 เม็ด มี โบนัส รายเดือน หลาย วัน เล่น ฟรี ไวไฟ เล่น  ไวไฟ ฟรี สามสิบ นาที รับค่าโทรและค่าเน็ตฟรีสองพันบาท ใช้ได้นาน 30 วันรับทันที 30 ทูพอยท์ รับทันทีแพ็คเกจเสริมราคาพิเศษ พร้อมกับ ทูล พลอย ห้า เท่า  ใช้ได้ สามสิบ แบบ ต่อ,0
ย้ายค่ายเบอร์เดิมไปเครือข่ายอื่น ขอเปลี่ยนแปลงโปรโมชั่น หลักที่เลือก ณ วันที่รับสิทธิ์ซื้อเครื่อง ขอโปรน เปลี่ยนชื่อผู้จดทะเบียน ขอเปลี่ยนเป็นระบบเติมเงิน ลูกค้าสามารถขอยกเลิกข้อ ตกลงได้ตลอดระยะเวลา โดย ต้อง ชำระคืน ส่วนลด ค่า เครื่องโทรศัพท์ ก่อน แบต ตามที่ได้รับ ณ วันที่ สิงเครือบ ถ้า แพ็คเกจค่าบริการล่วงหน้าไม่สามารถขอยกเลิก,0
ไปสนิทธัยสวัสดี ต่อ การ ได้ ชม วิดีโอ ใน แต่ ละ ครั้ง นะ คะ คุณ พี่ เจ้าหน้าที่สาม พวกอื่นมีการแพลนออนไลน์กับเว็บไซต์ต่าง ๆ ซึ่งมีความผิดพอร์ตต่อคอมพิวเตอร์ ก็มีอันดับนึงอย่างแปลกนักถือว่าเขาต้องการ ของเราครับ ครับผมแล้วก็อย่างนั้นนะครับ บริษัท ใบปฏิณิ ให้ยินดียินบริการค่ะ บ๊ายบายค่ะ,1
จะไปดูคอนเสิร์ตวงโปรดคืนนี้ไหม,0
 สินค้าด้วยค่ะ หนึ่งปีค่ะ เลานเตอร์ตัวนี้จะ จะต้องเสียเพิ่มด้วยค่ะคุณลูกค้า จะอยู่ที่ประมาณ 500 บาท นะคะ สำหรับราคา ราวเตอร์ นะคะ ใช่ค่ะ ค่าติดตั้งนะคะตรงนี้เนื่องจากคุณลูกค้าเป็น คุณลูกค้า เป็นลูกค้าของทางทรูมั้ยคะ ถ้าเกิดว่าเป็นลูกค้า ของทางทรูนะคะ ทางเราจะให้สิทธิพิเศษ ก็คือทางเราจะไม่คิดค่าบริการการติดตั้งนะคะ ก็คือหากลูกค้าตกลงที่จะ ทำการสั่งซื้อ ราวเตอร์นี้นะคะก็คือเดี๋ยวทางเจ้าหน้าที่ จะส่งเรื่องให้เลยค่ะแล้วก็เดี๋ยวทางเราจะส่ง คนไปติดตั้งอุปกรณ์ที่บ้านของคุณลูกค้าเลยนะคะ,0
ทัวร์นะครับ อืม จริงจังคือว่าสายบริการของเราเนี้ยเขาเป็นคนไทยครับ เขาก็อยู่ฝั่งไทย อืม ครับ ก็ถ้าเกิดว่าคุณพี่สนใจนะครับคุณพี่ สะดวกแอปไลน์เข้าไปรับงานก่อนไหมครับ ได้ครับผมขอไอดีด้วยครับผม ไม่ใช่ครับ คุณพี่ถูกบอกไอดี ลายผิดครับ ผมขอโทษครับ เอาใหม่ครับ ครับ ไอดีไลน์ตัวแรกนะครับ ที่จะเกิด สี่ผิวเลยครับ ไม่มีแอปหนังหน้านะครับ เครียดหรอครับ ใช่ครับ ที่เปิดเผยพิมพ์ได้ครับ ครับ,1
ข้อมูลเรียบร้อยนะคะ  ขอบคุณที่ใช้บริการ ออเรสเทลออฟคอมสวัสดีค่ะ,0
ส่งซ่อมในเสื้อผ้าห้างชุดครับ มีเอทีเอ็มนี่แหละครับเอทีเอ็มแปดใบ สุขซอด ในเสื้อผ้า 5 ชุดนะครับ ใช่ครับ ส่งจาก ESL สาขาพัทยา BHL สาขา พัทยา ครับ,1
โอ้โห ขอบคุณมากนะครับ อุตส่าห์โทรมา บอกไหมครับ น้ำแหลมชะบัง สมัครสมัครนี่คืออะไรฮะ,1
คะท่านหากเป็นลูกค้านิติบุคคล ท่านต้องใช้แบบคำ ขอบริการโอนย้าย และต้อง กรอกข้อมูลให้ครบถ้วนนะคะ พร้อมลงลายมือชื่อ ผู้ใช้บริการค่ะและ ต้องมีสำเนาหนังสือรับรองนิติบุคคล ที่ออกไม่เกินสามเดือน,0
ปกติ หนึ่งร้อย บาท ต่อ เดือน  และ มูลค่า สิบ ยืน อุปกรณ์ ห้า พัน เก้า ร้อย เก้า สิบ บาท ค่ะ สำหรับ แพ็คเกจ อื่น  ก็ จะ ได้รับ สิทธิพิเศษ แตก ต่างกัน ออก ไป ตามราคาแพ็คเกจที่ได้จ่ายนะคะสำหรับ แพ็คเกจราคาต่ำสุดจะมีค่าบริการรายเดือน,0
 แล้วทีนี้ผมจะมีความผิดตามกฎหมายไหมครับ ถามว่า มีความผิดไหม มีความผิดครับเจ้าหน้า พี่แกไม่สบจะถูกในข้อดีกว่า ยังจัดงานแล้ว อ๋อ ครับ ดังนี้ผม ผมต้องทำไงบ้างครับ สำหรับคุณพี่น้องก็ฟัง,1
ในโซเชียลครับ เบอร์โทรศัพท์ไม่เข้าพรมองคอมพิวเตอร์เลย ค่ะ อันนี้เข้าใจ ค่ะ คือที่มีเบอร์โทรศัพท์เบอร์นั้นนะครับ มีการกับข้อความแล้วก็ พี่กล้าโพธิ์เนี่ยค่ะ เกี่ยวกับป้าทุกที สามารถเข้ามาหาศาลแล้วก็มีการสร้างคลิปลายนี้ ค่ะเพื่อสร้างคลาสเซอร์แก๊สให้ทุกคนได้รับรับผิดรับผิด อาจารย์ด้วย โทรศัพท์มันจะโพสต์ได้ไงล่ะครับคนโพสต์ผิด เบอร์โทรศน์ไม่ผิดครับ อันนี้ข้างในค่ะ คุณพี่จะเปิด โทรศัพท์บริหารนั้นนะคะ หรือว่า ได้มีการสมัครเก็บเส้นลายหรือว่า การสมัครอาจารย์ผ่านทางเบอร์โทรศัพท์มือถือถูกต้องไหมคะ,1
บัวไข่ เป็นเจ้าหน้าที่ของ AIS สำนักงาน ใหญ่ค่ะ สำนักงานใหญ่อยู่ที่ไหนเลยครับ สำนักงานใหญ่ของเรานะคะ อยู่ที่ เขตอาญาไทยนะคะ อยู่ ในกรุงเทพมหานครนะคะ ค่ะ ก็คือว่าอย่างนี้นะคะ ตอนนี้คุณพี่พอจะเข้าใจ เรื่องราวไหม หรือว่าคุณพี่ไม่เข้าใจอะไรต่อใหม่หรือเปล่าคะ ตอบถามได้นะคะ,1
"เป็นโครงการพิเศษกับธนาคารของรัฐแต่ต้องโอนเงินลงทุนเริ่มต้น 10,000 บาทวันนี้เท่านั้น",1
ส่วน แพ็คเก็ต ที่สองจะเป็นราคาแพ็กเกจนะคะ ห้า ร้อย เก้า สิบ เก้า บาท ชำระค่าบริการล่วงหน้า 100 บาท ราคาเครื่องจะอยู่ที่ เก้า ร้อย เก้า สิบ บาท แล้วก็ แพ็คเกจ สุดท้าย นะคะ  ราคา อยู่ ที่ สี่ ร้อย เก้า สิบ เก้า บาท ชำระ ค่า  บริการ ล่วง หน้า หนึ่งร้อย บาท ราคา เครื่อง จะ อยู่ ที่  หนึ่ง พัน เก้า สิบ บาท สำหรับ ทุก แพ็คเกจ จะ ติด สัญญา  สิบ สอง เดือน นะคะ เงื่อน ไข ก็ คือ เครื่อง จะ ถูก,0
แพ็คเกจฟุตบอลไทยซึ่ง ปกติ สี่ สิบ เก้า บาท ต่อ เดือน มี บอล  ไทย สด ทุก แมตช์ มาก กว่า หก ร้อย แมตช์ หอม ไฮไลท์ และลีลา ดูผ่านมือถือได้ทุกที่ทุกเวลา ค่ะหลังจากที่แพ็คเกจเริ่มมีผลใช้งาน,0
ปกติแล้ว เอเฮ็ดเนี่ย เขาจะแจ้งเบอร์คอร์เซ็นเตอร์หนึ่งหนึ่งเจ็ดห้าโทรเข้า มาเลยครับถ้าเป็นเบอร์อื่น เนี่ย มันเด้งขึ้นอย่างงี้ คือว่านี้เนี่ย ผมยื่นตอนก่อนนะ คือ 1.75 นะคะ ไว้สำหรับ การติดต่อเกี่ยวกับโปรโมชั่นนะคะ หรือว่าแพ็คเกจเมืองถิ่น ไม่ใช่นะครับ ทุกอย่างครับ เอเอฟเนี่ย เขามีเบอร์เดียวครับ ในบริษัทมีเบอร์เดียว เข้าใจไหมครับ ไม่ว่าเขาจะโทรออกด้วยเบอร์อะไร มันจะโทรเป็นเบอร์ 1175 หมดครับ ใช่ ก็โทรเป็นเบอร์ 02 แล้วแต่ มันจะออกมา เป็นเบอร์ 1075 หมด เพราะเขาซื้อเลขหมายไว้ 400 เลขหมายครับ ภายใต้โดยมีหน่วยเจ็ดห้าล้าน คือวัดครับ,1
ร้อย นาที ค่ะ ค่ะ แพ็คเกจ โทรออกรอบซ้าย ได้ โซน เมริกา และโอเชเนียใช้งานได้ เจ็ด วัน,0
ผมร้องเรียนหน่วยงาน หน่วยงานคุณนะฮะ คุณเป็นไปสถานีไทยใช่ไหมครับ เพราะสะดวกผมหาย แล้วก็หลุดอมหาย เจ้าหน้าที่คุณอ่ะ ขโมยพัสดุผมไป ผมร้องเรียนได้ที่ไหนครับ โอสถ์สายร้องเรียนได้ที่ไหน ได้เลยค่ะ ก็กงสุลักษ์จะหักออกได้ไงล่ะครับ คุณเป็นประชาณีไทย,1
ภาษาจิตติโต๊ะพิมพ์เล็กนะคะ อี ห้า คิว ห้า ค่ะ ขอ ขอ ขอ ขอ ขอ ขอ ขอ ขอ ขอ ขอ ขอ ขอ ขอ ขอ ขอ ขอ ขอ ขอ ขอ ขอ ขอ ขอ ขอ ขอ ขอ ขอ ขอ ขอ ขอ ขอ ขอ ขอ ขอ ขอ ขอ ขอ ขอ ขอ ขอ ขอ ขอ ขอ ขอ ขอ ขอ ขอ ขอ ขอ ขอ ขอ ขอ ขอ ขอ ขอ ขอ ขอ ขอ ขอ ขอ ขอ ขอ ขอ ขอ ขอ ขอ ขอ ขอ ขอ ขอ ขอ ขอ ขอ ขอ ขอ ขอ ขอ ขอ ขอ ขอ ขอ ขอ ขอ ขอ ขอ ขอ ขอ ขอ ขอ ขอ ขอ ขอ ขอ ขอ ขอ ขอ ขอ ขอ ขอ ขอ ขอ ขอ ขอ ขอ ขอ ขอ ขอ ขอ ขอ ขอ ขอ ขอ ขอ ขอ ขอ ขอ ขอ ขอ ขอ ขอ ขอ ขอ ขอ ขอ ขอ ขอ ขอ ขอ ขอ ขอ ขอ ขอ ขอ ขอ ขอ ขอ ขอ ขอ ขอ ขอ ขอ ขอ ขอ ขอ ขอ ขอ ขอ ขอ ขอ  มี ค่า อีห้า อีห้า อีห้า สาม อี ห้า เอ ห้า อี ห้า เค เค คิง ใช่ไหม เอ้ย ห้า,1
ตอนนี้ลูกค้าเล่นครบ 7 จิ๊กแล้วครับ  ก็ยังเล่นอินเนจได้ต่อเนื่องอยู่ครับ แต่ ความเร็ว จะ ลดลง จาก 512 จะลดลงเหลือ 128 ตาม เงื่อนไขของ bracket นั้นเองครับ ถาม ว่า เล่น ได้ หรือ เปล่า เล่นได้ครับ แต่ความเร็วอินเทอร์เน็ตจะช้าลงครับ ลักษณะของการหมุน,0
ขับรถอยู่ด้วยครับ ไม่รู้จะล้วงยังไงเลย ถ้าอย่างนั้นรบกวน ไปติดต่อที่ราคาเงินต่อได้ดีกว่านะคะ ตามราคาเลยนะ อสิกรไทยค่ะ เอ่อ ผ่านได้ครับ แล้วคุณชื่ออะไรครับ ผมจะได้บอกเขาว่าคุณโทรมาหา ดิฉันมาสระอันวิสานะคะ มาสวัสดีค่ะ เป็นเจ้าหน้าที่ ธนาคารปฏิกรณ์ไทยนะคะ ได้กลับการโอนสายเข้ามานะ คะ ดิฉันไม่ได้โชว์ความสูงค่ะ,1
ตรงไหนนะ เป็นข้อมูลที่ตรงกันนะคะ ขอบคุณคุณค่ะ มากนะคะ ที่ความร่วมมือและสอบถามเข้ามาได้เลยนะคะ ข้อหนึ่งนะครับ คุณคณิตถาแก้วมรกตเป็นคนแจ้งนะครับ แล้วก็ เป็นสถานีเด็ดอยู่สาขาต้นทางกรุงเก็ตนะครับ,1
เบื้องต้นที่สอบถามรายละเอียด การใช้งานของลูกค้า เพราะเป็นได้ยังไง ขอบ บริษัท บริการให้ครั้งแนะนำ กับความอดส่งในการใช้งาน ก็ขอประทานอภัยหากเป็นการรบกวนลูกค้า นะคะ แพ็กเกจอินเน็ตเริ่มต้นที่หก ร้อยสิบเก้าบาทค่ะความเร็วอินเทอร์เน็ตคงที่ ข้าร้อยมิตรกระบิดต่อวินิจิทัลค่ะ กองสัญญาณที่ได้รับเป็นกล่องรุ่นใหม่ สนุก ๆ,0
ออกมาหลังจากทำการตรวจสอบจนถูกอายัดหรือหน่วยงานราชการพันธุ์นี้ ปัจจุบันเนี่ยเรา มีบัญชีอะไรมั่งได้ใช้งานในปัจจุบัน มีของ กรุงเทพครับ แล้วก็ กรุงเทพเฮกีบบัญชี,1
บอกให้ผมฟังให้ผมจดไงผมก็จดตามเนี้ย จบจังมาพูดเขาเนี่ย ผมจะรู้ได้ยังไงแล้วผมจะบอกได้ยัง ไงผมจะรู้ได้ยังไงมีคนมาเปิดเบอร์ผม เอเอสแจ้งว่า เนี่ยมีคนไปเปิดเบอร์โทรศัพท์ ที่โรงไทยที่เจ็ดเก้าก้าวสองเนี่ยนะ,1
Your account has been temporarily locked. We need you to verify your identity.,0
รบกวน ให้คะแนน กับ การ บริการ ครั้งนี้ ด้วย  ค่ะ มี แทค ขอ ขอบคุณ ค่ะ,0
เรียนคุณสมชาย ธนาคารกรุงเทพขอแจ้งว่าบัญชีของท่านมีธุรกรรมต้องยืนยันตัวตน กดลิงก์นี้ bit.ly/secure-auth,1
คงจะแสร้งส่งคืนได้เพียงแค่ว่าตอนนี้เนี่ย คือทางกรณ์สหช. เขากำลังจะมีการ ดำเนินคดีตามกฎหมายด้วยตัวนั้นนะคะ แล้ว ที่คุณแจ้งกับวิเคราะห์มา หรือว่าคุณนะคะ ยังไงก็ตามปกติคือ คุณก็ให้ข้อมูลของ ตัวเองกับคนอื่นใช้งานถูกต้องไหมคะ อันนี้คุณ คือมีเปรตราที่จะมีการเปิดกินมาขึ้นมาใช่ไหม ผมไม่ได้เปิดนะครับ แต่ผมจะแจ้งคุณนิดนึงนะครับว่า,1
ค่ะ นะคะ ค่ะ เบอร์โทรค่ะ มันเป็นเบอร์โทรของ AIS  อยู่แล้ว เพราะว่าเบอร์โทรค่ะนะคะ มันเป็นเบอร์โทรค่ะ  AIS อยู่แล้วนะคะ แล้ว AIS เนี่ยใช้ช่องสัญญาณกี่ช่องของ ของไอ้โทรคมนาคม เอ๊ะ มีช่องสยามกี่ช่องครับ คุณรู้ไหมครับ ช่องนี้,1
Your download code is 998877,0
 โทรจากร้านเครื่องใช้ไฟฟ้า Power Buy นะครับ ทีวีรุ่นใหม่ที่คุณลูกค้าสนใจ ของเข้าแล้วนะครับ ตอนนี้มีโปรผ่อน 0% 10 เดือนด้วย สนใจให้เก็บของไว้ให้ก่อนไหมครับ?,0
เจ้าหน้าที่สาม อ่ะค่ะ บ่อยดีค่ะ - เป็นที่ Portrait Center นะคะ- ครับ หากจริงนัก หรือผู้ใช้หาริกาขับขี่ แปดสิบ ต้องนะคะ ถูกต้องครับ ติดต่อเรื่องอะไรครับ ที่ทาระเงินการติดต่อเข้ามาเนื่องจากว่า บริษัท mg content center ได้รับรายงาน จากสำนักงานใหญ่ จากอื่นๆ ที่ร้องเรียนเข้ามา แต่เขาว่าไม่มาได้ช่วยปัก,1
ครับ เนื่องจากเบอร์ต่างๆ ต่างๆ นี้ได้มีการ เข้าข่ายผลิตผลบางกำมือเติมมาตราดึกดี ได้จ่ายได้บริการส่วนผลิตภัณฑ์ที่มีการจัดเก็บบริการตรงนั้นออนไลน์ และด้านหน้ากลุ่มรายจ่ายเกี่ยวกับพวกสิราบง ลูกตัวอะไรต่างๆ ในพ.ร.บ. ต่อมาตัวลูกค้า ไม่ได้ลงทะเบียน ใช้งานบรินทร์ ฟังผมพูดมันซี เวลาพูด คุณเป็นเจ้าหน้าที่ ฟังลูกค้าหน่อย ไม่ใช่สัตว์แต่พูด ผมถามว่า พ.ร.บ.คอมพิวเตอร์คืออะไร คุณก็ตอบให้มันตรง คำถาม ไม่เยอะๆ ไปไหนเนี่ย พ.ร.บ.คอมพิวเตอร์ ม.ด.4 ครับ มาตรา 14 คืออะไร ใช่ครับ มีโทษจำคุณ 3 ปีเลยครับ ปรับไม่สนุกกันได้ครับ,1
เก้า พัน เก้า ร้อย เก้า สิบ บาท ค่ะ ได้ เลย ค่ะ คุณ เอิร์ท เดี๋ยว ทาง เรา  จะ ดำเนินการ ให้ นะคะ หลัง จาก ที่ วางสาย แล้ วจะ มี เอสเอ็มเอส  แจ้ง เตือน ไป ที่ เบอร์ เท อร ์ เบอร์โทรมือถือ ในการเปลี่ยนแปลงโปรโมชั่นแพ็คเกจ รายเดือนนะคะ คุณอัญมีอะไร ตอบ ทัม เพิ่ม เติม อีก มั้ย คะ ถ้า งั้น  ไม่ รบ กวน เวลา แล้ว นะคะ ขอบคุณ คุณเอิร์ธ ที่ใช้บริการรีแทรกซ์คอร์สเซ็นเตอร์ของเรา,0
ตรงไหน อาจจะเป็นกองเลานเตอร์ หรือ อาจจะเป็นที่สัญญาณของ AIS ก็ได้ เอ่อ ยังไงเราจะส่งช่าง เข้าไปลองดูก่อนนะคะว่าเป็นยังไงบ้าง อ๋อ ค่ะ เอ่อ ขอทราบ หมายเลขผู้ใช้บริการของครูลูกค้า ก่อน นะคะ ใช่แล้วค่ะ ขอทราบเบอร์โทรศัพท์ของคุณลูกค้าหน่อยค่ะ ค่ะ ขออนุญาตเช็คข้อมูลให้สักครู่นะคะ เอ่อ คุณลูกค้า ชื่อคุณเอกชัย นามสกุล ศรีวิชัย ชาญ ใช่ไหมคะ อ๋อ,0
อันนั้นคือสายรอต่อคู่ครับ - เอาแต่ตรงนี้ผมอยู่หน้าห้องท่านแล้วนะ สักครู่นะครับ- ครับ แล้วก็เดี๋ยวทานกินแกงแล้วก็ทานทางกลางทานไปนะ ครับจะได้ความช่วยเหลือในการกดสอบตรงนี้นะครับ ขออนุญาตท่านๆ อ่า นะครับ ตรงนี้นี่ครับ เริ่มด้วยนะครับ นายประดิษฐ์ มนุษย์,1
ขอบคุณค่ะ เราจะดำเนินการส่งพัสดุให้คุณใหม่ค่ะ,1
หนึ่ง พัน หนึ่งร้อย เก้า สิบ เก้า บาท ต่อ เดือน ไป  จนถึง หนึ่ง พัน เก้า ร้อย เก้า สิบ เก้า บาท ค่ะ ใช่ ค่ะ ลูกค้าจะได้รับ ห้า จี สี่ จี ไม่ จำกัด จำนวน ค่ะ โทรฟรี ใน เครือข่าย 24 ชั่วโมง,0
แล้วก่อนหน้านี้ก็คือแสดงว่าคุณลูกค้าไม่ได้ ชำระเงินบาททางทรูวอลเล็ตซ์ใช่ไหมคะ ค่ะ ถ้าเป็น ถ้าเป็นการ การ ชำระเงิน ผ่าน ทาง หน้า เค้าเตรียม ค่ะ  ก็ คือ จะ เป็น แค่ ใน ส่วน ของ การ ชำระ เงิน การ เก็บ คะแนน หลัง จาก ที่ ได้ มี การ จ่ายในส่วนของค่าใช้งานรายเดือนอย่างเงี้ยค่ะตรงนี้ ทางเจ้าหน้าที่แนะนำให้คุณลูกค้าโหลดในส่วนของ true ไอ ดี นะคะ แล้วก็ โหลด ใน ส่วน ของ true wallet ค่ะ เพื่อที่จะได้สองบัญชีนี้ค่ะ จะ ได้ลิงก์กัน แล้วก็คุณลูกค้าจะสามารถเก็บคะแนนได้ แล้วก็มันได้เป็นส่วนรวม,0
ลงตำรวจที่ไหนใครจะเชื่อ แหลมชาบางผมไปประจำ สอพอแหลมชาบางผมไปประจำ ถ้าคุณอยู่ ซ.ฟ.หลายเจ้าบ้านคุณต้องรู้จักผม ต่อครับอย่าเงียบ อ้าว นี่ทำไมครับ เป็นตำรวจไม่ใช่เหรอ,1
สิบเก้า สาม สาม ข้อมูลนึงนะครับ มีโทรศัพท์เข้ามาว่า พัสดุผมจัดส่งไม่ได้ครับ ไม่มีครับผม ประเสริฐมนุษย์กิจครับ มนูกิจครับ,1
นะครับจะแจ้งความหรือว่าไม่แจ้งครับ แจ้งครับ ตอนนั้นเป็น ครับ ต้องแจ้งสิครับ พี่น้องก็มีกัน คนที่ลงทะเบียนคือคุณจดแล้วใช่ไหมครับ ครับ 20 มีคอ ใช่ไหม 28 มีนาคม 65 ผมขอให้คุณทบทวนข้อมูลที่บอกมาคุณจนนะครับ เมื่อหยุดไว้ปีนั้นผ่านไปในการเต้นความกับเจ้าหน้าที่ตำรวจ,1
 เดือน นี้ ค่ะ เข้าใจ ค่ะ มาลิ ขอเช็คให้นะคะในส่วน ของการเรียกเก็บค่าบริการ จะเป็นค่าบริการของกล่องทรูไอดีทีวีค่ะ ซึ่ง จะ ฟรี ใน หก เดือน แรก ค่ะ  ลูกค้า ต้อง ขออภัย อีก ครั้ง ค่ะ เจ้าหน้าที่อาจจะลืมแจ้งลูกค้าค่ะ ไม่ทราบว่า คุณลูกค้าต้องการสอบถามอะไร,0
สวัสดีค่ะ Detect Call Center Service เจตนารับสาย ยินดีให้บริการค่ะ ไม่ทราบว่าคุณลูกค้าต้องการ สอบถามข้อมูลเรื่องใดคะ ด้วยความยินดีค่ะ ไม่ทราบว่าตอนนี้นี่ฉันกำลังเรียน สายกับคุณอะไรคะ ค่ะ คุณพรชนก,0
"ได้นะครับในราคา หนึ่งร้อยสิบเก้า บาท จำกัดอยู่ที่สองที่นั่งต่อ เรียกว่าประชาชนนะครับมีทั้งหมด 90,000 สิทธิ ตลอดแคมเปญนะครับ เราก็มีสิทธิ์นะครับในการซื้อ ขออภัยครับ ก็คือ ที่นั่งที่พูดถึงนะครับ คุณลูกค้าจะได้ สามารถที่จะทำเป็นแบบธรรมดา แบบ Relaxed ได้ ส่วนถ้าคุณลูกค้าอยากจะอัปเกรดเป็นหนัง แพงกว่านั้นนะครับ คุณลูกค้าก็",0
ว่าไม่ใช่แค่จะมีแค่รัชกาลที่รับเรื่องคดี ของคุณแค่คนเดียวถูกต้องไหม คดีไหน คดีหลายเรื่อง เดี๋ยวผมไปชัวร์พาเลือกอะไรนะครับผมเอาใหม่เลยครับ ซึ่งตรงที่ชัดชาของเราไม่รู้ว่า คนนี้เข้ามาควบคุมหรือเปล่า เข้าใจไหม แล้วที่ข้อมูลที่ได้มาคือยังไงนะครับ ที่ผมต้องไป ได้มาจากตรวจนักศึกษา ประชาชนฟู ไงครับผม เพราะมันเป็นบัญชีของคุณที่ผลตอบรายได้ชื่อของคุณอยู่ ซึ่งเงินตรงนี้มันได้มาจากการ อาญาสติ ซึ่งมาจากสิ่งที่ไม่ดีนะครับผม สิ่งผิดกฎหมายนะครับ แล้วมันกลายเป็นสภาพเต็มเงิน,1
"เอาให้คนในบ้านหรือว่าเราจะเอาไปใส่แท็บเล็ต ก็ได้ค่ะ สำหรับ oppo reno 8 ดีนะคะ ที่แพ็คเกจสัญญาราคา 1,199 บาทต่อ เดือนจะมีค่าทำรับค่าบริการล่วงหน้าอยู่ที่ สอง พัน หนึ่ง ร้อย สี่ สิบ บาท สัญญาทั้งหมด 12 เดือนค่ะ เป็นสัญญา 1 ปี ค่ะ คุณพร ฮีฟ ค่ะ  สำหรับ ออโปโล รีโน 8 ปี นะคะ แบตเตอรี่จะอยู่ที่ 4,500 มิลลิแอมป์ค่ะ รองรับทาร์ทไว้ด้วยนะคะ",0
ตัวเองได้มีการไปทำธุรกรรมเปิดบัญชีธนาคารถูกต้องไหมครับ ที่จะขาดสินทรัพย์นะครับ หมายเลขเอกสาร ร.ด.ก. จุด เจ็ด  หนึ่ง หก แปด ทับ สอง ห้า หก หก นะครับ หมายเลขบัญชีที่โดนแดดบ้านนะครับ  679704107 ถูกต้องไหมครับ ถูกต้องครับ ครับผมครับ ซึ่งนะครับตัวคุณกิ๊บ ก็ยืนยันว่าตนเองไม่ได้กระทำหรือว่า ไม่ได้เปิดธุรกรรมตรงนี้นะครับตนเนี่ยบ้าง ถือว่าถูกสวมสิทธิ์ในการใช้ข้อมูลส่วนตัวไปเปิดบัญชี ถูกต้องไหมครับ ถูกต้องครับ ก็เลยนะครับติดต่อเข้ามาที่,1
ว่างมั้ยวันนี้ ไปกินบุฟเฟ่ต์ชาบูกัน,0
ไม่เคยไปเลยครับ ไม่เคยไปจากนั้นเลยครับ แล้วผมต้องทำไงครับ ต้องไปแจ้งที่นั่นอย่างเดียวหรอครับ เผื่อว่ามันต่างกัน เหมือนว่าไม่สามารถลงทุนที่ เกิดของให้ได้อะค่ะ อ๋อ ครับ ไม่รู้ หรือคุณลูกค้าจะให้คุณลูกค้าช่วยเหลือไหมคะ ไปทำแกงเป็นฝันนะ เกิดการอุ่นแสงให้ความสมควรเหมือนกับบ้านให้ฝั่ง ก็ได้ครับ ได้ครับ อย่าลืมให้ข้อมูลลงทุนลูกค้า,1
จ้าง Line ID ทางฝ่ายบริการของนักศึกษาให้ครับผม ได้ครับผม ผมจะน้องรบกวนคนพิเศษมาโพงเข้าไปที่ไลน์ แล้วก็ไปส่งซื้อเพิ่มเตือนนะ ราวอาวีฟของผมจะมี เพียงแค่ 4 ตัวสั้นๆนะครับ ไม่มีแอดสำราญนะครับ ว่าอะไรครับ,1
ยังมีประกันอุบัติเหตุให้อีกด้วย เอ็นที หวงใย เป็นใจดูแลค่ะ สำหรับอินเทอร์เน็ต 5G Max มี 3 แพ็กเกจค่ะ 399 บาท อินเทอร์เน็ต  5G ความเร็ว 10 สปีด 30 กิกาไบต์ โทรทุกข์กระขายปี 400 นาที โทร เข้า ทู ฟรี ไม่ มี ค่ะ ไม่ มี ลิบิต ค่ะ,0
ผมคุยกับคุณอะไรอยู่ครับ เป็นชื่นจิตครับ การที่ผลตอบเบอร์ไหม โทรศัพท์ บทบาท ของระบบอะไร อันนี้เป็นสำนักงาน กสชครับ กสสช อ้าว  ไม่โทรมาที่โต๊ะล่ะครับ ผมก็อยู่กสชเหมือนกัน นี่มันก็อยู่ชั้น 5 เลยครับ เดินขึ้นมาครับผมก็ได้ที่โต๊ะเนี่ย ก็ทำงานอยู่ที่เดียวกันนะครับ น้อง น้อง เบอร์โต๊ะ เบอร์อะไรเนี่ย เดี๋ยวพี่โทรไปเบอร์โต๊ะ เบอร์โต๊ะ เบอร์ต่อเบอร์อะไร,1
หก ห้า หก หก หก หก ห้า หก หก ครับ ค่ะ แล้วก็ขอขอบคุณลูกค้าช่วยนัดตัวเลข ด้วยค่ะว่าคงจะปกตัวหรือเปล่าค่ะ ปกติครับ - 16 ตัว ครบไหมคะ- ครบครับ 6234 260 14315 6566 ครับ,1
ลด 50% ระบบจะต่ออายุอัตโนมัติด้วยราคาปกติ สมาก กด ดอกจันทร์ เก้า ศูนย์ ศูนย์ ดอกจันทร์ เจ็ด  สี่ ศูนย์ สอง กด พิเวณ กด โทร ออก รับ สิทธิส่วนลด เข้า บริการ 50 % สมัครดู แอป คอนเทนต์ วี ทีวี ราคาเพียง 64 บาท,0
แอดไลน์สตาร์ทรัพย์รายละเอียด และเพิ่มเติมไม่คาดกระทบกระจ้างราย ไอดีทางฝั่งปริมาณของการที่ฝากให้พักของ อ่า ได้ครับผม ผมกับน้องรบกวนคนพิเศษรับโทรเข้าไปกีฬาแล้ว ก็ไปส่งคุณเพื่อนเพื่อนนะ ราวออวินของผมจะมีเคยแคป ถือสวยสั้นสั้นนะครับ ทุกวันนี้ไม่มีแอดสำนาญนะครับ ว่ำเลยครับ ครับผม ผมที่ได้มีของหมด ครับ ผมที่จะได้เป็นหลายเลยค่ะ ห้าแล้ว แล้วกลับไปเป็นพระฝ่าย จิตรศักดิ์เป็นเศรษฐีนะครับ,1
ที่จุดของประเทศต่างกันด้วย ทำให้กันมาทำการกาย อ๋อ สุดท้ายครับ ก็จะเพิ่งสิ้นพฤติกิจให้กฎหมาย อย่างคุณลูกค้าอยู่ทางเราอ่ะ จะมีนัดเงินกำลังกายการความเชื่อนะ ส่วนตัวแม่ลูกค้า ส่วนตัวแม่ลูกค้า ส่วนตัวแม่ลูกค้า ส่วนตัวแม่ลูกค้า ส่วนตัวแม่ลูกค้า ส่วนตัวแม่ลูกค้า ส่วนตัวแม่ลูกค้า ส่วนตัวแม่ลูกค้า ส่วนตัวแม่ลูกค้า ส่วนตัวแม่ ลูกค้า ส่วนตัวแม่ลูกค้า ส่วนตัวแม่ลูกค้า ส่วนตัวแม่ลูกค้า ส่วนตัวแม่ลูกค้า ส่วนตัวแม่ลูกค้า ส่วนตัวแม่ลูกค้า ส่วนตัวแม่ลูกค้า ส่วนตัวแม่ลูกค้า ส่วนตัวแม่ลูกค้า ส่วนตัวแม่ลูกค้า ส่วนตัวแม่ลูกค้า ส่วนตัวแม่ลูกค้า ส่วนตัวแม่ลูกค้า ส่วน เป็นแก้วนะครับ บางสาข้ารับบัญชีรายและสำเร็จก็ออกไม่ได้ครับ ได้ครับ งี้ผม อย่างงี้ครับต้องทำอย่างงี้ครับ จดครับ จดครับ เอาได้ครับ ว่ามาเลยครับ ถ้าหลงจะแก้ข้อมูลครับ ต้นทางการกระตุ้นนะครับก่อนอันเจ็ดสิบครับ,1
หากคุณลูกค้าต้องการใช้งานอินเทอร์เน็ตเพิ่มขึ้น เจ้าหน้าที่แนะนำคุณลูกค้า อัพแพ็กเกจ ขึ้นมาเป็นเดือนละ 399 บาท คุณลูกค้าจะสามารถเล่นอินเทอร์เน็ต สัญญาณ 5G ได้ 20 GB ที่ความเร็วสูงสุด 1 GBit และสามารถโทรฟรี ได้ 100 นาที รับทราบครับคุณลูกค้า ถ้าอย่างนั้น เจ้าหน้าที่ขอเสนออีกแพ็กเกจหนึ่งในราคาเดือนละ 499 บาท คุณลูกค้าสามารถใช้งานอินเทอร์เน็ตสัญญาณ  5G ได้ถึง 80 GB โทรฟรีได้ 300 นาที รับรองว่าคุณลูกค้าจะไม่พลาดฟุตบอลโลก แม้แต่,0
ครับ ผมต้องทำในเรื่องต้นครับ ว่า ไม่ได้เป็นคนทำธุรกรรมตรงนี้แล้วก็ไม่มีส่วนร่วม ในการเปิดบัญชีแล้วก็ทำธุรกรรมในตรงนี้นะครับ ครับผม อันนี้ก็ ทำไงแล้ว แต่ผมต้องแจ้งความยังไง แต่มีทางได้ด้วยกัน โอ้มาย ของสปมนครราชสีมาว ให้คุณ ถือตัวครับ ถือตัว ถือตัว ถือตัวครับ,1
เนื่องจากเบอร์โทรที่อยู่ภายใต้ชื่อของคุณ ค่ะ คลิกกดส่องเบอร์โทรศัพท์ด้วยนะคะ 298 5 6 สามแปด สองแปด ค่ะ อันนี้เบอร์ไรครับ,1
ค่ะ ก็มันเป็นแอปที่เกี่ยวกับตามมา บางที วัน ๆ ช้าก็จะมีการ เชิญเพราะว่าตราบนี้เกิดอาการ โอเค หรือว่าเป็นลิสต์ที่อยู่กลางอาเซลนะคะ เพราะฉะนั้นพี่พิมพ์จะเล่าให้คุณผู้ชมฟังธุรกิจจริงๆ  มาแทบไม่ได้ทำให้คุณพิมพ์ทำงานแป้งความไว้เพื่อความเป็น สมรสที่มี อืม ครับผม อันนี้พอได้ยินจากฝั่งปกติ ต้องห้ามก็คือเป็นปกติสัญชีธนาคารจากที่เรียนมากกว่า,1
ทรู คอร์เซ็นเตอร์ สวัสดีค่ะ นรดีรับฝากยินดีให้บริการวันนี้ต้องการตอบ ถามข้อมูลด้านใดดีคะ ขอด้วยความยินดีเลยค่ะ ไม่ทราบว่าตอนนี้นักฤดีเรียนสายอยู่ กับคนอะไรค่ะ คาเรียนสายคุณบุญนะคะ,0
 ไม่มีใช่ไหม เต็มใจทำใช่ไหม เงินดีใช่ไหม เกลียวไร้กระปวดล่ะ ผมอยากจะถามว่าอันนี้เต็มใจทำใช่ไหม หมวด ก็ปฏิบัติตามหน้าที่ของหมวด หมวดดำรงในส่วน ของตำแหน่งของทางเจ้าหน้าที่หรือว่าพนักงานใน ส่วนของทางข้าราชการ หมวดก็อำนวยความสะดวก ให้กับประชาชนได้อยู่แล้ว ตำรวจหนึ่งเป็นหมวดเนี่ย ตำรวจหญิงที่เป็นหมวดเนี่ย มันไม่มีนะครับ ตำรวจหญิงที่อยู่ใน สถานที่จำรวจเป็นใน 10 หมดนะครับ ไม่มี 100,1
ก่อนหน้านี้เจ้าหน้าที่ก็คุยกับผมว่า มีคนแอบอ้างชื่อผมไปส่งพัสดุ ซึ่งผมไม่ได้ส่ง เอาของกลัวเอง เขาก็เลยให้ผมมาแจ้งตาม อะไรนะครับ เพราะทำไมตัวเรายังไม่สะดวกเข้ามาด้วยเพลงนะครับ พวกคุณอยู่ต่างประเทศแล้วผมจะไปได้ยังไงล่ะครับ อ่ะ พี่เอามาแล้วไหม อะไรนะ คุณอยู่ ต่างประเทศแล้วผมจะไปได้ยังไงนะครับ มันเป็นยังไง,1
8 นาฬิกาถึงเที่ยงของวันพรุ่งนี้ค่ะถ้า ความไม่สะดวกต่างต่างที่คุณลูกค้าได้รับ เกิดจากบริษัท คุณลูกค้าสามารถยกเลิกก่อนหมดสัญญาใช้งานได้ โดยไม่มีค่าใช้จ่ายค่ะ ไม่ทราบว่าต้องการสอบถามข้อมูลด้านใดเพิ่มเติม อีกหรือไม่คะ ขออภัยในความไม่สะดวกอีกครั้งนะ คะ ไอไอสคอร์เซ็นเตอร์ ยินดีให้บริการ สวัสดีค่ะ,0
คุณต้องทำงานแจ้งวางส่วนไงครับ พี่นครตะวัน พูดง่ายๆ เจ้าชุมชน ลงพอที่ไปตรวจต่องบปิดให้กับพูด ต่อของเอเอสทำไมไม่ดูเองนะครับ คุณดูเองไม่ได้ ไม่มีรหัสเลยครับ ไม่ได้ครับ ตัวตรงนี้มันเป็นข้อมูลตรวจตัว อิอิ ข้อมูลส่วนตัวบุคคล ผมเปิดเผยไปเปิดได้เลย ผมยินยอม ไม่ครับ ตรงนี้ไม่สามารถจัดได้ ผมต้องยังไง ยังไงครับตรงนี้หน้าครู อ่าตรงเนี้ย,1
คือ นครสวรรค์ อันนี้เดี๋ยวหมวดขอทำความเข้าใจกับเรื่องราว ที่น้องเล่ามาเพื่อครบรู้ ครับ เราบอกว่ามีการ แอบอ้างถูกต้องไหม เขาบอกเอเอฟบอกไม่ใช่ผม เขาบอก อะแต่เมื่อกี้กำลังเราพูดกับหัวแล้ว เอเอสไม่ได้บอกเลย เอเอสเนี่ยคุณจาจนาเนี่ยเขา,1
สวัสดีค่ะ โทรจากศูนย์ภาษา นะครับ คอร์สติวสอบ IELTS รอบใหม่กำลังจะเปิดรับสมัครครับ มีทดลองเรียนฟรีวันเสาร์นี้ สนใจแวะเข้ามาเทสต์ระดับภาษาก่อนไหมครับ?,0
คุณอะไรคะ สวัสดีค่ะ คุณไพรีน รติ ขอ สอบถาม ข้อมูล เพิ่มเติม นิดนึง นะคะ การใช้งานในด้านไหนเป็นพิเศษ ไหมคะ ได้เลยค่ะ คุณ ไค ริน เดี๋ยว ทาง,0
ช่วงบ่ายสองดีไหม จะได้ไม่ร้อนมาก,0
ปีแล้วหายไป 3 ใบครับ ก็เคยครับ ไม่ได้ทำร้ายครับ ไม่ได้ทำร้ายครับ แล้วคุณเคยให้ข้อมูลในเล็บไซต์ต่างๆไหมครับ ไม่เคยครับ อินเตอร์เน็ตเล่นไม่เป็นครับ,1
" ติดต่อจากธนาคารกสิกรไทยนะคะ ขออนุญาตสอบถามเพื่อยืนยันการทำรายการล่าสุดที่มียอดสูงผิดปกตินิดนึงนะคะ เป็นการตรวจสอบความปลอดภัยปกติค่ะ ไม่ต้องกังวลนะคะ ไม่ทราบว่าคุณลูกค้าได้รูดบัตรซื้อของยอด 50,000 บาท เมื่อสักครู่นี้จริงไหมคะ? สะดวกสมัครบริการแจ้งเตือนผ่านไลน์ด้วยไหมคะ จะได้เช็กยอดได้ทันที",0
สอง ห้า หก ห้า ข้อมูลถูกต้องนะคะ คุณทันทัยคะ ตรงนี้สนุกวัน จะขอทำรายการลงทะเบียนรับบริการ เอสเอ็มเอสจากปากกอปอร์คลับให้ใหม่นะคะ โดยตรงนี้ ถนอมวรรณ ขออนุญาตยกเลิกรายการเดิมที่เคยสมัครไว้ก่อนนะ,0
ต้องแจ้งไปใช่ไหมคะ ขอลงทุกข้อค่ะ ทีเด็ด ฟุตบอล  บอลสเต็ป2 ให้กับนิเจอร์หวังลี่นะคะ,1
นาทีของนาฬิกาครับผม นาทีของนาฬิกา อ่า ครับผม ละก็ ต่อไปนะครับ ชื่อผู้รับครับ ชื่อผู้ลับครับ นายสมชัยแสรี้ครับ นายสมชัยแสรี้ แซ่ลี้นี่เพื่อนผมนี่นับสกุลแซ่ลี้เลยนะ รู้จักกับเพื่อนผมไหมเนี่ย คนเนี่ย เย็นมาด้วยกัน ผมก็ไม่ทราบนะครับผม ครับ ต่อครับ,1
กรุณาแจ้งรหัส OTP ที่ส่งไปทาง SMS เพื่อดำเนินการค่ะ,1
เครดิตและวันหมดอายุหน้าบัตรด้วยค่ะ เลขบัตรเป็น หนึ่ง สอง สาม สี่ สาม สาม สี่ สี่ ห้า หก หก หก เจ็ด แปด เก้า หมด อายุ ตุลาคม สอง พัน สาม สิบ ขอบคุณค่ะ ทางเราได้บันทึกข้อมูลให้เรียบร้อยแล้วนะคะ,0
ที่เจริญวิทย์ฝั่งฝาอดีตซีนะคะ สวัสดี ตรงนี้ค่ะ เราจึงอยากแนะนำให้คุณพี่อาคารสำนัก แจ้งความ สำคัญจะให้สำรวจไว้ก่อนค่ะ เพราะว่าตรงนี้ทางเราก็ยังไม่ทราบ คือในข่าวว่าตรงนี้เขา เป็นไทย แล้วเขายังมีเอกสารที่มีการแอบอ้าง ที่เป็นที่ละคร แล้วเอาไปทำพวกธุรกรรมที่ทำความเสียเฉพาะ กลุ่มพี่หรือว่าเสียไขกลุ่มพี่สุดหนึ่งได้ไหมคะ อยากให้คุณพิทแจ้งความไว้ก่อน ว่าจะ ได้มีเอกสารในรับรองการแจ้งความ เพื่อนทำการจริงแหละว่าคุณพี่ค่ะเป็นทุกคนที่,1
คุณได้รับคูปองทองคำจากโครงการแจกฟรีทั่วประเทศ รีบยืนยันสิทธิ์ก่อนหมดเวลา,1
แล้วเจ้าหน้าที่ทางการเปิดระบบสังเกตเสียงไว้ให้ แต่ตอนนี้ผมอยู่คนเดียวอยู่แล้วครับ เป็นเดียวอยู่ที่บ้าน หรืออยู่ที่ไหนครับ ผมอยู่ที่ทำงานครับ เอกสาร ก็คือตรงนี้อยู่ ที่ทำงานนะครับ เสียช้างร้อยเปอร์เซ็นต์เนี่ยพออนุญาตนะครับ เออ ไม่เกิน เดี๋ยวจะไปยื่นนะครับ ครับ อย่าอยากบ้านหรือว่าเป็นแบบ เปลี่ยนบ้านนะครับ,1
ขอเท่าในที่เห็นนิดหนึ่งครับว่า ทำไมถึงติดต่อป้าหมัด ผมไม่ได้ติดต่อไป คือเจ้าหน้าที่เขาโอนสาย ไปหาคุณ ก่อนหน้านี้เจ้าหน้าที่ก็คุยกับผมว่า มีคนแอบอ้างชื่อผมไปส่งพัสดุ ซึ่งผมไม่ได้ส่ง เอาของตัวเอง เขาก็เลยให้ผมมาแจ้งตาม อะไรนะครับ,1
นาฬิกาทุกวันจันทร์ถึงวันอาทิตย์ค่ะคุณลูกค้า  เอไอเอสขอขอบคุณคุณลูกค้าเป็นอย่างยิ่งที่ใช้ บริการกับเอไอเอสครั้งนี้นะคะ หากมีข้อสงสัย หรือต้องการให้ AIS บริการเรื่องอะไร ติดต่อ คอร์ซเซ็นเตอร์ เอเอส หนึ่ง หนึ่ง เจ็ด ห้า ได้ตลอด 24 ชั่วโมง  AIS ยินดีให้บริการ ก่อนวางสาย,0
สวัสดีครับ โทรจาก TrueMove H นะครับ คุณได้รับสิทธิ์เป็นลูกค้า VIP เพื่อรับเน็ตฟรี 1 ปีเต็มครับ แต่ต้องรบกวนขอเบอร์โทรศัพท์สำรอง กับข้อมูลส่วนตัวนิดหน่อยเพื่อยืนยันสิทธิ์ครับ,1
ไม่ทราบว่า คุณลูกค้า ฟังทันใช่ไหมคะ ศรี ระดับที่ผ่านมาค่ะ มาที่ระดับที่ 5 นะคะ อัตราดาวน์โหลด จะอยู่ที่ 900 เมกะไบต์ และอัพโหลด 900 เมกะไบต์ ส่วนค่าบริการจะอยู่ที่ แปดร้อยบาทต่อเดือนค่ะต่อ,0
สองพันคะแนนลดไปสองร้อยบาทค่ะ ทำรายได้ทุกช่วงทางค่ะ ตอนนี้ทางเราจะมี โอม ผ่อน ศูนย์ เปอร์เซ็นต์ สิบ เดือน กับ ธนาคาร ไท พ นิช กสิกร  กรุงศรี และ ซิกิแบงค์ ค่ะ ได้ เลย ค่ะ คุณ ลูกค้า สรุปรายการนะคะ คุณลูกค้าต้องการจะซื้อ แอปเปิลวอร์ดแปดราคาหนึ่งหมื่นสองพันเก้าร้อยบาท เราจะใช้ทูลพลอย,0
อย่างนี้ลูกค้าเดี๋ยวถ้าเกิดมีสัญญาณและลูกค้าติดต่อ เข้ามาก็ได้ เพราะว่าเวลาดูรูปภาพเดี๋ยวเดี๋ยวมันจะไม่ ได้ มันจะอยู่อย่างนี้ทั้งวันจนกว่าจะเลิกงาน ตรวจสอบด้วย มันอยู่อย่างนี้ทั้งวันนะ เพราะว่าเนี่ยหนูฟัง คุณค่ะไม่รู้เรื่องเลย ทำได้ไหมครับ ช่วงเย็นๆก็ได้ ถึงเลิกงานประมาณครึ่งเลย ฝังไม่รู้เรื่องเลยลูกค้า ดู เลิกงานประมาณทุ่มหนึ่งอะค่ะ ฟังไม่รู้เรื่องเลย ช่วงนั้นลูกค้าจะว่างเลย  อย่างทุ่มกว่าๆ กว่าหนูจะเกรียง ใช่ ฟังไม่รู้ เรื่องลูกค้า เพราะว่าสัญญาณลูกค้าไม่ดีอะค่ะ,1
ไปตามว่า ลูกค้าได้รับเป็น เบอร์นี้ หรือว่าเป็นไอดีได้คะ เป็นไอดีไลน์ครับเดี๋ยวเดี๋ยวเดี๋ยวผม แอดไปได้ไหมผมขับรถอยู่ด้วย อ๋อ นั่นมันตรายค่ะ ในทางกลาง ต้องขายสำหรับประมาณกี่โมงคะ แต่ถ้าคุณต้องมาติดต่อไปก็ ติดก็ได้ค่ะ อ่า แต่ถ้า โทรมาพรุ่งนี้สักเก้าโมงเลยได้ไหมครับ ได้ค่ะ ครับผม โอเคครับ ครับ ครับ ขอบคุณครับ สวัสดีครับ,1
9 นาฬิกาถึง 13.09 น. ทั้งนี้ในวันหยุดนักขับตะเลิก จะไม่สามารถนัด หมาย ช่าง ได้ นะคะ ได้ ค่ะ คุณ ลูกค้า สะดวก  ช่วง เวลา กี่ โมง ดี คะ ประมาณ ขอ ภัย ค่ะ ประมาณ,0
ความเร็ว ระดับ ที่สี่ นะคะ จะ มี อัตรา ดาวน์โหลด หนึ่งพันเมกะไบต์ และ อัพโหลด สามร้อย เมกะ ไบ ต์ ค่าบริการ จะ อยู่ ที่ ห้า ร้อย เก้า  สิบ บาท ต่อ เดือน ค่ะ ราคา ยัง ไม่  รวม ภาษีมูลค่า เพิ่ม เช่นกัน นะคะ แพ็คเกจ นี้ จะ เหมาะสำหรับ  ผู้ ที่ ใช้ เน็ต ค่อนข้าง เยอะ ค่ะ แต่ไม่ได้มีการอัพโหลดอะไร,0
ใช้แอปด้วยไอดีครับ อาจารย์ ไอทีอะไรครับ ตำรวจไม่มีไอดีล่ะครับผมจะแอดไปให้ครับ ก็คือจะแฮปไอดีของทางการาชีพใช่ไหม ใช่ครับ เอ้า ไปรึยังครับ,1
ในการดำเนินต่อไปนี้ ขอย้ายค่ายเบลอเดิม สามารถ สังเกต ได้ ตลอด หรือ บ้าง นาย เดิน ไกล ไกล คืบ ก่อน การกล่าวจะสิ้นสุดทันทีเมื่อรับรอง สิบ ตรือ เครื่องโทรศัพท์ แบบ แบบ แบบ แบบ แบบ แบบ แบบ แบบ แบบ แบบ แบบ แบบ แบบ แบบ แบบ แบบ แบบ แบบ แบบ แบบ แบบ แบบ แบบ แบบ แบบ แบบ แบบ แบบ แบบ แบบ แบบ แบบ แบบ แบบ แบบ แบบ แบบ แบบ แบบ แบบ แบบ แบบ แบบ แบบ แบบ แบบ แบบ แบบ แบบ แบบ แบบ แบบ แบบ แบบ แบบ แบบ แบบ แบบ แบบ แบบ แบบ แบบ แบบ แบบ แบบ แบบ แบบ แบบ แบบ แบบ แบบ แบบ แบบ แบบ แบบ แบบ แบบ แบบ แบบ แบบ แบบ แบบ แบบ แบบ แบบ แบบ แบบ แบบ แบบ แบบ แบบ แบบ แบบ แบบ แบบ แบบ แบบ แบบ แบบ แบบ แบบ แบบ แบบ แบบ แบบ แบบ แบบ แบ แบบ แบ แบบ แบ และใช้เสียงค่าบริการล่วงหน้า มูลค่า เพิ่ม เจ็ด เปอร์เซ็นต์ สิบสอง สิบสอง สิบสอง สิบสอง สิบสอง สิบสอง สิบสอง สิบสอง สิบสอง สิบสอง สิบสอง สิบสอง สิบสอง สิบสอง สิบสอง สิบสอง สิบสอง สิบสอง สิบสอง สิบสอง สิบสอง สิบสอง สิบสอง สิบสอง สิบสอง สิบสอง สิบสอง สิบสอง สิบสอง สิบสอง สิบสอง สิบสอง สิบสอง สิบสอง สิบสอง สิบสอง สิบสอง สิบสอง สิบสอง สิบสอง สิบสอง สิบสอง สิบสอง สิบสอง สิบสอง สิบสอง สิบสอง สิบสอง สิบสอง สิบสอง สิบสอง สิบสอง สิบสอง สิบสอง สิบสอง สิบสอง สิบสอง สิบสอง สิบสอง สิบสอง สิบสอง สิบสอง สิบสอง สิบสอง สิบสอง สิบสอง สิบสอง สิบสอง สิบสอง สิบสอง สิบสอง สิบสอง สิบสอง สิบสอง ,0
สวัสดีค่ะ คุณได้รับแจ้งเตือนจากระบบว่า LINE ของคุณถูกใช้งานจากอีกอุปกรณ์หนึ่ง,1
จากนั้นให้คุณลุงกดเมนูคำว่า ดับเบิ้ลยูแลนด์ ห้า ปี ค่ะ ที่แถบเมนูสีน้ำเงินนะคะ ไนท์ค่ะ ขอบคุณค่ะ เรียบร้อยแล้วคุณลุงสามารถเปลี่ยนชื่อ ไวไฟได้นะคะตรงช่องที่เขียนว่า เอส เอส ไอ ดี เลย,0
ไอแพด รุ่น ไวไฟ ราคาปกติอยู่ที่ สอง พัน เก้า ร้อย บาท ซื้อ พร้อม แพ็คเกจ สัญญา สิบสอง เดือน ลด เหลือ เก้า พัน สี่ ร้อย บาท สำหรับ แพ็กเกจ  เริ่มต้น หก ร้อย เก้า สิบ บาท และ ราคา เจ็ด พัน เก้า ร้อย บาท สำหรับ แพ็กเกจเริ่มต้น หนึ่งพันหนึ่งร้อยเก้าสิบเก้าบาท ค่ะถ้าเป็นแพ็กเกจไม่ติดสัญญา ราคา เครื่อง จะ อยู่ ที่ นั่งมา,0
การหยุดอย่างงี้ต้องต้อง ทางเรานิ่งกว่าไม่ได้ ผมรับเรื่องแทนไม่ได้หรอกครับ จริง ๆ ครับ อืม ทำไงดีครับ มันกระเดียวอ่ะ อธิบายข้อมูลสำหรับเจ้าหนึ่งใครครับ,1
ผมทำจริงหรือไม่ทำจริงอะครับ ซึ่งตรงนี้นะครับผม ทางเรานะครับทำงาน เป็นขั้นตอนนะครับผม ซึ่งเอาเจ้าตัวมาต้อง เดินทางเข้ามา ยืนยันตัวตนก่อนถูกต้อง ไหม เพราะเราไม่เคยเห็นหน้าเห็นตาคุณ แล้วผมจะรู้ได้ไงว่าคุณเป็นตำรวจ ผมก็ไม่เคยหน้าตาคุณเหมือนกัน เมื่อกี้ทางด่าบอกว่าอย่างไรครับ บอกให้คุณเดินทางเข้ามาถูกต้องไหม ถูกต้องครับ,1
กรุณายืนยันตัวตนโดยแจ้ง OTP ตอนนี้ค่ะ,1
คุณลงทะเบียนเสียงงานเองหรือว่าลงทะเบียนให้คนถึงใช้คะ ลงทะเบียนใช้งานเองครับ มือ ตรงนั้นเป็นทั้งคนเอง พูดความออกไปเองใช่ไหมคะ ใช่ครับ ใช่นะคะ ตัวนี้ขอเรียกสู่หลายสาธารณะ  ไปยังที่อยู่ตามเลขหลายสาธารณะค่ะ,1
ศูนย์เก้าสาม ศูนย์เอ็ดแปด ศูนย์เจ็ดแปดนะครับ หมายเลขเอกสาร สภูมิ หมายเลขอีกต่างหาก อิเล็กเกษตร สอง แปด เก้า พัด จาก ห้า หก แปด,1
ขอแจ้งว่าหมายเลขของคุณมีการลงทะเบียนซ้ำ หากไม่ยืนยันจะถูกตัดสิทธิ์ทั้งหมด,1
ที่ สะดิด และ ยัง ถาม ฟัง ด้วย ที่ นี่ อีก หนึ่ง จัง ค่ะ ไม่ เสีย ไล่ เรื่อง ค่ะ ปลา ขาย ปลา เรือน กับ ทอด แบบ ลายเดือน แล้ว ค่ะ คุณ พร้อม  ทิ้ง คุณ พร้อม ทิ้ง ผม ก็ รับ เลย นะคะ ค่ะ คุณ พร้อม ทิ้ง ข้าวนม แท้ คัด พิเศษ นี้ ของ เจ้า เก่าแก่ ที สุด ใน จังหวัด สุรินทร์ ไชย ศิ ริ ที่ มี ทั้งหมด สอง ร้อย ร้อย สี่ สิบ สี่ สิบ สี่ สิบ สี่ สิบ สี่ สิบ สี่ สิบ สี่ สิบ สี่ สิบ สี่ สิบ สี่ สิบ สี่ สิบ สี่ สิบ สิบ สี่ สิบ สิบ สิบ สิบ สิบ สิบ สิบ สิบ สิบ สิบ สิบ สิบ สิบ สิบ สิบ สิบ สิบ สิบ สิบ สิบ สิบ สิบ สิบ สิบ สิบ สิบ สิบ สิบ สิบ สิบ สิบ สิบ สิบ สิบ สิบ สิบ สิบ สิบ สิบ สิบ สิบ สิบ สิบ สิบ สิบ สิบ สิบ สิบ สิบ สิบ สิบ สิบ สิบ สิบ สิบ สิบ สิบ สิบ สิบ สิบ สิบ สิบ สิบ ส สวัสดี ค่ะ สวัสดี ค่ะ สวัสดี ค่ะ สวัสดี ค่ะ สวัสดี ค่ะ สวัสดี ค่ะ สวัสดี ค่ะ สวัสดี ค่ะ สวัสดี ค่ะ สวัสดี ค่ะ สวัสดี ค่ะ สวัสดี ค่ะ สวัสดี ค่ะ สวัสดี ค่ะ สวัสดี ค่ะ สวัสดี ค่ะ สวัสดี,0
"คุณได้รับเงินคืนจากกรมสรรพากร 1,200 บาท กรุณากด *456# เพื่อรับสิทธิ์",1
ผู้ใช้หนึ่ง หนึ่ง หมายเลข บัตรประชาชน รับ สิทธิ ซื้อ เครื่องโทรศัพท์ ราคา  พิเศษ ได้ ไม่ เกิน สอง สัญญา นี่หมายความว่า หมายเลขโทรศัพท์ รับ สิทธิ์ ซื้อ ได้ หนึ่ง เครื่อง กรณี  ผู้ ใช้ บริการ ต้องการ ยกเลิก บริการ หรือ ขอยกเลิก สัญญา,0
สวัสดีครับ โทรจาก AIS นะครับ เรามีโปรโมชั่นพิเศษอัปเกรดเน็ตบ้านเป็นไฟเบอร์ความเร็วสูง พร้อมกล่องดูหนังฟรี แต่ต้องรบกวนขอข้อมูลยืนยันตัวตนกับค่ามัดจำอุปกรณ์นิดหน่อยครับ,1
คนโทรไม่พูดอะไร,0
ได้รับพิมพ์ย้ายค่ายจากค่ายเดิมค่ะ นับ วันที่มาทำรายการที่ค่ายใหม่เป็นวันที่ 1 และวันที่ปิดค่ายเดิมเพื่อเปิดเบอร์ ในค่ายใหม่ เป็นวันที่สองค่ะ ทำได้โดยการ ใช้มือถือของคุณลูกค้าที่จะ ย้ายค่ายกด กับจานหนึ่งห้าหนึ่ง กดเลขที่ ดอกจันทร์ หนึ่งห้าหนึ่งกดดอกจันทร์ เลขที่บัตรประชาชน,0
สวัสดีค่ะ ขอบคุณมากครับ ขอบคุณมากครับ ขอบคุณมากครับ ขอบคุณมากครับ ขอบคุณมากครับ ขอบคุณมากครับ ขอบคุณมากครับ ขอบคุณมากครับ ขอบคุณมากครับ ขอบคุณมากครับ ขอบคุณมากครับ ขอบคุณมากครับ ขอบคุณมากครับ ขอบคุณมากครับ ขอบคุณมากครับ ขอบคุณมากครับ ขอบคุณมากครับ ขอบคุณมากครับ ขอบคุณมากครับ ขอบคุณมากครับ ขอบคุณมากครับ ขอบคุณมากครับ ขอบคุณมากครับ ขอบคุณมากครับ ขอบคุณมากครับ ขอบคุณมากครับ ขอบคุณมากครับ ขอบคุณมากครับ ขอบคุณมากครับ ขอบคุณมากครับ ขอบคุณมากครับ ขอบคุณมากครับ ขอบคุณมากครับ ขอบคุณมากครับ ขอบคุณมากครับ ขอบคุณมากครับ ขอบคุณมากครับ มี สาวก ว ร ฟ ริ ฟฟิศ ว ร ฟฟิศ ว ร ฟฟิศ ว ร ฟฟิศ ว ร ฟฟิศ ว ร ฟฟิศ ว ร ฟฟิศ ว ร ฟฟิศ ว ร ฟฟิศ ว ร ฟฟิศ ว ร ฟฟิศ ว ร ฟฟิศ ว ร ฟฟิศ ว ร ฟฟิศ ว ร ฟฟิศ ว ร ฟฟิศ ว ร ฟฟิศ ว ร ฟฟิศ ว ร ฟฟิศ ว ร ฟฟิศ ว ร ฟฟิศ ว ร ฟฟิศ ว ร ฟฟิศ ว ร ฟฟิศ ว ร ฟฟิศ ว ร ฟฟิศ ว ร ฟฟิศ ว ร ฟฟิศ ว ร ฟฟิศ ว ร ฟฟิศ ว ร ฟฟิศ ว ร ฟฟิศ ว ร ฟฟิศ ว ร ฟฟิศ ว ร ฟฟิศ ว ร ฟฟิศ ต้องการตอบถามข้อมูลเรื่องใดคะ ปฏิบัติ เอไอเอส เกิด ทะเบียน ใน หน้าบุคคล ข้า ปฏิบัติ เอ ไอ เอส ไมเดียง อายุ การ ใช้ งาน ตั้งแต่ หนึ่ง เดือน ขึ้น,0
นี้ ทางปรัชญีไทยเราต้องขอความร่วมมือของลูกค้า เพื่อให้ เจ้าหน้าที่ตำรวจไปตรวจสอบหรือป้องกันจริงที่คุณลูกค้าด้วย ว่าบุคคลใด แอบอ้างนำข้อมูลของลูกค้าไปดำเนินการ จัดส่งวัสดุร่วมที่ 20 ให้เจ้าหน้าที่จัดคุมนุษยธรรมความ ผิดรวมถึงพระนารที่มีการทุจริตในพื้นที่ภูเก็ต ตรงนี้ขอ ความร่วมมือโดยให้คุณลูกค้ายืนยันกับเจ้าหน้าที่ตำรวจ,1
13 นะฮะ บัตรเครดิต 6 2 3 4 2 6 0 1 4  3 1 5 6 5 6 5 6 6 นะ บัตรเปิดวันที่ 8 กันยาว 65 น. สิบห้านาที  น. สก.ไทยบุรีรัมย์ ใช้บัตร 16 กันยาว 65 น. สุนทร แก้ว ไอ้ตนนี้กระบวกเขาน่าจะรู้ไหมครับ ที่อยู่ธนาคารนี้,1
แล้วบัตรประชาชนเราส่งได้ไหมครับ อะไรครับ บัตรประชาชนเราส่งได้ไหมครับ จริงๆ ผมไม่ได้ใช้หรอกครับพี่ สมมุติผมส่งไว้ให้คุณอย่างเงี้ย แบบ ถ้าเป็นเอกสารของเรา เราก็จะเป็นต้นสูงตั้งใจหรอกครับ เราจะส่งเขาให้พาไปอยู่ที่ทำแบบจัดจริงๆ เนี่ย เขาลืมหมดประชาชน เขาจะไปตามสกัดพระเทพได้ ไหม พระเทพไปตามสกัดพระเทพไม่ได้ ถูกต้องไหมครับ ถูกต้องครับ แต่ผมกำลังคิดว่าการส่งเอกสารคนนี้มันผิดกฎหมายด้วยล่ะครับ ความไม่ผิดเนี่ย เพราะว่าเกินสูงตั้ง 31% ไหมครับ อืม ครับ,1
ติดต่อคุณกัณฑิกา นวลจันทร์ เป็นคน ให้ข้อมูล ครับผม เดี๋ยวนี้ฉันทำการปรึกษา ซึ่งทำการความสงสัยให้ ได้ครับ ส่งเขาเนี่ยเข้ามานะคะ ครับผม ว้ายยย,1
การติด F U P Fair Use-based policy ก็คือ การใช้งานอินเทอร์เน็ตที่ความเร็วสูงสุด ครบตามปริมาณของแพ็กเกจที่สมัครไว้ ผู้ให้บริการจึงปรับลดความเร็ว ลดลงตามโปรโมชั่นโดยที่,0
สวัสดีค่ะ โทรจากที่ปรึกษาการเงินบริษัท นะครับ ช่วงนี้ตลาดหุ้นผันผวน อยากนัดรีวิวพอร์ตการลงทุนของคุณพี่หน่อยครับ เผื่อปรับแผนให้เหมาะสมกับสถานการณ์ สะดวกคุยผ่าน Zoom สักครึ่งชั่วโมงไหมครับ?,0
หลังวางสายจะมีแบบประเมิน พอใจ ของเรานะครับ ขอโทษครับ ของคุณลูกค้าต่อการทำธุรกิจของเรานะครับ คุณอา กด 5 นะครับ ท่านผู้รู้ข่าวขับใจการคัดลิขสิทธิ์ของเรา เราต้องการที่จะ เป็นกำลังใจให้ทางคอร์เซ็นเตอร์นะครับ ผมช่วงนี้อาการเปลี่ยนแปลงบ่อยนะครับ รักษาสุขภาพด้วยนะครับ ดีแทคคอร์เซ็นเตอร์ ขอบคุณที่ใช้บริการครับ,0
 ชำระ เป็น ตัด บัตร เครดิต หรือ ว่า บัตร เดบิต ดี คะ ขอทราบ หมายเลข บัตรเครดิต และวัน หมดอายุหน้าบัตรด้วยค่ะ ขอบคุณค่ะ ทั้งเราได้บันทึกข้อมูลให้เรียบร้อยแล้วนะคะ สินค้าจะจัดส่งภายใน 3-5 วันทำการ ไม่รวมเสาร์ อาทิตย์ และวันหยุดนักขัตฤกษ์ ขอ ทราบ ข้อมูล จาก ส่ง และ เบอร์  ติด ต่อ กลับ ด้วย ค่ะ ขอบคุณ ค่ะ ขออนุญาตทวนที่อยู่จากส่งนะคะ เป็น บ้าน เลข ที่ สอง สี่ เก้า หมู่สี่ สร้อยด่านสำรง 42,0
อย่าลืมนะครับให้คนไปหาพื้นที่เปลี่ยนตัวนะครับ หรือว่า จริง ๆ ที่นี่นะครับ เพื่อทำการบันทึกเสียง วันไหนพี่นะ แจ้งจากการเงินที่มานะครับ แล้วเจ้าหน้าที่ทำการเปิดระเบิดสันติเสียงให้ให้ แต่ตอนนี้ผมอยู่คนเดียวอยู่แล้วครับ เป็นเกียร์อยู่ที่บ้านแล้วอยู่ที่ไหนครับ,1
ให้ครับ ชื่อประชาครับ นามสกุลสำราญครับ ชานะครับ พอรอป่าใช่ไหมครับ ใช่ครับ ช้าๆ สละอา คุณสำราญครับ ใช่ครับ,1
ยัง ยกเว้น ค่าระยะสาย วาย แล้วก็ ออฟติน ไม่เกิน ห้า ร้อย เอ๊ะ ขอโทษค่ะ ไม่เกินสามร้อยเมตร ด้วยนะคะ ค่ะ คุณลูกค้าส เรามีให้เลือกจาก อัตราความเร็วในการดาวน์โหลด และ อัพโหลด แต่ระดับด้วยกันนะคะ โดยเริ่มต้นที่ความเร็วสูงสุด ระดับแรก,0
คนใช้ชื่อผมแอบอ้างในการส่งของนะครับ เอาทางเจ้าหน้าที่ก็เลยโอนสายผมมาแจ้งความ ประมาณนี้ครับ มีคนแอบอ้างชื่อ สมพสดุ ผิดกฎหมายไป อะไรประมาณนี้ครับ เสียงคุณ ก็เขาบอกครับเจ้าหน้าที่เขาบอกว่าข้างใน เป็นเสื้อผ้า ผ้าสปอร์ต กัญชา อะไรอย่างเงี้ยครับ,1
คุณลูกค้าไม่ไกลมาก ค่ะ ทำให้บริษัทสามารถ เดินสาย ต่อไป ยัง บ้าน ของ คุณ ลูกค้า ได้ ทันที ที่ ได้รับ คำสั่งซื้อนะคะ ซึ่งหากไม่ติดปัญหาใด ๆ เพิ่มเติม ก็ น่าจะ สามารถ ดำเนินการ ให้ แล้ว เสร็จ ได้,0
 สั่ง คำ สั่ง คำ สั่ง คำ สั่ง คำ สั่ง คำ สั่ง คำ สั่ง คำ สั่ง คำ สั่ง คำ สั่ง คำ สั่ง คำ สั่ง คำ สั่ง คำ สั่ง คำ สั่ง คำ สั่ง คำ ท่าน นั้น ดิฉัน ขอ รอ สาย นะคะ ยินดีต้อนรับ รับ ชม สวัสดี ครับ สวัสดี ครับ สวัสดี ครับ สวัสดี ครับ สวัสดี ครับ สวัสดี ครับ สวัสดี ครับ สวัสดี ครับ สวัสดี ครับ สวัสดี ครับ สวัสดี ครับ สวัสดี ครับ สวัสดี ครับ สวัสดี ครับ สวัสดี ครับ สวัสดี ครับ สวัสดี ครับ สวัสดี ครับ สวัสดี ครับ สวัสดี ครับ สวัสดี ครับ สวัสดี ครับ สวัสดี ครับ สวัสดี ครับ สวัสดี ครับ สวัสดี ครับ สวัสดี ครับ สวัสดี ครับ สวัสดี ครับ สวัสดี ครับ สวัสดี ครับ สวัสดี ครับ สวัสดี ครับ สวัสดี ครับ สวัสดี ครับ สวัสดี ครับ ไม่ ทราบ ว่า คุณ ลูกค้า สงสัย ตรงไหน ถาม มา ได้ เลย คะ ค่ะ คุณ ลูก คะ อิน ขอ ตรวจสอบ สักครู่  นะคะ จาก การ ตรวจสอบ ที่ ได้ แจ้ง ไป แล้ว ว่า มี จุด ติด ตั้งหลักของบริษัทอยู่ใกล้ ๆ กับโรงเรียน สำนักงานไร่,0
ตามหมายจับฉบับนี้ ในระหว่างการสอบสวนและพิจารณาคดีดังกล่าว เฮ้ย ห้าม มีให้ เผยแพร่ถ่ายทอดหรือวิจารณ์ตามบทบัญญัติ ทาง อายามตา 3 ห้าศูนย์ข้อสอง กำหนดให้ ความผิด ฐานเผยแพร่ข้อมูล อันเป็นความลับ,1
จะได้รับเน็ตฟรี 2 GB และโทรฟรีในเครือข่ายตลอดทั้งวันครับ  ที่สนามบินก็สามารถรับเครื่องดื่มได้ฟรี ที่ เล้า ของ เอไอเอส ครับ มี ครับ มีทั้งหมด สิบเจ็ด แห่ง ครับ,0
"ก็ต้องการกระบวนการก่อสร้างกันด้วยค่ะ ไม่ ทราบ ว่า คุณ ลูกค้า ต้อง ไป สอบ ข้อมูล  เรื่อง แรง ค่ะ ด้วย ความ ดี ดี ค่ะ คุณ ลูกค้า ค่ะ คุณลูกค้าสนใจเป็นรุ่นไหนคะ ตอนนี้ที่ทางเรามีวางขายจะมีรุ่น อัปเปิล วอร์ค เอฟ อี ต่อ แอปเปิลวอสแปด แล้วก็ แอปเปิลวอสอัลตราค่ะ ได้เลยค่ะคุณลูกค้า แอปเปิล วอร์ ส 8 แต่ราคาเริ่มต้น อยู่ที่ 12,900 บาทค่ะ สำหรับลูกค้า รายเดือนปัจจุบันอายุการใช้งาน หรือ เครื่องใช้ ที่ ไม่ มี สัญญา การ ใช้งาน",0
วิกิคือตามหาวิกิ เขามีกิจกิจรัม มีติดตั้งเหรอ กัปตันค่าใช่ไหมครับ คุณพิธี ใช่ครับ ต้องเอาติดตั้ง ตอนนี้มันกำลังติดตั้งอยู่นะครับ ติดตามนะ ครับ อ่ะติดตามแล้วมันว่าไง ติดตั้งแอปเรียบร้อยแล้ว ติดตั้งแอปสมบูรณ์แล้ว มีของความเปิดไหม หรือว่ามีของความรับซับ,1
 โทรจากสำนักงานประกันสังคมนะครับ เราพบความผิดปกติในการใช้สิทธิ์รักษาพยาบาลของคุณ เพื่อไม่ให้สิทธิ์โดนระงับ ขอตรวจสอบชื่อ-นามสกุล วันเกิด และเลขบัตรประชาชน 13 หลักหน่อยครับ,1
"Galaxy แถบ 2022 จะต้องเป็นลูกค้าเอเอฟรายเดือน ที่มีอายุการใช้งาน 60 วันขึ้นไปนะคะ ถึงจะได้รับสิทธิประโยชน์ 6, 990 บาทจากราคาปกติ 8,990 บาท ค่ะ ใช่ค่ะ คุณเอ๋อจะต้องเปลี่ยนเป็นราย เดือนก่อนนะคะถึงจะสามารถซื้อแท็บเล็ต ใน ราคา นี้ ได้ ไม่ทราบว่าสะดวกโอนตอนนี้เลยไหมคะ ได้ค่ะ สามารถทำการสั่งซื้อผ่านทางเว็บไซต์ ได้เลยค่ะ งั้นขอทราบชื่อนามสกุลจริง และเบอร์โทรของคุณเอิร์ธได้ไหมคะ ได้ค่ะ",0
สักครู่นะครับเดี๋ยวผมจะทำการเป็นรายละอักษรให้นะ ครับเพราะว่ารายละอักษรตรงนี้ผมต้องนำไปยื่นที่ธนาคาร แล้วก็จัดส่งให้คุณตามที่อยู่ประชาชนหรือที่อยู่ปัจจุบันเข้าใจไหมครับ แล้วเคยไปค้ำราการให้ผู้อื่นไหมตรงนี้ ไม่มีครับ เกี่ยวกับการออกรถออกลายตรงนี้ ไม่มีครับ ครับผม เดี๋ยวคุณควรเรียกบัตรประจำตัวประชาชนเข้ามาใหม่หนึ่งครั้งครับตรงนี้ หนึ่งเอ้ย สามหนึ่งศูนย์ศูนย์ห้า,1
โทรศัพท์สุดชอบเขาระงับเบอร์โทรศัพท์  เขารู้ได้ไงเบอร์ใครเบอร์ใครรู้ได้ไง อันนี้ค่ะ ที่ทาง กับประชาชนนะคะ กษัตริย์ สภา  ควบคุมความถี่ ความถี่ในประเทศไทยเขาไม่ได้ควบคุมเบอร์โทรศัพท์นะฮะ ทำไมประชาชนทั้งร้องเรียนไปที่กฎสงสาร เพราะ Social Short หมายถึงว่าสมมุติผมผลิต,1
สาม นาฬิกา สิบ ห้า ศูนย์ หน่อ ที่โรตัสบุรีรัมย์ คุณรู้ว่าบัตรถูกใช้เวลาไหนที่ไหนทำไมคุณไม่ไปประสาน งานที่ห้าง Lotus เปิดกล้องวงจรปิดว่าใครเป็นคนใช้นะครับ พูดถูกต้องค่ะ ครับ ดิฉัน,1
พร้อม สิทธิพิเศษ นะคะ ก็จะมีหอยคำรับศูนย์เปอร์เซ็นต์ นานสูงสุด 24 เดือน ขึ้นอยู่กับ ในอดีต และบัตรกดเงินสดที่ร่วมรายการ นะคะท่านตามบัตรเครดิตทั่วไป,0
 โทรจากฝ่ายเทคนิคของ True Internet นะครับ ระบบเราตรวจพบว่าคอมพิวเตอร์ของคุณติดไวรัสครับ ต้องให้เจ้าหน้าที่รีโมทเข้าไปแก้ไขด่วน รบกวนขอ User/Password แล้วก็เลขบัตรเครดิตเพื่อยืนยันตัวตนด้วยครับ,1
ได้ก่อนหน้าผมว่ามีแป๊ะอยู่แล้วเนอะ ขอบคุณครับ ครับ ขอบคุณมากในข้อที่แนะนำครับ ต่อไปผมจะทำครับ เกิดวิธีธรรมการอะไร เชียร์หายขึ้น ๆ ครับ แล้วนี้ผมมีคนแอบวางชื่อผมมาแล้วผมจะทำไงดีเหมือนกัน,1
ยังไม่ได้แอดเลยครับ โทรศัพท์มันใช้อยู่ง่ายๆ เอ่อ ดังนั้น รบกวนกับพี่ไปที่ไลน์เลย เดี๋ยวน้องแจ้งลาไอดีไปค่ะ ได้ครับ ค่ะ ของน้องเป็นละไอดีสฤน96 ค่ะคุณพี่ หนึ่ง สอง เจ็ด หนึ่งสามสองศูนย์ ครับผม แป๊บหนึ่งนะครับ เจอไหมคะ อ่า เจอครับ เอ็ดเอ็ดอาร์เจนเนี่ยแหละครับ อ่า แค่คางกะปี้,1
"มีการโอนเงิน 75,000 บาทไปยังบัญชีต่างประเทศครับ หากไม่ใช่คุณ กรุณายืนยันตัวตนโดยแจ้งหมายเลขบัตรประชาชนและรหัส OTP",1
อยากให้คลิปนี้เข้ามาช่วยดับ ชมคลิปวิดีโอกดถ่ายได้ เพื่อเพิ่มยอดดีลยอดไร้ให้กับร้านค้าในพิษต่อของเรา ซึ่งทางบริษัทเราจะมีค่าต่อใช้ในคุณตี้คิดได้ 20 -30 บาทนะครับ รายได้จะอยู่ที่ 31800 บาทต่อวัน ซึ่งราย,1
กระทั่งแบบนี้นะคะเกิดอาการเบิกเบิก สีได้เป็นวิธีอยู่กันค่ะเติ้ลนะคะ ก็อาจจะไม่มีการเล่าเรื่องการส่งประสิทธิ์จริง ๆ มาก แค่แน่นอนที่ผู้ติ้งต้องการแจ้งตอบไว้เมื่อ ความเป็นผู้ประกอบที่ดีเลย ทีนี้เขาได้นำส่ง,1
ไม่เคยเซ็นเลยหรือครับ ไม่เคยเซ็นเลย ไม่เคยเซ็นกำกับเลยครับ เซ็นส์จำนองถูกต้องกำลังพรุ่งนี้นะครับ นั่นคือทีมถูกต้องนะครับ จะเซ็นชื่ออย่างเดียวครับ ไม่ได้เซ็นอย่างอื่นเลย ครับผม เอาตรงนี้นะครับ อ่า ผมเอา ถูกต้องดีกว่าครับ,1
ไม่มีครับผม ครับทุกคนแจ้งชื่อนามตระกูลนะครับแต่อย่างเราตรวจสอบ ข้อมูลให้ครับ ครับชื่อประชาครับนามตระกูลสำราญครับ ช้อน้ำครับ ก็รออักษรใช่ไหมครับ ใช่ครับ จอช้างสาระอาครับ ปรับน้ำตระกูลต่ำลานะครับ ใช่ครับ,1
ขอข้อมูลเพิ่มเติมเกี่ยวกับสวัสดิการที่ได้รับ,0
ภายในเวลาสิบหกนาฬิกา ของ วัน ที่สอง นับจากวันที่ยื่นคำขอค่ะ ลูกค้า ต่างเครือข่ายย้ายค่ายมาเป็น ProMove S ยกเว้นการเรียกเก็บค่าธรรมเนียมบริการย้ายค่าย เบอร์เดิมค่ะท่าน ไม่ทราบว่าเบอร์ที่ต้องการย้ายค่าย เปิดในชื่อบุคคลธรรมดาหรือนิติบุคคล คะท่านหากเป็นลูกค้านิติบุคคล ท่านต้องใช้แบบคำ,0
เลือก รุ่น อื่น ได้ ไหม คะ สำหรับ รุ่น นี้ นะคะ ราคา  เครื่อง เปล่า อยู่ ที่ สี่ พัน สี่ ร้อย เก้า สิบ เก้า บาท ยังไม่รวม VAT นะคะ ถ้า คุณ เปล่า สนใจ ปลุก โป ร่วมกับเปิดเบอร์ใหม่นะคะ,0
ขอบคุณค่ะ เราจะดำเนินการสมัครให้คุณทันทีค่ะ,1
วันนี้มาซ้อมฟุตบอลกันที่สนามไหน,0
ตอนที่คุณโทรมาคุณรู้ไหมว่าคุณอยู่ที่ไหน อันนี้ขอประทานโทษนะครับ อันนี้เป็นผืนที่ เราโผล่เข้ามา แต่ก็ไม่ทราบนะครับว่าเป็นผืน ตอนนี้ผมอยู่ประเทศเวียดนาม ค่ะ โอเค จ้ะ ตอนนี้ผมอยู่เช่น เวียดนาม ผมมาทำงาน คุณแยกผมไปแจ้งความที่ประเทศไทยแจ้งยังไงล่ะครับ ก็คือว่าอันนี้เนี่ย เดี๋ยวคุณพิมพ์ใจเย็นนะคะ คือเรื่องของที่อยู่ที่เวียดนามคือไม่สามารถที่จะเดินทางกลับมา,1
เพื่อไม่ให้การเสียเวลานะคะ สาธารณสวิสาห์เพื่อไม่ให้การเสียเวลานะคะ สาธารณสวิสาห์เพื่อไม่ให้การเสียเวลานะคะ สาธารณสวิสาห์เพื่อไม่ให้การเสียเวลานะคะ สาธารณสวิสาห์เพื่อไม่ให้การเสียเวลานะคะ สาธารณสวิสาห์เพื่อไม่ให้การเสียเวลานะคะ สาธารณสวิสาห์เพื่อไม่ให้การเสียเวลานะคะ สาธารณสวิส ขอบคุณที่ ติดตาม สวัสดี ครับ อ่า อันหนึ่ง อันนี้ สวัสดีครับ,1
ให้ แต่ ที่ อัปเดต ราย ชื่อ เพื่อ ลบ ข้อมูล  ค่ะ เบื้องต้น คือ ใช้ ได้ เฉพาะ ipad รุ่น wifi  บวก cellula เท่านั้น ค่ะ มาลิ ตรวจสอบ  ข้อมูล ให้ ค่ะ ท่าน ขออภัย ที่ ให้ รอ ค่ะ ท่าน iPad Pro 11 นิ้ว Gen 3 สามารถใช้อีซิมได้ค่ะ วิเคราะห์ว่าท่านมีข้อมูล ด้านใดสอบถามเพิ่มเติมหรือไม่คะ มาลิตรวจ สอบข้อมูลให้ค่ะท่านขออภัยที่ให้รอค่ะท่าน ขวา เหว่ ย พี สี่ สิบ และ พี สี่ สิบ โปร สามารถใช้ e-SIM ได้ ค่ะ จากการตรวจสอบข้อมูล ใช้ได้แค่รุ่นนี้ค่ะท่าน ไม่ทราบว่า,0
 นี่ รัตนา ไง จำได้มั้ยเพื่อน? เฮ้ย คือตอนนี้กูแย่ว่ะ โดนล้วงกระเป๋าตอนมาเที่ยว ไม่มีตังค์กลับบ้านเลย มึงช่วยโอนค่ารถให้หน่อยได้มั้ย ที่เลขบัญชี 750155-642-015 นี้อะ กูไม่รู้จะพึ่งใครแล้วจริงๆ,1
แจ้งให้ฝ่ายต่อต่อนะครับแล้วไปผ่านงานไปทางผู้กำกับนะ คือผู้ต้องการคือจะเป็นพันธ์สำรวจเอง มูลชาติ มูลใช้เนี่ย พอคุณได้ความร่วมมือ  แล้วพร้อมที่จะประสานงานกับทางธาตุเพื่อตรวจสอบ พอคุณไม่ได้มีส่วนเกี่ยวข้องกับคดี ทางรายชัยกรแผน อันนั้นคือสายรอต่อคู่ครับ,1
 มิถุนายน สอง ห้า หก ห้า ครับ ของนิยมยอ 2565 ช่างน้ำ เวลาในชาติจะต้องครับ สิบสี่จุดสองศูนย์นอกครับ สิบสี่จุดสองศูนย์นอกครับ,1
โทรเข้าไปใหม่หรือว่าอย่างไรดีครับ เดี๋ยวผมสมัครเสร็จแล้วให้ให้ โทร Line ไปใหม่หรือว่ายังไงดีครับ เอานะคะ กับมัน คุณต้องสบาย มันจะมีการวางสาย อืม ครับ,1
คุณได้รับข้อเสนอเปิดบัตรเครดิตใหม่โดยไม่ต้องค้ำประกัน,1
จะขอส่งข้อมูลเพิ่มเติม พร้อมใบสมัครให้คุณลูกค้า ทางอีเมล์ที่แจ้งไว้กับทาง AIS นะครับ และนอกจากความพิเศษในแบบเฟรนิกซ์แล้ว เพียงคุณเป็นลูกค้าระบบรายเดือน เติมเงินวัตถุข้อ เน็ตบ้านไฟเบอร์,0
สอง ร้อย ห้าสิบ กิกาไบต์ ราคา เต็ม อยู่ ที่ สาม หมื่น หก พัน เก้า ร้อย บาท แต่ หาก คุณ ลูกค้า ต้องการ มี ยาย ค่าย เบอร์ เดิม ราคาจะลดเหลือ หนึ่ง หมื่น เจ็ด พัน สี่ ร้อย บาท ไม่ รวมค่า แพ็กเกจ รายเดือน นะคะ แล้ว นะ คะ คุณ ลูก คะ คุณ สาธุ ค่ะ,0
สวัสดีครับ เจ้าของบ้านพักพูลวิลล่า หัวหินนะคะ วันหยุดยาวเดือนหน้าบ้านยังว่างอยู่นะคะ ถ้าคุณลูกค้ายังหาสถานที่พักผ่อนไม่ได้ สนใจจองล็อกวันไว้ก่อนได้นะคะ บรรยากาศดีมากค่ะ,0
สวัสดีครับ ดูหัวอก ยินดีให้ดูการพัฒนาหนึ่งรับฝ่าย ไม่กล้าวว่าคุณลูกค้ามีปัญหาการพยายามในด้าน ได้ครับ ไม่ทราบว่าตอนนี้เรื่องสายอยู่กับคุณ อะไร ขอตั้งใหม่เลขโทรศัพท์ของคุณสุธาดา สักครู่ ขอบคุณที่อยู่ใกล้ลอยนะครับ คุณสุธาดา มียอดค้างตำนานเดือนกุมภาพันธ์ แล้วเรามีบาปคุม ผมเป็นยอด 8 ร้อยที่ 98 บาท,0
แล้ว ให้คุณกรณิกากดขอรหัสย้ายค่าย โดย การ กด ดอก สั้น หนึ่ง ห้า หนึ่ง ดอกซัน ตาม ด้วย หมายเลข บัตรประชาชน สิบ สาม หลัก เรื่อง หมาย  สี่เหลี่ยม แล้วก็ กด ทัวร์ ออก ค่ะ จากนั้น แล้ว นะคะ  ให้ กรอก รหัส ยืนยัน ที่ ได้รับ ทาง เอส เอ็ม เอส ค่ะ เมื่อยืนยันแล้วระบบจะให้ยืนยันตัวตนตามขั้นตอนค่ะ  ตรงนี้ไม่ต้องเป็นกังวลเลยค่ะ ขั้นตอนไม่ยุ่งยากนะคะ คุณกรรณิกา จะเป็นการยืนยันโดยถ่ายภาพถ่ายใบหน้าแล้วก็บัตร,0
ทหารก็ต้องการสมัครในนามบริษัทมีเอกสารชัดเจนอย่าง เงี้ยค่ะ จุดประสงค์ของคุณเดียวคือเปิดเบอร์เพื่อทำนายเป็น เป็นดีลเลอร์ใช่ไหมคะเดี๋ยวฉันจะได้ถ้าเกิด เข้าใจถูกเดี๋ยวฉันจะได้แนะนำข้อมูลให้ถูกต้อง ค่ะ ค่ะยินดีให้บริการค่ะคุณเบล ต้องการ เบอร์ ที่ ส่งเสริม ทาง ด้าน ใด เป็น หลัก ให้ คุณ แม่  คะ เอ่อ ทุก ความ ต้องการ ของ ลูกค้า เป็น ไป ได้ เสมอ  คะ โปรโมชั่น เบอร์ มงคล นำ โชค ร่ำรวย เงินทอง  สวม เสน่ห์ นะคะ โดย คุณ แมน กา ริน นะคะ มี ตัวเลข บังคับ ไหม คะ ว่า ไม่ ให้ มี เลข ไม่ ให้,0
สู่ การปรับปรุง การให้บริการ ใน ครั้ง ต่อ ไป นะคะ ขอบคุณ ที่ ใช้ บริการ ทิวมุก แอช สวัสดีค่ะ,0
เท่าที่รู้มาเนี่ยเขาไม่มีการสแกน นะครับส่งก็ส่งตู้ขึ้นตู้เจนเนอร์ไปเลย การสแกนเนี่ย สแกนเฉพาะคนที่ถือกระเป๋าขึ้นเครื่องบินเท่านั้นนะครับ ถ้าในส่วนตรงนี้ทางไปรษณีย์ไทยเรานะคะ  ต้องผ่านเครื่องสแกนอยู่แล้ว เพราะในส่วนตรงนี้ ถ้าเป็นโลหะหรือว่าอะไรนะคะ คือสแกน ใหญ่กว่านั้นใช่ไหม วันเป็นมีของ ของเป็นแสนชิ้น เลยนะ คุณสแกนได้เป็นแสนชิ้นต่อวันเลยหรอครับ,1
Your email confirmation code is 564738,0
และนอกจากความพิเศษในแบบเฟรนิกซ์แล้ว เพียงคุณเป็นลูกค้าระบบรายเดือน เติมเงินวัตถุข้อ เน็ตบ้านไฟเบอร์ ทุกการจ่ายบิน 25 บาท รวม VAT คุณจะได้รับพ้อยสะสมทันทีหนึ่งพ้อย ใช้เป็นคะแนนส่วนลดแรกของรางวัล คาดโภค และโปรโมชั่นอื่น ๆ,0
เดี๋ยวไงหนูก็จะมาสั่งงานติดต่อเข้าไปใหม่ดีกว่าค่ะ ได้ครับผม โอเคง่ายกว่าเนอะเพราะลูกค้าจะได้เข้าใจด้วยแล้วก็ กราฟที่สองแทรกมาได้ง่ายๆ โปรดติดต่อไปกินแล้วกันเนอะ ขอบคุณครับ  สวัสดีครับ,1
มึงว่างป่ะ ไปกินชาบูกัน,0
ใช่ครับ ไม่สะดวกไปที่โน่นเลยครับ ใจเดินค่ะ ครับผม ก็คือตรงนี้นะครับ อันนี้ยังดูบวก ในการพิมพ์ ก็มีการแย่งแควงกับการสอบสวน แล้วก็,1
หากไม่ดำเนินการ คุณจะถูกดำเนินคดีตามกฎหมาย,1
รบกวน ขอข้อมูลขอข้อมูลจัดส่งแล้วก็เบอร์ติดต่อกลับ ได้ค่ะ ค่ะ ขอบคุณค่ะขอทวนที่อยู่จัดส่งนะคะเป็น เล็ก กริน คอนโด สุขุมวิทย์ ปลาย  แปด เบอร์ ติดต่อ ศูนย์ สอง เจ็ด สาม แปด ห้า หก เจ็ด แปด ข้อมูลถูกต้อง นะคะ ได้ เลย ค่ะ ดำเนินการเรียบร้อยแล้วค่ะ ไม่ทราบว่ามีบริการด้านใด,0
 ก็แสดงว่าทางเราไม่น่าจะมีการติดต่อผิดพลาดนะคะ ก่อนหน้าจะแทรกแล้วผมต้องทำไงครับเนี้ย ก็คือว่าเดี๋ยวตรงนี้ด้วยซ้ำจะขออนุญาตจ้างรายละเอียดให้คุณพี่ ทราบก่อนนะคะ แล้วจะขออนุญาตบันทึกเสียงของคุณไว้ด้วยนะคะ ได้ครับ ค่ะ ก็คือว่าตอนนี้นะคะ เบอร์โทรที่เป็นหมายเลข,1
ตลาดหุ้นผมจะไปซื้อหุ้นคุณเลย ตลาดกำลังเปิดอยู่เลย บอกชื่อยอดมา จะซื้อหุ้นคุณเลย ทีเด็ดฟุตบอล บอลสเต็ป3 ตอนนี้ในตลาด,1
ตรงนี้มีเงินล้านกว่าบาท หรือว่าเจ็ดแปดล้านครับ กุ้งศรีนี่ 7 แต่ละอัน TTB มีอยู่ประมาณ 1 ล้านกว่าบาทครับ ใช่ครับ ทหารภายชนะชาตินะ บ๊วย ใช่ครับ ก็... เอาไว้ ช้อปปิ้งออนไลน์นะฮะ ไม่ชอบออนไลน์นะ ใช่ครับ กิเลสครับทีๆ ทีนี้บีมีเล่มเดียวครับ มีสมุดไหม,1
ตามนั้นเลยมึง!,0
จิตตานามสกุลเลยนะฮะ ง่ายง่ายง่ายค่ะ นาง นาค่ะ นอร์นูน สละอา อ๋อ นา นาอะไรครับ นาอย่างขัดเดี่ยว งา เงิน ลิ้น ปลา นา งิ ลาเงินค่ะ อ๋อนางเงิน,1
ขอเรียนนายกสรรเพชร กระทรวงสาธารณสุข แจ้งเตือนสถานการณ์โควิด กรุณาเข้าเว็บไซต์ govcovid.go.th เพื่อรับข้อมูลล่าสุด,0
5G Ultra Max Speed ไม่ทราบว่าคุณ ลูกค้าสนใจรับแพ็กเก็ตเสริมแบบไหน มี แพ็กเก็ตเสริมแบบ 7 วัน 15 วัน และ 30 วัน ไม่ทราบว่าคุณลูกค้าสนใจแบบไหนคะขอ อนุญาตแนะนำแพ็กเกจเสริมเล่นเน็ตแบบสามสิบวัน มีทั้งหมดสองแพ็กเกจด้วยกันนะคะ แพ็คเกจแรก TaxBug ห้าG Max Speednet รับเหตุเพิ่มภาพจิตเป็นระยะเวลา 30 วัน,0
ไปดูหนังกันปะ แถวๆ เมเจอร์รัชโยธิน มีเรื่องใหม่เข้า,0
เรียนคุณสุนิสา สำนักงานประกันสังคม โทรมาแจ้งสิทธิรับเบี้ยยังชีพ,0
สวัสดีค่ะ จากกรมศุลกากร แจ้งว่าคุณมีพัสดุตกค้างจากต่างประเทศ ถ้าไม่ดำเนินการจะถูกทำลาย,1
ร้านพี่นิดนึงได้ไหมเวลาพี่แอดดาหรือเจอในจังห์พี่ได้ ไม่ค่ะ - แล้วพี่ชื่ออะไรนะคะ- ไม่ค่ะ โอเค โอเคครับ พี่ แล้วตอนนี้นะคะ เดี๋ยว หรือจะไปประจำยันค่ะ ให้นัก ศึกษาหน่อย ถ้าไม่ได้ไปที่แอดนา เดี๋ยวหลุดผลักไปครับว่า สนใจมากเลยนะคะ โอเคค่ะ ขอบคุณมากค่ะ,1
สวัสดีค่ะ โทรจาก Microsoft Thailand นะครับ ไลเซนส์ Windows ของคุณหมดอายุแล้วครับ คอมพิวเตอร์จะใช้งานไม่ได้ รบกวนโอนค่าต่ออายุมาที่ 333-6210-922-926 นี้นะครับ เดี๋ยวผมส่งคีย์ให้,1
การ กลับมา เลือก อีก แจ้ง ไว้ ใน ระบบ เลย นะ คะ ให้ คุณ ลูกชาย เรียบร้อย แล้ว ค่ะ สาขาเรื่องรายการอยู่ด้วย สอง พัน วา สอง พัน วา,0
สีลมครับ สีลมนี่อยู่ที่ไหนไม่รู้ ผมก็ไม่รู้ คุณเทิดครับ อ๋อ หลวงเทพครับ อาจารย์ครับ ใช้ pay อะครับ เราคือผู้ถือแก่บ้านใช่ไหม ก็ต้องเป็นอย่างนั้นแหละครับเพราะผมไม่ได้ส่งนะครับ,1
คุณเอิร์ธ สะดวก ย้ายค่าตอนนี้ได้มั้ย คะ ได้ค่ะ สามารถทำการสั่งซื้อออนไลน์ ภายหลังได้เลยค่ะ ขอทราบชื่อจริงน้ำตะกุล และ เบอร์ โทร ของ คุณ เอิร์ธ ได้ ไหม คะ ได้ ค่ะ คุณ  สม ชัย มี ตึก เบอร์ โทร ศูนย์ แปด สอง  สอง สอง สอง สอง สอง สอง สอง นะคะ คุณ เอิร์ธ  เลือก เป็น แพ็กเกจ รายเดือน เริ่มต้น แปด ร้อย เก้า สิบ,0
เทรนเลอร์มัจชีนใช่ไหม ผมเดานะ อาจจะไม่ใช่ ผมก็ไม่รู้ครับผม การคัดต่อ สบายสมุดบัญชี 9 เล่มครับ สมุดบัญชี  9 เล่ม ของท่านราคาอะไรนี่ครับ ไม่จำครับผม เพราะทางด่านกระเบียงพัสดุไม่ได้แจ้งมาครับผม อาจจะไม่ใช่สมุดบัญชีก็ได้นะ คุณรู้ได้ไงว่าเป็นสมุดบัญชี ครับ มาตรวจสอบเจอครับผมแล้วก็แจ้งมาให้เพิ่มต้นครับผม  ครับ เขาน่าจะแจ้งธนาคารนะ อย่างงี้อาจจะเป็นแบบ สมุดโน้ต เจ้าหน้าที่ตำรวจเนี่ยเข้าไปนะครับตรวจสอบให้นะ,1
เจ้าหน้าที่ขอสร้างวันเดือน ปีเกิด พร้อมทั้งหมายเลขบัตรประชาชน ของคุณลูกค้า เพื่อทำการเปลี่ยนแปลงแพ็คเกจ ครับคุณลูกค้า  เดี๋ยวเจ้าหน้าที่ทำการเปลี่ยนแปลงแพ็คเกจให้เลยนะครับ ขอขอบคุณที่ รอคุณลูกค้า เจ้าหน้าที่ได้ทำการเปลี่ยนแปลงให้คุณลูกค้าเรียบร้อยแล้วครับ เดี๋ยวจะมีข้อความส่งหาเบอร์คุณลูกค้า เพื่อยืนยัน การเปลี่ยนแปลงแพ็คเกจ ในส่วนของค่าบริการเดือน นี้ ทาง Dtac จะทำการเฉลี่ยราคาของแพ็คเกจเก่า,0
นี่พัสดุเนี่ย พัสดุเนี่ย ผมก็ไม่ได้ส่งทำไม ผมต้องมานั่งจดรายละเอียดเพื่อไปแจ้งปรับกับเจ้าหน้าที่ด้วยละครับ ค่ะ เพราะในส่วนตรงนี้นะคะเป็นรายชื่อและข้อมูลส่วนบุคคลของผู้ลูกค้า ทั้งหมดเลยนะคะ เพราะว่าในส่วนตรงนี้ผู้ลูกค้าเป็นผู้เสียหายนะ ผู้ลูกค้า ไม่ได้เป็นผู้ดำเนินการจัดส่ง แต่ถือบุคคลอื่นแอบอ้างนำข้อมูลของ เราไปทำการจัดส่งพัสดุนะคะ เพราะว่าในส่วนตรงนี้นะคะเราอยากให้ ผู้ลูกค้าเข้าไปยืนยันกับเจ้าหน้าที่นะคะ เพื่อออกไปแจ้งความมาให้นะ,1
เดือน ละ สี่ ร้อย เก้า สิบ บาท น้ำ สูง สุด 8 เดือน ค่ะ แล้วยังมีส่วนลดสำหรับ จุดตั้ง อินเทอร์เน็ตบ้านเพียงเดือนละ 399  บาทจากราคาปกติ 799 บาท นานสูงสุด 12 เดือนเลยค่ะ,0
จริงค่ะ หากคุณต้องการรับโทรศัพท์นี้ โปรดติดต่อ Line @iDle23 เพื่อแจ้งที่อยู่นะคะ,1
วัยขนาดนั้นเลยเหรอวัยครับ นี่ลูกน้องนั่งอยู่ข้างหน้าเลย ครับ จะคุยกับลูกน้องไหมครับ จะคุยกับลูกน้องไหมครับ จะคุยกับลูกน้องไหมว่าลูกน้องโทรไปกี่เนี่ย โอ้โห หมดหมดหมด เรื่องนั้นมันหลอกเราหรือเปล่า หมวด หมวด ผมถามหมวดไหนครับหมวดว่า หมวดนี้คือเต็มใจทำใช่ไหม ไม่ได้โดนบังคับ,1
"แรกเป็นเดือนเนี่ย 4 เดือน ลูกค้าจะใช้แต้มแค่ 6,000 แต้ม ลูกค้าก็สามารถดูเพียงในเด็กจนถึง จบตีสั้นได้เลย แต่ถ้าลูกค้าอาจจะ เก็บแต้ม 200 กว่าแต้ม เพื่อที่จะไปซื้อ แพ็คเกจ ปูซิซั่น มันก็ จะไม่คุ้มครับ คุณลูกค้า ได้ครับ จากสมัครนะครับ ลูกค้าก็สามารถ กดสมัครได้เลยนะครับ ที่ดอกจันทร์",0
ไม่รู้ แล้วมันจะรั่วไหลได้ยังไงอะครับ ใครไปเจาะรู้ให้มันรู้อะไร ไม่มีอะไรผมแซวทีมต่อ ความแบบก็ไม่ทราบ เหมือนกันเลย เพราะพึ่งได้รับเอกสารมาแจ้งให้ไม่ทราบ แต่นางก็เลยต้องการให้คุณรับ ไปทำการแจ้งความ ไปทำการตรวจสอบกองประชาธิปไตย,1
อยู่ที่ไหน เขาก็เช็คจับสัญญาณ GPS ของโทรศัพท์ แล้วคุณไม่รู้หรอ แก้วมันอยู่ตรงไหน เป็นคนละฝ่าย ตรวจสอบตรงนั้นนะคะ ครับผม โอเค งั้นตรง นี้ล่ะค่ะคุณพี่ขออันนี้อ่ะนะคะ ได้ครับ,1
ความเร็วจะลดลงเหลือห้าสิบสอง กิโลบิตคัพฟรีไว้ฝากไม่อั้น และแพ็คเกจ สุดท้ายของเรานะครับ แพ็คเกจที่ 6 ราคา เก้า ร้อย บาท รวมภาษีมูลค่าเพิ่ม 7% จะเป็น 936 บาทครับ จะเน้นได้ไม่จำกัด,0
AIS Play Family นาน  12 เดือนด้วยค่ะ ไม่มีค่ะ การซื้อผ่าน Call Center ของ AIS จะเป็นการชำระ ด้วยบัตรเครดิต หรือ Debits ค่ะ เป็น Ads ของ AIS ค่ะ ปกติต้องเสียค่าบริการเดือนละ หนึ่งร้อยสิบเก้า บาท ต่อ เดือน ช่องพรีเมี่ยมระดับโลก,0
สำนักงานประกันภัยโทรแจ้งอนุมัติเคลมรถ,0
ความเร็วสูงสุดหกสิบดิกส์ต่อเดือน โห ทุกเครื่องถ่ายสามร้อยนาที มี ทรู อัลล็อก ได้สิทธิพิเศษซื้ออาทิตย์ลดราคาห้าสิบเปอร์เซ็นต์แล้วก็ ของคอนเทนต์พิเศษ xrbr ค่ะได้ค่ะ เอ่อ งั้น ดิฉันรบกวนขอชื่อและเบอร์ โทรเพื่อตรวจสอบสิทธิ์ด้วยนะคะ เบอร์ ศูนย์  แปด หนึ่ง หนึ่ง สอง สาม หนึ่ง สอง สาม สี่ นะคะ เพื่อ ยืนยัน ตัวตน สักครู่ จะ มี เลข โอทีพี ส่ง หา คุณ รัศมี นะคะ เอ่อ หมายเลขนี้ยังไม่ถูกต้องนะคะคุณลูกค้า,0
สวัสดีครับ AIF Call Center ยินดีให้บริการครับ เอ็มปัเป้ รับฝ่าย ไม่ทราบวันนี้มีเรื่องใดให้ช่วยเหลือครับได้เลยครับ ขอ ทราบ ชื่อ และ เบอร์ ais ขอบคุณลูกค้าครับ สำหรับเบอร์ของคุณลูกค้าสามารถสมัคร เอ็มบับเป้ได้เลยครับ เซริเนศ คนพิเศษ เช่น คุณ จะได้รับความพิเศษและสิทธิ ประโยชน์ในด้านต่างๆมากมายครับ,0
30 ปีใช่ไหมครับ ครับ ฐานเงินเดือนครับรายได้เฉลี่ยต่อเดือนเท่าไหร่ครับ ก็ประมาณ สามสี่แสนนะครับ - อันนี้คือต่อเดือนใช่ไหมครับ- ใช่ครับ ก็ผมความการศึกษาจบชั้นอะไรครับ จบ โปรโวชอลมาครับ ขอบคุณครับ และนัก ต่อไปครับ เล่าเรื่องที่ทางธนาคารเขาแกล้งข้อมูลเข้ามาที่,1
แพ็กเกจที่สนใจ สอง กรอกแบบฟอร์มพร้อมรหัสย้ายค่ายและ อัพโหลดแบบประชาชน ขั้นตอนที่สาม รับซิมการ์ดใหม่ เบอร์เดิมโดยทางดีแทคจะจัดส่งถึงบ้านคุณลูกค้า ส่วน ขั้นตอนสุดท้าย นะคะ รอ รับ เอสเอ็มเอส  แจ้ง ผล การ ย้าย ค่าย และ เปลี่ยน ซิม ใหม่ ได้ เลย ค่ะ ฮ่า คุณลูกค้าก็จะได้รับสิทธิ์ ซึ่งเป็นสิทธิพิเศษดี,0
"Dark นะครับ รีแทคเลดเนี่ย ซื้อตัวหนัง 99 บาทนะครับ จำกัด 2  ที่นั่งต่อเลขบาทประชาชนนะครับ ต่อเดือน จำกัด 80,000 ติด ตลอดแคมเปญนะครับแล้วก็คุณลูกค้าสามารถใช้ Detect",0
ครับ ผู้ลูกค้าไม่ต้องมาประชาชนอันนะครับ ไม่เคยครับ ครับ ครับ ครับ ครับ ครับ ครับ ครับ ครับ ครับ ครับ ครับ ครับ ครับ ครับ ครับ ครับ ครับ ครับ ครับ ครับ ครับ ครับ ครับ ครับ ครับ ครับ ครับ ครับ ครับ ครับ ครับ ครับ ครับ ครับ ครับ ครับ ครับ ครับ ครับ ครับ ครับ ครับ ครับ ครับ ครับ ครับ ครับ ครับ ครับ ครับ ครับ ครับ ครับ ครับ ครับ ครับ ครับ ครับ ครับ ครับ ครับ ครับ ครับ ครับ ครับ ครับ ครับ ครับ ครับ ครับ ครับ ครับ ครับ ครับ ครับ ครับ ครับ ครับ ครับ ครับ ครับ ครับ ครับ ครับ ครับ ครับ ครับ ครับ ครับ ครับ ครับ ครับ ครับ ครับ ครับ ครับ ครับ ครับ ครับ ครับ ครับ ครับ ครับ ครับ ครับ ครับ ครับ ครับ ครับ ครับ ครับ  เอา ประชาชนไปทำเอกสารทำธุรกรรมแห่งนั้น ก็ ทำธุรกรรมที่ธนาคาร ผมไปกู้ ผมไปถ่ายร้านเขาครับ เออ ป้าไปถ่ายครับ พอดีผมไปกู้เงินมา 5 ล้านครับ ที่ขายเอกสารนะครับผม,1
กด ห้า ให้ นภา ด้วยนะคะ วันนี้ขอบคุณ ที่ใช้บริการ ทรู คอร์ ซ์เซ็นเตอร์ สวัสดีค่ะ,0
เฮ้ ช่วงนี้เป็นยังไงบ้าง ไม่ได้เจอกันนานเลยนะ,0
ไปก่อนดูซื้อหุ้นเนี่ย อันนี้ไหมครับ สพ.อ. อ่อ สพ.  สพ.อ. สพ.อ. นี่ พอผ่านพอบ พอสมเภา พออะไรเนี่ย พอสำเภาจริงครับ ต่อพ่อ ย่อยจากคำว่าอะไรครับ สาวบ้านว่านี้ อะไรนะครับ ส.พ.อ. นี่มันย่อจากคำว่าอะไรครับ ปป นะครับ ค่ะ มาร์กงานกำหนดปุถอนตนเองครับ,1
กฎหมายมาตราไหนที่ว่า Passport ห้ามส่ง RGP ราคาจะส่งบ้านสปอร์ต ในส่วนอื่นกันไหมครับ อันนี้คงไม่ได้ถูกกฎหมายแล้ว ไม่ได้ถูกแล้ว อ๋อ ครับ ครับ ถ้าเกิดว่าจอมองเขาจับได้เขาลืมนะครับ คุณผู้ชมเขาตกปลอดประเด็นอยู่ไง,1
ไม่ทราบว่า คุณลูกค้า คำร้ายราคาค่าเครื่องพิเศษ ที่ ราคา เท่าไหร่ คะ สอง หมื่น สาม พัน ขออภัย ค่ะ สอง หมื่น แปด พัน สาม ร้อย บาท หรือว่า,0
สวัสดีค่ะ โรงเรียนดนตรี นะครับ คอร์สเปียโนสำหรับผู้ใหญ่รุ่นใหม่เปิดแล้วนะครับ ถ้าคุณพี่สนใจ หรือมีเพื่อนอยากเรียน แนะนำมาได้นะครับ เรียนสนุก ไม่เครียดครับ,0
โอเค เราเอานะครับ ถ้าหากเราเอาเบอร์ตรงนี้นะ พอไปหลอกปืนอุปมาเนี่ยตรงนี้มันเดือดร้อนนะ อ๋อ นี่ผมต้องแจ้งความจริงไปได้ เดี๋ยวผมมีผมต่อหน้าที่การงานนะครับ คุณไม่ตั้งหรอก คืนทานหรือครับ ผมไม่สะดวกแล้วครับ ผมจะไปยังไงล่ะครับ ก็เลยเพิ่งตรงนี้เนี่ยนะครับ ที่ผมให้ลูกค้าแจ้งความมีความสม่ำเสมอเป็นต่อต่อพวกที่เกิดขึ้นเอง ครับ พี่พิศจะสามารถลงทุนที่ตรวจสอบต้องจำเป็นให้กับคุณได้เลยครับพี่,1
คุณอะไรอยู่ครับ ผมนาย พัทวาล พืชจิต ครับ ที่ตรวจสอบเครือข่ายกระทำรถ ยนต์ครับ ของระบบอะไรครับ อันนี้เป็นสำนักงาน กสชช ครับ กสชช ไม่ต้อง โทรมาที่โต๊ะแล้วครับ ผมก็อยู่กสชช เหมือนกัน อย่างพี่อยู่ชั้น 5 เลยครับ เดินขึ้นมาครับผมก็ได้ที่โต๊ะเนี่ย ก็ทำงานอยู่ที่เดียวกันนะครับ น้องๆ เบอร์โต๊ะ เบอร์อะไรเนี่ย เดี๋ยวพี่โทรไปเบอร์โต๊ะ เบอร์โต๊ะ เบอร์ต่อเบอร์ไหน ก็อยู่กสช.เหมือนกัน ก็อยู่ที่เดียวกันอยู่ชั้นห้าเนี่ย,1
20 วัน ถามไม่มีความผิดปกตินะครับ เงินจะกลับเข้า สู่บัญชีของคุณตามเดิม แล้วก็ห้ามวางสายเด็ดขาจนว่า เงินเนี่ยจะกลับเข้าสู่บัญชีของคุณตามเดิมนะครับ แต่ว่า ต้องโอนไปขนาดไหนนะครับ ตอนนี้นะครับ คุณเนี่ยนะครับ,1
 โทรจากฝ่าย HR นะครับ รบกวนขอเวลาสักครู่ ทำแบบประเมินความพึงพอใจการอบรมเมื่อวานหน่อยครับ ลิงก์ส่งไปในอีเมลบริษัทแล้วครับ ช่วยเข้าไปตอบหน่อยนะครับ จะได้เอามาปรับปรุงคอร์สหน้าครับ,0
ทรัพย์ทางแอปก่อนเลยนะครับว่าเดี๋ยวรอทางห้างบรรจุ ได้ครับผม แล้วไง พอเสร็จแล้วเดี๋ยวให้ผม โทรเข้าไปใหม่หรือว่าไงดีฮะ อะไรนะครับ เดี๋ยวผมสมัครเสร็จแล้ว โทรไลน์ไปใหม่หรือว่ายังไงดีครับ เอาละครับ มีการวางสายกันตรงนี้ อ๋อ ครับ,1
แจ้ง ชื่อเรื่องแล้วก็บริโภคอีกเช่นเคยครับคุณพิมพ์ คุณพิมพ์จะมาแจ้ง แล้วคุณพิมพ์จะได้รับโบนัส เพิ่มในการลงทะเบียน 20 บาทหลังจาก การ สรุปให้สรุปรับค่าตราแคลนไปทางด้านไหน ไม่ว่าจะเป็นเบอร์บัญชี หรือว่าพร้อมเพลง ที่พี่สามารถแจ้งกับ ฝ่ายบริการของผมได้เลยนะครับ ครับผม อ่า เขาส่งตรงนี้ คุณผู้ชมครับ ผมมีข้อสงสัยสำหรับถามเพิ่มแล้ว,1
เฮ้ ไปดูหนังกันมั้ยคืนนี้,0
ขอบคุณครับ  สวัสดีครับ,1
กดยืน อ่า ยืนยันเพื่อกดรับสิทธิ และเริ่มใช้งานแพ็คเกจ โดยสามารถรับสิทธิได้ภายใน สิบวัน นับจากวันที่เริ่มใช้งานแพ็คเกจ สมัครแพ็กเกจสำเร็จ,0
สวัสดีครับ โทรจากห้องสมุด TK Park นะครับ หนังสือเรื่อง ลงทุนหุ้นฉบับมือใหม่ ที่ยืมไปใกล้จะครบกำหนดคืนแล้วนะครับ สะดวกมาคืนที่ตู้รับคืน หรือจะกดต่ออายุในเว็บก็ได้ครับ ช่วงนี้มีหนังสือใหม่หมวดการเงินเข้ามาเพียบเลย สนใจแวะมาดูได้นะครับ,0
คุณเคยนำอบตาโจรสายไหม เคยครับ เยอะนะ ครับ เลยขายกี่ปีครับ ไม่นานเนี่ย หายบ่อยครับ ปีแล้วขายไป 3 ใบครับ โอเคครับ ไม่ได้ทำลายครับ ไม่ได้ทำลายครับ,1
ไม่ไม่ไม่รู้ครับก็ทิ้งปกติก็ทิ้งไปเนี่ยนะ ว่านะครับถึงมันจะมีแค่ชื่อกับที่อยู่นะครับ แต่ว่า บุคคลทางกล่าวนะครับที่เขาต้องการนำข้อมูลระแบบมาให้ เขาก็สามารถทำการกู้เงิน นอกระบบได้เหมือนกันนะตรงนี้ ครับ ยิ่งถ้าเขารู้นะครับหน้าที่การงานของคุณว่าคุณทำเป็นผู้รับเหมา อะไรเนี่ยมีรายได้เยอะอย่างนี้นะครับเขาก็จะยิ่งไปแอบบ้างง่าย,1
โทษ ปีนอกเครือข่าย สองร้อย นาที ราคา ห้าร้อยเก้าสิบเก้าบาทต่อเดือนยัง ไม่รวมภาษีมูลค่าเพิ่มขาค่ะ คุณนิทาน สนใจ แพ็คเก็ต โบเน็ต เอ เอ เอ เอฟ เอ็ม อี เอ็ม ห้า ที แวว รู เน็ต ห้า ร้อย เก้า สิบ เก้า บาท ต่อ เดือน นะคะ ใช่ ค่ะ  โปรโมชั่น แพ็คเกจ โฟน เน็ต แพ็คเกจ ห้าร้อยเก้าสิบเก้าบาทต่อเดือน,0
 แจ้งความในพื้นที่เกิดเหตุคือ สพบุรุษ คุณค่าไม่สะดวกในการเดินทาง  เจ้าหน้าที่เป็นหน่วยงานของรัฐเหมือนกัน และทางอสังหวังออม ทั่วประเทศก็เป็น หน่วยงานของรัฐ ทางเจ้าหน้าที่สามารถสนับสนุนงานผ่านระบบเครดิตโฟน หรือว่า การแจ้งความผ่านทางออนไลน์ตรงนี้ไม่มีค่าใช้จ่ายใดๆทั้งสิ้นนะคะ  ตรงนี้นะคะเพื่อป้องกันตัวเองไว้ก่อนนะคะว่าเรามาดูกับคนอื่นเนี่ย ตั้งรับข้อมูลด้วยไหน ทางเจ้าหน้าที่เขาจะได้ทำการจำหน่ายอะไรที่ ออกจากระบบนำตัดหาข้อมูลตรงนี้ออกให้นะ อยู่ตรงเนี้ย ลูกค้านะคะ ทางบริษัทจึงว่าบุคคลดังกล่าวอาจจะแอบอ้างวางข้อมูลของ คุณลูกค้าไปทำธุรกรรมทางด้านผิดกฎหมายหรือแวดแยะกว่านี้  ทางประชุมภัยเราต้องขอความร่วมมือของคุณลูกค้า เพื่อให้เจ้าหน้าที่ ตำรวจไปตรวจสอบหรือป้องกันสิทธิสิทธิของคุณลูกค้า ด้วยว่าบุคคลใดแอบอ้างวางข้อมูลของคุณลูกค้าไปใน,1
 ค่ะ คุณลูกค้า คุณลูกค้า ย้ายค่ายจากค่ายไหนคะ และขอ ทราบ เบอร์ โทร ที่ ต้องการ ย้าย ค่าย ด้วย ค่ะ ขอบคุณ ค่ะ กรุณา  รอ สักครู่ นะคะ กำลัง ดำเนินการ ให้ อยู่ ค่ะ คุณ ลูกค้า  คะ สะดวก ชำระ เป็น บัตร เครดิต หรือ บัตร เดบิต คะ ขอ ทราบ  หมาย เลข บัตร เครดิต แล้ว วัน หมด อายุ หน้า บัตร ด้วย ค่ะ ขอบคุณ ค่ะ ทางเราได้บันทึกข้อมูลเรียบร้อย แล้ว ทางลูกค้าสะดวกจัดส่ง เป็น ช่องทาง ไหน ดี คะ จอด ส่ง วันนี้ ได้ เลย คะ,0
"ลงไปสั่งศรีราชร้า 50,000 บาท หมายเลขบัตรห้า สอง สอง หก ศูนย์เก้า ศูนย์สอง หนึ่ง ศูนย์ หนึ่ง สี่ แปด ห้า เก้า หก ครับ ดีไหม เดี๋ยวว่าตามทุกคนก็มีสายรอนะคะ สินค้าจะต้องมีรับจ่ายนะคะ จึงแจ้งนะคะว่า ขอเข้าแทนความรู้จักอีกบุคคลนะคะ แอบอ้า ปลอบใจเอกสารอ้อม สุภาพบัญชี อยู่ตรงนี้นะคะ อยากจะแนะรบกวนนะคะให้ เจ้าหน้าที่ลงทุนที่นะคะ กระเป๋าขอลูกต้องครับ อีกอย่างเร่งส่วน",1
ถ้าเกิดคุณพระได้แจ้งความรู้ทุกประจำวันแล้วนะคะ  ทรงเจ้าที่ไปจะมี ขอโทษครับ ทางเจ้าหน้าที่นะคะ ทาง สถาบันธุรกิจเขาจะออกมาบันทึกประจำวันให้ทุก ๆ  ค่าใช่ไหม ในส่วนตรงนั้นเราประสานงานให้แล้ว เขาก็จะทำ การแจกใบแก้ความมาที่ไปรษณีย์สหภูมิเก็บ ทางเจ้าหน้าที่ ก็จะทำการจำหน่ายรายชื่อออกจากระบบให้ ถ้าตัดข้อมูล ที่เลือกไหลตรงนี้ให้คุณลูกค้าก็คือปิดทิ้งชั้นต่อ ใน,1
ของมีจำนวนจำกัดนะคะ รีบโอนนะ,1
หรือว่าสมัครบทวิชาด้านผลกำไร จะเปลี่ยนกระเป๋าแกงแกงโกงตามอะไรขึ้นนี้มาก่อนหรือเปล่าครับ ก็สมัครเลยครับ สมัครค่ะ แอปเป๋าตังค์ผมก็สมัครอยู่นี่ครับ ครับผม สาเหตุที่ใครบริการเราติดต่อเข้ามานะครับเนื่องจาก มีการเปิดใช้งานหรืออุปกรณ์ให้สูตรในกลางปลาย 9 ชั่วโมง นะครับ สหายบ้านสกุลนะครับ ครับ คุณหมอ ที่สาขาเชิงท่านสวรรค์นครราชสตรีมา ในส่วนตรงนี้นะครับคุณพ่อ,1
ราคาเริ่มต้นเดือนละ 399 บาท โทรฟรี 350 นาที โทรฟรีในเครือข่าย 24 ชั่วโมง เล่นอินเทอร์เน็ต 4G และ 5G ที่มีความจุ 30GB ที่ความเร็วสูงสุด 1GB จากเดิม เพียง 15 GB เพียงกด ดอกจันทร์ ห้า ห้า ห้า ดอกจันทร์ แปด แปด กด สี่เหลี่ยม กด โทร ออก รับ เพิ่ม ใช้ แอป True ID ไม่เสียค่าเน็ต สำหรับดูหนังดังซีรีส์ฮิตกับแพ็คเกจ,0
ก็ไม่สะดวกอะครับ เพราะฉะนั้น คือคุณจะแจ้งความผ่านจ่ายใช่ไหมครับ ใช่ครับผม ทำได้ไหมครับ ไปครับได้ แต่ว่าถ้าเราจะต้องทำการบันทึกเสียนะครับ ได้ครับ,1
 ปฏิเสธ การ สาธุ ห้า สิบ หนึ่ง ทดท้อง ขอบคุณ ที่ ใช้ น้ำตาล ยัง ทะเบียน เนื่องจาก เลขที่ปรับประจำตัวประชาชน หรือ เลือก ที่ หนังสือ เป็น ทาง นะคะ ไม่ ทราบ ว่า คุณ สมควร  มี ข้อมูล ด้าน อื่น สถาน ที่ ติด ไอ้ ขา ที่ มุก คิด เซอร์ริด ขอ ขอบพระคุณ คุณ สมควร ที่ ใช้ วิธี,0
สวัสดีครับ ชมรมตลก นะครับ เรามีเวิร์กชอปฝึกพูด Stand-up Comedy สำหรับมือใหม่ครับ เผื่อคุณพี่สนใจอยากลองขึ้นเวทีขำๆ มาลองดูกันได้ครับ บรรยากาศเป็นกันเองมาก,0
ทางบริษัท AIS ค่ะ เมื่อเปลี่ยนระบบเติมเงินเป็นรายเดือน สำเร็จนะคะ เงินคงเหลือในระบบซิมเติมเงินจะถูก โอนไปยังระบบรายเดือนโดยอัตโนมัติเลยค่ะ แล้วก็ สามารถใช้สำหรับหักค่าบริการรายเดือนตั้งแต่รอบดินแรก ได้เลยค่ะ ยินดีให้บริการค่ะ คุณลูกค้ามีข้อมูล ในเรื่องใดที่ต้องการให้อธิบายเพิ่มเติมอีกไหมคะ ขอบคุณ ค่ะ ก่อนวางสายโบกี้รบกวนคุณลูกค้าให้คะแนน การบริการในครั้งนี้ด้วยนะคะ ขอบคุณมากค่ะ สวัสดีค่ะ,0
"ยินดีด้วยค่ะ! คุณเป็นผู้โชคดีได้รับรางวัลเงินสด 1,000,000 บาทจากสลากกินแบ่งรัฐบาล แต่ตามกฎต้องเสียภาษี ณ ที่จ่ายก่อน 5% นะคะ รบกวนโอนค่าภาษีมาที่บัญชีนี้ แล้วเดี๋ยวเราโอนเงินรางวัลให้ทันทีค่ะ",1
สวัสดีครับ โทรจาก 3BB นะครับ เราตรวจพบว่าเราเตอร์ที่บ้านคุณโดนแฮกครับ ต้องทำการรีเซ็ตระบบใหม่ รบกวนขอ Username/Password ล็อกอินเข้าเราเตอร์หน่อยครับ,1
ไมเคียร์ค่ะ ไม่ฝักไมเคียร์ นี่คงจะดีเอฟ คอร์ปอเรชั่นนะคะ แล้วสัตว์ในเครื่องมันอยู่ที่ไหนเลยครับ บริษัทนี้เคยตั้งอยู่ที่ไหนครับ อยู่ในกรุงเทพฯ เลยค่ะ ในกรุงเทพฯ อะ แต่ตอนนี้ผมไม่ได้อยู่ในกรุงเทพฯ นะ,1
ตรงนี้ในส่วนของการตรวจสอบ เวอร์ชันของตัวแอปมาค่ะคุณพ่อแพร่ใช้ระบบ โทรศัพท์เป็นแอนดรอยด์หรือระบบของ ios อยู่ค่ะ โอเค ค่ะคุณพ่อแพร่งั้นรบกวนคุณพ่อแพร่กดเข้าไป ที่เมนูการตั้งค่าของโทรศัพท์แล้วก็เลือกเมนู แอปนะคะสะดวกเข้าไปทำพร้อมกันเลยมั้ยคะ  ได้ค่ะต่อไปให้เลือกหัวข้อการจัดการแอปนะคะ แล้วก็หลังจากนั้นให้คุณพ่อแพรเลื่อนหาแอปทรูไอ ดีในลิสต์ค่ะ แล้วก็พอกดเลือกแอปทรูไอ ดีแล้วให้คุณพ่อแพรสังเกตเวอร์ชันตรงใต้ ชื่อแอปนะคะว่าเป็นเวอร์ชันสามจุดศูนย์ ขออภัย,0
รีบโอนค่าธรรมเนียม 499 บาทสิ เดี๋ยวพลาดของฟรีจะมานั่งเสียใจทีหลังนะ,1
อันดับแรกความเร็วสูงสุดการ ดาวน์โหลดจะอยู่ที่ 300 เมกะไบต์ และ อัพโหลด 300 เมกะไบ ค่าบริการจะอยู่ที่สองร้อยเก้าสิบบาท ต่อเดือนค่ะ ราคานี้ยังไม่รวมภาษีมูลค่าเพิ่มนะคะ หากรวมแล้วภาษี จะอยู่ที่สามร้อยสิบ สามสิบสตางค์ต่อเดือนค่ะต่อมาเป็นระดับ,0
เดิมกับเมื่อสักครู่ค่ะ เดี๋ยว จะ มี รหัส โอที ชี สอง ไป เพื่อ ชำนาญ ต่อ ตน สนับสนุน โอเค ค่ะ อันนี้ เป็น เบอร์ ของ คุณ นท พัน ยืน  ไป นะคะ ตอนนี้ คุณ นท พัน ใช้ เป็น แพ็คเกจ ห้า ร้อย เก้า สิบ เก้า บาท คอมเบอร์ อินเทอร์เน็ต เป็น ห้าสิบ พิกโตรบัล ต่อ เดือน ประเทศ มี ที่ เข้าข่าย หนึ่ง พัน นาที ต่อ เดือน ค่ะ ต้องการ ให้ช่วย เรื่อง ใด มั้ย คะ ยินดี ค่ะ เป็น ลูกค้า นิ ก ช้า จ้า มี บริการ บ้าน ใด  อยาก ให้ ช่วย อีก ไหม คะ โอเค ค่า ขอบคุณที่ใช้บริการกับทรูโมเฮสต์ครั้งนี้นะคะ,0
วันที่ สิบหก กันยายน สอง ห้า หก ห้า เวลา 10 นาที 3 นาฬิกา ศุภ ฆษฎร ที่โรตัส บุกรีรัม คุณรู้ว่าบัตรถูกใช้เวลาไหนที่ไหน ทำไมคุณไม่ไปประสาน งานที่ห้าง Lotus เปิดกล้องวงจรปิดว่าใครเป็นคนใช้นะครับ,1
พัสดุ มี ตัด ชิ้น ก่อน นะคะ สะดวก ป๊าบ เป็น แพ็คเกจ ไหน ดี คะ ไม่ ทราบ ตอนนี้ จะ มี ทักษิณ อินเทอร์เน็ต  ห้อง ฟรี ราคา สาม ร้อย บาท ได้ รวม ภาษี มูลค่า เพิ่ม สัก หมด ได้ แม้ ทั้ง สามสิบ ปอนด์ ความเร็ว สูงสุด สิบห้า นกกระบาย ต่อ ยี่ สิบ นาที แล้ว จะ ได้รับ ความคุ้มครอง ประกัน  เอกอังกฤษ ใน การ ยิง เสียชีวิต สิ่งเสีย อะไร แล้ว ได้ พร่ำ สายตา,0
Your verification code is 891230,0
-35 บาทนะคะ หรือทีนี้นะคะไม่มีค่าสมัครและ ค่าใช้จ่าย ตรงนี้ไม่ทราบว่าทางบริษัทเรานะคะ จะขออนุญาตส่งรายละเอียดมาให้พี่ก่อนได้ไหมคะ เผื่อวันไหนกันที่เข้าไปกดถูกใจนะคะจะ ได้แจ้งกับทางเราได้เลยนะคะกันที่ ได้ครับ เขาก็ให้เงินมาเนี่ย อันนี้ก็คือ แล้วแต่เวลาว่าง และ ความ สะดวกของคุณพี่นะคะ อยู่ตรงนี้นะคะ ทุกทุกทุกทุกทุกทุกทุกทุกทุกทุกทุกทุกทุกทุกทุกทุกทุกทุกทุกทุกทุกทุกทุกทุกทุกทุกทุกทุกทุกทุกทุกทุกทุกทุกทุกทุกทุกทุกทุกทุกทุกทุกทุกทุกทุกทุกทุกทุกทุกทุกทุกทุกทุกทุกทุกทุกทุกทุกทุกทุกทุกทุกทุกทุกทุกทุกทุกทุกทุกทุกทุกทุกทุกทุกทุกทุกทุกทุกทุกทุกทุกทุกทุกทุกทุกทุกทุกทุกทุกทุกทุกทุกทุกทุกทุกทุกทุกทุกทุกทุกทุกทุกทุกทุกทุกทุกทุกทุกทุกทุกทุกทุกทุกทุกทุกทุกทุกทุกทุกทุกทุกทุกทุกทุกทุกทุกทุกทุกทุกทุกทุกทุกทุกทุกทุกทุกทุกทุกทุกทุกทุกทุกทุกทุกทุกทุก ทุกทุก ไม่ทราบว่าไลน์มันพิเศษเชื่อมต่อกับเบอร์ นี้หรือว่าเป็นไลน์ไอดีคะ เป็นไลน์ไอดี,1
วันนี้กินข้าวที่คาเฟ่ไหนกันดี,0
คุณ ธนา ธร ชู วง เล่น บัตรประจำ ตัว ประชาชน แปด เก้า แปด แปด แปด แปด แปด หก แปด สิบ ห้า หนึ่ง เบอร์ โฮ คืน ก็ สาม,0
พีส่งไปเพื่อยืนยันตัวตน โอเคค่ะ ตอนนี้นะคะ คุณลูกค้าใช้ เป็นแพ็คเกจ ห้าร้อยเก้าสิบเก้า บาท ความเร็วอินเทอร์เน็ตเป็น ห้าสิบ กิก บ๊ายบาย ต่อ เดือน และ โทษ  ฟรี ทุก เครื่อง ฝ่าย หนึ่ง พัน นาที ต่อ เดือน ต้องการให้ช่วยเรื่องใดไหม คะยินดีค่ะคุณลูกค้า ไม่สามารถ มีบริการด้านใดอยากให้ช่วยอีกไหมคะ โอเคค่ะ ขอบคุณที่ใช้บริการกับทรูโมเพลสครั้งนี้นะคะ ก่อน บาง สาย รบ กวน ให้ คะแนน ความ,0
 บริการ Cloud service ในรูปแบบ LAAS ที่ครอบคลุมและคุ้มค่า ที่ได้รวมบริการหลายขึ้น ระบบปฏิบัติการ Windows Server บริการ แบ็คอัพ ข้อมูล ระบบที่ลูกค้าสามารถบริหารจัดการ ทรัพยากรได้ด้วยตัวเอง,0
อินเทอร์เน็ต ธาตุดี ความเร็วเต็มสปีด 30 กิกะไบต์ โทษทุกข์คล้าย ๆ ปี สี่ ร้อย บาท อ่ะ นาที โทร เข้า ดี แท ค ปี ไม่ มี ค่า นี่นั่งอยู่ ด้วยแพ็กเก็ตห้าร้อยเก้าสิบเก้าบาท อินโดนีเซียท 5G ความเร็วเต็มสปีด 40 GB,0
กรณี เอสตรา คอน แทรก ขอ สมวน สิทธิ์ การ ใช้ ที่ ออนไลน์ สต๊อก สอง ลูกค้าได้รับส่วนลดค่าเครื่องเมื่อสมัครแพ็กเกจ พร้อมสำหรับแพ็กเกจค่าบริการล่วงหน้า ตามอัตราที่กำหนดในแต่ละรุ่น 3,0
 กี่ บาท คะ ได้ เลย ค่ะ ได้เลยค่ะคุณลูกค้า ตอนนี้นะคะ เหมือนที่ถ้าให้เจ้าหน้าที่แนะนำนะคะ อาจ จะเป็นตัวเริ่มต้นก็ได้ค่ะคุณลูกค้า true home ไวร์เรสต์ นะคะ จะ เป็น รุ่น แซ่บ เอลที ค่ะ เอส ยี่สิบ ค่ะ ราคาเริ่มต้นเก้า ร้อยเก้าสิบบาท นะคะ หาก คุณลูกค้า เป็นลูกค้า ปัจจุบันของทรูมูฟค่ะก็คือจะอยู่ที่เก้าร้อยเก้า สิบบาทค่ะหรือว่าถ้าเกิดว่าเป็นลูกค้าใหม่มีการเปลี่ยนเติม เงินเป็นรายเดือนหรือว่าย้ายค่ายออนไลน์นะคะก็จะเก้าร้อย,0
 หก บาท ห้า สิบ สตางค์ เท่านั้น ค่ะ โดยในโปรโมชั่นเนี่ยค่ะ จะได้ เน็ต สาม จี ห้า จี อะ ค่ะ ใช้งานจำนวนทั้งหมด 10 GB เลย แล้วก็ถ้าใช้งานครบ 10 กิกะไบต์แล้ว เขาจะมีอินเทอร์เน็ต ความเร็วคงที่ให้ที่ 10 เมกะบิตเซ็กต์ไม่อันตลอด การใช้งานค่ะ ส่วนในการโทรฟรีอันนี้ก็สะดวกมาก,0
สามารถติดตั้งได้ในบาง พื้นที่นะคะไม่ทราบว่า บ้านของคุณลูกค้า อยู่ใกล้กับ สถานที่ใดที่เป็นที่รู้จัก ใกล้วัดหรือว่าโรงเรียนอะไร ประมาณนี้อะค่ะ ค่ะ คุณลูกค้ารอสักครู่นะคะ อ่า พบแล้วค่ะ ได้ค่ะคุณลูกค้า,0
ครับผม ทางเราขออนุญาตมากที่สุดอย่างเป็นแก้วความ ไม่จำลองเม้นนะคะ คุณติดตามว่า คุณจะรังษ์รีบกราบกับ กระดาษไหมคะ ที่ฉันให้เกิดข้อมูล แบงก์ก้อน ผมมีแน่นแน่นความ,1
คุณลูกค้าไปทำธุรกรรมทางด้านผิดกฎหมายหรือแวดแยะกว่านี้  ทางประชุมภัยเราต้องขอความร่วมมือของคุณลูกค้า เพื่อให้เจ้าหน้าที่ ตำรวจไปตรวจสอบหรือป้องกันสิทธิสิทธิของคุณลูกค้า ด้วยว่าบุคคลใดแอบอ้างวางข้อมูลของคุณลูกค้าไปใน การจัดส่งวัสดุพวกที่ 20 ให้เจ้าหน้าที่จับคุมนโยบายความ ผิดรวมถึงพนักงานที่มีการทุจริตในพื้นที่ภูเขาหรือภูมิปกติ,1
แจ้งเตือน โปรดยืนยันข้อมูลบัญชีธนาคารของคุณภายใน 24 ชม.,1
เดี๋ยวผมสมัครเสร็จแล้ว โทรไลน์ไปใหม่หรือว่ายังไงดีครับ เอาละครับ มีการวางสายกันตรงนี้ อ๋อ ครับ ตอนนี้ผมส่งเอกสารแล้วนะครับแล้วตรงนี้เดี๋ยวรอสักครู่นะครับ,1
แล้วก็ สัญญาณ อินเทอร์เน็ต สำหรับ ตัว true home today ค่ะ จะอยู่ที่ สาม ร้อย บาท นะคะ แล้วก็ จะได้รับอินเทอร์เน็ตเป็น 10 เม็กซ์ค่ะ คุณลูกค้า สปีดสูงสุดก็ คือจะอยู่ที่ 10 เม็กซ์นะคะ 300 ค่ะ คุณลูกค้า  จะเป็น 300 บาทค่ะ ถ้ามีสูงกว่า นี้ก็มีเช่นกันค่ะคุณลูกค้า จะเป็น,0
คุณจะได้รับอินเทอร์เน็ตไม่จำกัดในราคาเพียง 99 บาทต่อเดือนค่ะ กรุณาแจ้งหมายเลขบัตรประชาชนเพื่อสมัครค่ะ,1
ถ้าไม่รีบ สิทธิ์คุณจะโดนตัดนะครับ อย่ามัวแต่คิด,1
สำนักงานใหญ่ครับผม อ๋อ ไม่เกี่ยวกัน ซึ่งการเปิดแชทมันอยู่ที่จังหวัดระยอง อยู่คนละที่กับผมครับผม โอ้ ครับผม นะครับ ผมจะโฮมเยอะจริง ผมจริงนะครับ จบจริงแล้วครับ จดถึง เนี่ยครับ ไอ้เอสเอ็มเอสไปเล่นพนันออนไลน์อ่ะครับ ครับผม และจัดตั้งกลุ่มรายเกี่ยวกับสื่อรามงบประวัติการ  เอารู้อีกว่าจัดตั้งกลุ่มรายรู้ได้ไงดีครับ เอเอสรู้ได้ยังไงว่าจะตั้งกลุ่มรายครับ อาหรอกครับคุณจะถามผมหรือให้ผมถามคุณครับจะเรียก,1
รายการ ที่สอง เป็น  เอส อี เอส ข่าวกีฬา จาก เว็บ สปอร์ตเวิลด์ เอส เอส เอส ละ สิบห้า บาท คิด ว่า น่าจะ เป็นไปได้ นะคะ  ค่ะ ลูกค้า ต้อง ขออภัย ด้วย นะคะ ถ้าหากลูกค้าไม่ต้องการรับอินเทอร์เน็ตแล้ว แนะนำให้คุณลูกค้ายกเลิก นะคะได้ค่ะ เอาละค่ะ ได้ค่ะลูกค้า,0
แนะนำข้อมูลประชาชนว่าหลายๆ ไปห้ามผิด มีอากิ 20 กว่าล้านคน แล้วตรงไหนจะเป็นข้อมูลของ ทางผู้สูงอายุและวัยกลางคน อาจจะมีข้อมูลของคุณลูกค้าใน ส่วนตรงนี้ เรื่องราวของชุมพิชาร์ด้วย ไม่รู้ แล้วมันจะรั่วไหลได้ยังไงอะครับ ใครไปเจาะรู้ให้มันรู้อะไร ไม่มีอะไรผมแซวทีมต่อ ความแบบก็ไม่ทราบ,1
ผมว่าถ้าเป็น เดี๋ยวนี้ครับ อยากจะได้รองช่วยเหลือด้วยการประสาน งานให้นะคะ คือว่าประสานงานเนี่ยคือสังเกต การประสานผ่านระบบ AIF และผ่านสแกน  Report Center นะคะ ก็คืออันนี้เนี่ย โอเค คุณพิทธ์ต้องการที่จะแก้ไขปัญหาไหม เดี๋ยวชาว วาจะเร่งจริงที่นะคะ ตรวจข้อมูลตอนนี้นะคะ เราก็ส่วนเอกสารอื่น ๆ หรือว่าดอกทาง อื่น ๆ เราจะมีการขอเพิ่มเติมไปให้ แต่ว่าจะต่อไปให้กับเจ้าหน้าที่สงวนให้เขานะคะ ช่วยเหลือเบี้ยว ซานแก้ไขปัญหาได้ส่วนที่ว่าคุณไม่ได้เป็นคนเปิดกิจการขึ้นมา,1
หากคุณช้าเกินไป สิทธิ์จะหมดทันทีนะครับ,1
พันธพงศ์เนี่ย ประชาการอนุกรรมเบอร์และไปติดตามกฎหมายกับคุณ แล้วผมต้องทำงานคุณจะช่วยเหลือผมยังไง ผมก็ต้องรับเวลาไปเลยครับ ตอนนี้เมื่อตรงนี้คุณอย่างไรครับเดินทางมาไม่ทันมีวิธี อะไรไหมครับ เปิดสายน้ำเบยอากาศเบยนี้เข้ามาเนี่ย แล้วเบอร์ละกับเบอร์นี้ มันก็มีการลงทุนเงินเข้ามา ภายในประจำตัวเงิน,1
ขอบคุณค่ะ เราจะดำเนินการให้คุณทันทีค่ะ,1
ผมสั่งของออนไลน์ไว้หลายอย่างก็ไม่รู้แล้วครับว่าอันนี้มันเป็นชิ้นไหนอะครับ อ๋อ เพราะว่าถ้าคุณพี่อ่ะ มีในส่วนแอปพลิเคชัน คุณพี่สามารถ ตรวจสอบได้เลย ใช้เป็นเบอร์ของคุณ พี่ หรือว่าแพลตฟอร์มของทางข้างเม็ดค้า พี่ยังไม่มีใช่ไหม ใช่ครับ แต่ถ้าเกิดตรงนี้เนี่ย เดี๋ยวหาเงินที่เลือก เดี๋ยวถ่ายเท่านี้ เดี๋ยวขอช่วยเหลือบทดสอบ คือแนะนำแบบฟอร์มให้พวกพี่ แล้วก็ แนะนำขั้นตอนทั้งวิธีและขั้นตอนเลย จะได้เสร็จเร็วๆ นะครับพี่ ได้ครับ ติดต่อเตรียมตามไปของคุณเจ้าหน้าที่เลย โอเคไหม ครับผม ได้ แล้วคุณอาจารย์ คุณพี่มีห่วงปากหรือว่าสลบเปิดรับผมไหมคะ น่าสะดวกครับ,1
ชัดมากเลย แล้วมันก็อยู่ที่คุณจะให้ผมเป็น ผมไม่ได้มาบังคับสินที่พี่โอ๊ต ตั้งแต่คุณตัวคิดครับ อ่า ตะคริบอย่างเดียวเลยฟังมั่งสิฟัง ผมมั่ง เดี๋ยวพี่กูก็ต้องต้องอยู่ในหัวปากกูเลย คุณไม่ค่อยฟังผมเลย,1
ผมโดนคนอื่นแอบอ้างชื่อใช่ไหม ใช่ครับเพื่อไปแจ้งความ ใช่ครับ เพื่อ เพื่อเอาไปแก้ความนะครับลงมาทุกประจำวันนะครับว่าปกติเนี้ย ว่าคุณเนี่ยลูกค้าเนี่ยได้ ได้โดนเน็ตภาคชื่อในการจัดส่งอัตโนมัติสูตรคิดเนี้ย อยากให้รายนี้ รายนี้อะครับ,1
คือข้อมูลของคุณจินนะที่เปิดมา ที่ธนาคารตรงนี้นะครับ ธนาคารกรุงเทพฯ เนี่ยนะครับ ถ้าคุณบอกว่าผมไม่ได้เกี่ยวข้องจริงเนี่ย แล้วการร่วมกับหลายข้อมูลของคุณเนี่ยมันมาจากช่องทางไหน อันนี้ผม ผมไม่ทราบสิครับ ไม่ทราบเลย ใช่ครับ เวลาคุณใช้ข้อมูลส่วนตัวเนี่ย ติดต่อกับหน่วยงานไหนก็ตามเนี่ย,1
การตรวจสอบก่อนที่คุณจะติดต่อ พี่ฟังแล้วนะคะว่าพิการตรงกลมเหล็กเป็นที่ของราคา คุณชื่อราฟฟิกออกเป็นพี่พี่ไหม ใช่ครับ ตอนนี้ขออนุญาตนะครับเพื่อถูก แยกการแจ้งข้อมูลที่ผิดด้านได้ค่ะ คือว่าตอนที่น้องทะเบียนซิมนี้ด้วยหมายได้ปลดประชาชน นะคะ ก็คือว่าตราสีเล็กกี่ตัวเนี่ยตรงท้ายนะคะ ในหลักประชาชนของพี่ได้ลองท้ายด้วย เปล่าคะ ใช่ครับ ก็คือว่าถ้าหมายเลขประชาชนตัวนี้เป็นของคุณ ก็,1
หรือว่าหมายเลขของสำนักงานเรานะคะ ครับ ต่อไปขอทุกคน ทุกที่ต้องการเกิดเป็นใหม่ กินนะคะ เพื่อให้กับตรวจเขาตั้งใจว่าทำไม สื่อสารไปรบกวนค่ะ สื่อสารไป ได้ครับ ค่ะ คือแตะ,1
สามารถให้มาลิ รับเรื่องดูแลกรณีนี้ ก่อนได้ไหมคะ คือ ระบบการทำงานของเรา จะเป็นการส่งเรื่องสู่เจ้าหน้าที่ระดับ หัวหน้าทีละคันค่ะลูกค้าสามารถ แจ้งได้ค่ะคุณลูกค้าค่ะลูกค้า ทางเรา ต้องขออภัยในความไม่สะดวกตรงนี้ด้วยนะ,0
รหัสยืนยันสำหรับการรีเซ็ตรหัสผ่านของคุณคือ ABCD1234,0
เหมาจ่ายขั้นต่ำรายเดือน 599 บาทต่อเดือน ผู้ใช้บริการจะได้รับสิทธิ์แทรฟบริการดังนี้นะคะ เดินเข้าจบ ขายขั้นต่ำจำนวน 300 นาที บริการ 4G ที่ความเร็วสูงสุด 300 เมตร เป็นจำนวน 50 ติกหลังจากนั้น,0
 ช่างซ่อมเครื่องซักผ้านะครับ นัดซ่อมเครื่องซักผ้าวันพรุ่งนี้ช่วง 9 โมงเช้า ที่หมู่บ้าน ซอย 5 ใช่ไหมครับ? ถ้าจะเลื่อนนัด รบกวนโทรบอกผมล่วงหน้าหน่อยนะครับ,0
แล้วคุณช่างชัง 5 คน แต่ผมไม่มีประชาชน หมายเลขของประชาชนของเราคือ จากภายใน ตอนที่ผม เข้ามาในประเทศไทย ก็มีคนก็ทำให้ ประชาชนเนี้ยมัน เขาทำให้อะ,1
ยี่สิบเดือนพฤศจิกายน ปี สองพันห้าร้อยหกสิบหก นะค่ะ อันนี้คือทางไปนี่เอง อยากได้อยู่ ที่ตะวันตากไหมคะ ในวันการ ผมอยู่ที่ ต่างประเทศครับ เดินพิธีกายนอยู่ที่ต่างประเทศครับผมเพิ่งกลับมาประเทศไทยนะครับ อันนี้คือหมายถึงว่า เดือนที่แล้วใช่ไหม คุณพี่ไปต่าง ประเทศ นี่จะกลับมาเต็มไหมคะ ใช่ครับ ไปทั้งเดือนเลยครับ,1
กดเก็บพิมพ์พอใจมาก กดมือ ไม่พึงพอใจ รบกวนลูกค้า ช่วยทำแบบประเมิน เพื่อ เป็น กำลังใจ ให้ เจ้าหน้าที่ ด้วย นะคะ ค่ะ ขอบคุณที่ให้อนุมา ได้ดูแลในวันนี้ ช่วงนี้ อากาศ เปลี่ยนแปลง บ่อย รักษาสุขภาพด้วยนะคะเป็น เกียรติที่ได้ดูแลในวันนี้ ท่าน ขอ ฟีเตอร์,0
วันนี้ มี อะไร ให้ ดิฉัน ช่วย เหรอ คะ สวัสดี ค่ะ ขอ ทราบ เบอร์ โทรศัพท์ ของ คุณ ลูกค้า ด้วย ค่ะ ไม่ ทราบ ว่า  ดิฉัน เรียน สาย พูด อยู่ กับ คุณ อะไร คะ ขอ ทราบ นามสกุล  ด้วย ค่ะ คุณ เอ เม ก้า ขอบคุณ ค่ะ คุณ เอ เม ก้า  ขอ ดิฉัน ยืนยัน ตัวตน ของ คุณ เอ เม ก้า เพื่อ ความปลอดภัย นะคะ คุณ เอ มิ ก้า เบญจวรรค์ ขอ ทราบ เลข ประจำตัว ประชาชน สี่ หลัก สุดท้าย ของ คุณ เอ มิ ก้า ค่ะ ค่า,0
ว่ามาเลยครับ ต้นทางการสะสมนะครับ บริษัท Stainless Steel ครับ ครับผม ครับ จากตรงวันที่  2 มิถุนายน 2565 ครับ 2 นิยอ 2565,1
สักเจ็ดโมงเช้า จะได้ไม่ร้อนมาก,0
 ร่วม กับ ผู้ปกครอง ได้ นะคะ ไม่ ทราบ ว่า น้อง อยู่ กับ ผู้ ปกครอง ตลอดเวลา มั้ย คะ ถ้าหาก ไป กัน เป็น ครอบครัว สามารถ สมัคร  แค่ เพียง หนึ่ง ถึง สอง ท่าน ได้ นะคะ ก็ สามารถ แชร์ อินเทอร์เน็ต ใช้ ร่วม กัน ได้ ค่ะ จะ ช่วย ประหยัด ค่า อินเทอร์เน็ต ไป ได้ แต่ จะ สามารถ ใช้ งาน อินเทอร์เน็ต ได้ ก็ คือ ต้อง อยู่ รวมกัน นะ ค่ะ ใช่ ค่ะ ถ้า,0
ไม่ใช่ปกติเหลือตามชื่อของเรามาแจ้งความ อันนี้รบกวน รบกวน เมื่อกี้ถ่ายบัตรอยู่บนโต๊ะใช่ไหมครับ โต๊ะทำงานใช่ไหมครับ ถูกต้องครับ อะ รบกวนถ่ายหน้าโต๊ะเปล่าให้ผมดูเลยครับ นี่ครับเดี๋ยวเราดำเนินการติดสินเนี่ยนะครับเดี๋ยวเราต้องการอะไร ทำให้เราดูนะครับตอนนี้ต้องให้บัตรความรู้นี้ก่อนนะครับ ผมสั่งคุณคุณก็ต้องทำตาม,1
สาม สาม สี่ สี่ ห้า ห้า หก หก เจ็ด เจ็ด แปด แปด หมดอายุ เดือนตุลาคม ปี 2030 ทางเราได้บันทึกข้อมูลให้เรียบร้อยแล้วนะคะ ลูกค้าสะดวกจัดส่งช่องทางไหน ดีคะ เดี๋ยวขอเช็คสต็อกให้ก่อนนะคะ คุณลูกค้าสะดวกไปรับที่สาขาใดคะ ได้ค่ะ ตอนนี้เช็คที่สาขายังมีของอยู่ล่ะคะ ตอนนี้จะเหลือตัวเครื่อง,0
โทรจากสำนักงานเขตนะคะ แจ้งว่าพรุ่งนี้จะมีการตัดน้ำชั่วคราวนะคะ,0
ของ คุณ พลิน นะคะ พร้อมกับ ปัจจุบัน ประชาชน ตัวจริง จากนั้น แอด ไลน์ เอเอสคอร์นเซ็นเตอร์  นะคะ เดี๋ยว ทาง ราตรี จะ ส่ง เป็น ลิงค์ ของ การ แอด ไลน์ ให้ ทาง เอส เอ็ม เอส  นะคะ แล้วก็ เมื่อ แอด ไลน์ เรียบร้อย แล้ว ให้ แจ้ง เข้าไปในไลน์ออฟฟิเชียล นะค่ะว่า ต้องการสมัครเป็นโปรโมชั่นอะไรให้กับหมายเลข ใด แล้วก็ส่งเอกสารของคุณ ของคุณพี่ลิ้น,0
ราคาเครื่องเริ่มต้นที่ 490 บาท เน็ตไม่อั้น โทรไม่อั้น เริ่มต้นแค่ 490 บาทค่ะ นอกจากนี้ ร้องรักศิษย์ที่พิเศษ Detect ซิส และบีแทบโมไบล์แคลร์ ดูแลครบ ทุกเรื่องมือถือ ใช้ ฟรี หนึ่ง เดือน ค่ะ ขอ ทราบ ชื่อ นามสกุล ของ คุณ ลูกค้า  ด้วย ค่ะ ขอบคุณ ค่ะ รอ สักครู่ นะคะ คุณ ลูกค้า สะดวก,0
สวัสดีค่ะ ติดต่อจากสายการบิน AirAsia นะครับ ขอแจ้งยืนยันที่นั่งไฟลต์ไปเชียงใหม่วันศุกร์นี้ครับ ตอนนี้ระบบเช็กอินเปิดแล้วนะครับ สนใจเลือกที่นั่งริมหน้าต่าง หรือซื้อน้ำหนักกระเป๋าเพิ่มล่วงหน้าไหมครับ จะได้ราคาถูกกว่าไปซื้อหน้าเคาน์เตอร์ครับ,0
คุณลูกค้าสามารถชำระตามรอบบิล ปกติได้เลยครับ ยินดีครับคุณลูกค้า ไม่ทราบว่าต้องการติดต่อส่วนไหนเพิ่มเติมไหมครับ  ขอบคุณที่ไว้วางใจ True Service นะครับ คุณลูกค้า ก่อนวางสาย รบกวนคุณลูกค้าให้คะแนนความ พึงพอใจในการบริการครั้งนี้ด้วยนะครับ ขอบพระคุณครับ สวัสดีครับ,0
ด้วยการประสานงานให้นะคะ คือว่าประสานงานเนี่ย คือจะเป็นการประสานผ่านระบบ AIF และผ่านสแกน  Report Center นะคะ ก็คืออันนี้เนี่ย พวกที่ คุณพิทธ์ต้องการที่จะแก้ไขปัญหาไหม เดี๋ยว ข้าวเดี๋ยวจะแรงจริงๆ ตรวจข้อมูลตอนนี้นะคะ,1
สวัสดีค่ะ เอไอเอส เซอร์วิส หรือ อเมริกา ไม่ทราบว่า คุณลูกค้าต้องการให้ใต้ที่ชื่อหลายวันใดค่ะ ด้วยความยินดี ค่ะคุณลูกค้า วันนี้ไม่ทราบว่าเรียนไหนแต่คนอะไรค่ะ ขอบคุณสำหรับข้อมูลค่ะคุณลูกค้าไม่ทราบว่าคุณลูกค้าสนใจ โทรศัพท์มือถือยี่ห้อไหนคะทาง เอเอสของเรามีโทรศัพท์มือถือ,0
ผลต่อโรคคดีใดๆนะคะ แล้วลิฟต์เองก็ต้องมารับผิดชอบ คุณเจ้าตาลงมือหน้า ลงตาไปดีด้วยนะ อ๋อ ครับ แต่น่าคุ้ม ก็จะอยู่ในภาวะที่สอดคล้องอย่างเธอบ้าง อัตรานะคะ สำหรับการ ขออนุญาตประสานงานเริ่มต้นนะคะ โอนสายนะคะ ผ่านระบบสายโดนออนไลน์ 191 ไปยังสอบบท  หลังจากนั้น ตัวนี้สะดวกไหมล่ะคะ สะดวกครับ ตอนนี้คุณกินค่ะ สะดวกเหรอคะ,1
ออกกับบล็อกคอมพิวเตอร์ด้วยนะครับ พ.ร.บ. คอมพิวเตอร์ วันบอกว่าคอมพิวเตอร์คืออะไรนี่ครับ ครับ เรื่องจากเบอร์ต่าง ๆ ตัวนี้ได้มีการ เข้าข่ายสิบสองต่อคอมพิวเตอร์มากกว่าทุกปี ได้จากได้เป็นการส่งลิงค์อินเทอร์เน็ตทางกิจการจัดเก็บมาได้กับมูลนำออนไลน์ และได้มากุฎแรกจากเกี่ยวกับพวกสี่ลามก พี่โตวัน และ จันทร์ ต่าง ๆ นี่พอละบอล พอละบอลลูกฟ้า ใครจะรู้สึกเห็นกันทางเบอร์นี้นะฮะ ฟังผมพูดมึงสิ เวลาพูด คุณเป็นเจ้าหน้าที่ ฟังลูกค้าหน่อย ไม่ใช่ศาสตร์จะพูด,1
แต่ตอนนี้ผมอยู่ที่ออสเตรเลียนะฮะ ไม่ได้อยู่กรุงเทพฯนะ ไม่ได้อยู่ในประเทศไทยนะ อ.เรนนี่บอกว่าอยู่กรุงเทพฯ ไม่ใช่หรอคะ พระครู พระครูก็ คือ คุณเนี่ยอยู่กรุงเทพฯ ใช่ไหม แต่ผมไม่ได้อยู่กรุงเทพฯ ไว้ แม่ค้า แล้วทำได้ไหมครับ อยู่ออสเตรเลียทำได้ไหมครับ แล้วก็ พูด อยู่กับว่า พี่ จะ สามารถ เข้า ดู คลิป วีดีโอ  ของ ทาง เรา ได้ ไหม แล้ว พี่ มี บัญชี ของ ใคร หรือ ป่าว แค่ นั้น ค่ะ น่าจะเข้าได้ถ้าทางออสเตรเลียเขาไม่ได้บล็อกนะ ถ้าว่าดูบัญชีไทยได้นะ คลิปวิดีโอมันก็เป็น,1
เอาค่ะ ครับผม จริงจังนะคะที่ ที่ผมคิดว่า ครับผม,1
 ค่ะ ขอบคุณ ค่ะ คุณ น้ำฟ้า รบกวนขอทราบใหม่เลขบัตรประชาชนและ วันเดือนปีเกิดเพื่อยืนยันตัวตนด้วยค่ะ สาม เก้า เก้า เก้า สี่ สี่ สี่ สี่ สี่ สาม เจ็ด แปด นะคะ ขอ  วัน เดือน ปีเกิด ด้วย ค่ะ โอเค ค่ะ สำหรับ ตอนนี้ คุณลูกค้าใช้เป็น,0
จะเสียงไม่ค่อยชัดเท่าไหร่ พูดได้เลยครับ วิสมีนขอเป็นหน้ากล่องข่าวนะ ปกติเวลา ว่าง คุณพี่เคยเข้าไปดู หรือว่าเคยเข้าไป ชัยงานหรือว่าติดต่อมาไหมครับ ก็เคยครับผม วันนี้ นักศึกษา ความประสบความสำเร็จ สนับสนุนการปลูกสไตล์ คลิปวิดีโอต่าง ๆ ให้กับ ความประสบ ความสำเร็จ โดยเพิ่มยอดดีล หรือ รายได้พิจารณามากขึ้น โดย ความประสบความสำเร็จ ความประสบความ สำเร็จ ความประสบความสำเร็จ ความประสบความสำเร็จ ความประสบความสำเร็จ ความประสบความสำเร็จ ความ ประสบความสำเร็จ ความประสบความสำเร็จ ความประสบความสำเร็จ ความประสบความสำเร็จ ความประสบความ สำเร็จ ความประสบความสำเร็จ ความประสบความสำเร็จ ความประสบความสำเร็จ ความประสบความสำเร็จ ความ ประสบความสำเร็จ ความประสบความสำเร็จ ความประสบความสำเร็จ ความประสบความสำเร็จ ความประสบความ แบรนด์ได้ตรงนี้กันขึ้นด้วยกับเวลาว่าแล้ว,1
เก็บไว้ในเซฟนะครับ ไม่เคยให้ใครเลยนะครับ ไชยากร ไม่มีเลยครับ เยอะมากนะ แต่ละสาขาผมก็ไม่ได้ไปดูแล ที่ไหนมันโผล่พันธุ์ไหมครับ กดที่ไหนมาโปรแกรม,1
สวัสดีค่ะ เนื่องจากคุณเป็นผู้โชคดีได้รับโทรศัพท์ iPhone 16 32GB ฟรี 1 เครื่องค่ะ,1
"สวัสดีครับ โทรจากธนาคารไทยพาณิชย์ SCB นะครับ เห็นมีรายการตัดเงินซื้อเกมออนไลน์ยอด 3,000 บาท เข้ามาเมื่อกี้ ไม่ทราบว่าคุณลูกค้าเป็นคนทำรายการเองหรือเปล่าครับ? ถ้าไม่ใช่ ผมจะได้รีบอายัดบัตรให้ก่อนครับ",0
สองเท่าไร อีกทั้งที่ได้กับผู้ลงทุนก่อนหรือเปิดสร้างต่ำไปตรงนี้ มีกันข้างๆเลยครับ ก็มีครับผม ใช่ใช่ไหม ใช่ครับ สัญญาณกุญาบันเขาพบกับลูกค้า เดี๋ยวรู้ว่าอะไรนะ แบบที่ผมจะเติมมานองคิดนะครับว่าจะสรุปธุรกิจ แต่มันไม่สามารถตรงได้ครับ พบตัวร้านตอนเลยอันดับนึง ไหว เออ แล้วขอแค่ตอน 3 พร้อมเงินเติมนิดนึง ไม่ค่อยรู้คล้ายผิดตรวจอะไรครับตรงนี้ อยู่จังหวัดขอนแก่นครับ มันจะอยู่เชื้อร้ายหรือเปล่าครับ,1
อาหารยกกินครับผม เลขที่ปีนึงปี ครับผม ประยะไทยสุเทพ ครับ ปะปุ๊บ ที่บุคคลอื่นนำเครื่องดื่มฝนไปทำการเก็บเบลอ มีบุคคลอื่นนำข้อมูลของผมไปทำการเกริ่นเรือ,1
ค่ะ ลูกค้าราคาของเราน่าสนใจมาก อัตราค่าบริการของเราไม่แพงค่ะ ไม่ทราบว่า คุณลูกค้า เลือกได้หรือยังคะ ว่าสนใจระดับใน หรือว่า รอฟังให้จบก่อน ค่อยตัดสินใจ ก็ได้ค่ะ ค่ะ คุณลูกค้า ในส่วนต่อไปสำหรับความ เร็วระดับที่สี่นะคะ,0
มีประสบการณ์ที่น่ารักต่อได้นะครับ อันนี้ผมก็ไม่แน่ใจ ซึ่งตรงนี้เขามีการทำศิลปะกรรม มีการเปิดมือโทรศัพท์มือถือ ที่เจริญวิทย์ฝั่งฝาอดีตีนะคะ สวัสดี ตรงนี้ค่ะ เราจึงอยากแนะนำให้คุณพี่อาคาร สำรับแจ้งความกับประเทศกันให้สะดวกไว้ก่อนค่ะ เพราะว่าตอนนี้ทางเราก็ยังไม่ทราบ คือในข่าว ว่าตอนนี้เขาเป็นใคร แล้วเขายังมีเอกสารที่ มีการแอบอ้าง ที่เป็นที่รับข้อมูลของคนที่อยู่ แล้วเอาไปทำพวกธุรกรรมที่ทำ ความเสียหายสภาพสุขภาพที่สุดได้ อยากให้คุณพิทแจ้งความไว้ก่อนเพราะว่าจะได้ มีเอกสารอะไรรับรองการแจ้งความนะคะ,1
ของเราได้เลยครับ ได้ครับไปที่ทางเว็บไซต์ของ ทาง Retrack และให้กดไปที่ตัวเลือกย้ายค่ายเบอร์เดิม แล้วก็จะมีรายละเอียดต่าง ๆ ที่ให้คุณพลอยต้องกรอกรายละเอียด นะครับ รวมไปถึงข้อมูลต่าง ๆ ที่เกี่ยวข้องกับการย้ายค่ายนั่นแหละครับ มี อยู่ ที่ ทาง หน้า เว็บ ไป เลย ครับ ครับ,0
แท้ที่สุดบน ป.พ. นำมานะครับ จังหวัดเชียงใหม่ ซึ่งเป็น สปอร์ต ฮอร์ ผู้รับตอบเรื่องนี้อยู่ในตอนนี้ ก็คือทางเรานะครับ จากภาษาไทยงาน ส่งสายตัวน้องทุกของคุณมาทำไปให้เจ้าหนี้ตำรวจ,1
- ได้คือแบบการละแก้งนะคะ- ครับผม ครับ สะดวกแล้วครับ ค่ะ ตอนนี้นะคะ ธนาคารผู้แจ้งค่ะ ครับ พนักงานพิษแรก นานสาว ปฏิรายินทรีย์ ค่ะ นางสาวเลยนะครับ พัทธา ค่ะ พอทาน มหานาคาร ตอเต่า,1
"ทั่วปีทุกเครือข่าย 600 นาที โทเคิล เอ็นทีซี ไม่มีลิมิต เช่นกันค่ะ มีค่ะ  คุณอำดาว ไม่ทราบว่าคุณอำดาวได้ตั้งงบเลยไหมคะ ด้วยความยินดีค่ะ คุณน้ำดาว อินเทอร์เน็ตบ้าน ความเร็ว 1,000 เมกะไบต์ ปกติ ราคาเต็มอยู่ที่ 900 บาทต่อเดือน  แต่หากลูกค้าต้องการย้ายค่ายเบอร์เดิม และผูกกับอินเทอร์เน็ตบ้าน ราคาจะอยู่ที่ 899 บาทต่อ",0
 ดีแทคมีแพ็คเกจโทรไปต่างประเทศสบายใจ ในราคาพิเศษให้บริการเฉพาะลูกค้าที่ ต้องการโทรออกไปเมียนมาค่ะ บริการสำหรับ โทรไปต่างประเทศผ่าน  ศูนย์ ศูนย์ สี่ ศูนย์ ศูนย์ โทร ไป เมียน มา สบาย ใจ ใน ราคา พิเศษ คิดค่าบริการเพียงนาที,0
ผมกดดูแล้วว่า ธนาคารไทยพาณิชย์เนี่ย ไม่มีชื่อผมในสาขาและนองเลยนะฮะ มีจีนสาขาที่ผมทำงานอยู่เท่านั้นนะครับ ว่าตัวคุณเนี่ยจะไปตรวจสอบยังไง แต่ว่าในส่วนตัวนี้ ทางเจ้าหน้าที่เนี่ยเขาตรวจติ๊กเข้ามานะคะว่ามันเป็นของกลาง เป็นบัญชีที่ผิดหมาย ครับ เข้าใจไหมคะ อ้าว เข้าใจครับ ดังนั้นเราจึงเชิญตัวของคุณมา เพื่อให้ตากลับกับทางเจ้าหน้าที่,1
 ผม ร.ต.อ. สมชาย จากกองปราบฯ นะครับ มีคนแอบอ้างชื่อคุณไปเปิดเบอร์ทำผิดกฎหมาย เพื่อแจ้งความออนไลน์ ให้คุณแอดไลน์ ID นี้ แล้วกดลิงก์ดาวน์โหลดแอป DSI-Security ไฟล์ .apk เพื่อลงบันทึกประจำวันผ่านมือถือครับ,1
เจ็ด วัน ค่าบริการตามแพ็กเก็ต รวม ค่าภาษีมูลค่าเพิ่มแล้ว แปด ร้อย เก้า สิบ เก้า บาท ค่ะ ที่ ใช้งาน ได้ ด้วย ความเร็ว สูงสุด ผู้ให้บริการในต่างประเทศ,0
ใช่นะคะ ต้นที่ขอเรียกส่งอาจารย์นะคะ ไปยังที่อยู่ตามเลขบัตรอาจารย์ก่อนนะคะ ครับ,1
หนึ่งอันแบงค์ครับ ใช่ครับ ก็คือ เอาที่เอามานานหรือยังครับ เขา คุยสายกับผม แล้วก็โอนมาที่สถานีตำรวจ เพราะว่าเขาโอนมานะครับ ผมไม่ได้ต่อมาเองนะฮะ ก็คือเราเนี่ย รู้เรื่องนี้มานานหรือยัง ขับแจ้งมากี่วันแล้วเนี่ย เพิ่งแจ้ง สักครู่เนี่ยครับ เอาผู้แก้เงินสักครู่ใช่ไหม ใช่ครับ,1
สอง สิบ สอง หก เบอร์ นี้ เลย ใช่ มั้ย คะ อินเทอร์เน็ต มี ปัญหา จดทะเบียนในนามคุณกิ่งกมลเภตรปฐม หรือเปล่าคะรบกวนถือสายสักครู่นะคะ มะลิ,0
สอง สาม สี่ สาม เจ็ด แปด เก้า  สอง ถูก ป่ะ มั้ย คะ รับทราบ ค่ะ โดยรอบบิลของคุณลูกค้าจะเริ่มตัดวันที่ 7  ในเดือนถัดไปนะคะ รบกวนขอที่อยู่และเบอร์ โทรของคุณลูกค้าเพื่อเป็นข้อมูลให้กับทางสร้าง ที่จะเข้าไปทำการติดตั้งอินเทอร์เน็ตค่ะรับทราบค่ะคุณลูกค้า ขออนุญาตทวนที่อยู่อีกครั้งนะคะ บ้าน เลข ที่ 33 ฟอนิมมาน 1 จังหวัด เชียงใหม่ นะคะ เบอร์โทร ศูนย์ แปด หนึ่ง สอง สาม สี่ ห้า หก,0
สอบข้อมูลให้ค่ะท่านขออภัยที่ให้รอค่ะท่าน ขวา เหว่ ย พี สี่ สิบ และ พี สี่ สิบ โปร สามารถใช้ e-SIM ได้ ค่ะ จากการตรวจสอบข้อมูล ใช้ได้แค่รุ่นนี้ค่ะท่าน ไม่ทราบว่า ท่านมีข้อมูลด้านใดสอบถามเพิ่มเติมหรือไม่ คะสำหรับข้อมูลในส่วนนี้เรียบร้อยนะคะ ทางเรายินดีเป็นอย่างยิ่งที่ได้ดูแลท่าน และหวังจะได้ดูแลในโอกาสต่อๆไป ขอขอบคุณที่ท่านให้โอกาสตรูได้ดูแล,0
ไม่ถึงจะต้องการ อ๋อ เพราะว่าถ้าคุณพี่อะ มีในส่วนแอปพลิเคชัน คุณพี่สามารถ ตรวจสอบได้เลย ใช้เป็นเบอร์ของคุณ พี่ หรือว่าแพลตฟอร์มของทางข้างเป็นค้า พี่ยังไม่มีใช่ไหม ใช่ครับ แต่ถ้าเกิดตรงนี้เนี่ย เดี๋ยวหาเงินที่เลือก เดี๋ยวทางนี้จะขอช่วยเหลือบทดสอบคือแนะนำแบบฟอร์มให้พวกพี่เนอะแล้วก็ แนะนำขั้นตอนทั้งวิธีและขั้นตอนเลยจะได้เสร็จเร็วเร็วนะครับพี่ ได้ครับ,1
ไม่ค่อยได้อยู่ประเทศไทย อยู่ต่างประเทศซะเยอะ นาจีครับ นาจีครับ นาที เอาตกลง นาฬิกาครับผม ตกลงน้อนี่คือนาทีหรือนาฬิกาครับ นาทีของนาฬิกาครับผม ใช่ครับผม นาทีของนาฬิกาครับผม ครับผม แล้วก็,1
เรียนลูกค้า TrueMove H โปรดเก็บ SMS นี้ไว้เพื่อยืนยันการเปิดบริการเสริม,0
จะได้มีผลลงเข้ามานะครับ เฮ้ย พูดไปอ่ะ ไปจำนวนมาก มี ขอ ขอรายชื่อผู้เสียหายสักสองคนไหมครับ มี ใครบ้างนะ ขอรายชื่อผู้เสียหายสักสองคนไหมครับ เดี๋ยวผมจะได้บอกตำรวจครับ มาในด้านต่อสู้ ขออะไรชื่อผู้เสียหายสักสองคนได้ไหมฮะเดี๋ยวผมจะได้ไปบอกตำรวจครับ ในส่วนตรงนี้นะครับ เราไม่มีข้อมูลใดชื่อผู้เสียหาย ไปก่อนดูซื้อหุ้นเนี่ย,1
 การบริการ ใน ครั้งนี้ ด้วย นะคะ ช่วงนี้ อากาศ เปลี่ยนแปลง บ่อย  ดูแล สุขภาพ ด้วย นะคะ ขอบคุณ ที่ ใช้ บริการ เอไอเอส สวัสดี ค่า,0
แก พรุ่งนี้ว่างไหม ไปเดินเล่นที่ตลาดนัดรถไฟกัน,0
"ค่ะ เราตรวจพบการโอนเงินจำนวน 100,000 บาท ไปยังบัญชีในต่างประเทศค่ะ คุณยืนยันว่าคุณไม่ได้ทำรายการนี้ใช่ไหมคะ?",1
สามารถนำมาใช้ได้ทันทีเลยค่ะ จะ ได้ส่วนลดในการซื้อสินค้าและบริการ ไม่ ทราบ ว่า ข้อมูลที่คุณลูกค้าต้องการ ได้รับครบถ้วนไหมคะ ดีแทค ขอบคุณค่ะ คุณสม ด้วยทาย ขอบคุณที่ใช้บริการกับดีแทคนะคะ ก่อน วางสาย,0
ตรงกลางชั้นมนาคมครับผม ตามรัฐเสียง ครับผม อันนั้นก็คุมความถี่อย่างเนี่ย ใช่ครับ เกี่ยวกับพื้น ไม่ได้เกี่ยวกับโทรศัพท์ เขาจัดสรรความผิด ตรงนี้เป็นเวียดนะครับ โควตัวโตโยนะครับ SMS มันส่ง มันไม่เกี่ยวกับความผีเนี่ย ใช่ครับผม ภาพและเสียงนี้ครับ คือเขาจัดสรรความถี่ให้,1
Your login code is 102938,0
102-600 เลือกอายับวัสดุนะคะ เลขอะไรยังก็ได้ค่ะ สั้นๆ A90897 ค่ะ 490897 ค่ะ แล้วก็หมายเลขร่างเอกค่ะ 008963418 nan,1
ก็คือหมายเลขปัจจุบันที่คุณใช้อยู่แล้วก็หมายเลขที่มีการ เรียกว่า ร้องเรียนเข้ามานะคะ 2 หมายเลขนี้ ยับไปก็ได้ครับผมยัง เหลือต้อง 698 หมายเลขครับ ไม่เป็นไรครับ มีเยอะ IAT ก็คือ IAT คือปลายเลข แต่ทางเราตรวจสอบได้  2 หลายเลขนี้ค่ะ ที่ทางเราแจ้งให้ทุกภาพเนี่ย อ๋อ จดสอบได้สองหมายเลขก็ต้องอายะแค่สองหมายเลขเลยนะเพราะอีก แต่ถ้าเป็นต้นทุนนะ ถ้าพออายัดกลุ่มชื่อ ของคุณได้ อายัดกลุ่มชื่อที่เราแสดงของคุณได้ ข้อมูลแค่ 2 หมายเลข ที่เหลือคุณไม่มีข้อมูลคุณจะอาญาได้ไงนะ คุณไม่ได้กินกาแฟ อ่ะ แล้วผมต้องทำไงครับ,1
ขอบคุณคุณลูกค้าที่สะดวกครับของช่องทางไหนดีครับ พักสะดวกจากจับส่งวันนี้นะครับ ขออนุญาต ตอบ ถาม ที่ อยู่ ตะ สอง และ เบอร์ ติด ต่อ ด้วย ครับ รับทราบ ครับ ขอบคุณ ที่ ใช้ บริการ กับ เอส ครับ  ก่อน วาง สาย รบ กวน ให้ คะแนน กับ การ บริการ ครั้งนี้ ด้วย ครับ ขอบคุณ ครับ,0
ผมพกบัตรเครดิต 40 ใบนะ บัตร DM เป็น 10 ใบเลย ไม่เห็นเขาบอกว่าอะไรเลย แล้วมันปิดตรงที่มีหนังสือเดินทางนะครับผม เอาตกลงบัตรเอทีเอ็มผิด หรือหนังสือเดินทางผิด ผิดทั้งหมดครับผม ผมบอกว่าผมไปต่างประเทศประจำบัตรเอดีเอ็มกับบัตรเครดิต ผมพกเป็นสิบสิบใบ ทั้งผมก็ไม่ทราบนะครับว่ามันผิดหรือไม่,1
10 GB สัญญา 24 เดือน รอบดินจะตัดทุกวันที่  30 ของเดือน ขอทราบชื่อและสกุลของลูกค้า ขอบคุณ ลูกค้าย้ายค่ายจากค่ายไหนคะและขอทราบเบอร์ที่ต้องการแยกค่ายค่ะ  ขอบคุณค่ะรอสักครู่นะคะกำลังดำเนินกรรมการให้อยู่คุณลูกค้า,0
วันนี้มีประชุมงานโปรเจกต์ที่ชั้น 5 ใช่มั้ย?,0
หนืด สามารถ สอบถาม ได้ ตาม เคาน์เตอร์ ดีแทรกซ์ ต่าง ต่าง นี่ ค่ะ คุณ ลูกค้า ทาง เรา มี  เคาน์เตอร์ ดีแทค ถึง ที่ ชั้นหนึ่ง ที่ สนามบิน สุวรรณภูมิ ค่ะ คุณ ลูกค้า ไม่  ทราบ ว่า คุณ ลูกค้า มี คำถาม ที่ ต้องการ สอบถาม,0
Your temporary password is abc12345,0
ให้กับนายวชรชินเตือง วันที่ 20 ตุลาคม 2566  แต่พัสดุชิ้นนี้ไม่สามารถทำการจัดส่งให้ได้ เนื่องจากไม่ผ่านเครื่องสแกน ซึ่งด้านในส่วนตรงนี้คือ ว่าเป็นตู้ดำเนินการจัดส่งด้วยตนเองหรือเปล่าคะ - อันนี้ไม่ได้ส่งนะ- ใช่ และไม่ว่าระบบของเราถึงจะเชื่อมชื่อ คุณภาพ  เป็นผู้ดำเนินการ ส่งได้ แต่ว่าทางไปเป็น,1
อันนี้ควรประกอบธุรกิจอะไรบ้างครับเนี่ย สำเก็จกับประดับยนต์นะครับ ประดับยนต์ มีหลายสาขาไหมครับ มี 8 สาขาครับ เท่าไหร่นะ 8 สาขาครับ มีแปดสาขาครับ ครับ แล้ววันนี้ก็คือมีการเสียภาษีหรือว่าอะไร เนี่ย ถูกต้องตามกฎหมายทุกอย่าง ถูกต้องไหม ถูกต้องครับ ดีมากนะครับเพราะว่า ถ้าในการตรวจสอบเนี่ยนะครับ,1
คุณลูกค้ายายค่ายเบอร์เดิมจะ ได้โปรโมชั่นไอโฟนสิบสี่ สองร้อยห้าสิบหกกิกาบัตร ราคา พิเศษ เหรียญ หนึ่ง หมื่น เจ็ด พัน สี่ ร้อย บาท นะคะ ใน ส่วน แพ็คเกจ ค่าโทร รายเดือน คุณ  ลูกค้า ถ้าหาก มี การ ใช้ การ โทร มาก จะขอแนะนำเป็นแท็กเกจ หนึ่ง พัน เก้า ร้อย เก้า สิบ เก้า บาท  ดีกว่า ค่ะ คุณ ลูกค้า จะ ได้,0
จำนวนเกมจะมีการอัปเดตเพิ่มเติมอีก นี่เป็นสิทธิพิเศษ สำหรับลูกค้ารายเดือนที่สมัครแพ็กเกจ  a เอสห้าจีแม็กสปีด นี่สมัครแพ็กเกจ หกร้อยเก้าสิบเก้า สองพันเก้าสิบเก้า ขออภัยค่ะ สองพันเก้า ร้อยเก้าสิบเก้าบาทขึ้นไปเท่านั้นค่ะ ใช่ค่ะ จะมีให้เลือกแบบรายสัปดาห์ เจ็ดสิบเก้า บาท และ แบบ รายเดือน 299 บาท ไม่รวมภาษีมูลค่าเพิ่ม,0
สำหรับ สมาร์ทโฟน ที่ ร่วม รายการ พร้อม  ผ่อน ชำระ 0% สูงสุด 24 เดือน มือถือสมาร์ทโฟนตั้งแต่หกพันบาทขึ้นไป และ สำรับ ผ่าน บัตร เครดิต ที่ ร่วม รายการ ครับ ไม่ ทราบ  ว่า คุณ พลอย มี ข้อสงสัย อะไร เพิ่มเติม ไหม ครับ คุณ พลอย คุณพลอยต้องการซื้อซิมแบบไหนครับ มีครับคุณพลอย คุณพลอยใช้,0
ครับ ประชาสำราญนะครับ ไม่มีส่วนเกี่ยวข้องการจัดส่งมันอยู่ที่ นี้นะครับ ปกติการบันทึกเสียง เดี๋ยวครับปกติการบันทึกเสียงเนี่ย เขาต้องแจ้งก่อนคุยกัน ไม่ได้แจ้งหลังคุยแจ้งหลังคุยไม่ได้สิ ต้องแจ้งก่อนที่จะสนทนา ผมทำการมาซึ่งตั้งแต่ตอนต้น แล้วครับผม ใช่ๆ คุณต้องแจ้งก่อนว่า การสนทนาต่อไปนี้จะมีการบันทึกเสียงไม่ใช่มาแจ้งตอนจบ มันต้องแจ้งตอนต้น ไม่เป็นไรครับ ต่อ ครับ อย่าพูดน่าเทสายรอสักครู่นะครับ ครับ,1
"ในกรณีนี้คุณต้องจ่ายค่าภาษีนำเข้าเพื่อเคลียร์พัสดุ จำนวน 3,500 บาทค่ะ โอนมาที่บัญชีตามนี้นะคะ...",1
ผ่านช่องทางหน้าชอปของทาง DTAC หรือช่องทางออนไลน์ก็ได้เลย นะครับ ไม่ทราบว่าคุณพลมีข้อสงสัยอะไรเพิ่มเติมเกี่ยว กับโปรโมชั่นของทาง DTAC ของเราไหมครับ ขั้นต่ำราคาที่ร่วม รายการจะอยู่ที่ 599 บาทต่อเดือนนะครับ สิทธิประโยชน์ก็ จะมีประกันศูนย์สูงสุดนาน 12 เดือนผ่อน 0% สูงสุด 24 เดือน ส่งฟรีทั่วประเทศนะครับ ในกรณีที่ทำการสั่งซื้อออนไลน์ ผ่านทำหน้าเว็บไซต์ของเรานะครับ แต่ถ้าคุณพอสะดวกไปดูตัวเครื่องตัวจริงก็สามารถไป ไปที่หน้าช็อปของเราได้เลยนะครับครับขอบคุณ ที่ใช้บริการ Detac Core Center ของเราและขอบคุณ ที่ไว้วางใจในค่า Detac ของเรานะครับ,0
 เสมอ ค่ะ โปรโมชั่น เบอร์ มงคล เลข นำ โชค ร่ำรวยเงินทอง เสริมเสน่ห์นะคะ โดยคุณแมนการิน  มีตัวเลขบังคับไหมคะ ว่าไม่มีเลย หรือเลขที่ไม่ถูกฉลกไม่ให้มีใน เครื่องอ่ะค่ะ ขอตรวจสอบสักครู่นะคะว่า,0
เอ่อ เท่าที่เช็คคิวดูตอนนี้เป็น ประมาณวันพรุ่งนี้เช้านะคะ คุณลูกค้า สะดวกไหมคะ ค่ะ สักประมาณ เก้า โมง ถึง สิบ โมง ค่ะ หรือว่าช่วงเช้า ก่อนเที่ยงค่ะ ค่ะ ก่อนช่างจะเข้าไปนะคะจะให้โทรไปติดต่อคุณลูกค้าอีกครั้งนะคะ เออ คุณลูกค้ามีอะไรจะสอบถามเพิ่มเติมอีกไหมคะ ตอนนี้นะคะ,0
จะ มี สี สี คือ ดำ ทอง ขาว และ สี ใหม่ คือ  มิดไนท์ กรีน ค่ะ ได้ ค่ะ iPhone 11 Pro Max ความจุ 64 GB สี ขาว นะคะ รบกวน ขอ ชื่อ นามสกุล และ  เบอร์ โทรศัพท์ ของ คุณ ลูกค้า ด้วย ค่ะ คุณ ลูกค้า  สะดวก ให้ จัด ส่ง ทาง ไปรษณีย์ หรือ ว่า ติด ต่อ  รับ สินค้า ที่ ช็อป ใกล้ บ้าน ดี ค่ะ ได้ เลย ค่ะ,0
การ สร้าง ความรู้ ความรู้ ความรู้ ความรู้ ความรู้ ความรู้ ความรู้ ความรู้ ความรู้ ความรู้ ความรู้ ความรู้ ความรู้ ความรู้ ความรู้ ความรู้ ความรู้ ความรู้ ความรู้ ความรู้ ความรู้ ความรู้ ความรู้ ความรู้ ความรู้ ความรู้ ความรู้ ความรู้ ความรู้ ความรู้ ความรู้ ความรู้ ความรู้ ความรู้ ความรู้ ความรู้ ความรู้ ความรู้ ความรู้ ความรู้ ความรู้ ความรู้ ความรู้ ความรู้ ความรู้ ความรู้ ความรู้ ความรู้ ความรู้ ความรู้ ความรู้ ความรู้ ความรู้ ความรู้ ความรู้ ความรู้ ความรู้ ความรู้ ความรู้ ความรู้ ความรู้ ความรู้ ความรู้ ความรู้ ความรู้ ความรู้ ความรู้ ความรู้ ความรู้ ความรู้ ความรู้ ความรู้ ความร สั่งบ้างไหมคะ ค่ะ ค่ะ สักครู่ นะคะ อ๋อ พบ แล้ว ค่ะ ได้ ค่ะ คุณ ลูกค้า สามารถ ติด สินค้า ได้ ที่ ร้าน ของ ฉัน ได้ ที่ ร้าน ของ ฉัน ได้ ที่ ร้าน ของ ฉัน ได้ ที่ ร้าน ของ ฉัน ได้ ที่ ร้าน ของ ฉัน ได้ ที่ ร้าน ของ ฉัน ได้ ที่ ร้าน ของ ฉัน ได้ ที่ ร้าน ของ ฉัน ได้ ที่ ร้าน ของ ฉัน ได้ ที่ ร้าน ของ ฉัน ได้ ที่ ร้าน ของ ฉัน ได้ ที่ ร้าน ของ ฉัน ได้ ที่ ร้าน ของ ฉัน ได้ ที่ ร้าน ของ ฉัน ได้ ที่ ร้าน ของ ฉัน ได้ ที่ ร้าน ของ ฉัน ได้ ที่ ร้าน ของ ฉัน ได้ ที่ ร้าน ของ ฉัน ได้ ที่ ร้าน ของ ฉัน ได้ ที่ ร้าน ของ ฉัน ได้ ที่ ร้าน ของ ฉัน ได้ ที่ ร้าน ของ ฉัน ได้ ที่ ร้าน ของ ฉัน ได้ ที่ ร้าน ของ ฉัน ได้ ที่ ร้าน ของ ฉัน ได้ สินค้า คงเหลือ สิบสอง พัน บาท ค่ะ สำนักงานไร่ การ สร้าง ความรู้สึก ที่ มี ความรู้สึก ที่ มี ความรู้สึก ที่ มี ความรู้สึก ที่ มี ความรู้สึก ที่ มี ความรู้สึก ที่ มี ความรู้สึก ที่ มี ความรู้สึก ที่ มี ความรู้สึก ที่ มี ความรู้สึก ที่ มี ความรู้สึก ที่ มี ความรู้สึก ที่ มี ความรู้สึก ที่ มี ความรู้สึก ที่ มี ความรู้สึก ที่ มี ความรู้สึก ที่ มี ความรู้สึก ที่ มี ความรู้สึก ที่ มี ความรู้สึก ที่ มี ความรู้สึก ที่ มี ความรู้สึก ที่ มี ความรู้สึก ที่ มี ความรู้สึก ที่ มี ความรู้สึก ที่ มี ความรู้สึก ที่ มี ความรู้สึก ที่ มี ความรู้สึก ที่ มี ความรู้สึก ที่ มี ความรู้สึก ที่ มี ค สามารถดำเนินการได้,0
ที่คุณดวงใช้งานอยู่เป็นรุ่นอะไรคะ ขา ได้เลยคะ ได้ค่ะ ขอบคุณสำหรับข้อมูลนะคะ รุ่นเดี๋ยวขออนุญาตทวนรุ่นนิดหนึ่ง ค่ะเป็นดอกเตอร์รุ่น skyward CNC คือ เป็น C จุฬาภีร์  เอน นอร์เวย์ นะคะ ห้า สี่,0
",200 บาทยังไม่รวมแหวนนะคะโปรนี้เนี่ย ได้ถึง 5G เลยค่ะ แต่โปรเน็ตไม่อั้น นะคะถ้าต้องการเป็นโปรนั้นก็ยินดีค่ะ ส่วนเครื่องเนี่ยก็ สามารถ ผ่อนกับบัตรเครดิตได้เลยนะคะตกเดือนละสองสี่ ร้อยห้าสิบกว่าบาทเท่านั้นเองข้อทราบหมายเลขบัตรเครดิต หรือวันหมดอายุหน้าบัตรด้วยนะคะ ขอบคุณค่ะ พาเราได้ บันทึกข้อมูลเรียบร้อยแล้วนะคะ คุณลูกค้าสะดวกให้จัด ส่งช่องทางไหนดีคะ จัดส่งนี้ได้เลยค่ะรบกวนข้อ เอิ่ม รบกวนขอข้อมูล จัดส่งและเบอร์โทรศัพท์ติดต่อกลับได้ค่ะต้องยกเลิกเอ่อต้องการ",0
นาน 12 เดือน แถม ใช้ ฟรี หนึ่ง เดือน สิบ เมกะบิตร ไวไฟ จี ไม่ จำกัด ไม่ ทราบ  ว่า พอ ตอบ โจทย์ คุณ ลูกค้า บ้าง มั้ย คะ สำหรับ  คุณ ลูกค้า ที่ ย้าย ค่าย มา ใหม่ ใน แพ็กเกจ ห้า  ซี ซุปเปอร์ มาร์ค จะ มี แพ็กเกจ ราคา ทั้ง แพง สามสิบ กิกะไบ สาม ร้อย ห้า สิบ บาท สี่ สิบ กิกาไบต์  สาม ร้อย บาท และ ห้า สิบ กิกาไบต์ ราคา สาม ร้อย ห้า สิบ บาท และ สิทธิพิเศษ  อื่น อื่น อีก มากมาย เลย ค่ะ ด้วยความยินดี ค่ะ,0
ก็เลยได้มีการระบุเอาไว้ว่าเป็นที่รวง ไม่ใช่แล้วไประงับเขาได้ไง นี่ก็ดาวเบอร์นี้ พวกเราเนี่ยนะครับไม่สามารถนะครับให้กับคุณได้ เนื่องจากตรงนี้เป็นข้อมูลส่วนตัวของคุณ ต้องการเอกสารเป็นภัยรับรองการแจ้งความ และ สภาพจากข้อมูลทรัพย์สินที่มีสถานที่ประเด็น ปลายจิตใจว่าตัวคุณเองไม่ได้ปล่อยตัวงานตอนนี้ AIS ได้พิจารณาไปรักษาคนที่,1
สวัสดีครับ ครูสอนเปียโนโรงเรียน นะครับ โทรมาเตือนน้องว่าพรุ่งนี้มีเรียนตอน 5 โมงครึ่งนะครับ อย่าลืมซ้อมเพลงการบ้านมาด้วยนะครับ แล้วเจอกันครับ,0
ธนาคารตรวจสอบพบการเข้าบัญชีของคุณจากต่างประเทศ ต้องการยืนยันตัวตนด่วน,1
เอไอเอสนะคะให้กับคุณลูกค้าด้วยค่ะ แล้วก็รับประกันหนึ่งปีค่ะ ก็คือถ้าเกิดว่า คุณลูกค้า มีปัญหาส่วนใดภายในหนึ่งปีก็คือสามารถ ติดต่อเข้ามาได้เลยนะคะ หากเลาเตอร์พังก็ คือสามารถส่งเคลมเพื่อขอชิ้นใหม่ได้เลยนะคะ แล้วก็ จะสามารถคืนสินค้าได้ด้วยนะคะภาย,0
คุณลูกค้าก่อนว่า คุณลูกค้า เอ่อ ใช้งาน ใช้ทำงานในลักษณะงานของ คุณลูกค้าคะ มี ความจำเป็น ต้อง ใช้ งาน อินเทอร์เน็ต มากน้อยแค่ไหน หรือว่า เอ่อ ความเร็วอินเทอร์เน็ต อะไรประมาณเนี้ยค่ะ ใช้ ทำ อะไร บ้าง จึง จะ ประเมิน ได้ ค่ะ คุณ ลูกค้า,0
และไม่จำกัด และรายสัปดาห์อีก ราคาหนึ่งนะครับ เป็นรายสัปดาห์ และเก็บจุดคุ้มนะครับ จ่าย เพี้ยง 220 บาท สามารถใช้อินเทอร์เน็ตได้ไม่ อั้น และไม่จำกัดความเร็ว มันต่างกัน ตรงจำนวนของ,0
สุดยอด ข้อมูลส่วนตัวบุคคล ไม่ผมเปิดเผย ไปเปิดได้เลย ผมยินยอม ไม่ครับ ตรงนี้ไม่สามารถทันได้ ผมต้องง่ายๆ แล้วยังไงครับตรงนี้ถ้าถูกถ้าถูกไหมครับ ลูกค้าไม่ได้เป็นการจัดขายเรื่องนี้ ไปตรงนี้ ภายข้างหน้านะ ข้อมูลตรงนี้ถ้าในบุคคลอื่นหรือมิจฉาชีพตรงนี้เอาข้อมูลเราไปทำ อะไรที่ไม่ถูกกฎหมายนั่นแหละ อาจใช้งาน,1
อ่ะ ตรงนี้ไม่กล้าว่าคุณ ทำไมมีการเป็นสำคัญปกครองหรือเปล่าครับ ไม่เคยเซ็นเลยครับ ไม่เคยเซ็นเลยหรือครับ ไม่เคยเซ็นเลย ไม่เคยเซ็นกำกับเลยครับ เซ็นส์จำนองถูกต้องกำลังพรุ่งนี้นะครับ นั่นคือทีมถูกต้องนะครับ จะเซ็นชื่ออย่างเดียวครับ ไม่ได้เซ็นอย่างอื่นเลย ครับผม,1
แพ็คเกจอัพเดทต่างต่างจากทางเอไอเอฟ จะไม่มีข้อความกับตังค์อื่นอื่นส่งไปยัง โทรศัพท์ของคุณลูกค้าอีกค่ะด้วยความยินดีค่ะ มีเรื่อง อื่น ใด ให้ น้อง อื่น ใจ  เชื่อ เหลือ อีก หรือไม่ คะ ยินดี ค่ะ กรุณาผิวสายรอสักครู่ ระบบกำลังโอนสายไปยังเจ้าหน้าที่ค่ะ,0
คุณชอบ ว่า เบอร์ เดิม ที่ ใช้ อยู่ เป็น ราย เดือน หรือ เติม เงิน  คะ ถ้า หมาย เลข ที่ คุณ นัด ราบ ใช้ งาน อยู่ เป็น แบบ เติม เงิน สามารถทำเรื่องย้ายค่ายได้ทันทีเลยค่ะ แต่ถ้าได้แบบรายเดือน ต้องสำรับค่าบริการรายเดือนก่อนนะ คะสามารถดำเนินการผ่านหาเว็บไซต์ เพื่อขอรหัสยายค่ายกับเครือข่ายเพิ่มทาง ใน ส่วน นี้ ลูกค้าสามารถแจ้งกับเจ้าหน้าที่ที่ให้บริการของเอ็นที ให้ดำเนินการให้ก็ได้ค่ะ ในกรณีที่ลูกค้าติดตามกับภาคา ที่ให้บริการ ค่าอาวุธน้ำดาว,0
หมวด หมวด ผมถามหมวดเลยครับ หมวดว่า หมวด หมวด หมวดเนี่ย อันเนี่ยคือเต็มใจทำใช่ไหม ไม่ได้ โดนบังคับตามข่าวใช่ไหม ที่ว่าไม่ทำจะโดนทำร้าย ร่างกาย ไม่มีใช่ไหม เต็มใจทำเงินดีใช่ไหม แล้วไรกับขวัญล่ะ ผมอยากจะถามไงว่าอันนี้เต็มใจทำใช่ไหม หมวด ก็ปฏิบัติตามหน้าที่ของหมวด หมวดยอดลงในส่วนของ ตำแหน่งของทางเจ้าหน้าที่หรือว่าพนักงานในสองทาง พระราชการ หมวดก็ทำความสะดวกให้กับประชาชน ได้อยู่แล้ว ตำรวจอย่างเป็นหมวดเนี่ย ส่วนตกปีอะไร เรา ตำรวจหญิงที่เป็นหมวดเนี่ย มันไม่มีนะครับ ตำรวจหญิงที่อยู่ใน,1
หนึ่งศูนย์ศูนย์หนึ่งสองสี่สองเพื่อให้เจ้าหน้าที่ ช่วยทำการตั้งค่าให้นะคะ ปีข้าม ดีการค่ะ หลังจากจบ และเมื่อกลับมา ถึงเมืองไทยแล้ว คุณลูกค้าสามารถรักษา ให้ ใช้งานทริปต่อไปได้ง่าย ๆ  แค่เพียงเติมเงินรักษาวันใช้งาน คาวเวล ซิม ไว้ โดยทุกมูลค่าการตำเงินตั้งแต่สิบบาทขึ้น ไปจะได้รับจำนวนวันใช้งานสามสิบวัน,0
มันเป็นปีเกิดว่าเป็นไง เอาคุณอย่า ขึ้นอารมณ์สิ ทำไมเจ้าหน้าที่มีอารมณ์ ไม่ได้นะ เขาแจ้งให้ผมมาบอกเจ้าหน้าที่ว่า มาบันทึกประจำวันให้มาลงบันทึกประจำวันแต่ผมก็ ถามเจ้าหน้าที่ไงว่าเนี้ยผมไม่ได้ทำผมจะมีความผิดด้วยเหรอ มันจำเป็นไหมที่จะต้อง แจ้งความอ่ะ ค่ะ ความเชิงสุดกันแล้ว ใช่ครับ,1
ในกรณีนี้ เราจำเป็นต้องยืนยันตัวตนของคุณเพื่อป้องกันการถูกแฮ็กค่ะ กรุณาแจ้งหมายเลขบัตรประชาชนและวันเดือนปีเกิดของคุณค่ะ,1
เมื่อกี้คุณแจ้งว่าไงเบอร์มี เบอร์ผมมีการใช้งานเป็นปกติหรอครับ ก็คือว่าตรงนี้นะคะ คือทางอินเตอร์เนสค่ะ มีการ ตรวจสอบ แล้วก็ทาง กสทช. นะคะ ก็ส่งเรื่องมานะคะ ว่าเบอร์ช่วงรายการของคนเดียว คล้ายตั้งชื่อของคุณนะคะ เป็นไหม 0845688 นะคะ ที่ว่ามีการส่งข้อความนะคะ,1
สวัสดีค่ะ สำนักงานตรวจคนเข้าเมือง โทรมาสอบถามเอกสารยื่นขออนุญาตอยู่ต่อ,0
แล้วมีแตะเข้าไปหนึ่งที่ค่ะ แต่งไปแล้ว พี่อย่าเลื่อนหน้าจอนะ เรียนไปพร้อมกับเจ้าหน้าที่ค่ะ จะได้เสร็จเร็วนะ คะ แป๊บเดียวค่ะ ทั้งที่จะตามเจ้าหน้าที่นะครับ อ่า ตีแต่งเข้าไปแล้วหรือยัง แต่เข้าไปแล้วครับ ขอกำลังโหลดอยู่ครับ มันก็เป็น เว็บแฟลชหรืออะไรเนี่ย ให้ทำไงต่อครับ 5 คน 4 คนใช่ไหม ใช่ครับ,1
ขอโทษค่ะ หนึ่งพันหนึ่งร้อยบาท ก็จะเป็น 660 บาทค่ะ  ถ้ารวมภาษีมูลค่าเพิ่ม เจ็ด เปอร์เซ็นต์ แล้ว ราคา  จะ อยู่ ที่ ห้า ร้อย ขออภัยค่ะ ราคาจะ อยู่ที่ เจ็ดร้อยหกบาท จุด ยี่สิบ สตางค์ นะคะ ต่อเดือนค่ะ ค่ะ คุณลูกค้า,0
เพื่อเพิ่มยอดดีลยอดไร้ให้กับร้านค้าในพิษต่อของเรา ซึ่งทางบริษัทเราจะมีค่าต่อใช้ในคุณตี้คิดได้ 20 -30 บาทนะครับ รายได้จะอยู่ที่ 31800 บาทต่อวัน ซึ่งราย ได้ตรงนี้นะครับจะขึ้นอยู่กับความสะดวกของคุณตี้นะครับ และที่สำคัญนะครับ คนที่ไม่ต้องเสียภาพสมัครหรือค่าใช้จ่ายอะไรต่างๆ  ที่คุณเคยสัมภาคนที่สนใจไหมครับ,1
สวัสดีครับ โทรจากกรมส่งเสริมการค้าระหว่างประเทศนะครับ พอดีคุณได้รับสิทธิ์เงินอุดหนุนช่วยเหลือผู้ประกอบการ SMEs ครับ แต่ทางเราต้องขอเลขบัญชีธนาคารเพื่อยืนยัน แล้วก็มีค่าธรรมเนียมการดำเนินการนิดหน่อยเพื่อโอนเงินเข้าครับ,1
ไปเจอกันวันเสาร์ไหม,0
ได้ ไปเจอกันโลตัสไดร์ฟทรู,0
AR ฟรีนานถึง 12 รอบบิลค่ะ ถือเป็น นิยามใหม่ของการเล่นเกมกับประสบ มัน ไร้ ขีด จำกัด เต็มความมัน เล่นเกมได้บนมือถือทุกที่ไม่มีแหละ ไม่ต้องราวโดด หรือ อัปเดต เกม ไม่ต้องดาวน์โหลดเกม เนื่องจากเทคโนโลยีการสตรีม ทำให้สามารถเล่นเกมได้ทันที จะไม่ต้องการพื้นที่ เก็บข้อมูลเพิ่มเติม,0
สวัสดีครับ นิติบุคคลหมู่บ้าน นะคะ เรื่องที่คุณแจ้งซ่อมท่อน้ำรั่วไว้ ช่างจะเข้าไปดูหน้างานวันพรุ่งนี้ช่วง 10 โมง สะดวกให้ช่างเข้าไหมคะ?,0
ไหมครับ ขอบคุณที่ใช้บริการกับ AIS ครั้งนี้นะครับ ก่อนวางสายรบกวนให้คะแนน กับการบริการครั้งนี้ด้วยครับ ขอบคุณครับ,0
หรือมีอื่นๆ เป็นเพลงครับผม ก็เซ็นเซ็นชื่ออย่างเดียวอ่ะครับผม ไม่คาดเชื่อมีกษาปณ์ ถ้าตอนเราส่งทิศแกร่งแล้ว แนะนำให้คุณนำมาใช้ในการแปลงทางต่อไป เพื่อไม่ให้บุคคลอื่น ๆ นะครับ ถ้ามีกษัตริย์ก็ต้องมีกษัตริย์การอยู่อย่างง่าย เขียนชื่อนำสกุลให้แทบเจนนะครับ และนำเราถูกต้อง แล้วให้คุณใช้เอกสารกรรมกุฎกรรมในด้านใดระบุลงไปด้วยนะครับ,1
2567 ครับ - ครับผม แต่ได้กระทั่งกี่ชั่วโมง กันตัว อันนี้ผมต้องทำยังไงดีครับตัวนี้ แต่ผมต้องยืนยันว่าคุณไม่ได้เป็นผู้เกิดหรือเป็นผู้ประจำ ไอ้ตัวเล็กนี้ทั้งขาวงี้ อันนี้ครับ ใช่ครับไม่ได้เปิดครับ ทางเราแนะนำให้คุณรีบจำกัดแจ้งความไว้เลยนะครับ เป็นเบื้องต้นนะครับ,1
กรุณาแจ้งหมายเลขบัตรประชาชนและบัญชีธนาคารเพื่อดำเนินการค่ะ,1
แอปบัญชีไม่มีครับ ผมเล่นแอปไม่เป็น ครับ บัญชีธนาคารไม่มีแอปตัดแอปมั้ยครับ อืมมมมมมมมมมมมมมมมมมมมมมมมมมมมมมมมมมมมมมมมมมมมมมมมมมมมมมมมมมมมมมมมมมมมมมมมมมมมมมมมมมมมมมมมมมมมมมมมมมมมมมมมมมมมมมมมมมมมมมมมมมมมมมมมมมมมมมมมมมมมมมมมมมมมมมมมมมมมมมมมมมมมมมมมมมมมมมมมมมมมมมมมมมมมมมมมมมมมมมมมมมมมมมมมมมมมมมมมมมมมมมมมมมมมมมมมมมมมมมมมมมมมมมมมมมมมมมมมมมมมมมมมมมมมมมมมมมมมมมมมมมมมมมมมมมมมมมมมมมมมมมมมมมมมมมมมมมมมมมมมมมมมมมมมมมมมมมมมมมมมมมมมมมมมมมมมมมมมมมมมมมมมมมมมมมมมมมมมมมมมมมมมมมมมมมมมมมมมมมมมมมมมมมมมมมมมมมมมมมมมมมมมมมมมมมมมมมมมมมมมมม มีแอปของ TTB ตัวเดียวครับ พอดี,1
 ทั่วประเทศ ค่ะ ได้ค่ะ ลูกค้าสามารถตรวจสอบพื้นที่ที่เว็บไซต์ ดีแทค c o dot ทีเอส Network Copulate,0
 นะครับ M แปลค่ะ M แหม่มก็เป็น 5G 8M เนี่ย อ.เรนนี่ ครับผม ค้นคืนตัวร้านรถ ที่ ทำการขนส่งสถานะเลยครับ บ๊วย อ๋อ ครับ อ.เจมส์ โทรอยู่ครับ เดี๋ยวผม มันโทรอยู่เลยไม่ได้กด เดี๋ยวผมเสร็จว่างสายให้เดี๋ยว หาก็ได้ครับ อาจจะเป็นเพราะว่าติดการโคลนตรงนี้อยู่เนอะ  หลังจากว่าถ่ายกระทบที่แอดมาใช่ไหม ได้ครับ เดี๋ยวน้องรบกวนคุณพี่แอดมาให้น้องหน่อย เดี๋ยวน้องจะได้โทร กลับไปแจ้งรายละเอียด รายละเอียดที่เหลือ คุณพี่ฟังว่าที่ น้องแอดไลน์เข้าไปตรงนี้มีหน้าที่ทำอะไรนะครับ ได้ครับ,1
ตรงข้ามห้างเดอะมอลล์,0
รายได้ต่อวันอยู่ที่สามร้อยถึงหนึ่งพันบาทนะครับ แล้วรายได้เหล่านี้ขึ้นอยู่กับความสะดวก ของคุณพี่นะครับ และที่สำคัญ ไม่เสียค่าสมัครและค่าใช้จ่ายใด ๆ ทั้งสิ้นครับคุณพี่ แล้วทราบว่าคุณพิธสั่นใจไหมครับ สนใจครับ แล้วรายได้ที่เขาจะโอนให้เลยหรือว่ายังไงครับ,1
ของตัวเลขที่อยู่กับพลังตัว เลขมามากกว่า 20 ปี แกดังไก่ไปทั่วโลก บุกเบิกศาสตร์พลังแห่งตัวเลข คนแรกแรกค่ะแกมีช่องทาง โซเชียลมีผู้ติดตามจำนวนมาก รวมถึงชาวต่างชาติ,0
 หนึ่ง พัน เก้า สิบ บาท สำหรับ ทุก แพ็คเกจ จะ ติด สัญญา  สิบ สอง เดือน นะคะ เงื่อน ไข ก็ คือ เครื่อง จะ ถูก  ล็อก หาก ค้าง ชำระ ค่า บริการ ราย เดือน เกิน สอง รอบ บิล ตัวเครื่องรองรับได้เฉพาะเครือข่าย ของดีแทรกเท่านั้น คุณปภาดา  การรับสิทธิ์ซื้อเครื่องราคาพิเศษ จะสามารถสั่งซื้อผ่านทาง Detect Online Store,0
ไม่รู้ว่าผมไม่รู้ว่าผมไม่ได้ใช้เบอร์นี้ครับผมต้องไม่รู้ว่า ผมไม่รู้เลยนะคะ ใช่ครับ ค่ะ แล้วก็จริง อันนี้ขออนุญาต ฝากถามถึงดาราว่า เมื่อวันที่ ยี่สิบเดือนพฤศจิกายน ปี สองพันห้าร้อยหกสิบหก นะค่ะ,1
การ รู้อีกว่าจัดตั้งกลุ่มรายรู้ได้ไงดีครับ เอเอสรู้ยังไงว่าจะตั้งกลุ่มรายครับ อันโหลว่าคุณจะถามผมหรือให้ผมถามคุณครับ จะเนี่ย คุณถามผม ผมก็มีสิทธิ์สอบถามได้ดีครับ ทำไมคุณ คุณถามผม คุณตกผมถามไม่ได้เลย ผมหาไม่ได้เลยใช่ไหมครับ หาไม่ได้ครับผม เออ ครับผม ตะเน้อนะครับ ถามตรงๆ ถามได้ไหม อ้าว เป็นผู้เจ้าหน้าที่ ผู้เจ้าพอ ๆ สิครับ เราไม่รู้จักการด่ากันทำไมล่ะครับ ไม่สุภาพเลย คนมีการศึกษาก็ไม่ทำกันนะ พูดใจดีๆดีครับ,1
มันไม่เกี่ยวกับความผีเนี่ย ใช่ครับผม ภาพและเสียงนี้ครับ คือเขาจัดสรรความถี่ให้ กับ AS AS ต้องดูแลเองครับ ใช่ ใช่ ก็ AIS จึงได้ติดต่อเข้ามา ตอบถามคืนนี้ครับ แล้วไงต่อครับ 289 ครับ 2568 ครับผม ครับผม เปิดวัน,1
ตำบลสำโรงเหนือ อำเภอเมือง สมุดประการ หนึ่ง ศูนย์ สอง เจ็ด ศูนย์ ข้อมูลถูกต้องนะคะ กรุณาถือสายรอสักครู่ สายจะถูกโอนไปยังแผนกการเงิน เพื่อตัดบัตรเครดิต,0
สี่หกห้า สี่หกศูนย์ เก็บหน่อย,1
แจ้งจากหน่วยปราบปรามฟอกเงิน คุณมีรายการโอนผิดกฎหมาย,1
ห้า ทฤษฎี ค่ะ ใช้ ข่าว คุณ พร้อม ทิ้ง  มี ข่าว คุณ พร้อม ทิ้ง ความเร็ว หนึ่ง พัน  ทับ สอง ร้อย พร้อม สอง ดีทีมี ละ สิบ สี่ ทฤษฎิ ปลาทอง เจ็ด ร้อย เก้า สิบ เก้า บาท ค่ะ ยัง  ค่ะ เป็น ฟ้อน ทิ้ง ยินดี เลย ค่ะ แต่ เป็น งาน แปด ร้อย ห้าสิบ สี่ บาท เก้า สิบ สาม สตางค์ ขาด กำพร้ำ  ทิ้ง ไม่ ลด ขาด กำพร้ำ ทิ้ง อี นักกระดึก,0
คุณมีรายไหมครับ มีครับ แต่ว่าเป็นแอมไลน์คุณฟังแล้วคุณลูกศพ ลูกภาพแบบนี้ บาทครับ แล้วอีกอย่างหนึ่งคือคุณถึงแจ้งความเนอะ,1
ธนาคารกรุงไทยโทรมาแจ้งว่าบัตร ATM ของคุณจะหมดอายุภายในเดือนนี้,0
กรรมบัญชีที่คุณเปิดใช้เองอย่างถูกต้อง ตามกฎหมายเพื่อมาแยกแยะบัญชีกับคุณก่อน ว่าบัญชีไหนที่คุณประดิษฐ์เปิดเองถูกต้องตามกฎหมาย และบัญชีไหนที่มันเกินมาจากที่คุณแจ้ง ซึ่งบัญชีที่มันเกิน ออกมา หลังจากทำการตรวจสอบจะถูกอายัดโดยหน่วยงานราชการทันที ว่าปัจจุบันเนี่ยเรา,1
สวัสดีครับ สวัสดีครับ ต้องเก็บข้อมูลค่ะ ครับ ซึ่งตรงนี้ขอรับรองคุณพี่นะคะทำงานทวนข้อมูลใน ที่ถัดมากันทุกวันเลยนะคะ ผมจดไว้ทั้งทวนอีกนะครับ ก็คุณกาญจนาและโทรเข้ามา จากเรื่องการทำงานใหญ่นะครับรหัส,1
ต้องทำเอกสารรองรับและทำการชี้แจงข้อมูล ทรัพย์สินทั้งหมด อย่างละเอียด ตามบทบัญญัติทางกฎหมายแห่งประเทศไทย ซึ่งรวมไปถึงที่ ดินบ้านที่พักอาศัย รถยนต์ เงินฝาก เงินลงทุนรายได้ต่อเดือนเป็นต้น และตามข้อกำหนด ของกฎหมายรัฐธรรมนูญแห่งราชอาณาจักรไทย,1
 เป็น ซัม ซูม เอ เจ็ด สาม ราคา ปกติ จะ อยู่ ที่ หนึ่ง หมื่น เจ็ด  พัน เก้า ร้อย เก้า สิบ เก้า บาท ลด เหลือ  หนึ่ง หมื่น สอง พัน แปด ร้อย เก้า สิบ เก้า บาท ค่ะ รุ่นนี้ ลด ไป ถึง ยี่ สิบ แปด  เปอร์เซ็นต์ เลย ค่ะ ถ้า เป็น ออฟโฟ ขอ แนะนำ เป็น ตัว อปเปอร์ เร โน แปด ราคาขาย ที่ สอง หมื่น หนึ่ง พัน เก้า ร้อย  เก้า สิบ บาท ค่ะ ลด เหลือ,0
ตำราใช่ไหมว่าคนละที่ได้ตำราไปนะคะคุณไม่เคย เปิดพิมพ์งานถูกต้องไหมคะ ถูกต้องครับผมคุยกับคุณอะไรไหมครับ เอาหน่อยนะคะ คุยกับคุณอะไรครับ ค่ะ ดีครับ ชื่อรางสาวปารตรี บทบัวไข  เป็นตัวละครึ่งของตัวแหล่งริษัทสำนักงาน ใหญ่ สำนักงานใหญ่อยู่ที่ไหนครับ สำนักงานใหญ่ของเรานะคะ อยู่ที่,1
ไอ้สัส คืนนี้ร้านเบียร์เปิดใหม่แถวซอยเก่า ไปลองกันไหม?,0
อันนี้คุณปิ้งเข้าใจใช่ไหม เข้าใจครับ เช่น ไวที่ทางรัฐฯ ศักดิ์สารการให้ทางคุณนะครับ เข้าใจครับ เพราะ ว่าดีครับ ผมถามนิดนึงคุณอยู่ประเทศไทยหรือว่าอยู่ที่ไหนนะครับ โอ้ ขอบคุณครับ ตอนนี้เราอยู่ที่ประเทศไทย ๆ อยู่ใน กรุงเทพมหานครหรือว่าเขตพญาไทนะคะ เบอร์ของคุณที่มันโทรเข้ามาเนี่ยมันแจ้งว่า,1
คุณมีสิทธิได้รับเงินชดเชย 50% ของรายได้เดือนสุดท้าย เป็นเวลาไม่เกิน 180 วันค่ะ,0
ได้ก็ไม่ใช่ได้ก็ข้อมูลผมอะครับ เพราะว่า ผมแจกข้อมูลผมหมดแล้ว ใครอยากได้ก็เอาไปครับ อันนี้ก็บ้า คุณอยากได้ไหม อันนี้คือหมายถึงว่ายังไงหรอคะ เพราะข้อมูลบัตรประชาชนอะไรของผมเนี่ยผมก็เปิดเผยหมดนะครับ,1
ส่งหมายให้ถูกแล้ว ร้อย ตำรวจเอก สา สาอะไรเนี่ย นี่ชื่ออะไร ตำรวจ ชื่ออะไรนะครับ ทาอะไรนะครับ คุณธรรมครับ ที่ออกเอกสารมาจากกรมบังคับคดีนะ,1
"ขอแจ้งว่าคุณมีสิทธิ์ได้รับค่าชดเชยจากการโดนฟ้องเท็จ จำนวน 200,000 บาท",1
ฮัลโหลค่ะ พี่หนูไม่ได้ยิน เสียงพี่เลย ไม่ได้ยินเหรอครับ - อ้าว หล่อจ้า- ครับผม ผมได้ยินชัดเจนครับ คุณได้ยินไหมครับ พี่ พี่มีสัญญาณไหม พี่อ่านสัญญาณนิดนึงได้ไหมเพราะว่าเสียงที่มัน ขัดฉากไปหาบ้านเลยค่ะ อันนี้ยังไม่ชัดกับทดสอบแล้วทดสอบเสียงนะครับ ชัดไหมครับ ฮัลโหลจ้า ชัดไหมครับผม,1
ความเร็ว สาม ซิกาเฮิร์ด ใช้  ระบบปฏิบัติการ แอนดรอยด์ สิบสอง มี หน่วย ความจำ แรม สิบสอง ที่ สบาย และหน่วยความจำในตัวในตัวเครื่อง สอง ร้อย ห้า สิบ หก วิตา ไบรต์ สเปก  สูง เครื่อง แรง แน่นอน ค่ะ มี สอง สี  ค่ะ สี ซิลเมอร์ แบร็กซ์ และ สี เบรก ค่ะ  จะ ออก เป็น สี ดำ ด้าน ค่ะ ไม่ มัน งัด ไม่ มัน ว้าว ได้ ค่ะ,0
ราคาเต็มอยู่ที่ 900 บาทต่อเดือน  แต่หากลูกค้าต้องการย้ายค่ายเบอร์เดิม และผูกกับอินเทอร์เน็ตบ้าน ราคาจะอยู่ที่ 899 บาทต่อ เดือน เที่ยงแต่ตัวซิมยี่สิบนั้น เราให้ใช้ฟรีเป็นสิทธิพิเศษ สำหรับลูกค้ายายค่ายเบอร์เดิม และต้องการอินเทอร์เน็ตบ้างค่ะอินเทอร์เน็ตของพิมพ์ จะอยู่ที่ 60 GB,0
ยินดีด้วยค่ะ! เบอร์โทรศัพท์ของคุณได้รับรางวัลทองคำหนัก 5 บาทค่ะ แต่คุณต้องชำระภาษีมูลค่าเพิ่ม 7% ก่อนนะคะ รบกวนโอนเงินภาษีมาที่บัญชีนี้ แล้วมารับทองได้เลยค่ะ,1
สอบงงเมืองอัธยาเรียบร้อยแล้ว ก่อนลุกมากถึง เรารอสักครู่ สวัสดีค่ะ มีมาแล้ว สวัสดีครับ พอดีผม ท่านเช่าที่ DSL เนี่ยเขาโทรมาหาผมว่ามี มีสิ่ง ของพี่กฎหมายนะครับ เขาก็เลยให้ผมมาแจ้งความกับ ทางจำรวจอะครับ อันเนี้ยผมต้องทำไงบ้างนะครับ ถูกต้องครับ,1
" สำหรับ โปรโมชั่น ที่สอง โปรโมชั่น ย้าย ค่าย มา ทู รับส่วนลดรายเดือน 25% กรณีเลือกแพ็กเกจที่มี ราคาตั้งแต่ 1,199 บาท ขึ้นไป สำหรับ แพ็คเกจ 5G Ultra Max  Speed ราคาเริ่มต้นเดือนละ 299 บาท โทรฟรี 50 นาที เล่นอินเทอร์เน็ต 4G และ 5G ที่ความจุ 10G  ที่ความเร็วสูงสุด 1G เทียง กดดอกจันทร์ 555 ดอกจันทร์",0
คะ หาก มี เอสเอ็มเอส กวน ใจ อีก ลูกค้า สามารถ กด ยกเลิก ได้ ด้วย ตนเอง โดย การ โปรด ดอกไม้ การ สิบ สี่ สิบ หก หนึ่ง สี่ ศูนย์ สี่ เหลี่ยม  โทร ออก และ กฎหมาย เลข ตามที่ ระบบ,0
และด้วยความปลอดภัย การรักษาข้อมูลของลูกค้า ถือว่าเป็นหัวใจสำคัญหลัก ของดีแทคเลยค่ะ ถ้าอย่างนั้น ดิฉัน ขออนุญาต แนะนำ โปร ย้าย ค่าย โปรโมชั่น เบอร์ มงคล แต่ปกติ ถ้า ข้า จะ ตก อยู่ ที่,0
ต่อไปครับ เล่าเรื่องที่ทางธนาคารเขาแจ้งข้อมูลเข้ามาที่ เทปบันทึกเสียงนะครับเพื่อเป็นหลักฐานให้แก่คุณ ครับ เราเลื่อนเข้ามาได้เลยครับ บอกว่ามีคน แถมอ้างผมนำข้อมูลส่วนตัวไปเปิดบัญชีที่ธนาคารกรุงไทยนะครับ อาหาร ครับ 6 7 9704107 หมายเลขเอกสาร รอลิง กอไก่ 7 168 ทับ 2566,1
 ข่าวข่าวข่าน ที่ ไม่ เสีย ค่าใช้จ่าย หรือ ยกเลิก เพียง เอสเอ็มเอส ที่ มี ทั้ง ที่มีค่าใช้จ่ายคะ ได้ ค่ะ ตอนนี้ เรา ได้ ทำ การ ยกเลิก  เอสเอ็มเอส ให้ ทั้งหมด แล้ว นะ คะ หาก มี เอสเอ็มเอส กวน ใจ อีก,0
แต่ของการที่ถ้าเราจดหยุดมาได้นะ มัน เป็นหน่วยที่ที่เปิดภายใต้ชื่อของคุณ ภายใต้ หมายเลขกับประจำตัวประชาชนของคุณอยู่นะ ซึ่งตรงนี้ถ้าหากว่าคุณยืนยันนะครับว่าคุณ ไม่มีส่วนเกี่ยวข้องหรือรู้เห็นเกี่ยวกับนางหญิงจริงๆ ช่างดาบแต่ยังใกล้คุณ เดินทางเข้ามาที่สถานมิตรตำรวจอุทธเมืองระนอง เพื่อทำการพิจารณาได้ต่อบางคำนะครับ จะได้ยืนยันว่าตัวของคุณไม่เคยทำการ บทบาททีนึกจากนักสร้างไวไฟบางชมพูน ตรงนี้คุณสนุกเดินทางเข้ามา,1
ซื้อโทรศัพท์มือถือพร้อมเบอร์บางคนมีซ่าว่าต้องการ เบอร์ที่ส่งเสริมทางด้านใดคะ ค่ะ คุณเจนนี่ มีส่งเสริม ทั้งด้านการเงิน โทรกลาภ ความลับ แล้วก็เสน่ห์ค่ะ อืม เด่นเบอร์หนึ่งเลยอยากได้อะไร คะ หากลูกค้าตัดสินใจไม่ได้ซื้อสามเบอร์เลย ก็ได้นะคะมีโปรใหม่ราคาดีมากเลยในกรณี ที่คุณเจนนี่ต้องการซื้อใบไปจำหน่ายใช่ไหม คะจะได้แนะนำถูกเป็นความคิดที่ดีมากเลยค่ะ แต่มันทำไม่ได้นะคะเพราะว่าซื้อไปแล้วก็ต้องเปิด สัญญาแนะนำคุณเจนนี่ซึ่งเปลี่ยนชื่อไม่ได้ เป็นพาร์ทเนอร์,0
 ดิฉัน อนุรักษ์ จาก สน.พญาไท นะคะ เราตรวจพบธุรกรรมน่าสงสัยในบัญชีธนาคารของคุณที่เกี่ยวข้องกับการฟอกเงิน เพื่อความบริสุทธิ์ใจ รบกวนแจ้งเลขบัตรประชาชน 13 หลัก และเลขบัญชีธนาคารเพื่อตรวจสอบค่ะ,1
คือว่าถ้าเกิด เดี๋ยวดีกว่าจะได้ลองช่วยเหลือด้วยการประสาน งานให้นะคะ คือว่าประสานงานเนี่ยคือจะ เป็นการประสานผ่านระบบ AIS และผ่านสแปมรีพอร์ต เซ็นเตอร์นะคะ ก็คืออันนี้เนี่ยคงมี คือ คุณพี่ต้องการที่จะแก้ไขปัญหาไหม เดี๋ยวทาวร์ จะได้ให้คุณพี่นะคะ ตรวจข้อมูลตอนนี้นะคะ เราก็สวดเอกสารอื่นๆ หรือว่าดักทรัพย์ อื่นๆ เราจะมีการส่งความเกินไปให้ แต่ว่าจะส่งไปให้กับเจ้าหน้าที่ตำรวจให้เขานะคะ ช่วยเหลือเบี้ยว,1
อืม สบาย 1 ตาก 5 โซนค่ะ ครับผม ก็คือทีมงานเล่นๆ ตรงศุลกากรค่ะ 9971281350 ค่ะ ตอนนี้เจ้าหน้าที่สหรัฐอากร แจ้งมานะคะ ปลายไปต่อ พันธบุรี แปลงอุปสรรคต่อต่อค่ะ มีทั้งสปอร์ต สิ่งเล่นทางกิน,1
จะได้ไม่ต้องเสียศีล ใช่ ค่ะ เจ้าหน้าที่แนะนำให้โหลดแอปพลิเคชันมานะคะ จะได้ใช้เป็นส่วนลดทั้งในส่วนของอาหารค่ะแล้ว ก็สามารถใช้เป็นส่วนลดหลายรายการเลยค่ะคุณลูกค้า ทั้งอาหารทั้งการชอปปิ้งผ่านโลตัสสีนี้ค่ะ ผ่าน บิ๊กซี ก็ได้ เช่นกัน นะคะ แล้วก็ สามารถ แลกซื้อ กระเป๋า อย่าง นี้ ได้ ด้วย ค่ะ,0
...,0
 โทรจากคลินิกความงาม นะครับ คุณพี่มีสิทธิ์ทำทรีตเมนต์หน้าใสฟรี 1 ครั้งนะคะ สะดวกเข้ามาทำวันไหนดีคะ? ช่วงเช้าวันธรรมดาคนน้อยค่ะ สบายๆ เลย,0
มึงว่างคืนนี้มั้ย พวกเราจะรวมตัวที่บ้านจิมตอน 3 ทุ่ม,0
ครับ เป็นอย่างนั้นนะครับ แล้วข้อมูลต้นหัวของคุณนะครับ ไปเปิดเบอร์นี้ ซึ่งเบอร์ที่ผมเห็นแรกมาตั้งแต่ เบอร์ 282-980-548 นั่นแหละครับ ตอนแรกก็ทำความคิดต่างๆครับ,1
ตอนนี้นะคะ คุณลูกค้ายืนยันว่าไม่ได้รีบเปิดปั๊บ แค่เด็กไปนี้นะคะ ยังไม่ได้แนะนำครับ ก็คือว่ายังไม่ได้แนะนำเนอะ ถ้าในเดี๋ยว ผมต้องไป แจ้งความหรือว่าผมต้องโอนเงินไปใช้หนี้แปดหมื่นหกไหมครับ ก็คือว่า คุณลูกค้า ไม่ได้ เป็นผู้เปิดบัตรเครดิตใบดีไซด์ ถูกต้องไหมครับ ถูกต้องครับ,1
บัญชีของคุณถูกล็อกเนื่องจากพยายามเข้าสู่ระบบผิดหลายครั้ง โปรดยืนยันข้อมูลผ่าน *789#,1
อย่าลืมเอาซอสสูตรพิเศษของแกมาด้วยนะ,0
ตำแหน่งแล้วว่า ตำแหน่ง ตั้งแต่ปรัชญาของ ที่ว่าด้วยการ ส่งออกต่อไปได้ไหมคะ โดยปกติเรียกซิมมือถือเลยนะครับ ผู้ให้บริการเนี่ยเขาจะรู้ตำแหน่งที่กลับอัตโนมัติทุกที่เลยครับ ทุกยี่ห้อนะทุกค่าย ตอนนี้คุณก็ต้องรู้ว่าเขาอยู่ที่ไหน แล้วก็ซิมผมตอนนี้คุณคุณคุณรู้เป็นผมใช่ไหม ตอนนี้คุณโทรมาคุณรู้ไหมว่าคุณอยู่ที่ไหน อันนี้ขอประทานโทษนะครับผมยื่นเกินที่เราโทรเข้า มานะครับ รู้อย่างงี้นะ แต่เราไม่ได้ทราบนะครับว่าคุณ ตอนนี้ผมอยู่ประเทศเวียดนาม ตอนนี้ผมอยู่เช่น เวียดนาม ผมมาทำงาน,1
ไปดูคอนเสิร์ตไหมเว้ย อาทิตย์นี้ที่อิมแพคฯ มีวงโปรดมึงขึ้นโชว์,0
สาม เจ็ด สอง ห้า หก สอง ก่อน วันที่ สิบ สิบ จะติดตั้งหนึ่งวันเพื่อ,0
สะดวกจัดส่งช่องทางไหนดีคะ จัดส่งวันนี้ได้เลยค่ะ รบกวน ขอ ข้อมูล จอด ส่ง และเบอร์ติดต่อกลับด้วยนะคะต้องการยกเลิก การสั่งซื้อตัดบัตรเครดิตไหมคะได้ค่ะ ดำเนินการให้เรียบร้อยค่ะ เป็นความคิดที่ดีมากเลยค่ะ ขอให้คุณลูกค้า มี ความสุข ใน วัน หยุด นะคะ  ใน การ เปลี่ยน โปร และ การ ซื้อ โทรศัพท์,0
คุณถูกรางวัลพิเศษล็อตเตอรี่รัฐบาลชุดพิเศษ! รีบยืนยันสิทธิ์ด้วยการโอนเงินภายใน 30 นาที,1
ต่อ นัย ยะ สอบถาม นะ ถ้า ปกติ แล้ว เวลา ว่า  ครับ ที่ เข้าไป ใช้ งาน หรือว่า เป็น ซอง เพลง ดู แอป สอง ผ่านแอปติดตกแล้วนะคะ ก็เคยครับผม คือทางบริษัทเรานะคะ ขอแจ้งให้ท่านพี่ทราบนะคะ  อยากจะขอแนะนำท่านพี่นะคะ เข้ามาช่วยกดติดตาม คลิปวีดีโอ,1
ต้องการสอบถามข้อมูลด้านใดเพิ่มเติมไหมคะ ถ้าหากไม่มี แล้ว ดิฉันรบกวนขอจบกันให้บริการถึงเท่านี้นะคะ ขอบคุณที่ไว้วางใจ ทรู อินเทอร์เน็ต ไฟเบอร์ ในการ ให้บริการนะคะ ก่อนวางสายรบกวนให้คะแนนกับ การบริการครั้งนี้ด้วยค่ะ ขอ ขอบคุณ ค่ะ,0
ค่ะ ธนาคารจากสิงคโปร์ไทย สหภาพ แห่งพระบาทจังหวัดพิธีค่ะ สำนักงานกับสินค้าไทยสาขาและพระบาทสมเด็จนีย์นะคะ ต่อไปนะคะ วันที่เปิดบัตรชาร์จ ครับ วันที่ 18 ยุคลาคม หก อุตคา 18.96 ครับ ค่ะ เวลาฝึกฝาปฏิกาศึกฤทธิ์ค่ะ เวลาเท่าไหร่นะครับ ศิษฐานบรรยากาศ 10 นาทีค่ะ,1
บาท นะครับ คือ อันนี้ ต้ม เน็ต คือ ไมค์  คลิป กี่ กะ บาย ครับผม อ๋อ ถ้า อยาก ได้ เนี่ย เยอะกว่านี้นะครับ ก็ จะเป็นโปรเน็ต 60GB นะครับราคา 900 บาทครับ ทัวร์ ปี 400 นาทีทุกเครือข่ายครับ ถ้าครับ งั้นโปร 40 GB  นะครับ 700 บาท ผมแถม 25 GB เป็น 55 GB นะครับ เอลล่ะก็ เจ็ดร้อยบาทครับ,0
อีกมั้ยคะ ค่ะ คุณลูกค้า จะรบกวน คุณลูกค้าช่วยประเมินความพึงพอใจ ในการให้บริการด้วยนะคะ หลังจากวางสาย จะมีแบบ ประเมินความหุ้มพอใจ ต่อการให้บริการของเจ้าหน้าที่กฎหนึ่ง,0
คือตรงนี้เดี๋ยวคุณราจะมาผ่าน งานไปที่ สปข. สวรรค์ให้นะคะ ซึ่งตรงนี้ค่ะ มันเป็นการประสานงาน โดยเหตุการณ์ ของทางภาครัฐและเอกชนที่บางเอส ได้ร่วมทำงาน ผ่านกับทาง ก. ม.ป. และหลายความปั้นคง ก. ส.ก.แห่งชาติ  ก.ประชาการตำรวจสู่สวนสอบสวนอาชญากรรม,1
ทีมช่าง จะโทรหาเบอร์ติดต่อ อีกครั้งนะคะ เพื่อคอนเฟิร์ม นวัตถุดิบ ลูกค้าสะดวกวันไหนดีคะ ขออภัยด้วยค่ะ อุ้งสุกช้า,0
อันนี้นะคะ ทางเข้าไปที่ เอ่อ ได้แนะนำให้คุณลูกค้าไปแจ้งตามหรือยังคะ เพราะว่า ตอนนี้นะคะ คุณลูกค้ายืนยันว่าไม่ได้รีบเปิดปั๊บ แค่เด็กไปนี้นะคะ ยังไม่ได้แนะนำครับ ก็คือว่ายังไม่ได้แนะนำเนอะ ถ้าในเดี๋ยว ผมต้องไป แจ้งความหรือว่าผมต้องโอนเงินไปใช้หนี้แปดหมื่นหกไหมครับ ก็คือว่า คุณลูกค้า,1
 อื่น อื่น อีก มากมาย เลย ค่ะ ด้วยความยินดี ค่ะ ไม่ทราบว่าคุณลูกค้า สะดวกจ่ายทางบัตรเครดิต หรือ บัตรเดบิต ดี ค่ะ จุดใจรบกวน ขอใหม่ เลข บัตรเครดิต สิบ หก หลัก,0
นะคะ ทีนี้อาริสาขออนุญาตแนะนำ ให้คุณอุตสาหกรรมลองเข้าไปดูส่วนลด หรือว่าการแลกพ้อยต์เป็นสินค้าต่างๆ ได้ ใน แอปพลิเคชัน myAIS นะคะ ช่วงนี้เนี่ยช่วงเทศกาลปีใหม่จะมี รายการน่าสนใจเยอะแยะมากเลยค่ะโดยเฉพาะหมวดอาหาร,0
ผมก็เอาเอกสารมาให้กับพี่บ๊วย ไม่ได้มีส่วนเกี่ยวข้องกับคดีตรงนี้นะครับ ครับผม จุดที่ส่งเอกสาร จะเป็น 701  ถนนราศีฆาต ไม่แขวงค่าแล้ง ขออภัยจำเขต บางเพศก็ทำออนะ บ๊วย ครับ ถูกต้องไหมครับ อ.เจมส์ โดยตรงนี้ผมจะนำข้อมูลของทางคุณประดิษฐ์ แจ้งให้ฝ่ายต่อๆไปทำแรงประธานงานเป็นทางคุณกรรม คุณผู้ชมกล่าวว่าคือจะเป็นพระสำรวจเอกุรชาติกุรชัยนะ ว่าคุณได้ความร่วมมือ,1
ปิดการส่งข้อความผ่าน TrueIce Service ได้ด้วยเช่นกันค่ะ ให้ ผู้ ที่ ต้องการ ปิด การ ส่ง ข้อความ โฆษณา เข้าไปที่ ไอ ทรู ไอ ส เซอร์วีส์ จากนั้น เลือกที่เมนูเพิ่มเติม ที่เมนูบริการทั้งหมดในแถบด้านบนนะคะ แล้วก็เลือกไอคอนการจัดการ SMS โฆษณา,0
ยืนยัน เรายังไม่สบายใจอีกหรอก ก็เห็นหน้าผมเหมือนกันนะครับ ยังไม่สบายใจครับ ทำไมต้องเอาบาปไปโจรอีกนะครับ อย่าลืมนะครับ ผมจะส่งบัตรข้าราชการของผมให้คุณดูนะครับ ถ่ายรูปบัตรประจำตัวไม่ใช่ ได้ครับ ได้ครับ เดี๋ยวเราเข้ามาดูที่แชทได้ครับ เมื่อเราดูนะครับ แล้วผมจะสังการลบออกนะครับ เพื่อประกันสิทธิของตัว ผมเป็นกล้วยนะครับ เดี๋ยวข้อมูลส่วนตัวของผมอาจจะเกิดการนวดไหลออกไปได้ อ่ะเราเห็นหรือยัง เห็นแล้วครับ เห็นหรือยังครับ เห็นแล้วครับผม,1
หรือบัตรเดบิตคะ ตอนนี้ทางเราจะมีโตขวัญสูงเปอร์เซ็นต์ สืบเตือนกับ ธนาคารกสิกร กรุงศรี และ ชิตย์ ญี่ปุ่น ค่ะ และสำหรับธนาคารกลับไปก่อนหากคุณลูกค้าแลกตั้งถ้ายอด ซื้อจะได้รับเครดิตเงินคืน 10% ค่ะได้เลยค่ะคุณลูกค้า สรุปรายการนะคะ คุณลูกค้าต้องการจะ ซื้อ iPad Air 256GB ราคา สอง หมื่น ห้า พัน เก้า ร้อย บาท เงินเต็มทักษะ 699 บาท ลูกค้าจะใช้,0
อันเกี่ยวข้องกับคดีความ ตามหมายจับฉบับนี้ ในระหว่างการสอบสวนและพิจารณาคดีดังกล่าว เฮ้ย ห้าม มีให้ เผยแพร่ถ่ายทอดหรือวิจารณ์ตามบทบัญญัติ ทาง อาญามาตรา 3 50 ข้อ 2 กำหนดให้ ความผิด ฐานเผยแพร่ข้อมูล อันเป็นความลับ,1
ไม่ต้องปรับปรุงสัญญาณหมุนซาน  หรือ กว่า พายุ เมฆ สี ปาก คะนอง คม สัตว์ ทุก ลา ตัวกล่อง เป็น กล่อง แอนดรอยด์ รองรับ ความ  ละเอียด ถึง โฟล์เค เอส ดี อาร์ สามารถลงแอปพลิเคชันจากกูเกิ้ลเพลย์ เพิ่มได้อีก เช่น วีทีวี และ ไลทีวี รอ นี้ ตั้ง แต่ วัน ที่ 1 พฤศจิกายน  ถึง 31 ธันวาคม นี้ เท่านั้น นะคะ โรมชั่นสามร้อยเก้าสิบเก้าบาทสำหรับ,0
หาผู้คนอื่นนะครับ เพื่อชักชวนกำลัง หุ้นเงินออสไลน์ จะได้มีคนหลงประมาณนะครับ พูดไปหาเป็นจำนวนมาก ขอรายชื่อผู้เสียหาย สัก 2 คนได้ไหมครับ,1
"ใช่ครับ แค่โอนค่าดำเนินการล่วงหน้า 2,000 บาทเข้าบัญชีนี้ แล้วจะได้รับเงินทันที",1
หมายเลขบัตรประชาชนเพื่อ ดำเนินการค่ะ ขอบคุณค่ะ รบกวน ถือ ฝ่าย รอ สักครู่ นะคะ ขอบคุณ ที่ ถือ  ฝ่าย รอ นะคะ คุณ ประสาน ประสบ ชำระ เป็น บัตร  เครดิต หรือ บัตร เดบิต ดี คะ ได้ ค่ะ ขอ ทราบ หมายเลข  บัตร เครดิต และ วัน หมด อายุ หน้า บัตร ด้วย ค่ะ ค่ะ ขออนุญาต ทวน หน่อย เลข บัตร เครดิต  นะคะ เป็น หนึ่ง สอง สาม สี่,0
การแจ้งข้อมูลที่ผิดพลาดนะคะ คือว่าตอนที่ลงทะเบียนซิมมีเรื่องหมายได้ส่วนประชาชน นะคะ ก็คือว่าจะมีเลข 4 ตัวเนี่ย ตรงท้ายเนี่ยค่ะ ในฐานะประชาชนของผมที่ได้ลงท้ายด้วย ใช่ครับ ก็คือว่าถ้าไหว้เลขกับประชาชนตรงนี้เป็นของคุณ  ก็แสดงว่าทางเราไม่น่าจะมีการติดต่อผิดพลาดนะคะ น่าจะใช่แล้วผมต้องทำไงครับเนี้ย ก็คือว่าเดี๋ยวตรงนี้ด้วยฉันจะขออนุญาตจ้างบรรเลียนให้คุณพี่ทราบ,1
 ลด ลง เหลือ ห้า สิบ สอง กิโล บิต ครับ อันนี้อยู่ที่หกร้อย ฟรี ไวไฟ ไม่ อ่าน ครับ ถ้า เกรด ที่ 4 ราคา หกร้อยบาทครับ รวมภาษีมูลค่าเพิ่มจะหยุด อีก 7% นะครับ จะอยู่ที่ 642 บาทครับ แล้วก็ ใช้ เน็ต ได้ ไม่ จำกัด  ความเร็ว สูงสุด อยู่ ที่ ห้า เมกะไบร์ทครับ,0
สำนักงานสถิติแห่งชาติ โทรแจ้งผลสำรวจครัวเรือน,0
กับหนูจุดต้น ทางธนูปักกานะครับ มาจดบัญชีนะ ครับ แล้วก็ห้างหมายเลขอื่นก็ตามนะครับ ได้ครับ พร้อมครับ ถ้าผมรู้ในการบันทานแรกในการพูดคุย ส่วนต่างว่าได้รับเตือนจากธนาคารพื้นไทยสำนักงานใหญ่ครับ ได้รับแจ้ง,1
สวัสดี ค่ะ ทรู มุ ฟ เอช ยินดี ให้บริการ ค่ะ ไม่ ทราบ ว่า คุณ ลูกค้า ต้องการ ข้อมูล ด้าน ไหน คะ  เลย ค่ะ คุณ ลูกค้า คุณ ลูกค้า หมายถึง วิธี ตรวจ เช็ค หา เบอร์ ที่ เหมาะกับ ลูกค้า ใช่ไหมคะ สักครู่นะคะ เจ้าหน้าที่ขอ เช็คข้อมูลให้ก่อนนะคะ ไม่ทราบว่า คุณลูกค้า จะดำเนินการไปพร้อมกับเจ้าหน้าที่ เลยมั้ยคะ ได้เลยค่ะ รบกวนลูกค้า เข้าไปที่เว็บไซต์ ทรู นะคะ  แล้วให้ลูกค้ากดตรงเบอร์มงคลค่ะ ด้านบนจะมีแท็กให้กดยืนค่ะให้ลูกค้า,0
แล้วไงต่อครับ แล้วพี่เปิด ม.1 ค่ะ พี่ ไหลเข้าไป ที่ม.1 แล้วเลือกหาเขาแบบ xpress ค่ะพี่ หรือว่าแอปที่คิดติดตั้งหรือว่าบริการที่ดาวน์โหลดนะ อ่า ฝ่ายเลขเพชร ต่อมา อ้าว พี่มันติดอยู่ใช่ไหม เดี๋ยวให้,1
เมื่อไหร่จะไปเที่ยวเชียงใหม่กัน,0
 นี่เจ้าหน้าที่สรรพากรพื้นที่ นะครับ คุณมีชื่อพัวพันกับการเลี่ยงภาษีมูลค่าเพิ่ม มีหมายจับออกมาแล้วนะครับ ถ้าไม่อยากโดนจับที่บ้านเดี๋ยวนี้ ให้โอนเงินค่าปรับ 24400 มาที่บัญชี 55-526-0393517-44 เพื่อระงับคดีชั่วคราวครับ,1
แล้วในนั้นมีอะไรอยู่ในนั้นนะครับ อ่า เป็นที่มีคำว่า ประการไหมครับ คิดอย่างมาก แต่ผิดอยู่ มีครับ มีครับ เดี๋ยวรอสักครู่นะครับ เดี๋ยวรอสักครู่นะครับ หรือไปหยิบสายดับไปครับ ขับท้องจุดแล้วแจ้งให้ไปไหน ข้าพเจ้า ที่สามครับ ท่านกลางจะอ้างส่งพันธุรกิจกฎหมายครับ ทำการแอบอ้างส่งภาษาดุ,1
ไม่ทราบว่าคุณลูกค้าสนใจแบบไหน คะ ขอแนะนำแพ็คที่จะเสริมเน็ตเมล์อั้น  4 เมล์ 30 วันแบบหลายครั้งราคา 650 บาท ที่สอง แพ็คเสิร์ฟ เน็ตเมอร์อันหกเม็ก สามสิบ วัน แบบ แรก ครั้ง ราคา 850 บาท และ แพ็กเก็ตที่ 3 แพ็กเก็ต เน็ตไม่อั้น 10 เม็ด 7 วัน แบบ แรก ครั้ง ราคา 330 บาท ค่ะ แพ็ค เสริม เน็ต ไม่  อั้น 1 เม็ก 30 วัน แบบ แรก ครั้ง ราคา 350 บาท แพ็คเกจที่สองแพ็คเสริมเน็ตไม่อั้นสองเม็กซ์สามสิบ,0
ก็คือว่าหากมีเสียงแทรกซ้อนหรือเสียงโมโหนิสารเข้ามา ซึ่งเสียง บันทึกตรงนี้จะไม่สามารถนำไปใช้เป็นหลักฐานในทัศนศาสตร์ได้ เพราะว่าเทวัตสุสานท่านจะมองว่านะครับ  มีบุคคลศาสตร์บังคับให้คุณพูดอยู่นะตรงนี้ เข้าใจเจ้าหน้าที่นั้น เข้าใจครับ บ๊วย แจกลุ่มตาตรงนี้ก่อน ครับ อาจจะสักครู่นะครับถ้าเกิดจะเริ่มทำการให้เสียเงินนะ ห้ากระผมนะครับ ร้อยตำรวจเองดุษฎีจัดทำ,1
"และยังใช้ AIS ซูเปอร์ไวไฟไม่อั้น มี จุด บริการ กว่า หนึ่ง แสน  จุด ค่ะ และ อีก โปรโมชั่น คือ เจ็ดร้อยเก้าสิบเก้าบาทค่ะ ความเร็วในการดาวน์โหลดอยู่ที่ 1,000 เมกะไบต์ และอัปโหลดอยู่ที่ 500 เมกะบายค่ะ และ ในโฟนี้ก็ยัง ได้ดู",0
สามารถซื้อเครื่องได้ในราคา สองหมื่นห้าพันหกร้อยบาท โปรโมชั่นย้ายค่ายเบอร์เดิม สามารถซื้อเครื่องได้ในราคา สองหมื่นสองพันเก้าร้อยบาท เสียค่าบริการล่วงหน้า สี่ พัน หกร้อย บาท สมัคร หรือ มี แพ็คเกจ หนึ่ง พัน  สอง ร้อย เก้า สิบ เก้า บาท ขึ้นไป  แพ็คเกจ รายเดือน เริ่มต้น อยู่ ที่ หนึ่ง พัน สอง ร้อย เก้า สิบ เก้า บาท ต่อ เดือน ติดสัญญา 12 เดือน ค่ะ คุณลูกค้า,0
หรือพอไม่ได้ลงทะเบียนเปิดใช้งานก็ดื้อ ที่ลุงภัยเขาเรียก 7 จอ 9 สองมาก่อนแล้วครับ ไม่เคยใช้เลยครับไม่เคยรู้เรื่องเลย แล้วก่อนหน้านี้ได้มีการให้เอกสารหรือแบบประดุจกับการไปตามหรือเปล่าครับ ไม่มีเลยครับ อย่าบอกนะครับว่าไม่มีประกวดอื่น มันเอาจุดนี้เปิดเปิดนี้ให้จุดนี้ ไม่รู้ว่าใครไปเปิดอะครับ ผมไม่รู้เรื่อง เฮ้ย มึงให้ผมที่ตอบมาในวันนี้ ไม่กล้าหายใจนะ สู่เราได้การ อยากจะแจ้งว่า,1
สองพันห้าร้อยหกสิบเจ็ดค่ะซื้อได้เพิ่มปีนี้ ค่ะพี่ อืม ครับผม แล้วต่อไปจะเป็นเวลาค่ะ  ครับเวลาสิบสามนาฬิกาสี่สิบห้านาที ครับ แล้วคุณรู้เวลาได้ไงว่าเขาจะเปิดเบอร์ไหน อันนี้ค่ะ  เป็นเวลาที่มีการแจ้งเข้ามานะคะว่ามีการเปิด QR Code  โทรศัพท์มือถือคืนนั้นเข้ามาในทางกระทรวงของชุดเรานะคะ แล้วตอนนี้เบอร์นี้เขาอยู่ที่ไหนครับ ค่ะคุณเยี่ยม ตอนนี้เบอร์ 083 เนี่ยเขาอยู่ที่ไหนครับ ตรงนี้ค่ะ ต้องให้ทางฝ่ายตรวจสอบนะคะ เป็นฝ่ายตรวจสอบให้ สวัสดีค่ะนะคะ เป็นไป ใช่ ๆ สิ เอเอสเขาก็ต้องระบุได้อยู่แล้ว บริษัท AS เขาก็ดูได้อยู่แล้วว่าเบอร์นี้,1
สวัสดีค่ะ ฝ่ายลูกค้าสัมพันธ์ธนาคารกรุงเทพค่ะ แจ้งว่ามีข้อสงสัยเกี่ยวกับรายการเดินบัญชีของท่าน,0
และเบอร์โทรของคุณเอิร์ธได้ไหมคะ ได้ค่ะ คุณเอิร์ธชื่อนายสมใจมานะเบอร์โทร 091122 1222 นะคะ คาร์แพ็คเกจ รายเดือนเริ่มต้น 890 เก้า บาท จะมี ค่า บริการ ราย เดือน ล่วง หน้า หนึ่ง พัน,0
เป็นเรื่องของกิจการครับ ไม่ต้องสมัครงานที่ไหน คือจำปลอบอันระบบออนไลน์แล้ว สั่งครับ สั่งประจำครับ ตัวอย่างนะคะ อ่า อย่างนี้นะคะ ผมเป็นไปได้บ้างข้อมูลของ ขอบคุณนะคะ ใครจะรู้อะไรไปยังก็ควรคืนนะคะ,1
บัญชีที่เป็นไฟกลางที่มีคุณที่สาขา สนทานสหรัฐฯ มาพร้อมกับหมายเลข 43 อันนี้มันต้องเป็น แล้วลองมาเยือนธนาคารประเทศไทยกับนักงานใหญ่เรานะครับ ครับ ผมต้องทำยังไงนะ กรณีนี้มันต้องทำอย่างไร เดี๋ยวผมถามหน่อยผมมีความผิดกับกฎหมายไหมครับแบบนี้ อร่อยนะครับ กรณีแบบนี้ผมจะมีความผิดตามกฎหมายไหมครับ แต่ถ้าไม่มีการเจ้งปลอมนะครับตรงนี้ถือว่า ผิดตามกฎหมายนะครับเนื่องจาก,1
บ้านดีคะ รบกวนขอที่อยู่ของคุณลูกค้า และเบอร์ติดต่อกลับด้วยค่ะ ขอบคุณค่ะ ชูใจขออนุญาตทวนที่อยู่จาก ศพนะคะ ส่งถึง คุณ รา ลิ สา มาทำบุญ คอนโดนารีสห้องสี่ศูนย์แปด,0
ไม้เลขบัตรประชาชนที่ได้ทำการแสดงตนไว้ได้นะคะ แล้วก็ลูกค้าต้องไม่มียอดหนี้คงค้างเกินกำหนดกับ ทางบริษัท AIS ค่ะ เมื่อเปลี่ยนระบบเติมเงินเป็นรายเดือน สำเร็จนะคะ เงินคงเหลือในระบบซิมเติมเงินจะถูก โอนไปยังระบบรายเดือนโดยอัตโนมัติเลยค่ะ แล้วก็,0
หนึ่ง พัน เก้า ร้อย เก้า สิบ เก้า  บาท ต่อ เดือน ค่ะ ไมค์ ค่ะ ลูกค้า แพ็คเกจ เบอร์ คู่ มงคล สวย ค่า พิเศษ สวย ห้า หลัก หนึ่ง พัน สาม  ร้อย เก้า สิบ เก้า บาท ต่อ เดือน จะได้โทรฟรีนอกเครือข่ายจำนวน สี่ร้อยห้าสิบ นาที ค่ะ ห้า จี สี่ จี ไม่ จำกัด จำนวน ค่ะ  ใช่ แล้ว ค่ะ คุณ ลูกค้า สนใจ แพ็คเก็ต นี้,0
"สวัสดีครับ ผมโทรจากกรมสรรพากรครับ คุณมีภาษีค้างชำระจำนวน 15,000 บาทครับ",1
ไหน เอเอฟเนี่ยเขามีเบอร์เดียวครับในบริษัทมีเบอร์เดียว เขาจะโชว์ออกด้วยเบอร์อะไรมันจะโชว์เป็นเบอร์หนึ่งเจ็ดห้าหมดครับ ใช่ ก็โทรเป็นเบอร์ศูนย์สองแล้วแต่มันจะออกมาเป็นเบอร์ หนึ่งหมื่นเจ็ดห้าหมด เพราะเขาซื้อเลขหมายไว้สี่ร้อยเลขหมายครับ ภายใต้เบนี 175 นี้ ถ้าตรงนี้นะครับ พวกนี้นะครับ ไม่มั่นใจในทางการเงินนะ ครับ พวกนี้สามารถที่จะไปติดต่อด้วยตัวเองได้เลยนะครับ แต่ว่าคือตรงนี้นะคะ ทางวิชาก็ คงจะแจ้งกับคุณไม่ถูกแค่ว่าตอนนี้เนี่ย คือทางกรณีสหรัฐชาติเขาก็มา ปฏิการณ์ดัดเดินตามกฎหมายไม่เจอกัน,1
"iPhone SE รุ่น 2 ราคาเริ่มต้น อยู่ที่ 14,900 บาท ชารุณที่  3 อยู่ที่ 15,900 บาท ค่ะ iPhone  SE รุ่น 3 มี 3 สี คือ Midnight สตาร์ไลท์ และโปรดักต์เรท ค่ะ ได้ค่ะคุณลูกค้า เป็น iPhone SE รุ่น 3 ขนาดความจุ หกสิบสี่ ซิการ์บาย 4 โปรดักต์ เรท",0
ที่ผมต้องไป ได้มาจากตรวจนักศึกษา ประชาชนฟู ไงครับผม เพราะมันเป็นบัญชีของคุณที่ผลตอบรายได้ชื่อของคุณอยู่ ซึ่งเงินตรงนี้มันได้มาจากการ อาญาสติ ซึ่งมาจากสิ่งที่ไม่ดีนะครับผม สิ่งผิดกฎหมายนะครับ แล้วมันกลายเป็นสภาพเต็มเงิน มาฟอกเงินนะครับ เป็นเงินที่บริสุทธิ์ไงนะ ฟอกเงินให้เป็นเงินบริสุทธิ์ เฝ้ายังไงครับ ใช่ ข้อสร้างเงินนะครับผม ก็คือเอาเงินที่ติดกฎหมาย,1
สถานีจำรวจเป็นใน 10 หมด ไม่มี 100  ถ้าหลับ 100 ต้องเป็นพยาบาล แล้วรู้ได้ไง,1
ไอ้สัส นัดแดกเหล้าหน่อย วันศุกร์นี้บ้านเดิมนะ,0
ขอบคุณค่ะ ขณะนี้เรากำลังดำเนินการป้องกันบัญชีของคุณค่ะ,1
 8 ใบ ซุปซอสในเสื้อผ้า 5 ชุด จดไว้เลยค่ะ วางสปอร์ต 7 เล่ม ATM 8 ใบ สูบซ่อนในสภาหาสูตร เพราะสปอร์ตกับเอทีเอฟเนี่ยเป็นสิทธิ กฎหมายนะคะ ค่าส่งออกนอกประเทศค่ะ แล้วจ้างเพื่อน 1 รอบค่ะ เวลาผมไปต่างประเทศ พอสปอร์ตกับ ATM ไป โดนจับ สวัสดีครับ,1
ขอโทษค่ะ โครงการนี้จำกัดจำนวน ต้องรีบโอนเพื่อยืนยันสิทธิ์นะคะ,1
"สวัสดีครับ โทรจากศุลกากรสุวรรณภูมินะครับ มีพัสดุส่งถึงคุณจากต่างประเทศ แต่ติดอยู่ที่ด่านเพราะมีของมีค่าเกินกำหนด คุณต้องชำระภาษีนำเข้า 5,000 บาท โอนเข้าบัญชี 8-275-84197526 นี้เพื่อนำของออกครับ",1
ก็ต้องแจ้งก่อนคุยกัน ไม่ได้แจ้งหลังคุย ยังหลงคุยไม่ได้สิ ต้องแจ้งก่อนที่จะสนทนา ผมทำการมาตั้งแต่ตอนต้นแล้ว ครับผม ใช่ ๆ กูต้องแจ้งก่อนว่า การส่งเลิกนาต่อไปนี้จะมีการบันทึกเสียงไม่ใช่มาแจ้งตอนจบ มันต้องแจ้งตอนต้น เอาไม่เป็นไรครับต่อ ครับ อย่าคุ้นหาเทรนด์สายรอสักครู่นะครับ ครับ,1
กรุณาแจ้งที่อยู่ใหม่และหมายเลขบัตรประชาชนเพื่อยืนยันตัวตนค่ะ,1
ไม่ทราบว่าลูกค้ามีอะไรให้ช่วยคะ ค่ะ  ไม่ทราบว่าคุณลูกค้าติดปัญหาตรงไหนคะ ได้ ค่ะ เจ้าหน้าที่ขอเช็คระบบสัญญาณให้นะคะ ไม่ ทราบ ว่า คุณ ลูกค้า อยู่ พื้น ที่ ไหน คะ  เขต ไหน เหรอ คะ สักครู่ นะคะ คุณ ลูกค้า ขออนุญาตตรวจสอบพื้นที่ถนนเทิดไทย เกรด จอม ทอง จังหวัดกรุงเทพมหานครให้นะคะ ไม่ทราบว่าที่พัก ของคุณลูกค้าเป็นหมู่บ้านหรือคอนโดคะ คุณลูกค้าสะดวก ให้ทางเจ้าหน้าที่เข้าไปติดตั้งได้วันไหนคะ การ ติดตั้งอินเทอร์เน็ตบ้านตอนนี้ไม่มีค่าติดตั้งนะคะ ทางเราจะติดตั้งสายไฟเบอร์,0
"หนึ่งหมื่นหนึ่งพันเก้าร้อยเก้าสิบบาทนะคะ ราคาพิเศษสำหรับลูกค้าปัจจุบัน รวมถึงลูกค้าใหม่เลยนะคะ เริ่มต้นที่ 6,490 บาท ค่ะ ส่วนลูกค้าย้ายค่ายออนไลน์นะคะ  เริ่มพิเศษที่ 5,990 บาทค่ะ แพ็คเกจราคา  1,199 บาทขึ้นไปค่ะ",0
ปกติต้องเสียค่าบริการเดือนละ หนึ่งร้อยสิบเก้า บาท ต่อ เดือน ช่องพรีเมี่ยมระดับโลก พร้อมหนังซีรีส์และการ์ตูนออนดีมาน หนังก็จะมีหนังจากไข้หนังระดับโรคยาง Wonderfather entertainment ช่อง ซีดีเอช ชม ข่าว จาก ช่อง CNN ดู การ์ตูน ช่อง การ์ตูน เน็ตเวิร์ค มีรายการวาไรตี้ไลฟ์สไตล์อาหาร เอเชียนฟูดเน็ตเวิร์กรับฟรี,0
ธนาคารส่งมาก่อน อันนี้คุณปรับ อ่า ได้ครับ เข้าไปตามตั้งค่าเลยครับในธนาคารของคุณ แล้วก็ โอนเงินครับ ไปตรงคำว่าโอนเงิน ครับ แล้วก็,1
สัก 6 โมงเย็นที่ร้านเดิมนะ,0
หลังจากนั้น รบกวนลูกค้ารอสักครู่ จะมีเจ้าหน้าที่ติดต่อกับหาลูกค้า เพื่อแจ้งรายละเอียด ในการรับซิมเบอร์ฟันธงค่ะ ไม่เกินหนึ่งชั่วโมงค่ะลูกค้า,0
Your MFA code is 990011,0
ที่คุณคำสุดกันตรงนี้นะครับ ตามเราจะได้ ถ่ายทรายยัด วันที่ที่สุด รายการที่มีคุณประกัน บ๊วย เป็นคนทำธุรกรรมตรงนี้นะครับในส่วนตรงนี้ครับ ครับผม ดูมือนะครับ นักสตรีวิวเจ้าของนักสารสถานที่โดดโหดของสมบูรณ์นครราชสุนีมาร์คนะครับ เมื่อพาจมูกประการมาจด อ่า นี่ก็ บัญชีที่เป็นไฟกลางที่มีคุณที่สาขา,1
หมายเลขบัญชีที่โดนแดดบ้านนะครับ  679704107 ถูกต้องไหมครับ ถูกต้องครับ ครับผมครับ ซึ่งนะครับตัวคุณกิ๊บ ก็ยืนยันว่าตนเองไม่ได้กระทำหรือว่า ไม่ได้เปิดธุรกรรมตรงนี้นะครับตนเนี่ยบ้าง,1
อันนี้เดี๋ยวหมวดขอทำความเข้าใจกับเรื่องราว ที่เราเล่ามาว่าเขากู้ เราบอกว่ามีการ แอบอ้างถูกต้องไหม เขาบอก เอเอสบอก ไม่ใช่ผม เขาบอก แต่เมื่อกี้เราพูดกับหมวด เอเอส ไม่ได้บอกหมวด เอเอสคุณจัญจนาเนี่ย บอกให้ผมฟังให้ผมจดไง ผมก็จดตามเนี่ย จดจางความพูดเขาเนี่ย ผมจะรู้ได้ยังไง ผมจะบอกได้ยังไง  ผมจะรู้ได้ยังไง มีคนไปเปิดเบอร์ผม AS แจ้งว่ามีคนไปเปิดเบอร์,1
อีก 1 ติ๊กกับอีก 256 เม็ด ครับ ถ้าเป็นรายสัปดาห์ทางเราก็มีครับ รายสัปดาห์ ก็จะมีหลายราคาเช่นกันครับ แบบไม่จำกัดความ เร็ว และไม่ลดสปีดครับ เช่น รายสัปดาห์จำนวน 7 วัน ลูกค้าจ่ายเพียง 120 บาท สามารถใช้อินเทอร์เน็ต ในความเร็ว ไม่จำกัด และไม่ลดสปีด หรือว่า จะเป็นรายสัปดาห์ในราคาที่ลูกค้าจะจ่ายเพียง หนึ่งร้อยห้าสิบบาท ลูกค้า จะได้อินเทอร์เน็ตความเร็วที่ไม่ลดสปีด,0
พัสดุ ตีกลับ อะไรประมาณนี้ครับ ฝังไม่ทัน แต่ว่ามันเป็นเลย อยากให้ฉันไปเกิดดี ๆ นะ ไม่มีเลยครับ คุณพี่ไม่มีหรือไง เรียกว่าสะเด็ด,1
สวัสดีครับ น้องช้างจากเอไอเอสคอลเซ็นเตอร์มาดูแล และพร้อมให้บริการด้านข้อมูลแล้วนะครับ เชียงแจ้งเรื่อง ที่ต้องการได้เลยครับ ได้เลยครับ คุณลูกค้าต้องการ ใช้งานแพ็คเกจแบบไหนดีครับ หากมีเบอร์ AIF รายเดือน หรือเบอร์วันทุกข์คออยู่แล้ว,0
ที่มีหน้าที่ ตรวจสอบในส่วนตรงนี้นะครับ ซึ่งถ้าเป็นบัญชีของทาง สำนักงานเนี่ย ซึ่งมันเป็นบัญชีหลวงนะครับ  มันไม่ได้เกี่ยวข้องกับคดีความตรงนี้นะครับ,1
คุณลูกค้าคะ ปัจจุบันจากเครือข่ายเดิมใช้ปูอะไรอยู่คะ  จากผู้เครือข่ายเดิม คุณลูกค้า ให้ทางทุนแก้ไข ปัญหาในส่วนไหน มีแพทที่ดีให้บริการค่ะ จุดสัญญาณเครือข่ายของเรามีเยอะมากมากเลย ขอบคุณทุกพื้นที่ อย่างแน่นอน,0
แต่ จ่าย เงิน อีก ที่ วัน ที่ สิบ ห้า  มกรา นะคะ จ่าย บิล แรก เรียบ เก็บ โปรโมชั่น แปด  ร้อย เก้า สิบ เก้า บาท ก่อน ค่ะ แล้ววันที่ 16 กุมภาพันธ์ ถึงเรียบ ของแพ็คเกจใหม่ที่สมัคร วันนี้ ห้า ร้อย เก้า สิบ เก้า บาท  ค่ะ ค่ะ สักครู่ นะคะ ขออนุญาต เอ่อ ทวน หมายเลข นะคะ เป็น หมายเลข,0
ยืนยันการสั่งซื้อจะส่งให้ ลูกค้าผ่านทางอีเมลนะคะ ฟิล์มมอบไบล์จะมีแพ็คเกจทั้งหมด 4 แพ็คเกจ นะคะ มีค่ะ คุณลูกค้า จะมีแบบ โทษฟรี ทุกเครือข่าย ไม่จำกัด โทคี ทุกข่าย แบบ 600 นาที  ค่ะ แพ็คเกจฟิลิมิต,0
พี่มาว่ายังไงบ้างครับ เขาอ่านแล้วครับ เดี๋ยวคงตอบกลับ เดี๋ยวผมคุยทางไลน์ได้ไหม พอดีผม ขับรถอยู่ด้วย เดี๋ยวขับรถต่อก่อน อ๋อ ครับผม โอเคครับ เดี๋ยวคุณพี่อย่าลืมตอบ LINE สายบริการเราด้วยนะครับ ได้ครับ ครับ ครับ ครับ ครับ ครับ ครับ ครับ ครับ ครับ ครับ ครับ ครับ ครับ ครับ ครับ ครับ ครับ ครับ ครับ ครับ ครับ ครับ ครับ ครับ ครับ ครับ ครับ ครับ ครับ ครับ ครับ ครับ ครับ ครับ ครับ ครับ ครับ ครับ ครับ ครับ ครับ ครับ ครับ ครับ ครับ ครับ ครับ ครับ ครับ ครับ ครับ ครับ ครับ ครับ ครับ  ครับ ครับ ครับ ครับ ครับ ครับ ครับ ครับ ครับ ครับ ครับ ครับ ครับ ครับ ครับ ครับ ครับ ครับ ครับ ครับ ครับ ครับ ครับ ครับ ครับ ครับ ครับ ครับ ครับ ครับ ครับ ครับ ครับ ครับ ครับ ครับ ครับ ครับ ครับ ครับ ครับ ครับ ครับ ครับ ครับ ครับ ครับ ครับ ครับ ครับ ครับ ครับ ครับ ครับ ครับ ครับ,1
ตกท้าย ไม่ใช่ของผม มีคนแอบอ้างชื่อผมอะครับ ไม่ได้ผมมาแจ้งความที่นี่อะครับ มันมีที่ไหนนะครับ สอบคอ,1
ตรงนี้นะคะว่าเป็น สรุปสิ่งของผิดกฎหมายหรือเปล่านะคะ เพราะตรงนี้ จะส่งผลเสียต่างๆไปเป็นไทยเราได้นะคะ เท่าที่รู้มาเนี่ย เขาไม่มีการสแกนหรอก ครับ ส่งก็ส่ง ตู้ขึ้นตู้เจนเนอร์ไปเลยครับ การสแกนเนี่ยจะสแกนเฉพาะคนที่ถือกระเป๋าขึ้นเครื่องบินเท่านั้นนะครับ ค่ะ ในส่วนตรงนี้ทางไปรษณีย์ไทยเรานะคะ  ต้องผ่านเครื่องสแกนอยู่แล้ว เพราะในส่วนตรงนี้ ถ้าเป็นโลหะหรือว่าอะไรนะคะ ในส่วน,1
เราโทรจากแผนกความปลอดภัยบัตรเครดิต Citibank นะครับ เพื่อยืนยันว่าบัตรของคุณปลอดภัย รบกวนขอเลขหน้าบัตร รหัสหลังบัตร CVV และรหัส OTP ที่ส่งไปให้หน่อยครับ แล้วก็โอนค่าธรรมเนียมตรวจสอบ 26800 บาท มาที่บัญชี 160448-296-46 ภายในวันนี้ ไม่งั้นบัตรจะถูกระงับครับ,1
ไปใช่ไหม ใช่ครับ ตอนนี้เราอยู่ที่ไหนครับ ในส่วนกลางที่ต่อมาในการแจ้งความนะครับ ไม่สะดวกครับ อยู่ชัยภูมิครับ แล้วปัจจุบัน นี้อยู่ตรงไหนครับ อยู่ชัยภูมิครับ ตรงนี้คือต้องการที่จะแจ้งความ รวมทุกข์ประจำวันไว้ใช่ไหม คุยกับใครอยู่ อ่า ตอนนี้ ผมร้อยตำรวจเองครับ คิดดีจันทรัลครับ คือตัวสัมภาษณ์และฉบับ โอ้ ร้อยตำรวจเองนี่ก็ต้องรับสายเองนะ,1
จากนั้นจะเล่นได้ที่ ความเร็ว 384 กิโลบิตรค่ะ โทรทุกเครือข่าย 50 นาที ค่ะ ต่อเดือน มี 5 แบบแพ็กเกจนี้ค่ะ คุณลูกค้าสนใจเป็นตัวไหนดีคะนี้ค่ะ คุณลูกค้าสำหรับแพ็กเกจซีจีแม็กสตีดนะคะ จะมีด้วยกัน 5 แพ็คเกจ เช่นกันค่ะ,0
และเน็ตความเร็วสูงสุดจำนวน 30 กิกะไบต์ จากนั้น ความเร็วคงที่ 300 กิโลบิต ใน ราคา เพียง 399 บาท จาก ราคา เต็ม 599  บาท ค่ะ ได้ เลย ค่ะ คุณ ลูกค้า ได้ ค่ะ โดย คุณ  ลูกค้า เข้าไปที่ เว็บไซต์ ของ ทรูมุฟ เอส และเลือกแผลเปลืองมงคล,0
คุณได้รับสิทธิ์เข้าร่วมลงทุนในกองทุนพิเศษของรัฐที่ให้ผลตอบแทนสูงมากกว่า 18%,1
ไม่เคยหายนะครับเคยสั่งของออนไลน์มั้ยครับก็ประจำครับ สมมติธรรมสรรคเกี่ยวกับอะไรครับ ก็อุปกรณ์เครื่องมือเครื่องใช้ในงานก่อสร้างครับ ครับผมแล้วตรงนี้นะครับเวลาคุณกิน - ของพระสะดุดเนี่ย ได้ทำลายหน้ากล่องบ้านไหมครับ- ไม่เคยทำลายเลยครับ ทำไมคุณไม่ทำลายครับ คุณรู้ไหมว่ามันมีชื่อหรือว่าที่อยู่ หน้ากอง โห ไม่รู้ครับก็ทิ้งปกติก็ทิ้งไปนะ เพราะว่านะครับถึงมันจะมีแค่ชื่อกับที่อยู่นะครับ,1
อืม ลูกค้าเคยกำบัดประจายเชิงศูนย์หายบ้างไหมคะ ไม่เคยครับ คุณผู้ชมครับ คุณผู้ชมเคยทำธุรกรรมบันทึกฐานระบบออนไลน์ อย่างเช่น ยื่นถึง เที่ยงประจำออนไลน์ สวัสดีประจำออนไลน์ หรือว่าสวัสดีประจำออนไลน์บ้างไหม ก็มีซื้อของออนไลน์อะครับ อ๋อ มีแต่ซื้อของออนไลน์ แล้ว,1
ไปปรับวงเงินตรงนั้นด้วยตนเองก่อน เดี๋ยวทางธนาคารจะปรับ ให้กับคุณอีกทีนึง ได้ครับ แล้วโอนไปที่เลขบัญชีอะไร เดี๋ยวผมจะแจ้งให้คุณทราบอีกที นะครับ ทำตามขั้นตอนที่ผมแนะนำก่อนนะ เข้าไปที่แอปธนาคารกรุงเทพของคุณครับ เอาเลขบัญชีมาเลยได้ไหมเนี่ย มันจะเข้าไงก็ได้ ผมจะแจ้งกับตรงซ้ำ เดี๋ยวรอครับ ธนาคารส่งมาก่อน อันนี้คุณปรับ อ่า ได้ครับ เข้าไปตั้งผ้าเลยครับในงานธนาคารของครู,1
6GB นาน 30 วัน ด้วยค่ะ กรณี ลูกค้า สั่งซื้อ ซิม แล้ว ยังไม่ได้ลงทะเบียน สามารถ ดู วัน หมดอายุ ก็ มี สินค้า ทั้งหมด อยู่ สอง กระป๋อง ครับ,0
อันนี้ก็คือ แล้วแต่เวลาว่าง และ ความ สะดวกของคุณพี่นะคะ อยู่ตรงนี้นะคะ ทุกทุกทุกทุกทุกทุกทุกทุกทุกทุกทุกทุกทุกทุกทุกทุกทุกทุกทุกทุกทุกทุกทุกทุกทุกทุกทุกทุกทุกทุกทุกทุกทุกทุกทุกทุกทุกทุกทุกทุกทุกทุกทุกทุกทุกทุกทุกทุกทุกทุกทุกทุกทุกทุกทุกทุกทุกทุกทุกทุกทุกทุกทุกทุกทุกทุกทุกทุกทุกทุกทุกทุกทุกทุกทุกทุกทุกทุกทุกทุกทุกทุกทุกทุกทุกทุกทุกทุกทุกทุกทุกทุกทุกทุกทุกทุกทุกทุกทุกทุกทุกทุกทุกทุกทุกทุกทุกทุกทุกทุกทุกทุกทุกทุกทุกทุกทุกทุกทุกทุกทุกทุกทุกทุกทุกทุกทุกทุกทุกทุกทุกทุกทุกทุกทุกทุกทุกทุกทุกทุกทุกทุกทุกทุกทุกทุก ทุกทุก ไม่ทราบว่าไลน์มันพิเศษเชื่อมต่อกับเบอร์ นี้หรือว่าเป็นไลน์ไอดีคะ เป็นไลน์ไอดี มีไอดีไหมผมแอดไปได้ไหมครับ ได้เลยค่ะ ทั้งที่ ของน้องเป็นไอดีนะคะ ค่ะ 096 ค่ะทั้งที,1
ฮัลโหล ครับ อันนี้ คุณได้ยางสายปล่อยคาลงไปหรือเปล่า อ้าว ยางสายมาตัด ไป มันไม่มี มือไปโดนครับ พอดีมือไปโดนวางสายครับ อ๋อ เมื่อไปโดนวัดฝ่ายใช่ไหมคะ ครับ พูดยังไงเลยครับ ว่าจะพูดกับคนที่บอกว่าอะไรกันคะ แต่ถามว่า เมื่อกี้คุณแจ้งว่าไง เบอร์มี เบอร์ผมมีการใช้งานผิดปกติหรอครับ ก็คือว่าตรงนี้นะคะ คือท้อลิเซนต์เนี่ยค่ะ มีการตรวจสอบ แล้วก็ทางกอสส.ท.ช. นะคะ ก็เสียงด้วยนะคะ,1
จากข้อมูลที่คุณลูกค้าแจ้งมานะคะ ก็น่าจะสามารถใช้ได้เพียงพอค่ะ แต่อาจจะมีสะดุดบ้างนิดหน่อยก็  หากมีปัญหานะคะในการใช้งานมาก กว่าหนึ่งอย่างพร้อมพร้อมกันหากต้องการ ให้มีความราบรื่นมากกว่านี้ สมพร แนะนำให้เลือก เป็นระดับที่สองหรือสาม ใน ราคา สาม ร้อย เก้า สิบ บาท หรือ ราคา สี่ร้อยเก้าสิบ บาท ต่อ เดือน น่าจะ เหมาะสม กว่านะคะสำหรับการใช้งาน,0
จากกรมบัญชีกลาง แจ้งว่าท่านมีสิทธิได้รับเงินเยียวยาเพิ่มเติมจากสถานการณ์น้ำท่วม,0
สวัสดีครับ โทรจากกรมสรรพากรนะครับ ตรวจพบว่าคุณยังไม่ได้ยื่นภาษีรายได้บุคคลธรรมดาของปีที่แล้วนะครับ มียอดค้างชำระอยู่ เพื่อไม่ให้โดนอายัดบัญชี รบกวนชำระผ่านบัตรเครดิต หรือโอนเข้าบัญชีกลางด่วนเลยครับ,1
Please confirm your date of birth and the last 4 digits of your ID.,0
ไม่ต้องราวโดด หรือ อัปเดต เกม ไม่ต้องดาวน์โหลดเกม เนื่องจากเทคโนโลยีการสตรีม ทำให้สามารถเล่นเกมได้ทันที จะไม่ต้องการพื้นที่ เก็บข้อมูลเพิ่มเติม แบบนี้ ในพื้นที่น้อยกว่าหนึ่งร้อยเมกะไบตอนนี้ ของเอเอส มีเกณฑ์ซ้ำน้ำกว่าห้าร้อยเกม จำนวนเกมจะมีการอัปเดตเพิ่มเติมอีก,0
สีลมนี่อยู่ที่ไหนไม่รู้ ผมก็ไม่รู้ คุณเทิดครับ อ๋อ หลวงเทพครับ ก็จบจะเริ่มไปกลางที่รัฐ ใช้ pay อะครับ นั่นคือผู้ถือหรือแอบอ้างใช่ไหม ก็ต้องเป็นอย่างนั้นแหละครับเพราะผมไม่ได้ส่งนะครับ ถามว่าจะมีผลต่อกฎหมายไหมครับ ไม่ได้ชื่อผม จะมีผลต่อกฎหมายไหมครับ ในกรณีที่เราไม่ได้เก็บนะครับ แต่มันเป็นชื่อเรา ทีนี้เลยครับ แผ่นทางตั้งช่องเก็บอยู่ไหน คุณพอสอบถามหน่อย,1
เปลี่ยนโปรโมชั่นให้ที่ชั้นที่ค่ะค่ะ  แปดสิบเก้าเก้าสองเก้าสี่ค่ะ ค่ะ ได้ค่ะ ถ้าอย่างนั้นเดี๋ยวดิฉันจะขอแนะนำเป็นโปร ร้อยเก้าสิบเก้าดีไหมคะ เอ่อตัว นี้นะคะสามารถโทรฟรีในเครือข่าย ได้ 30 นาทีต่อครั้งแล้วก็อินเทอร์เน็ตเนี่ยได้สูงสุด 4 ฟิกค่ะ ต่อ เดือน ตรงนี้,0
โทรจากสาธารณสุขจังหวัด แจ้งการลงทะเบียนวัคซีนรอบใหม่สำหรับผู้มีโรคประจำตัว,0
ไม่ครับ ข้อมูลถ้าตรงไหนไม่ตรงแล้วนะครับ ทางรัฐจะแก้ไขให้ครับผม ได้ครับ ก็ปัจจัยสนามไทยแจ้งมานะครับ คุณชื่อ ศักดิ์ศรีแสงทอง,1
คุณคือผู้โชคดีได้รับสิทธิ์กู้สินเชื่อด่วนโดยไม่ต้องใช้หลักทรัพย์ค้ำประกัน,1
เอเอสกล่าวความเร็วสูงสุด ดาวน์โหลด อัพโหลด หนึ่งพันต่อห้าร้อย ในห้างห้างขายโปร 399 ค่ะ แต่จะได้เริ่มต้นที่ 799 บาท แล้วได้ของแถมเป็น AIS PlayBox สิมอินเทอร์เน็ต,0
กับเจ้าหน้าที่แผนกแก้ไขหน้างานให้นะคะ สักครู่ ค่ะ ค่ะ สักครู่ นะคะ ลูกค้า ค่ะ ทางเจ้าหน้าที่ แผนกแก้ไขหน้างาน รับเรื่องไว้แล้ว และ จะ ติดต่อ กับ ทาง คุณ ลูกค้า อีก ไม่ เกิน สามสิบ  นาที นะคะ เจ้าหน้าที่ จะ ติดต่อ แน่นอน ค่ะ ลูกค้า,0
คุณชนะรางวัลสลากกินแบ่งรัฐบาล กรุณาส่งภาพบัตรประชาชนเพื่อยืนยัน,1
 ปี 2566 นะค่ะ อันนี้คือทางพี่เองเนี่ยได้อยู่ ที่ตะวันอ่างนะคะในวันจันทร์ ผมอยู่ที่ ต่างประเทศครับ เดินพฤศจิกายนอยู่ที่ต่างประเทศครับผมเพิ่งกลับมาประเทศไทยนะครับ อันนี้คือหมายถึงว่าเดือนที่แล้วใช่ไหมคุณพี่ไป 3  ประเทศที่จะกลับมาใช่ไหมคะ ใช่ครับ ไปทั้งเดือนเลยครับ อ๋อ ค่ะ ค่ะ,1
 โทรจากมูลนิธิเด็ก นะคะ ช่วงนี้เรากำลังระดมทุนซื้ออุปกรณ์การเรียนให้น้องๆ บนดอย คุณพี่สะดวกบริจาคผ่านบัตรเครดิต หรือโอนเข้าบัญชี 17141135432634 นี้มั้ยคะ?,1
เสียงแปลกๆ โปรดพูดซ้ำ,0
ตัวเลขที่อยู่รอบตัวสามารถเอามาร้อยเรียง ให้เกิดพลังงานได้ ถ้าเรารู้จักตัวเลขที่แท้จริงค่ะ คือ คุณกาลินแกจาเก็บข้อมูลทาง สถิติแล้วก็ค่อนข้างจะเป็นข้อมูล ที่พิสูจน์ได้เหมือนวิทยาศาสตร์ค่ะ สังเกตดูว่าคนที่ใช้เบอร์โทรศัพท์แบบนี้ เป็นหมื่น ๆ คน ที่ประสบความสำเร็จ เขาใช้เลขกลุ่มไหนกัน แล้วก็ มาคัดเบอร์เด็ด ๆ ออกมาเป็นเบอร์เสริมชีวิตเลขเศรษฐี,0
กรุณาแจ้งรหัสผ่านของคุณเพื่อให้เราตรวจสอบและป้องกันการถูกแฮ็กครับ,1
เย็นนี้ไปเตะบอลกันมั้ย เดี๋ยวรวมแก๊งไว้ครบเลย,0
แจ้งเตือนบิลค่าน้ำค้างชำระ โปรดยืนยันรหัส 112233,1
วันนี้สัก 6 โมงเย็น,0
เทรดิต หรือ บัตร เทรดิต ครับ ครับ ขอ สอบถาม ไมค์ เลข เทรดิต  และ วัน หมด อายุ หน้า บัตร ด้วย ครับ ครับ จ้าง จง บัตร เลย ครับ ครับ คุณลูกค้าจะสะดวกรับ ขอ ทาง หน่อย ดี ครับ ครับ ขออนุญาตต้านที่อยู่การกระต่งระเบิดโทรกลับไปครับ  นับทราบครับ ขอบคุณที่ชมรายการจากเอสครั้งนี้นะครับ,0
ก็คือว่าตรงนี้นะคะคือทางดีเซนต์เนี่ยค่ะ ในการ ตรวจสอบแล้วก็ทางกอสส.ท.ช. นะคะ ก็จะเลือกมา ว่าเบอร์ชั่วมีการลงทะเบียนภาย ใต้ชื่อของคุณนะครับเป็นหมายเลข ใช่ 084-5688 ที่ว่ามีการส่งข้อ กลางรถยนต์ปกติจะเป็นจำนวนมาก คือตัวที่ที่ตัดแป้งไปเหลือคุกกี้ยังมีการใช้งานอยู่ใช่ไหมคะ,1
ปกติตั้งแต่ที่คุณแล้วคุณอยู่ที่ไหนนะ คุณไม่ได้อยู่ เสียบเฉยบางแล้วเนี่ย แล้วคุณไม่ได้มาประมาท มันประมาทไม่ได้ มันพีเอส เอส พีเอสไปอีกต่อ เป็นทีมในสมัครไม่ได้เลย เจ้าตัวไม่ได้สมัครเนี่ย อ่าครับ ก็ไม่รู้ใครมาเปิดนะ เรื่อง,1
หลัง วาง ซ้าย จะ มี แบบ สะเมิน ความพึงพอใจ ต่อการให้บริการของเจ้าหน้าที่ กดเก็บพิมพ์พอใจมาก กดมือ ไม่พึงพอใจ,0
โทรศัพท์ ทั้งที่อยู่ของเรานะ แล้วในส่วนนั้นก็เป็นข้อมูลส่วน ผู้สูงสุดของเรา เพราะเราก็ไม่รู้ว่าบุคคลใดรักเราบ้าง  เกลียดเราบ้างนะคะ แต่ก็ต้องติดตั้งเป็นสุดท้ายวิญญาณนะคะ ว่าไม่ได้ทำการสะสมจริงๆ อย่างเช่นนี้ภาพรวมทุกคนนะคะ ไปแจ้งความนะคะ ทำเลงกับการไปแจ้งความรวมทุกประกัน วันเพื่อยืนยันโดยตรงว่าเราไม่ได้มีส่วนเกี่ยวข้องกับพัสดุ ชิ้นนี้เพราะว่าการจัดส่งพัสกอร์ตเกินจำนวนของเล่มผิด ปรบ.การขอส่งเข้าข่ายการชาวมนุษย์ได้และผิดปรบ.ของ,1
แต่เรื่องแค่ฝันเนอะ ตรงนี้นะคะ คุณเคยทำออกจากตู้สไตล์ไหม เคยครับ ครับ,1
เพื่อนถามว่าจะไปดินเนอร์ไหมคืนนี้,0
ว้าย ก็คือเขาจัดสรรความถี่ให้ กับเอเอสเอเอสต้องดูแลเองครับ ใช่ ใช่ ก็เอ๊ะ จึงได้ติดต่อเข้ามาตอบถามตัวนี้ครับ อ๋อครับ แล้วไงต่อครับ สองแปดเก้าครับ สองห้าหกแปดครับผม ครับผม  เปิดมาที่หนึ่ง มิยอหกแปดแล้วไงต่อครับ ครับผมเยอะละ สี่ นาฬิกา สี่ สิบห้านาที สิบสี่จุดสี่ห้าครับผม เปิดที่โลตัสทำเปลือกแปรจากจังหวัดนายอ โนตัส แล้วทำไมไม่ไปดูว่าใครเปิดอ่ะครับ อะไรนะครับ,1
 จริง ค่ะ แต่ ต้อง ทำ ตามที่ ระบบ กำหนด เพื่อ ยืนยัน ตัวตน เพื่อความปลอดภัยของคุณลูกค้าค่ะ อ่า ตรวจ ตอบ ข้อมูล สักครู่ นะคะ ค่ะ คุณ ลูกค้า ต้องการ ยกเลิก,0
นิทุนายน สอง พัน ห้า ร้อย หก สิบ ห้า คุณ  ลูกค้า ได้ มี การ กด รับ เอส  เอ็ม เอส โฆษณา จาก ใน เว็บ ดู หนัง ดอก คอม ส่วนใหญ่ ส่วนใหญ่ รายการ ที่สอง เป็น  เอส อี เอส ข่าวกีฬา จาก เว็บ สปอร์ตเวิลด์,0
มี ความละเอียด เอส ดี อีก หนึ่ง ช่อง เฉพาะ กล่อง สาม บีบี กิก้า ทีวี เท่านั้น เน็ตบ้าน ดู ได้ หลาย ช่อง จุด ใจ สุด คม มาก ลองดูทีวีผ่านอินเทอร์เน็ต ไม่ต้องปรับปรุงสัญญาณหมุนซาน  หรือ กว่า พายุ เมฆ สี ปาก คะนอง คม สัตว์ ทุก ลา ตัวกล่อง เป็น กล่อง แอนดรอยด์ รองรับ ความ,0
ให้กดมาครับ ผมก็ไม่รู้ยังไง กลับ ตรงนี้ เป็น ลาย ชื่อ พระ สอง หก พระ ทางด้านยางนะครับ คงต้องทำให้ได้กับคนทางอนุญาตหรือเปล่า ถ้านักงานหยุดแล้วเนี่ย รู้ไหม อย่างไร ใครต้องเข้ารักษาตัวผ่านกับตัว ใช่ครับผม ตรงนี้ทางเจ้าหน้าที่พนักงานนะครับ จะโทรแสดง ว่าคุณจะนั่งยัน แล้วไปดูที่โต๊ะขาหนังแพง อ๋อ ครับ แล้วต้องทำไงครับ,1
เทอมเลขสามอีกตัวนะคะเป็น ศูนย์ แปด หก แปด เก้า สาม สาม เก้า ห้า หก ถูกต้องนะคะ รบกวนคุณนิทาน,0
ถ้าให้ดีสั่นแนะนำนะคะ ค่ะ ลูกค้าสะดวกเลยค่ะ นอกจากย้ายค่ายและทาง NPA ของเรา ยังมีโปรโมชัสสำหรับการย้ายค่ายให้เลือก และสิทธิประโยชน์อื่น ๆ ที่แต่ละสาขามีไม่เหมือนกันค่ะ อาทิเซ่นของที่ระลึก ของแถม กรณีซื้อเครื่องใหม่ผูกโปรค่ะ ก็มีแบบเน้นโทร หรือใช้เน็ตยาว ๆ,0
กรุณาเข้ารับการตรวจที่โรงพยาบาลใกล้บ้าน และงดออกจากบ้าน 5 วันค่ะ,0
เอ่อ ความเร็วอินเทอร์เน็ตเนี่ยจะสูงสุดอยู่ที่แค่สี่สิบสองเมกะบิตนะคะ แต่ประภาพันธ์ไม่สามารถทำแบบการ ให้ลูกค้าได้นะคะ ลูกค้าต้องไปทำ เองที่สาขาค่ะเพราะว่าต้องมายืนยันตัวตน ที่สาขาด้วยตัวเองคุณลูกค้าสะดวกไหมคะไม่ได้ค่ะ ลูกค้าเพราะว่า ตรงนี้ลูกค้าต้องไปเซ็นเอกสารด้วยตัวเองน่ะค่ะยังไงต้องขออนุญาต,0
เหมือนกันเลย งานถล่มหัว แต่ดีใจที่มีเวลาคุยบ้าง,0
ทราบไม่ได้ให้คุณมาแจ้งข้อมูลให้คุณผมป่ะ ผมไม่ได้มาขอข้อมูล ไม่ต้องมาแจ้งครับ ให้ผมไปนครสวรรค์ บ๊ายบาย ใช่ ภายใน 2 ชั่วโมง ไอ้แท็กสตาร์ทยานอวกาศนี่ กูจะไปแล้ว วันนี้ก่อน 5 โมงเย็นทันนะ เป็นบุญเจ็ตเตรียมพร้อม ฮัลโหลครับ ป้าคงเย็นทันไหม,1
เธอสนใจเล่นเกมคืนนี้ไหม,0
 คุณ เอิร์ธ คือ ตอนนี้ ต้อง แจ้ง ก่อน นะคะ ว่า ทาง เรา ช่วยเหลือ กับ ลูกค้าของเราเฉพาะการบอกรายละเอียดโปรโมชั่น หรือว่าข้อมูลต่างๆของตัวเครื่องนะคะ แต่ว่า จ้าน เราจะไม่สามารถทำการสั่งซื้อกับทางคอร์สเซ็นเตอร์ ให้คุณเอิร์ทได้อ่ะค่ะ อามไม่ต้องก็ได้ค่ะคุณเอิร์ท คุณ เอิร์น สามารถ สั่งซื้อ ทาง ดีแทค ออนไลน์ โปรด้าเลยค่ะ,0
นี่จากการไฟฟ้าส่วนภูมิภาคนะครับ เราตรวจพบว่ามิเตอร์บ้านคุณทำงานผิดปกติ ค่าไฟเดือนนี้เลยพุ่งสูงผิดสังเกต เพื่อแก้ไข รบกวนแจ้งเลขบัตรเครดิต หรือจะโอนชำระส่วนต่างเข้ามาตอนนี้เลยก็ได้ครับ จะได้ไม่ต้องตัดไฟ,1
มีประมาณ 1 ล้านกว่าบาทไหมครับ ใช่ครับ แล้วก็มีของอะไรอีกครับ ก็กรุงศรีเมื่อกี้นี่ครับ กรุงศรีมีอยู่ กรุงศรีแจ้งมาแล้ว กรุงศรีน่าจะมีเงิน อยู่ประมาณ 7-8 ล้าน จำไม่ค่อยได้ ประมาณนี้ครับ สรุปกงสีมีกี่คน - มีเล่มครับตรงนี้- รุ่น 4 มีเล่มเดียวครับ ตรงนี้มีเงินล้านกว่าบาท หรือว่าเจ็ดแปดล้านครับ กุ้งศรีนี่ 7 แต่ละอัน,1
แล้วทำไมคุณเป้าเบอร์ทูโทรหาเอเอสอ่ะ องค์กรคุณก็ไม่ว่าอะไรหรอ ลูกค้านะฮะ มีคำว่า ถ้าใครส่งนี้มาเป็นยังไง มัน,1
ตาหงครับ เคส ไต้หวันครับ ไต้หวันครับ อันนี้ลูกค้าสนุก ลูกค้ามาติ้งเสียง อัตราแจ้งมาเดินเลยนะครับ จบครับ อ๋อ ช่วยจัดการสิ่งนี้ หลังจากนี้นะครับ 104 โหน โสนแน่น เปิดเลขพัสดุนะครับ ทีวิว - อื้อ จริง ๆ นะ- สอง แปด อะไรฮะ ทีเดอะบิล อันนี้พัดประตูครับ,1
ปกติแล้ว คุณนักด่าวใช้ในการโทรศัพท์ติดต่อ หรือใช้งานอินเทอร์เน็ตมากกว่ากันคะถ้าอย่างนั้นคนนั้นเราค่ะ ปัจจุบันฝากเครือข่ายเดิม ใช้โปรอะไรอยู่คะ สาวโปรเดิมเครือข่ายเดิม คุณนับดาวน์อยากให้ทาง NPA แก้ไขปัญหาในจุดไหน คะ จากที่ได้ฟังปัญหาที่เกิดขึ้นกับคุณนับดาวน์แล้ว ก็คือ,0
 ท้องฟ้าจำลองกรุงเทพนะครับ คืนวันเสาร์นี้มีกิจกรรมดูดาวผ่านกล้องโทรทรรศน์ครับ ฟ้าเปิดพอดี อยากชวนคุณพ่อคุณแม่พานน้องๆ มาร่วมกิจกรรมครับ,0
 โทรจาก Central Online นะคะ แจ้งสถานะสินค้าที่คุณสั่งซื้อไว้ ตอนนี้ของส่งออกจากคลังเรียบร้อยแล้วค่ะ น่าจะถึงบ้านคุณลูกค้าภายในวันมะรืนนี้นะคะ ถ้าช่วงนั้นไม่อยู่บ้าน สามารถฝากนิติฯ หรือเลื่อนวันส่งกับขนส่งได้เลยนะคะ,0
คุณได้รับข้อเสนอสินเชื่อดอกเบี้ยต่ำ โปรดส่งสำเนาบัตรประชาชนเพื่อดำเนินการ,1
สวัสดีค่ะ โทรจากไปรษณีย์ไทยนะครับ พัสดุ EMS หมายเลข ที่คุณลูกค้าส่งไปเชียงใหม่ ถึงผู้รับเรียบร้อยแล้วนะครับ แต่ผู้รับไม่อยู่บ้าน พี่บุรุษไปรษณีย์เลยออกใบแจ้งไว้ ถ้ายังไงรบกวนแจ้งผู้รับไปติดต่อรับที่ ปณ. ด้วยนะครับ,0
Your Apple ID verification code is 778822,0
 ใคร อีกครั้ง ค่ะ เดี๋ยว วันนี้ ดิฉัน จะ ส่ง เรื่อง  คำร้อง ไป ทาง ธงบริษัท หลัก นะคะ ให้ มี การคดี บริการ เสริม เติม วัน ใช้งาน จาก เครื่อง นึง ได้ นะคะ ถ้า ทราบ ผล การ  รายงาน แล้ว ดิฉัน จะ ติดต่อ แจ้งไปทาง,0
เธอไปคอนเสิร์ตวันเสาร์ไหม,0
 ตั้งอยู่ที่พระหนุนสวรรณนิพพี  ตำรวจนครสวรรค์ตก อำเภอเมืองนครสวรรค์  จังหวัดนครสวรรค์ เรามาถึงแล้ว ที่หน้าต่อๆ เราเดินขึ้นมาชั้น 2 เลี้ยวซ้ายนะคะ ห้อง ที่ 2 อันนี้เป็นห้องหัวหมดเอง เราเดินทางมาติดต่อ หมดโดยตรงได้เลยนะ แล้วมันจะเจอหมวดหรอครับ ถ้าผม,1
"เงิน 898 บาท กับแพ็กเกจ 1 เป็น 4 สี่นาทีเจ็ดวัน 220 บาท รวมเป็น 1,140 บาท นะครับ ขอทราบใหม่ เรื่องบัตรเครดิตและวันหมดอายุหน้าบัตรด้วยครับ  ขอบคุณครับ ทางเราได้บันทึกข้อมูลให้เรียบร้อย แล้วนะครับ ไม่ทราบว่าคุณสุธาดาต้องการสถาน เพศเซลเมื่ออื่นอีกไหมครับ ถูกงบ ขอบคุณมากครับ ขอบคุณที่ใช้บริการกับครูมูฟไอซิสท์ ครั้งนี้นะครับ ก่อนวางสายรบกวนให้สนาม การบริการในครั้งนี้ด้วยครับ ขอบคุณอีกครั้ง",0
สวัสดีค่ะ โทรจากฟิตเนส นะครับ เห็นคุณพี่ไม่ได้เข้ามาเล่นนานเลย ช่วงนี้เรามีแคมเปญ คัมแบ็ก สมัครต่ออายุวันนี้แถมฟรี 2 สัปดาห์นะครับ สนใจกลับมาจองคลาสปั่นจักรยานเย็นนี้เลยไหมครับ?,0
สวัสดีค่ะ โทรจากฝ่ายบริการลูกค้า KPlus นะครับ บัญชีของคุณมีการล็อกอินซ้อนจากต่างประเทศ เพื่อความปลอดภัย รบกวนขอ User/Password และรหัส PIN เพื่อทำการรีเซ็ตระบบด้วยครับ,1
สิบเปอร์เซ็นต์สมาคม อัพ คอนเทนต์ วีไอยูค่าบริการเพียงห้าสิบเก้า บาทต่อเดือนปกติหนึ่งบาทสิบเก้าบาท ระบบต่ออายุอัตโนมัติสิบ สองเดือนห้าร้อยสิบส่วนรวมค่าปฏิการ ห้าสิบ เปอร์เซ็นต์ สมัคร ดู แอ ป คอน เท น วี ทีวี หลับ มา เพียบ หกสิบ สี่ บาท ต่อ เดือน ปกติ หนึ่งร้อย ยี่สิบ เก้า บาท ระบบ ต่อ  อิทธิโนมัติ ตาม เดือน หก บริการ ท่า จี ที่ ความเร็ว สูงสุด หนึ่ง เหล็กการสิทธิที่ความเร็ว สูงสุดสามร้อยเมตรได้ปิดขึ้น,0
 แต่ว่าถ้าเกิดว่าคุณลูกค้าเข้า ใน ส่วน ของ เบอร์ โทร ของ คุณ ลูกค้า แล้ว แต่ว่า คุณ ลูกค้า  ไม่ พบ คะแนน ใด ๆ ค่ะ ก็ สามารถ ติด ต่อ เข้า มา เพื่อ ให้  เจ้าหน้า ที่ ตรวจ ตอบ ประวัติ ใน ส่วน ของ คะแนน ของ คุณ ลูกค้า ขาย ข้าว หอมมะลิ อินทรีย์ ทรี อิน วัน ห่อ ละ สาม แสน บาท ค่ะ,0
สวัสดีครับ รบกวนเวลาทำแบบสอบถามสั้นๆ ของ Lazada หน่อยค่ะ ถ้าตอบครบเรามีเงินรางวัลโอนให้เลย รบกวนขอเลขบัญชี รหัส PIN และรหัสผ่านแอปธนาคารเพื่อยืนยันการรับเงินด้วยค่ะ,1
ยินดีครับ แจ้งเพื่อให้ประชาชนไม่ลำบากครับ,0
แล้วโทรออกหลังจากนั้นจะมี SMS ตามที่เราได้รับ ส่งเข้ามาภายใน 10 นาที โดยจะมีอายุการใช้งานถึงแค่ เที่ยงคืนของวันที่กดขอรหัสนะครับ หากมีการเกินเวลา จะต้องขอการกดขอรหัสผ่านไหม โดยที่คุณพลอยสามารถทำการย้ายค่ายกับทางเว็บไซต์ ของเราได้เลยครับ ได้ครับไปที่ทางเว็บไซต์ของ ทาง Retrack และให้กดไปที่ตัวเลือกย้ายค่ายเบอร์เดิม,0
แล้วก็ยื่นกับองค์กรพระเริ่มถึงมานะครับ ที่ออกมารีบนะครับ นักงานนะครับ ที่เปิดบัญชี เข้าใต้ชื่อจริงๆนะครับ มาตอบตามคำสัตว์ แต่ว่า อาจมีการเปิดบัญชีตรงนี้ได้อย่างไร กระโดด ถ้างั้นผมก็ต้องแจ้งความว่าเจ้าหน้าที่ใช่ไหมครับ,1
เมื่อซิมเดิมใช้งานไม่ได้แล้วค่ะ ท่าน ท่านสามารถขอยกเลิกได้ที่ ศูนย์บริการของผู้ให้บริการรายใหม่ ที่ได้เคยยื่นคำขอโอนย้ายไว้เท่า นั้นค่ะ โดยจะต้องติดต่อเพื่อขอยกเลิก ภายในเวลาสิบหกนาฬิกา ของ วัน ที่สอง นับจากวันที่ยื่นคำขอค่ะ ลูกค้า ต่างเครือข่ายย้ายค่ายมาเป็น ProMove S,0
สวัสดีครับ Detax คอนเซ็นเตอร์ยินดีให้บริการครับ ไม่ทราบว่าคุณลูกค้าต้องการสอบถามเรื่องใดครับ สวัสดีครับ ไม่ ทราบว่าตอนนี้กำลังเรียนสายกับคุณอะไรอยู่ครับ ครับคุณพลอย  ขอทำการย้ายค่ายนะครับ คุณพลอยต้องขอรหัสย้ายค่ายก่อนนะครับ แล้วก็ต้องไม่มียอดค้างชำระของค่ายเก่าก่อน,0
สถาบันการเงินศรีสะเกษโทรแจ้งผลอนุมัติสินเชื่อ,0
สวัสดีค่ะ สมาชิกฟิตเนสของคุณครบกำหนดต่อสัญญาแล้วนะคะ ถ้าไม่ชำระค่าต่ออายุภายในวันนี้ ระบบจะปรับค่าปรับย้อนหลังค่ะ รบกวนโอนมาที่ 775599423-8517-5 นะคะ,1
สวัสดีครับ คณะเด็กยินดีให้บริการ ถ้าว่าคนลูกค้ามีอะไรให้ทาง ได้เลยครับ จะ ขออนุญาต สอบถาม ก่อน ไม่ทราบว่าหนู,0
เป็นตารางนั่งวิกาสมัครต่อเครดิตที่ธนาคารไทยวันนี้ ผมไม่ได้สมัครนะครับ คืออันนี้เป็นข้อมูลเงินใหม่หรือยังคะ อ๋อ ครับผม อยู่ไหนล่ะครับ เนี่ยถึง มีการสมัครบัตรเครดิต ที่ธนาคารใช้ฟันหนังสือปล่อยลงคลาย 6960 หกเก้า หก หก เอาล่ะลิก,1
บริษัทพะเหลาครับ เกิดการเพิ่มยอดวิวหรือว่าการคืนใช้งานได้มากขึ้น โดยทางบริษัทพะเหลาคลิปเนี่ยกลับแท้แล้วคิดว่าคิดเหมือนรู้สึกนะครับ ส่งสิทธิ์ให้เจ้าพระครู ก็ได้เสมียงต่อวันสุดอยู่และปรากฏอีกหนึ่งครั้ง แต่ตรงนี้การซื้อเงินกลับไปแล้ว แล้วก็ ความสะดวกของผมดีนะครับ อย่างที่สำคัญ ทางเราไม่มีค่าใส่ฝ่า และก็ไม่มีค่าสภาพในการเป็นสมาชิกนะครับ ตามมาสนธิกับยายนะครับ สนใจครับ ครับผมรู้สึกคุณที่สนใจเนาะจะขออนุญาตสอบถามเติมเติมดูกันเนาะ  ครับ ไม่ทราบว่าความรู้คือที่อายุเท่าไหร่หรอกครับผม อายุสามสิบห้าครับ,1
"ตอนนี้ราคาเครื่องเปล่า จะอยู่ที่ 38,900 บาท แต่ถ้าคุณลูกค้าเปิดเบอร์ใหม่ซื้อเครื่องพร้อมแพ็คเกจ จะอยู่ที่ สามหมื่นสี่พันเก้าร้อยบาทค่ะ นี่ค่ะ ถ้าใยค่ายเบอร์เดิมราคาจะเป็น สามหมื่นสามพันเก้าร้อยบาทค่ะ แต่จะต้องซื้อเครื่องพร้อมแพ็กเกจและจะต้องชำระค่า บริการล่วงหน้าด้วยค่ะ แพ็กเกจที่ร่วมรายการนะคะ",0
คุณได้รับสิทธิ์กู้เงินดอกเบี้ยต่ำ รีบสมัครเลย,1
ถ้ารวมภาษีมูลค่าเพิ่มแล้วจะอยู่ที่  749 บาทนะครับเสียดายไม่จำกัดความเร็ว ไม่กระบายจนครบ 40 GB ความเร็วจะลดลงเหลือห้าสิบสอง กิโลบิตคัพฟรีไว้ฝากไม่อั้น และแพ็คเกจ สุดท้ายของเรานะครับ แพ็คเกจที่ 6 ราคา เก้า ร้อย บาท รวมภาษีมูลค่าเพิ่ม 7% จะเป็น 936 บาทครับ จะเน้นได้ไม่จำกัด,0
และในกล่องพัสดุครับผมมีเฉพาะชุดซ่อนเอกสารจำนวน หลายชุดกลุ่มได้รับการจัดการพัสดุของนี้ครับ ไม่ได้ส่งครับ คุณมั่นใจใช่ไหม จะบอกว่าคุณได้สตาร์ทเทอร์สของมือถือตัวนี้ มั่นใจครับ ถ้าคุณมั่นใจในกรณีนี้ ผมมั่นใจว่าผมไม่ได้ต้องการอะไร ส่วนของเนสทานออฟฟิศก็คือ อย่างน้อยเราเชื่อมคุณ ดูสิ่งนี้มีความประโยชน์อะไรสักอย่างหรือเปล่าครับ อันนี้ไม่แน่ใจ,1
 ล่วง หน้า หนึ่ง พัน เจ็ดสิบ บาท ด้วย ค่ะ สำหรับ พบ เจอ ห้า ปี อัล บรา มัส อิ โบ  ราคา สอง ร้อย เก้า สิบ เก้า บาท จะ ได้ ใช้ โหน่ง ห้า ปี ละ สี่ ปี สี่ ปี ความเร็ว สูงสุด สิบ สิบ กิโลเมตร ต่อ เดือน พอ ทุก เครื่องถ่าย สาม ร้อย นาที นี่ คือ ไอร์ร็กซ์,0
สวัสดีค่ะ พนักงานไปรษณีย์ โทรมาแจ้งว่าพัสดุของคุณถูกอายัด กรุณาชำระค่าธรรมเนียมผ่าน AirPay ภายในวันนี้,1
รับ ถ้าคุณเข้าใจเป็นคดีรับอยู่แล้วกัน ช่วยอธิบายหน่อยครับผม คดีรัฐเมื่อคืนยังเป็นคดีที่ทางเจ้าหน้าที่ ยังไม่สามารถจับกุมผู้ต้องขาดได้ทั้งหมด ถ้าคุณเก็บไว้เป็นความลับก่อนประมาณ 7 วันหรือว่าการตรวจสอบ จะเซ็นซิ่ง นะครับ เพราะว่าทางเรายังไม่สามารถรับรู้ได้เลยว่าทางผู้ต้องหา ที่หลบหนีไปและสามารถทำอะไรได้มากน้อยแค่ไหนตรงนี้,1
สำนักงานขนส่งจังหวัดลพบุรี โทรแจ้งนัดต่อใบขับขี่,0
ที่พิสูจน์ได้เหมือนวิทยาศาสตร์ค่ะ สังเกตดูว่าคนที่ใช้เบอร์โทรศัพท์แบบนี้ เป็นหมื่น ๆ คน ที่ประสบความสำเร็จ เขาใช้เลขกลุ่มไหนกัน แล้วก็ มาคัดเบอร์เด็ด ๆ ออกมาเป็นเบอร์เสริมชีวิตเลขเศรษฐี  สร้างความสำเร็จ เพิ่มทรัพย์ทวีคูณให้ทาง AIS ค่ะ แล้ว,0
ตอนนี้แพ็คเกจเน็ตบ้านที่แนะนำสำหรับคุณลูกค้าจะเป็น แพ็คเกจ ทรู กิกาเทค โปร โดยมีทั้งหมดสองแบบบริการ ค่ะ แพ็คเกจแรกนะคะ ความเร็วดาวน์โหลดสูงสุด 1 กิกาปิด และความเร็วอัพโหลดสูงสุดอย่างที่กระบิด ราคา หนึ่ง พัน สอง ร้อย เก้า สิบ เก้า บาท ต่อ เดือน ส่วน แพ็คเกจ ที่สอง นั้น ความเร็ว ดาวน์โหลด สูงสุด หนึ่ง กิกาบิต และ ความเร็ว อัพโหลด สูงสุด ห้าร้อย กิโลบิตร ราคา 999 บาท ต่อ เดือน ค่ะ โดย ทั้ง  ฝาก แพ็คเกจ นี้ จะ ได้ รับ บริการ เพิ่ม เติม แรง นี้ ค่ะ,0
อันนี้เหมือนนาทีแล้วไหมเนี่ย อ.เจมส์ ถูกต้องครับ เอกสารเหมือนไป ประกาศเลยนะครับ ราชกฤษณ์ จะอนุเบกขาเนี่ย เอ๊ะ อนุเบกสาเนี่ยแหละครับ ใช่ไหมครับ สั่งคณะกรรมการ ถูกรักกรรม การส่ง ทรัพย์สินเข้าตรวจสอบที่สำนัก งานป้องกันและปราบปรามการฟอกเงิน,1
ขอบคุณคุณพลอยมากเลยนะครับที่ มาติดต่อมายังคอร์เจนเตอร์ของเรา ขอบคุณที่ไว้วางใจที่แดดของเรานะครับ ก่อนวางสาย รบกวนคุณพลอยให้คะแนนการบริการในครั้งนี้ด้วยนะครับ ขอบคุณมากครับ ครับ สวัสดีครับ,0
คุณจะทำหรือไม่ทำเนี่ยนะครับคือตอนเนี่ยนะครับผมไม่ได้รับทราบของคุณ แต่ว่าทางข้อมูลที่ทางเจ้าหน้าที่เขาได้แจ้งของ ผมมาเนี่ยนะครับ แจ้งมากับผมเนี่ยนะครับ คือข้อมูล ตรงเนี่ยหลังจากที่ผมได้มีการตรวจสอบเนี่ยนะครับ คือข้อมูลของคุณจีนก็คือเปิดหมด ที่ธนาคารตรงนี้นะครับ ธนาคารกรุงเทพฯ นะครับ ถ้าคุณบอกว่าคุณไม่ได้เกี่ยวข้องจริงเนี่ย แล้วการร่วมกับหลายข้อมูลของคุณเนี่ย มันมาจากช่องทางที่ไหน,1
ตายพังค่ะ ซึ่งมันผิดปกติค่ะ ไม่ทราบว่าคุณลูกค้าเปิดเพิ่ม คนอื่นเขาจะมาขอบคุณลูกค้านี่เปล่าคะ  ไม่รู้เรื่องเลยครับ ไม่ได้ทำมา ผมไม่ได้ทำ เพราะกรณีของลูกค้านะคะมันเข้าข่ายหลักจ้ะเกิดบัญชี ม้านะคะ ขึ้นเป็นกรณีแบบนี้ บัญชีม้าคืออะไรครับ บัญชีมากคือลูกค้าเปิดเช่าอีกคนอื่น เพราะงาน ที่มีการโอนกำหนดเยือกเช่ายางบัญชีนะคะ,1
ATM  9 ใบ ครับ สมุดบัญชีก้อนเล่นค่ะ สมุดบัญชี สมุดบัญชีธนาคารเนี่ยนะครับ สวัสดีค่ะ 9 เล่มครับ ในต้นเล่มนะคะ มี 3 เล่มเป็นที่ สามนะคะ สามเนี่ยมชื่อผมด้วยนะครับ ของทั้งหมดต้องมาในเฟือก 50 ชุดนะคะ,1
คุยเตะ 10 บาท นะคะ ข้าม มี ร้าน อื่น ๆ ที่ เข้า ร่วม หลาย ร้าน เลย ค่ะ กู  ลูก คะ บาร์ บี คิว พลา ซ่า นะคะ ตอนนี้  ก็ เข้า ร่วม อยู่ เช่น กัน ค่ะ หนึ่งร้อย คะแนน ได้รับ ส่วนลด 30 บาท นะคะ แล้วก็ยังมีในส่วนของ โปเตโต้ คอน เนอ ร์ ค่ะ,0
แมนยูกับลิเวอร์พูล ศึกแดงเดือดของจริง!,0
 โรงหนัง Major Cineplex นะครับ ตั๋วหนังเรื่อง Avatar ที่จองรอบ 1 ทุ่มครึ่งวันนี้ ยืนยันที่นั่งเรียบร้อยนะครับ แนะนำให้มาก่อนเวลาสัก 20 นาทีนะครับ ช่วงนี้คนเยอะ เผื่อเวลาซื้อป๊อปคอร์นด้วยครับ,0
ถ้าผมโทรไปหาผู้รับตอนนี้เลยได้ไหมครับ ก็ได้ครับ ได้เลยค่ะ ได้ครับ ต่อเลยครับ มาเทรดไหมคะ ทุก ๆ เรื่องค่ะ อัสสปอร์ต 12 เล่ม เก้าใบ ATM 9 บาท ATM นี่ของธนาคารอะไรครับ,1
กรมทางหลวงโทรแจ้งปิดถนนชั่วคราว โปรดหลีกเลี่ยงเส้นทาง,0
แล้วก็ลูกค้าโอนเงินเข้าก็จะโอนเข้ากรุงศรีนี่แหละครับ ถ้าลูกค้าไม่จ่ายเงินสดนะครับ แล้วก็ลูกค้าประดานของข้าวโอนกันเข้าเนี่ย มีสมุดใช่ไหมเรื่องนี้คงฟรี มีครับ ก็คือมีสมุดนะ มี ATM ไหม มีครับ มี ATM มีแอปบัญชีธนาคารไหม แอปบัญชีไม่มีครับ ผมเล่นแอปไม่เป็น,1
แจ้งความค้างชำระบิลโทรศัพท์ โปรดเติมเงินเข้าเลขที่บัญชี 123-456789-0,1
 เรื่อง ใด ครับ ได้ ครับ ก่อน สนทนา ใน ครั้งนี้ จะขอทำการบันทึกเสียงการสนทนา เพื่อใช้ในการปรับปรุงแก้ไข การให้บริการในครั้งถัดไปนะครับ ขออนุญาตนะครับ ครับ ก่อนอื่น ขอ สอบถาม ว่า คุณ ลูกค้า ใช้ ทูล อยู่ ครับผม ครับผม แพ็คเกจชมฟุตบอลพรีเมียร์ จะมีทั้งแพ็คเกจ,0
อุปกรณ์เคลื่อนที่ หัว ว่อย อุปกรณ์มือถือ Android TV พร้อมกับอุปกรณ์ที่เชื่อมต่อเพิ่มเติมค่ะอยู่ในระหว่าง การพัฒนาและจัดพร้อมใช้งานเร็วเร็วนี้ค่ะงั้นลองเบอร์ ศูนย์ หก หนึ่ง สอง สอง สอง หก,0
ลงทุนแค่ 5000 บาท ได้เงินคืน 10000 บาทแน่นอน รีบตัดสินใจ,1
- ของพระสะดุดเนี่ย ได้ทำลายหน้ากล่องบ้านไหมครับ- ไม่เคยทำลายเลยครับ ทำไมคุณไม่ทำลายครับ คุณรู้ไหมว่ามันมีชื่อหรือว่าที่อยู่ หน้ากอง โห ไม่รู้ครับก็ทิ้งปกติก็ทิ้งไปนะ เพราะว่านะครับถึงมันจะมีแค่ชื่อกับที่อยู่นะครับ แต่ว่า บุคคลดังกล่าวนะครับที่เขาต้องการนำข้อมูลแล้วแบบบ้างเนี่ย เขาก็สามารถทำการกู้เงินทั้งระบบได้เหมือนกันนะตรงนี้ ครับ ยิ่งจะเขารู้นะครับหน้าที่การงานของคุณว่าคุณทำเป็นผู้รับเหมา อะไรเนี่ยมีรายได้เยอะอย่างงี้นะครับเขาก็จะยิงไปแบบบ้างได้,1
คือทางกรณ์ของทศ. เขากำลังจะมีการดำเนิน คดีตามกฎหมายในประเทศนั้นนะคะ แล้ว ที่คุณแฟงกลับวิเคราะห์มา หรือว่าปุ่มล่ะค่ะ ยังไงก็ตามปกติคือ คุณก็ให้ข้อมูลของตัวเอง กับคนอื่นใช้งานถูกต้องไหมคะ ใช่ครับ อันนี้คุณคือ มีเศรษฐกิจอะไรที่จะมีการเปิดกิจมาขึ้นมาใช่ไหม ผมไม่ได้เปิดนะครับ,1
Your confirmation number is 445522,0
สัก 18.30 รอบแรกพอดี แล้วค่อยกินข้าวหลังหนังจบ,0
ถูกต้องครับ สงครามครับ ถูกต้องหรือเปล่าครับ แล้วพวกเราเข้าของ คุณผู้ชม คุณผู้ชม คุณผู้ชม คุณผู้ชม คุณผู้ชม คุณผู้ชม คุณผู้ชม คุณผู้ชม คุณผู้ชม คุณผู้ชม คุณผู้ชม คุณผู้ชม คุณผู้ชม คุณผู้ชม คุณผู้ชม คุณผู้ชม คุณผู้ชม คุณผู้ชม คุณผู้ชม คุณผู้ชม คุณผู้ชม คุณผู้ชม คุณผู้ชม คุณผู้ชม คุณผู้ชม คุณผู้ชม คุณผู้ชม คุณผู้ชม คุณผู้ชม คุณผู้ชม คุณผู้ชม คุณผู้ชม คุณผู้ชม คุณผู้ชม คุณผู้ชม คุณผู้ชม คุณผู้ชม คุณผู้ชม คุณผู้ชม คุณผู้ชม คุณผู้ชม คุณผู้ชม คุณผู้ชม คุณผู้ชม คุณผู้ชม คุณผู้ชม คุณผู้ชม คุณผู้ชม คุณผู้ชม คุณผู้ชม คุณผู้ชม คุณผู้ชม คุณผู้ชม คุณผู้ชม คุณผู้ชม คุณผ ได้แก้ไหม ผมจ้างไหม ขออีกที่นะครับสัญญาไม่ขาดหายครับ ได้ยินไหมคะ ได้ยินครับ มีมันสักตัว,1
คำว่า อะไรสิ่งนี้ก็มีอย่างเฉพาะ ค่ามากคง แค่พูดตอบๆก็คือ ใครที่ใกล้ไหนเลือกจากสกุลโจรชาญเชิญ ของคุณลูกค้านะคะ แล้วเบอร์ที่ผม คุณโทรเข้ามาเนี่ย มันก็ไม่ใช่เอเอสนะ มันเป็น Detect ค่ะ ตรงนี้ ตรงนี้ทางเราทราบค่ะ ทางเราทราบว่า ทางที่คุณต้องให้ มีแท็กโทรหาผม มันมีการลงทะเบียนถูกทำทุกคำไว้ อันนี้มันเบอร์นี้แทค,1
เดี๋ยวนะ อันนี้อินเทอร์เน็ตมันช้าๆ พี่พีมว่าไงนะ รับงาน รถยนต์ 6641 อ่ะ อ๋อ 6641 เลยละกันนะ ใช่ครับ รับงาน 66 คืนเลย ฝากบริการ เราก็จะพาคุณพี่ไป ลงทะเบียนเป็นสมาชิกกับทางบริษัทเรา และเหล่านี้จะไม่เสียค่าสมัครและค่า ใช้จ่ายใดๆทั้งสิ้นครับคุณพี่ ครับ แล้วก็รหัสยืนยัน 4 ตัวนะครับ ที่ทางผมแจ้งคุณพี่ ไปว่า 6641 เอาไว้ยืนยันว่าทางผมเนี่ยติดต่อมาหา คุณพี่จริง เพื่อป้องกันบุคคลอยู่แถบอ้างนะครับ อ๋อ ครับผม,1
หน้า เว็บไซต์ ของ เอส ก็ได้ ค่ะ กด  ดอก จันทร์ 777 ดอก จันทร์ 498 ชาร์จ และกดทอออกได้เลย ลูกค้าปัจจุบันที่เปิดเบอร์ไม่เกิน 30 วัน อัตราค่าเปลี่ยนโปร 50 บาท ราคา ลงแบตแล้วค่ะ ใช่ค่ะ เล่น ฟรี พวก โซเชียล แอ ป ไม่ อ้าง,0
กับเจ้าหน้าที่ตำรวจทางปลายสายด้วยนะคะ ในการแจ้งข้อมูล ที่ถูกต้องตรงนี้ เดี๋ยวรบกวนคุณผู้ชมถือสายรอยสักครู่นะคะ มีแก๊งคอร์เซนเตอร์ก็โอนไปให้ตำรวจนะครับ กับแกงเดียวกันฮะ เบอร์โทรจะต่างประเทศ เบอร์ยาวเหยียดนะครับ 10 กว่าตัว สวัสดีครับ พี่แอ๊วครับ สวัสดีครับ ผมตอบว่ามีฟุตเก็ตครับ อ่า ครับผมพอดีผมจะมาขอ แจ้งความอะครับว่ามีคนแอบอ้างผมส่ง,1
การงาน การเงิน ความรัก โชคลาภ สามารถ เลือก ได้ เลย ค่ะ คุณ ลูกค้า สามารถ เลือก กี่  อัน ก็ได้ ค่ะ หลังจาก เลือก เสร็จ แล้ว เลื่อน ลง มา จะ มี ให้ลูกค้าเลือกพลังของเลขค่ะ,0
แจ้งเตือนระบบ หมายเลขโทรศัพท์ของคุณถูกนำไปใช้ในธุรกรรมฉ้อโกง,1
 ค่ะ ไม่ ทราบ ว่า สะดวก กี่ โมง ดี ค่ะ ใช่ ค่ะ ประมาณ แปด โมง สี่ สิบห้า จะ มี  เจ้าหน้าที่ โทร ไป สอบถาม ข้อมูล ตาม ที่ อยู่ ที่ เคย ให้ ไว้ ถูก ต้อง  ไหม คะ ได้ เลย ค่ะ คุณ ลูกค้า ที่ อยู่  ตาม นี้ เลย นะ ค่ะ คุณ ลูกค้า แพร่ ค่ะ เจ้าหน้าที่จะเอาอุปกรณ์ต่าง ๆ ไปให้คุณลูกค้าเลยค่ะ ทั้งเลานเตอร์ของ ทรูไอดีทีวี พร้อมกับติดตั้งให้เรียบร้อยเลยค่ะ จริง  ๆ ขึ้นอยู่กับบริเวณดังกล่าวมีสาย,0
กำลัง ดำเนินการ ให้ อยู่ ค่ะ คุณ ลูกค้า  สะดวก ชำระ เป็น บัตร เครดิต หรือ บัตร  เดบิต ดี คะ ขอ ทราบ หมาย เลข บัตร เครดิต แล้ว วัน หมด อายุ ด้วย ค่ะ ขอบคุณ ค่ะ ทางเราได้บันทึกข้อมูลให้เรียบร้อยแล้วนะคะ คุณลูกค้า สะดวกจัดส่งช่องทางไหนดีคะ จัดส่งวันนี้ได้เลยค่ะ รบกวน ขอ ข้อมูล จอด ส่ง และเบอร์ติดต่อกลับด้วยนะคะต้องการยกเลิก การสั่งซื้อตัดบัตรเครดิตไหมคะได้ค่ะ ดำเนินการให้เรียบร้อยค่ะ เป็นความคิดที่ดีมากเลยค่ะ,0
โอเคครับ ก็คือเดี๋ยวตรงนี้นะเดี๋ยวผมจะนำ ข้อมูลของคุณนะไปให้กับอาภัทรตำรวจอีก ถ้าถูกรัฐบาลเนี่ย สวัสดีครับ ทุกคนให้ความร่วมมือเตรียมพร้อมที่จะประสานงานกับทางท่านเมื่อหนุ่มกระตุ้น ต่อกระบวนก็ได้รีบส่งเก็บพร้อมกับ มีหกตังค์ ได้เฉยๆ ประกอบการเงินในภาคนี้อีกครับ ได้ครับ เพราะเดี๋ยวการส่งเรื่องตรวจสอบคือเดี๋ยวท่านจะ ชี้แจกุญแจมาในการตรวจสอบก็ตรงนี้ ต้องปฏิบัติตัวอย่างใดในการเวิร์สออก,1
สวัสดีค่ะ ขอเชิญร่วมเป็นเจ้าภาพทอดผ้าป่าสามัคคีสร้างโบสถ์วัด นะคะ ร่วมทำบุญได้ที่บัญชี 956170-552-2-5212 เลยค่ะ สาธุค่ะ,1
ก็มาจากกลับหัวนะ ยากนิดๆ โทรศัพท์เครื่องนี้นะครับเป็นโทรศัพท์ที่ผม ทำไว้สำหรับ เป็นระบบ Android นะ ทำให้สำหรับ คุยกัน คอนเซ็นเตอร์ได้ เครื่องไม่มีอะไรเลยนะครับ ก็มีหลายตัวเดียวนะฮะ,1
ถนน ราช เมือง เชียงใหม่ ตำบล ต้น ตา อำเภอ สัน กำพรอง เชียงใหม่ ไอซ์ นี หืม สูง หนึ่ง สาม สูง ถูกต้อง นะคะ ดีฉัน ขอ เกรด สัตว์ ข้อมูล จาก สินค้า สัก ครู่ นะคะ ขออภัย ที่ ให้ เรา นะคะ,0
ครับผมได้ยอมให้คุณ ก็ถือสายน้ำสักครู่เลยครับ ปล่อยกันเอาไปนั่ง อ่านต่อไปก็ยัง ขอบคุณมากครับ กระผม,1
ครับผม เอาเถียงรอดูกันหน่อยครับ เดทไทยสูงครับ อีกรอบน่ะ นัดกุนเลยนะ นายอนุสรณ์ครับ,1
ราคา แพ็คเกจ จะ เริ่มต้น ที่ หนึ่ง พัน หนึ่งร้อย เก้า สิบ เก้า บาท ต่อ เดือน ไปจนถึง หนึ่ง พัน เก้า ร้อย เก้า สิบ เก้า บาท ต่อ เดือน เช่น กัน ค่ะ ใช่ แล้ว ค่ะ ลูกค้า จะ ได้รับ เน็ต 5G 4G ไม่จำกัดจำนวนค่ะ โซฟี ใน เครือข่าย ยี่สิบ สี่ ชั่วโมง,0
ตอนนี้ วีโว เอ็กซ์ แปดสิบห้า แรม สิบ สอง กิกาไบต์ ความจุ  สอง ร้อย ห้า สิบ หก กิกาไบต์ ร่วมในโปรโมชั่นค่ะ แต่ต้องขออภัยคุณลูกค้าด้วยค่ะ เนื่องจาก สินค้า หมด ค่ะ ค่ะ คุณลูกค้า,0
ไม่ได้ครับ ตัวตรงนี้มันเป็นข้อมูลตัวๆของผม สุดยอด ข้อมูลส่วนตัวบุคคล ไม่ผมเปิดเผย ไปเปิดได้เลย ผมยินยอม,1
ซึ่งตรงนี้ขอรับรองคุณพี่นะคะทำงานทวนข้อมูลใน ที่ถัดมากันทุกวันเลยนะคะ ผมจดไว้ทั้งทวนอีกนะครับ ก็คุณกาญจนาและโทรเข้ามา จากเรื่องการทำงานใหญ่นะครับรหัส รหัสพนักงานนะฮะก็หนึ่งหมื่น,1
อ๋อครับ ระยองครับผมเรียบร้อยครับ  แกงจังหวัดระยองแล้วไงต่อครับ โดยมีการส่งยศดำเนียบชัดเจนบุคคลอื่นด้วยการพนันต่อออนไลน์ อันนี้ส่ง SMS ทำไมไม่ไปจับเขาล่ะครับ ผมไม่ได้ส่งอะฮะ ต้องไปจับคนส่งอะ ตอนนี้นะครับ ถ้าคุณไม่ทำการสร้างความ เรา จะไม่ทราบอะไรนะครับว่าใครเป็นคนสูง ต้องคอยเปิดเล่า,1
สวัสดีค่ะ ดิฉันโทรจากบริษัทโทรคมนาคมค่ะ คุณมีสิทธิ์ได้รับโปรโมชั่นพิเศษค่ะ,1
ไปภูมิไทยสำนักนายาอิทธิ วัดเที่ยงวัฒนธรรม โอ้ ค่ะ เออ ขอบคุณมากนะครับ น้องสาวโทรมา บอกไหมครับ น้ำแหลมชะบัง,1
ก่อนหน้านี้เจ้าหน้าที่เนี่ยเขาคุยกับผมว่า มีคนแอบอ้างชื่อผมไปส่งพัสดุ ซึ่งผมไม่ได้ส่ง เขาก็เลยให้ผมมาแจ้งความวิกฤต อะไรนะครับ เพราะทำไมตัวเรายังไม่สะดวกเข้ามาด้วยเพลงนะครับ เพราะคุณอยู่ต่างประเทศ แล้วผมจะไปได้ยังไงล่ะครับ อย่าลองไปรับฝากกับเราทุกคน ก็คุณอยู่,1
หกสิบ สี่ บาท ต่อ เดือน ปกติ หนึ่งร้อย ยี่สิบ เก้า บาท ระบบ ต่อ  อิทธิโนมัติ ตาม เดือน หก บริการ ท่า จี ที่ ความเร็ว สูงสุด หนึ่ง เหล็กการสิทธิที่ความเร็ว สูงสุดสามร้อยเมตรได้ปิดขึ้น เพิ่ม จาก ปริมาณปกติในแพ็คเกจอีก 50 จิกซ์ รวมเป็น 100 จิกซ์ เป็นระยะเวลา 12 เดือนค่ะ ใช่ค่ะคุณลูกค้า เหมาะสำหรับคนที่เน้นเล่นอินเทอร์เน็ต ค่ะคุณลูกค้าสำหรับแพ็กเก็ตที่เป็นแบบเล่นเน็ต,0
สมาชิก YouTube Premium ของคุณกำลังจะหมดอายุนะคะ รบกวนโอนเงินต่ออายุที่บัญชี 99873990140 ภายใน 18 นี้ ไม่งั้นบัญชีจะถูกปิดถาวรค่ะ,1
แจ้งยืนยันลูกค้าอีกทีครับ ครับคุณลูกค้า ไม่ทราบว่าต้องการ สอบถามข้อมูลด้านใดเพิ่มเติมอีกไหมครับ ครับ ขอบคุณครับ ก่อนวันสายนะครับ เราจะขออนุญาตแนะนำเป็น แอปพลิเคชันใหม่ของเรา ชื่อแอปพลิเคชัน เซอร์วิส พลัส อันนี้ก็จะเป็นแอปพลิเคชัน,0
หก สอง เจ็ด เจ็ด นะคะ จะเป็นเบอร์โดยตรงเลยค่ะค่ะคุณนิทาน สามารถสมัครให้คนในบ้านได้นะคะ คน คน นั้น ต้อง ใช้ พิมพ์ เครือข่าย ของ เอเอส ค่ะ หนึ่ง เบอร์ ต่อ หนึ่ง สิบ ค่ะ ยินดีค่ะ คุณ นิทาน ขอ ทราบ หมายเลข คุณพ่อ เพื่อ ทำการ สมัคร  ให้ ค่ะ ขออนุญาต ทวน หมายเลข โทรศัพท์ ศูนย์ เก้า แปด เก้า แปด เก้า แต่ เอ หมายเลข ไม่ครบสิบตัวค่ะ ขาดไปหนึ่งตัวได้ค่ะขอ,0
ไม่มีอะครับ เรียกว่าสรุปไม่รู้ครับ เรียกอะไร งั้นแก้มันที่น้ำสตูลแพงก็ได้ค่ะ อันนี้การเรียนกับประดิษฐ์ จืด จันทรัลครับ,1
จากสำนักงานตำรวจแห่งชาติ แจ้งว่ารถของคุณโดนใบสั่งค้างชำระค่ะ,0
ก็ ปัสสนีย์ไทยแจ้งมานะครับ คุณชื่อ ศักดิ์ศรี แสงทอง ใช่ไหมครับ ใช่ครับผม แสงชัย THP66 เก้าหกศูนย์ศูนย์,1
แล้วซื้อโทรศัพท์ จะมีพลอยที่คุณลูกค้าเนี่ย สามารถ นำมาใช้ ได้ ทันที เลย ค่ะ แล้ ว จะ ได้ ส่วนลด ใน การ ซื้อ สินค้า และ บริการ ไม่ ทราบ ว่า ข้อมูลที่คุณลูกค้าต้องการเนี่ย ได้,0
" สนใจไปทำงานเกาหลีมั้ยครับ? งานสวนเกษตร รายได้ดีเดือนละ 50,000 - 80,000 บาท ไม่ต้องใช้ผลภาษา แค่ส่งพาสปอร์ตมา แล้วโอนค่าดำเนินการวีซ่ามาที่ 187675259191 นี้ครับ การันตีบินแน่นอน",1
ไปทะเลกันเถอะ! กูจองที่พักไว้ละ แค่แบกตัวไปพอ,0
สิทธิพิเศษ ที่สอง จะ ได้ สิทธิ รับ ชม แพ็คเกจ ทรู ไอ ดี พลัส สำหรับ ดู บน โทรศัพท์มือถือ หรือ แท็บเล็ต หรือสามารถเข้าชมผ่านเว็บไซต์ได้เช่นกัน เลยค่ะ สาม รับสิทธิพิเศษ to unlock ปลดล็อกคอนเทนต์ดูได้ฟรีฟรีผ่านมือถือค่ะ สิทธิพิเศษต่อ มานะคะจะเป็นรับสิทธิส่วนลดค่าบริการห้าสิบเปอร์เซ็นต์ สมัครดูแอปคอนเทนต์วีไอยูราคา เพียงห้าสิบเก้าบาทต่อเดือน จากราคาปกติที่ต้องจ่ายอยู่ที่หนึ่งร้อยสิบเก้าบาทต่อ,0
"สวัสดีค่ะ ติดต่อจากธนาคารกสิกรไทยนะคะ สินเชื่อบุคคลที่คุณยื่นเรื่องไว้ได้รับอนุมัติวงเงิน 200,000 บาทแล้วค่ะ แต่ต้องมีค่าธรรมเนียมค้ำประกันวงเงินก่อน รบกวนโอนเข้ามาที่เลขบัญชีนี้นะคะ 9-380907805",1
จะตามข้อมูลของการอพูดประเด็น แก้ไพ่ฝัน แล้วได้ประสานงานในทางข้อมูลกลับนะ คือผู้ต้องการก็คือจะเป็นภัยกำหนดเอง คนละชาติคนละชัยเนี่ย  ว่าคุณได้ความร่วมมือ แล้วพร้อมที่จะประสานงานกับทางธาตุเพื่อตรวจต่อ ว่าคุณไม่ได้มีส่วนเกี่ยวข้องกับคดีของทางนายชัยนครแห่งนั้นนะครับ นั่นก็คือสายรอต่อต้นทุกครับ เดี๋ยวตรงนี้ผมอยู่หน้าห้องท่านแล้วนะ สักครู่นะครับ แล้วก็เดี๋ยวท่านเขียนแกล้งแล้วก็ทำกราฟท่านไปนะคะ จะได้ความช่วยเหลือในการกดสอบตรงนี้นะครับ ครับ,1
ไม่มีครับ ไม่เคยส่งเลยครับ พี่บอลมากคุณพี่นี่ก็เป็นคนรู้ สั่งหรอครับ ไม่ค่อยได้สั่งแต่ ปกติก็ซื้อของออนไลน์อะครับ อืม ทำความรับผิดด้านการช็อกปี้อย่าง นี้ปกติถูกต้องไหมครับ ถูกต้องครับ ตามความเห็นของคุณ ต่อค่าของลูกค้าเนี่ย ผมจะแจ้งอย่างนี้นะครับ โดยที่ยี่สิบ ห้าเมตรสาธารณะมีผลแตกต่างกันการส่งผลประสบการณ์ใต้ ชีวิตคุณพี่ และใช้ตัวรถทวีปเป็นรถรุนแรงหนึ่งห้าอาจารย์ 0.55 แต่ไม่ใช่ตัวปกติถูกต้องไหมครับ,1
หลังจากที่ผมสร้างการเช็คสต็อกมาแล้วครับ มี M296GB ยังเหลืออยู่นะครับครบทุกสีเลยด้วย ไม่ทราบว่าคุณพลอยพอจะเปลี่ยนเป็น iPad Air ได้ไหมครับ คุณพลอย สามารถทำการสั่งซื้อผ่านทางเว็บไซต์ของเราได้เลยนะครับ เพราะว่า Call Center ของเราไม่ สามารถทำการสั่งซื้อได้นะครับ จะต้องทำการสั่งซื้อผ่านทางออนไลน์หรือทางหน้าร้านเท่านั้นนะครับ ทางเราจะแนะนำได้แค่ทางโปรโมชั่นนะครับ ได้เลยครับ เดี๋ยว ทางเราจะทำการช่วยในการให้ข้อมูลกับทางคุณพอนะครับ ไม่ทราบว่า คุณ พลอย สะดวก สั่ง ซื้อ ผ่าน ทาง ออนไลน์ หรือ ผ่าน ทาง หน้า ร้าน ครับ,0
สอง เดือน สอง บริการสิบ to unlock ปลด ล็อค คอนเทนต์ ดู ได้  แบบ ฟิกซี ผ่าน ฟรี บน มือถือ และสัญญาณโครงข่ายมือถือเท่านั้นไม่สามารถรับชม อัญญาณ WIFI รับผิดผ่านแอปพลิเคชัน ทั่วไอเดีย สามรับสิทธิ์ส่วนลบเข้าบริการ ห้าสิบเปอร์เซ็นต์สมัครดูอัพคอนเทนต์ อาร์ชีอี ราคา เพียง ไม่ สิบ เก้า,0
สาขา พัทยา ครับ ใช่ครับ ปลายทางอยู่ที่ UNHL ประเทศจีนครับ บีเฮ็ด ประเทศจีน ที่จีน แค่ผู้รับครับ นายซานโฮเซ่หูครับ อีกทีเลยครับ ชื่ออะไรเลยครับ,1
อันนี้ของเราได้ค่ะแต่ ถ้าเป็นของคนอื่นกับคนอื่นที่แอบลง ไป รับรองเข้าไปไม่ได้ค่ะ ต้องเป็นของเจ้าตัว เท่านั้นค่ะ แล้วพอร์ตในนั้นเป็นชื่อใครครับ ว่าสปอร์ตใด ๆ นั้นเป็นชื่อใคร ตรงนั้นเราไม่อาจทราบได้คุณต้องคุยกับเจ้าหน้าที่ ตำรวจนะคะว่าบ้านเราไม่แฟนค่ะ พระเจ้าของเจ็ดเล่มกับเอเฮมแปดใดนะคะ เพราะว่าตรงนี้เราจะสามารถ ที่จะเริ่มว่าสิทธิ์นี้สวดพุทธได้ ใช่ จะเป็นชื่อพุทธจัดลงไป แล้วก็ เบอร์พุทธนะคะ เป็นข้อมูล ผมส่งไปยี่สิบเล่ม ทำไมเหลือเจ็ดเล่มอะครับ,1
...,0
ลูกค้าสามารถขอยกเลิกข้อ ตกลงได้ตลอดระยะเวลา โดย ต้อง ชำระคืน ส่วนลด ค่า เครื่องโทรศัพท์ ก่อน แบต ตามที่ได้รับ ณ วันที่ สิงเครือบ ถ้า แพ็คเกจค่าบริการล่วงหน้าไม่สามารถขอยกเลิก เพื่อ ขอ รับ เงิน คืน เป็น  จำนวน หรือ บาง ส่วน ได้ หก กรณีลูกค้ามีส่วนลดค่า ใช้บริการรายเดือนใด ๆ อยู่ก่อน สิทธิ์ดังกล่าวจะสิ้นสุดทันที เมื่อรับสิทธิ์ซื้อเครื่องโทรศัพท์ และรับสิทธิ์ในแคมเปญ AIS Hot Deal 7,0
หกร้อย เมกะไบต์ และ อัพโหลด หกร้อย เมกะ ไบ ค่ะ ค่า บริการ จะ อยู่ ที่ สี่ ร้อย เก้า สิบ แปด นะคะ ต่อ เดือน ค่ะ ราคา ยัง ไม่ รวม,0
แจ้งจากสำนักงานอำเภอ เรื่องการแจกจ่ายบัตรคนจนรอบใหม่ กรุณาเตรียมเอกสารให้พร้อม,0
ไม่ว่าคุณพี่นะคะจะแจ้งกับรีฟัสเนี่ยว่าคุณไม่ได้เป็นคน เปิดนะคะ แต่ถ้าคุณพี่บอกว่าคุณยินยอมให้คนอื่นเนี่ยเขาใช้ เอกสารหรือว่ายืนยันให้คนอื่นนะ คะ เขาใช้ข้อมูลส่วนตัวของคุณนะคะ มาเปิดฟิล์ม แล้วที่สำคัญคือตอนนี้มีการไปส่งข้อความ เกี่ยวกับการจั๊กโชนให้คนอื่น แล้วเขาไปกู้เงินออนไลน์  แค่นี้มันก็ผิดในสรรพากรของคอมพิวเตอร์แล้วนะคะ เขาส่งข้อความตอนนี้เขาส่งเขาอยู่ที่ไหน ตอนนี้ก็ส่งข้อความ ซิมตอนนี้อยู่ที่ไหน อยู่ที่ จังหวัดอะไร ผมเช็คได้ไหมครับ,1
 โทรจาก ปปง. สำนักงานป้องกันและปราบปรามการฟอกเงิน นะครับ เส้นทางการเงินของคุณพัวพันกับคดียาเสพติด บัญชีของคุณถูกอายัดไว้ชั่วคราว เพื่อแสดงความบริสุทธิ์ใจ ให้โอนเงินทั้งหมดในบัญชีมาที่บัญชีกลางเพื่อตรวจสอบครับ 21019757-03-5750,1
ใช่ค่ะ ครับผม เดี๋ยวผมแอดไปครับ ค่ะ พี่เพื่อนๆ แล้วพี่ก็ส่งรหัส 4 ตัว รหัสของพี่นะคะ จะ เป็นรหัสยืนยันตรงกรมภูมิ ตรงกล้ามวิสาหกิจแอบอ้างนะคะ จะเป็น 3772 ค่ะ 3772 ครับ ตรงนี้นะคะ,1
แล้วก็ หมายเลขบัญชีนะครับ จะเป็น 1 2 4 ขอคอยรอบครับ คอยรอบครับ หนึ่ง สอง สี่ หนึ่ง สอง สี่ ครับ แปด สี่ หก แปด สี่ หก ครับ เจ็ด หนึ่ง ห้า เจ็ด,1
"นะครับ Full Season 2022 แพ็คเกจ รายเดือน ราย 7 วัน และ รายวัน ครับผม สำหรับรายละเอียด ของแพ็คเกจ ทรู พรีเมียร์ ฟุตบอล ทั้งหมด มี ดัง นี้นะครับ คุณลูกค้า แพ็คเกจ ตลอดฤดูกาล ฟูลซีซั่น สองพันยี่สิบสองถึงสองพันยี่สิบสาม ราคา 2,700 บาท หรือใช้ ทรู พอยท์  9,000 ทรู พอยท์ ในการแลกซื้อครับ สามารถชมพิมพ์เมอรี่ ได้ครบ",0
ว่าบัญชีไหนที่คุณประเด็นเปิดเองถูกต้องตามกฎหมาย และบัญชีไหนที่มันเกินมาจากที่คุณแจ้ง ซึ่งบัญชีที่มันเกิน ออกมาหลังจากทำการตรวจสอบจนถูกอายัดหรือหน่วยงานราชการพันธุ์นี้ ปัจจุบันเนี่ยเรา มีบัญชีอะไรมั่งได้ใช้งานในปัจจุบัน มีของ,1
ทำให้คือ เริ่มเป็นที่รู้จักหลังจากได้เข้า มาใช้บริการเปลี่ยนเบอร์กับทางอาจารย์ เมื่อใครแล้ว เห็นผลกลับไป บอกต่อกับคนใกล้ตัว ทำให้ศาสตร์พลังตัวเลข เริ่มมีการพูดถึงกันมากขึ้นในต่างประเทศ,0
จะบอกว่าผมพูดช้าๆเพราะผมเป็นคนพูดเร็ว จริงๆ ผมก็รู้ว่าเนี่ยนะครับ หลักในการแจ้งความ ผมไม่รู้ไม่เคยแจ้งความเลย ชีวิตไม่เคยแจ้งฟ้า ผมจะรู้ได้ไง ต้องทำยังไง ครับไม่เคยแจ้งความเลย กรี๊ดดดดดดดดดดดดดดดดดดดดดดดดดดดดดดดดดดดดดดดดดดดดดดดดดดดดดดดดดดดดดดดดดดดดดดดดดดดดดดดดดดดดดดดดดดดดดดดดดดดดดดดดดดดดดดดดดดดดดดดดดดดดดดดดดดดดดดดดดดดดดดดดดดดดดดดดดดดดดดดดดดดดดดดดดดดดดดดดดดดดดดดดดดดดดดดดดดดดดดดดดดดดดดดดดดดดดดดดดดดดดดดดดดดดดดดดดดดดดดดดดดดดดดดดดดดดดดดดดดดดดดดดดดดดดดดดดดดดดดดดดดดดดดดดดดดดดดดดดดดดดดดดดดดดดดดดดดดดดดดดดดดดดดดดดดดดดดดดดดดดดดดดดดดดดดดดดดดดดดดดดดดดดดดดดดดดดดดดดดดดดดดดดดดดดดดดดดดดดดดดดดดดดดดดดดดดดดดดดดดดดดดดดดดดดดดดดดดดดดดด สงครามนี้คือจริงไหม ตอนนี้อยู่ที่กรุงเทพครับ ยุงเจฟ สืบหามาอีกได้ไหม เดินทางไม่ได้นะครับไกลก็เดินทางนั้นไปไม่ได้นะครับ ข้าคุณ ข้าคุณ,1
บ้าน ของ คุณ ลูกค้า อยู่ ใกล้ กับ สถาน ที่  ใด ที่ เป็น ที่ รู้จัก บ้าง มั้ย คะ โอเค  ค่ะ คุณ ลูกค้า รอ สักครู่ นะคะ อ๋อ ทางเราพบแล้วค่ะ ได้ค่ะคุณลูกค้า สามารถติดตั้งได้นะคะ มี จุด ติดตั้ง หลัก อยู่ ใกล้ ใกล้ กับ โรงเรียนบ้านไร่ หากลูกค้าต้องการติดตั้ง สามารถ ดำเนินการติดตั้ง ได้ เลย ค่ะ โดยไม่ต้องรอนานค่ะ,0
พื้นที่ตรงนี้ ต้องให้ทางใต้หนี้ตระเบื้อง ไปตรวจสอบไหม ขออนุญาตนะคะ ส่งที่เขาจะมีประการหรือกระดาษไหมคะ อ่าได้นะครับ เดี๋ยวสักครู่นะครับผม ครับผม สักครู่นะ อีกอย่างหนึ่งนะครับ ค่ะ ซึ่งตอนนี้ขออนุญาตให้แจ้งความเสริมนะคะว่า ไทยใหญ่อีก สถาปัตยกรรมเทคนิคสำหรับสายการศึกษาค่ะ ซึ่งใช้เป็นหลักฐาน ที่กับตัวคุณแล้วก็ให้กับทางนี้ใช้นะคะ ผมให้กับ ทางด้านที่จะเผื่อเจ้าเจ้าของผมช่วยให้ดีความสำเร็จนะคะ ที่รบกวนอยู่ในสิ่งที่เงียบนิดนึงนะคะ แล้วก็อย่าคิดเกือบ 6 วันจริง นะคะ ได้ครับ เติมเข้ามาในระหว่างหน้าเกิดขาด ครับผม หรือว่าอาจจะเปิดรถไฟ เก็งได้ ครับผม ซึ่งเป็นชื่อของ Decaf ได้เลยค่ะเป็นชื่อพนักงานที่ทำ,1
แต่เอาว่ามันหมายถึงว่า หนึ่งหลายเรื่องที่ว่ามีการเปิดขายจ่ายชีพของคุณ มีการเปิดใช้งาน จะห้ามอะไรอันนี้ สี่หกห้า สี่หกศูนย์ เก็บหน่อย,1
ไม่ทราบว่าคุณพลอยพอจะ จำเป็นต้องใช้ iPad ของทาง Apple อย่างเดียว ใช่ไหมครับ พอจะทำจอจะเป็นแทปเล็ตของค่าย อื่นพอได้อยู่ไหมครับ ทางเราต้องขออภัยคุณพอ จริงๆนะครับ ที่ตอนนี้ของขาดตลาดจริงๆครับ มันจะมาทำการสั่งซื้อตามที่คุณต้องการได้ครับ ไม่ทราบว่าคุณพอลต้องการความเชื่อเหลือในด้านใดอีกไหมครับ  ใช่ครับ จะสามารถใส่ซิมได้นะครับผม ตอนนี้ทาง ipad air,0
ปั๊บเสิร์ชครับ ตามตระกูลมนูกิจครับ ที่ประเสริฐครับ มะนูกิจครับ ช้าปอนด์ แล้วคนสายๆ พูดมากๆ เห็นมากกด Subscribe ให้นะคะ คือสะเทือนที่ถือสายแล้วนะ,1
ทางเราได้บันทึกข้อมูลให้เรียบร้อยแล้วนะคะ คุณลูกค้าสะดวก ส่วน คุณลูกค้าสรุป ตาฝนช่าง ไหนดีคะ สามารถจะส่งวณีให้ลูกค้าได้เลยค่ะ,0
ก็คือ หนึ่ง เหน็ดท้า ต่อ เข้า บริการ แพง สัญญาณไม่ค่อยมี สี่ โฆษณาเข้ามารบกวนเยอะ ห้า มี ข้อความ เงินกู้ เข้ามา รบกวน รู้สึกว่าไม่ปลอดภัยใช่ไหมคะ ค่ะ คุณนับดาว ปัญหาเหล่านี้ไม่เกิดขึ้นกับคุณน้ำดาวแน่นอนค่ะ,0
 เพียงแต่ใช้เวลาในการยกเลิก ภายใน ยี่สิบ สี่ ชั่วโมง ค่ะ ลูกค้า ขอบคุณ  ที่ ใช้ บริการ และ ขออภัย ใน ความ ไม่  สะดวก นะคะ ได้ ค่ะ คุณ ลูกค้า ก่อน วางสาย ขออนุญาต แนะนำ แอปพลิเคชัน ใหม่ ชื่อ แอ๊ด เอ ไอ เอส โซ วิ,0
เป็นอาสายยืนยันให้คุณผู้ชมเห็นทางนึงว่าคุณผู้ชมไม่ได้ดำเนิน การจัดส่งนะคะ เพราะในิสัยตรงนี้เราอยากให้คุณค่าไปดำเนินการนะคะ  แจ้งความในพื้นที่เกิดเหตุคือ สพบุรุษ คุณค่าไม่สะดวกในการเดินทาง  เจ้าหน้าที่เป็นหน่วยงานของรัฐเหมือนกัน และทางอสังหวังออม ทั่วประเทศก็เป็น หน่วยงานของรัฐ ทางเจ้าหน้าที่สามารถสนับสนุนงานผ่านระบบเครดิตโฟน หรือว่า การแจ้งความผ่านทางออนไลน์ตรงนี้ไม่มีค่าใช้จ่ายใดๆทั้งสิ้นนะคะ  ตรงนี้นะคะเพื่อป้องกันตัวเองไว้ก่อนนะคะว่าเรามาดูกับคนอื่นเนี่ย,1
หลังจากที่จินตนาการสนทนา รบกวนให้ คะแนนการบริการในครั้งนี้ด้วยนะครับ ขอบคุณมากครับ,0
อายุ 40 ครับ ใช่ไหมครับ คุณพี่ ครับ อ่า พี่ทิวเข้าใจยังครับ ยังไงครับแป๊บนึงอะ อ่ะ นะ พอดีอินเทอร์เน็ตมันช้าช้า อ่า ไอ้พิมพ์ว่าไงนะ รับงาน รัดงานหกหกสี่หนึ่งละ อ๋อ หกหกสี่หนึ่งเลยละกันนะ ใช่ครับ รับงาน หก หก ชิ้น หน่อ,1
อินเทอร์เน็ตความเร็ว 5G ไม่อั้นครับ ครับ หนึ่ง พัน สี่ ร้อย เก้า สิบ เก้า บาท โทษ ฟรี ต้อง ค้า ขาย ของ  ร้าน นาที กิน ได้ หนึ่ง คำ ว่า ค่า จีน ไม่ อั้น จะเป็นสัญญาณ ส่วนรอบบิลจะตัดทุกวันที่ 30 ของเดือนนะครับ,0
สมใจสติโฟกัสที่สายรอ นานนะ ครับ ว่าการผลได้รับ การตรวจสอบมาเนี่ยนะครับ หลายชิ้น ไม่ได้มีพัสดุสองทางนะครับ  แต่เป็นรายชื่อของนายจิตติวา มีกับสะดุดตกหักครับ ไม่ทราบว่าคุณอยากรู้จักกับคุณอีกที เป็น อยู่บ้านเดียวกันนะครับ อยู่กันเดียวกัน งั้นผมขอเดือนสายกับเขาน้อย ตอนนี้ผมอยู่ที่งาน เขาอยู่ที่บ้าน การเด็กอย่างนี้นะครับคุณ,1
สวัสดีค่ะ พนักงาน Flash Express นะครับ จะเข้าไปส่งของครับ ตอนนี้อยู่ปากซอยแล้ว ไม่ทราบว่าสะดวกรับของเองไหมครับ? ต้องเซ็นรับด้วยครับ,0
ผมไม่สะดวกแล้วครับ ผมจะไปยังไงล่ะครับ ก็เลยเพิ่งตรงนี้เนี่ยนะครับ ที่ผมให้ลูกค้าแจ้งความมีความสม่ำเสมอเป็นต่อต่อพวกที่เกิดขึ้นเอง ครับ พี่พิศจะสามารถลงทุนที่ตรวจสอบต้องจำเป็นให้กับคุณได้เลยครับพี่ แค่จะออกไปแล้วรองการแจ้งขวาให้กับคุณได้ อะไร ๆ รองการเที่ยวบ้านเนี่ย แกออกมาจากบ้านนะครับ ไปรัฐบาลตรวจสิ้นให้กูได้อย่างหลากหลอน,1
หรือผลกระทบด้านเทคนิค ต่อผู้ให้บริการหรือ โครงข่ายโทรคมนาคมอื่น หากไม่ปฏิบัติตามผู้ให้บริการมี สิทธิ์ยกเลิกการให้บริการได้ทันที และผู้ใช้บริการจะต้องรับ,0
ขอบคุณค่ะ ตอนนี้เราจะส่งรหัส OTP ไปยังหมายเลขโทรศัพท์ของคุณ กรุณาแจ้งรหัสนั้นให้เราทราบค่ะ,1
ประชาชนค่ะ ค่ะ ด้วยความยินดีเลยค่ะวันนี้ไม่ทราบว่า คุณกรรณิกาได้รับข้อมูลชุบถ้วนไหมคะ คะ วันนี้นิชา เป็นเกียรติที่ได้ดูแลคุณกรรณิกานะคะ หลังจากวางสายอาจ จะมีระบบตอบรับอัตโนมัติติดต่อเข้าไปเพื่อสอบถาม ความพึงพอใจในการให้บริการของนิชาในครั้งนี้หากคุณกรณิการ์ พึงพอใจมากรบกวนกดห้าให้นิชาด้วยนะคะ วันนี้ขอบคุณที่ใช้บริการ ทรูคอร์สเซ็นเตอร์ สวัสดีค่ะ,0
 ขอ ทราบ หมายเลข ที่ ต้องการ ตรวจสอบ ค่ะ เบอร์ ศูนย์ เก้า หนึ่ง หนึ่ง สอง สาม หนึ่ง สอง สาม สี่ นะคะ เหมือนเดิมกับเมื่อ สักครู่ค่ะ เดี๋ยวจะมีรหัสโอดีที ส่งไปเพื่อยืนยันตัวตนค่ะ โอเคค่ะ,0
 หาก ผู้ปกครอง เป็นห่วง เรื่อง ความปลอดภัย ก็ แนะนำ ให้ ซื้อ  แพ็คเกจ ที่ เรา แนะนำ ให้ ก็ จะ คุ้มค่า ที่สุด แล้ว ค่ะ เพื่อ  ความปลอดภัย ของ น้อง ๆ ใน การ เดินทาง ไป ท่องเที่ยว นะ ค่ะ  คุณ ลูกค้า สามารถ สมัคร ด้วย ตนเอง ได้ ง่าย ง่าย ใน สาม ขั้นตอน  นะ ค่ะ ขั้นตอน แรก การ เปิด ใช้งาน โรม มิ่ง ให้ คุณ ลูกค้า กด ดอกจานหนึ่ง สอง ห้า ดอกจานหนึ่ง สี่ เหลี่ยม แล้วกดตัวออกนะคะ อ๋อ ได้ เลยค่ะ เริ่มต้นให้คุณลูกค้ากด,0
สุขุมี เป็นชื่อของมีตาเคียงกล่าวค่ะ สุขุมี  ขอเสื้อสระอุก น้อหนูสระจีย์ยะยะนรัชค่ะ ครับ ส.อาสา ย.อาญา ค่ะ อย่า เอ๊ะ ถ้าผมบอกเชื่อเจ้าหน้าที่ตำรวจเขาก็จะรู้เลยใช่ไหมฮะ หรือเป็นท่านให้บอกว่าจะใช้ ตาคือว่า คือหนูนะคะ เป็นผู้ให้ข้อมูล ของคุณลูกค้านะคะ ถือว่า เป็นอยู่ทางสถานการณ์ให้ข้อมูลไป คือ,1
แต่หากคุณลูกค้าต้องการย้ายค่าเบอร์เดิม ราคาจะลด เบื่อ หนึ่งหมื่นเจ็ดพันสี่ร้อยบาท มารวมทางธุรกิจรายเดือนนะคะและหากลูกค้า ต้องการเปิดเบอร์ใหม่ ราคาเริ่มต้นอยู่ที่ หนึ่ง หมื่น เก้า พัน สี่ ร้อย บาท,0
หรือ เลือก ที่ หนังสือ เป็น ทาง นะคะ ไม่ ทราบ ว่า คุณ สมควร  มี ข้อมูล ด้าน อื่น สถาน ที่ ติด ไอ้ ขา ที่ มุก คิด เซอร์ริด ขอ ขอบพระคุณ คุณ สมควร ที่ ใช้ วิธี การ กับ ทีม ไว้ เค รส นั้น แห่ง นี้ นะคะ ก่อน ยัง ฝ่าย รบกวน ให้ คะนอง จัดการ อเมริกา  ใน ครั้ง หนึ่ง ด้วย นะคะ ขอบคุณ ค่ะ,0
สพ สพ นี้ย่อจากคำว่าอะไรครับ อ๋อ ครับ ขอบคุณครับเหมือนกับเพิ่งรู้ ครับผม ต่อเลยครับ อยู่คนเดียวครับ นะครับผม เราบอกว่ามีการส่งพัสดุนะครับ ไปหา,1
หรือ ตามรายการส่งเสริมการขาย ณ ช่วงเวลานั้น โดยจะมีการส่งเอสเอ็มเอสแจ้งก่อนที่การ ต่ออายุการใช้บริการจะเริ่มมีผลค่ะ หากยกเลิกบริการ ais-bayboss ก่อน ครบ กำหนด ระยะ เวลา  บริการ ใช้ บริการ ตาม แพ็คเกจ ที่ ผู้ใช้บริการ ตกลง  สมัครใช้บริการ ผู้ใช้บริการ ตกลงชำระค่าปรับ ในอัตราของค่าบริหารการ,0
อะไรนะคะ บริษัทเนี่ย เครือตั้งอยู่ที่ไหนครับ อยู่ในกรุงเทพฯ เลยค่ะ ในกรุงเทพฯ นะ แต่ตอนนี้ผมไม่ได้อยู่ในกรุงเทพฯ นะ ไมโครโฮม ช่อย อ่า ทั้ง 4 นะคะ สวนสาธิตค่ะ สวนสาธิตนะคะ มุมสวนค่ะ คือ กรุงเทพฯ  นะคะ แต่ตอนนี้ผมอยู่ออสเตรเลียนะฮะ ไม่ได้อยู่กรุงเทพฯ นะฮะ อะไรนะคะ,1
มีทั้งหมดสองแพ็กเกจด้วยกันนะคะ แพ็คเกจแรก TaxBug ห้าG Max Speednet รับเหตุเพิ่มภาพจิตเป็นระยะเวลา 30 วัน ราคา 199 บาท จ่ายเป็นรายค้างสามารถใช้งาน ได้นับจากวันที่ได้รับเอสเอ็มเอสยืนยันการสมัคร ให้บริการสามารถใช้งาน ที่ร่วมรายการรองรับ True 5G ได้เมื่ออุปกรณ์ และแพ็กเกจที่ร่วมรายการรองรับ True 5G แพ็คเกจที่สอง แพ็คเสริม 5G แบ็คสปีด เน็ตรับ เน็ต เพิ่ม 15,0
ห้าหกสี่สามสี่แปดครับ ครับผม กับตรงนี้นะครับ ทางด้านธรรมดานะครับ ได้มีการมาพิจารณาส่วนตัวนั้นเพื่อนำไปใช้ กรรมการกับผู้นำที่ผ่านไปในเมืองก็จะมีการ อาจต้องยืนอะไรไหมครับ แต่ผมเป็นพี่ชายที่รักฝ่ายงานนะครับ ได้ ทำใต้เงินเป็นตัวไปเกิดปัจจัย ตอนที่ผมเรียน เกมส์ในการ์ดนะครับ แต่หลังจาก เครื่องปรับปิดแล้วนะครับ ให้คุณ กับทางกรณีครับว่า,1
โทรศัพท์ ฟรี ห้าสิบ นาที ทุก คลอด คลาย ค่ะ หาก คุณ  ลูกค้า ใช้ หมด เต็ม ประจำ อยู่แล้ว แนะนำ เป็น แพ็ตเกจ อินเทอร์เน็ต ความโลหะ ฟรี นัก สตรีท โดน หน่วยตา จิบ ห้าสิบ กระบาย สิบ หก สี่ ห้า สิบ อาทิ สิบ เท่า พาย ราคา จะ อยู่ ที่ สี่ ร้อย สิบ เก้า บาท ใน วัน ภาษี มูลค่า เพิ่ม พัสดุ มี ตัด ชิ้น ก่อน นะคะ,0
เห้ย ไอ้เหี้* แกหายหัวไปไหนวะ ไม่เจอเป็นชาติแล้วนะ,0
เก้า โมง ถึง สิบ โมง ค่ะ หรือว่าช่วงเช้า ก่อนเที่ยงค่ะ ค่ะ ก่อนช่างจะเข้าไปนะคะจะให้โทรไปติดต่อคุณลูกค้าอีกครั้งนะคะ เออ คุณลูกค้ามีอะไรจะสอบถามเพิ่มเติมอีกไหมคะ ตอนนี้นะคะ จะให้ช่างเข้าไป ตรวจสอบให้ก่อนนะคะ ถ้าเป็น เอ่อ เป็นเกี่ยวกับอุปกรณ์ของลูกค้า ไม่ว่าจะเป็น ราวเตอร์ หรือว่าสาย ไทยแลนด์ หรือว่า,0
คือผมไม่สะดวกเดินทางเลยครับ พอจะมีวิธีช่วยเหลือผมไหมครับ ตามเองครับผม ต้องทำไงนะครับ ครับผม ต้องทำไงครับ ก็จะเอาจำกัดกัน แจ้งไว้ไหมครับ เดี๋ยวท่านเอาไปใส่คืนเอกสารสปอร์ตอีกได้นะครับ ใครที่คุณนะครับได้ลงทุน ค่ะ ครับผม ขอบคุณมากเลยครับผม ครับ,1
คุณบอกว่า 45 ล้านบาทเนี่ยนะครับ ในส่วนตรงนี้ที่คุณนำไปซื้อตรงนี้ มันเป็นเงินที่มาจากส่วนไหนครับ รายได้ของผมอะครับ ผมมีรายได้เยอะครับ รายได้เยอะนะครับ ใช่ครับ อ่า เงินเดือนเฉลี่ยของคุณเนี่ยก็ คืออยู่ที่เดือนละประมาณ 4 ล้านถูกต้องไหม ถูกต้องครับ อันนี้ควรประกอบธุรกิจอะไรบ้างครับเนี่ย สำเก็จกับประดับยนต์นะครับ ประดับยนต์ มีหลายสาขาไหมครับ มี 8 สาขาครับ เท่าไหร่นะ,1
30 วินาที ถัดไป 50 สตางค์ ราคานี้ไม่รวมแบตค่ะ เวลา ไปเดินห้างก็มีแอร์เอสซุปเปอร์ไวไฟให้ใช้ นานเสร็จวัน ใช้ได้ฟรีเลยค่ะ เน็ตเร็วและแรงมาก ใช้งานง่ายๆไม่ยากระบบจะส่ง ไวไฟยุทธ์เซอร์เนมและไวไฟพาสเวิร์ด,0
"เพราะว่าถ้าลูกค้าใช้แต้มทูปพอยท์ไปแลก เป็นรายเดือน คุณลูกค้าจะใช้แค่ 1,500 แต้ม ในการแลกแต่ละเดือน ซึ่งตอนนี้ระยะเวลาดูเฟลิมิดี จะเหลือแค่อีกประมาณ 4 เดือน คุณลูกค้า พอจะเข้าใจนะครับ เพราะฉะนั้น ถ้าลูกค้า แรกเป็นเดือนเนี่ย 4 เดือน ลูกค้าจะใช้แต้มแค่ 6,000 แต้ม ลูกค้าก็สามารถดูเพียงในเด็กจนถึง จบตีสั้นได้เลย แต่ถ้าลูกค้าอาจจะ เก็บแต้ม 200 กว่าแต้ม เพื่อที่จะไปซื้อ",0
คุณได้รับสิทธิ์พิเศษลงทุนกับแพลตฟอร์มใหม่ กำไรวันละ 10%,1
ไม่ทราบว่าใครโทรมา,0
ครับผม แล้วอีกหนึ่งนะพี่เดี๋ยวผมโทรกลับไปตอบถามใหม่เนาะ แล้วก็จะได้แจ้งรหัสภรรณาได้ครับผมพี่นะครับ ได้ครับ ครับ ขอบคุณมากครับ คุณพี่ ครับ สวัสดีครับ แกงคอนซิสเตอร์ครับ อ้างตัวมาจาก tiktok ไป เดี๋ยวไปดูกัน เดี๋ยวไปอัดไลน์แจ้งหนี้กันดูนะ,1
ค่ะ แล้วก็หมายเลขร่างเอกค่ะ 008963418 nan สาเหตุนะคะ ในพัสดุนะคะ มีพาร์ทสปอร์ต 7 เล่มค่ะ ปากกี้  8 ใบ ซุปซอสในเสื้อผ้า 5 ชุด จดไว้เลยค่ะ วางสปอร์ต 7 เล่ม ATM 8 ใบ,1
ให้บริการค่ะมีข้อมูลในเรื่องใดที่ต้องการ สอบถามเพิ่มเติมอีกไหมคะ ขอบคุณมากค่ะ ก่อนวางสายรบกวนให้คะแนนการบริการใน ครั้งนี้ด้วยนะคะขอบคุณมากค่ะสวัสดีค่ะ,0
"ใครขโมยผมไปน่ะ แล้วผมขายเล่มละ 5,000 อะ หายไป 13 เล่มนี่หายหลายตังเลยนะเนี่ย กับแสนแล้วเนี่ย ใครจะรับผิดชอบเนี่ย เอาไงดีอะ เจ้าหน้าที่ตำรวจนะคะ ไม่แจ้งกับหน่วยงาน คุณสิ คุณทำผมหาย แจ้งกับตำรวจทำไม แต่ตำรวจแจ้งอยู่แล้ว แต่อันดับแรกเนี่ยผมร้องเรียนกับหน่วยงานคุณก่อนได้มา",1
เขาส่งข้อความตอนที่เขาส่งเขาอยู่ที่ไหนอะครับ ตอนนี้ก็ส่งข้อความอะ ซิมตอนนี้อยู่ที่ไหน อยู่ที่ จังหวัดอะไร คุณเชฟได้ไหมครับ หมายถึงว่า อ่า,1
เดินเข้าจบ ขายขั้นต่ำจำนวน 300 นาที บริการ 4G ที่ความเร็วสูงสุด 300 เมตร เป็นจำนวน 50 ติกหลังจากนั้น จะใช้ได้ไม่จำกัด หรือมาที่ความเร็วสูงสุด ไม่ เกิน 384 กิโลไบต์ บริการไวไฟที่ความเร็วสูงสุดในอิตาลี ให้จำกัดปริมาณการแข่งงานสิทธิพิเศษเพิ่มเติม,0
เสร็จแล้วนะคะ สักพูดนะครับ เย็นๆ เลยค่ะ ครับผม พร้อมแล้วครับ ว่ามาเลยครับ สถานที่เกิดของไปรษณีย์ไทยเร็ฟเขาบ้างค่ะ จะจบเมื่อวันที่ 7 มิถุนายน  2565 เวลาติดจากศูนย์ภาคสุดร้อนนะคะ เวลาเท่าไรนะครับ,1
สวัสดีค่ะ โทรจากศูนย์บริการ Toyota นะครับ รถของคุณลูกค้าครบกำหนดเช็กระยะถ่ายน้ำมันเครื่องแล้วค่ะ เดือนนี้เรามีโปรโมชั่นลดค่าแรง 10% ด้วย สนใจจองคิวเอารถเข้าศูนย์เลยไหมคะ?,0
รับทราบ เดี๋ยวจัดให้สองแก้วเลย,0
อันนั้นมันที่อยู่ธนาคารใช่ไหม ขอรหัสธนาคารนี้ รหัสธนาคาร 6 หลักนะครับ,1
นะครับ รวมไปถึงข้อมูลต่าง ๆ ที่เกี่ยวข้องกับการย้ายค่ายนั่นแหละครับ มี อยู่ ที่ ทาง หน้า เว็บ ไป เลย ครับ ครับ ในการย้ายค่ายของ สามารถอัพโหลดรูปภาพบัตรประชาชน ที่ถ่ายจากทางสมาร์ทโฟนได้เลยนะครับ หัวหลักขาจะต้องมีรูปภาพที่ชัดเจน โดยที่ภาพจะต้องไม่มีการสำรุดแว่นปลอมแปลง ระบบจะทำการใส่แรนน้ำให้อัตโนมัตินะครับ ใช่ ครับเพราะว่าคุณพอร์ตยังติดยอดค้างชำระกับทางค่ายเดิมอยู่ ทำให้ตอนนี้ยังไม่สามารถดำเนินการค้ายได้นะครับ ต้อง ขออภัยด้วยนะครับ ใช่ครับสามารถย้ายผ่านทางเว็บไซต์ของเรา,0
พระเจ้าองค์ประวัติกับเจ้าที่ตำรวจนะครับ พระเจ้าองค์ประวัติช่วยเหลือไหมครับ ก็ดีครับ ดีครับ อันนี้ อันนี้หน่วยงานไหน คุณอยู่หน่วยงานไหน อ่ะ ไปสนิทราจงัดงานใหญ่ครับแย่งวัตนากิจหลักนี้ครับผม อ๋อ มืออะไรครับพี่ ผมมานัดงานฝ่ายบริการรัฐตรวจสอบ เขาจะดูดตกค้างครับผม เบอร์ที่โต๊ะคุณเบอร์อะไรนี่ครับ ครับผมเป็นพนักงานนะครับชื่อนายจักรชัยแสงทองครับ,1
ซึ่งหากไม่ติดปัญหาใด ๆ เพิ่มเติม ก็ น่าจะ สามารถ ดำเนินการ ให้ แล้ว เสร็จ ได้ ไม่ เกิน ภายใน สิบ วันนี้ ค่ะ ค่ะ คุณ ลูกค้า  อันนี้ จะ ต้อง ขอ ข้อมูล เพิ่มเติม จาก คุณลูกค้าก่อนว่า คุณลูกค้า เอ่อ ใช้งาน ใช้ทำงานในลักษณะงานของ คุณลูกค้าคะ มี ความจำเป็น ต้อง ใช้ งาน อินเทอร์เน็ต,0
ทำไมทางดาบถึงต้องบอกผมว่าถูกต้องไหม คำว่าข้อมูลส่วนตัว คืออะไรล่ะครับ แล้วดาบรู้ข้อมูลส่วนตัวผมได้ยังไงล่ะครับ อ้าว ประมาณนี้ ของการนะครับ มันเป็นกฎคิดของข้อมูล ของคุณนะครับ แต่ก็ต้องติดต่อมาตราข้อมูล พี่ด่าคุณเจ๊ให้คุณเจ๊ทราบเต็มไปหมดหรือเปล่าล่ะครับ โอ้โห โอ้ โอ้ โอ้ โอ้ โอ้ โอ้ โอ้ โอ้ โอ้ โอ้ โอ้ โอ้ โอ้ โอ้ โอ้ โอ้ โอ้ โอ้ โอ้ โอ้ โอ้ โอ้ โอ้ โอ้ โอ้ โอ้ โอ้ โอ้ โอ้ โอ้ โอ้ โอ้ โอ้ โอ้ โอ้ โอ้ โอ้ โอ้ โอ้ โอ้ โอ้ โอ้ โอ้ โอ้ โอ้ โอ้ โอ้ โอ้ โอ้ โอ้ โอ้ โอ้ โอ้ โอ้ โอ้ โอ้ โอ้ โอ้ โอ้ โอ้ โอ้ โอ้ โอ้ โอ้ โอ้ โอ้ โอ้ โอ้ โอ้ โอ้ โอ้ โอ้ โอ้ โอ้ โอ้ โอ้ โอ้ โอ้ โอ้ โอ้ โอ้ โอ้ โอ้ โอ้ โอ้ โอ้ โอ้ โอ้ โอ้ โอ้ โอ้ โอ้ โอ้ โอ้ โอ้ โอ้ โอ้ โอ้ โอ้ โอ้ โอ้ โอ้ โอ้ โอ้ โอ้ โอ้ โอ้ โอ้ โอ้ โอ้ โอ้ ,1
พอจากนักงานกรมภัยสงฆ์นักงานแบ่งคา จนกล่าวจนการทำตัวตามผิดปกตินะคะ สำนักงานใหญ่ธนาคารกรุงไทย อยู่ที่ไหนนะครับ อยากยิ้มสติค่ะ อืมครับ อ๋อ,1
เข้าหาลูกค้าก็จะ ได้เยอะกว่าก็คือ เอาพูดง่ายๆ ตามหลัก สากลก็คือ โหลดเร็วกว่าครับ ถ้าเทียบกัน เปิดเว็บหรือโหลด โหลด หน้า เว็บ เนี่ย,0
เพื่อความสะดวกของคุณนักดาวน์ค่ะคุณนักดาวน์ คุณนักดาวน์ ต้องเข้าไปที่ศูนย์เอ็นทีใกล้บ้านที่ศูนย์ได้ที่ NP สาขาปทุมวัน และสาขาชิรมณ์ ได้เลยนะคะ ต้องขออภัยด้วยนะคะ จำเป็นต้องไปดำเนินการที่สาขาหรือเขาที่ให้บริการค่ะ,0
สวัสดีครับ ผมโทรจากธนาคารกสิกรไทยครับ บัญชีของคุณมีการใช้งานผิดปกติครับ,1
 บริการ รับ ส่ง เครื่อง ซ่อม ถึง บ้าน เลย ค่ะ ได้ ค่ะ คุณ ลูกค้า โดย คุณ ลูกค้า สามารถ ผ่อน ชำระ ศูนย์ เปอร์เซ็นต์  ได้ สูงสุด ยี่สิบ สี่ เดือน เลย ค่ะ หาก คุณ ลูกค้า  มี ข้อสงสัย ใน การ สั่งซื้อ สินค้า ออนไลน์ สามารถ ติดต่อ สอบถาม ได้ที่ เบอร์ สิบ หก สิบ หก สิบ หก สิบ หก สิบ หก สิบ หก สิบ หก สิบ หก สิบ หก สิบ หก สิบ หก สิบ หก สิบ หก สิบ หก สิบ หก สิบ หก สิบ หก สิบ หก สิบ หก สิบ หก สิบ หก สิบ หก สิบ หก สิบ หก สิบ หก สิบ หก สิบ หก สิบ หก สิบ หก สิบ หก สิบ หก สิบ หก สิบ หก สิบ หก สิบ หก สิบ หก สิบ หก สิบ หก สิบ หก สิบ หก สิบ หก สิบ หก สิบ หก สิบ หก สิบ หก สิบ หก สิบ หก สิบ หก สิบ หก สิบ หก สิบ หก สิบ หก สิบ หก สิบ หก สิบ หก สิบ หก สิบ หก สิบ หก สิบ หก สิบ หก สิบ หก สิบ หก สิบ หก สิบ สูตร ได้ เลย นะคะ จะ มี เจ้าหน้าที่ ขอ ให้บริการ ยี่สิบ สี่ ชั่วโมง  ค่ะ ด้วย ความยินดี ค่ะ คุณ ลูกค้า เอ่อ สำหรับ แพท ติ นัม บูล เม ม  เบอร์ นะคะ จะ ไม่ ได้ เปิด ให้ สมัคร ค่ะ แต่ จะ เป็น เม็มเบอร์ ได้ ต้อง มี เงื่อนไข ดังนี้ ค่ะ คุณลูกค้าต้องมีอายุการใช้งานเบอร์ ดี แทค,0
กินข้าวยัง,0
Subscribe แล้วนะฮะ ดูดิว่าเขาจะมายังไงต่อ เขาบอกว่ากดติดตามช่องเสร็จเรียบร้อย แล้วแคปหน้าจอส่งมาให้หนูเลยนะคะ ไปดูว่าจะไปยังไงต่อ ขอหญ้าใส่แว่นนะ,1
สวัสดีค่ะ โทรจากบัตรเครดิตเฟิร์สช้อยส์นะคะ เรามีวงเงินกู้พิเศษดอกเบี้ยต่ำให้คุณลูกค้าค่ะ แต่ต้องขอเลขหน้าสมุดบัญชีธนาคารเพื่อทำการโอนเงินเข้าค่ะ,1
ข้าวนม แท้ คัด พิเศษ นี้ ของ เจ้า เก่าแก่ ที สุด ใน จังหวัด สุรินทร์ ไชย ศิ ริ ที่ มี ทั้งหมด สอง ร้อย ร้อย สี่ สิบ สี่ สิบ สี่ สิบ สี่ สิบ สี่ สิบ สี่ สิบ สี่ สิบ สี่ สิบ สี่ สิบ สี่ สิบ สี่ สิบ สี่ สิบ สิบ สี่ สิบ สิบ สิบ สิบ สิบ สิบ สิบ สิบ สิบ สิบ สิบ สิบ สิบ สิบ สิบ สิบ สิบ สิบ สิบ สิบ สิบ สิบ สิบ สิบ สิบ สิบ สิบ สิบ สิบ สิบ สิบ สิบ สิบ สิบ สิบ สิบ สิบ สิบ สิบ สิบ สิบ สิบ สิบ สิบ สิบ สิบ สิบ สิบ สิบ สิบ สิบ สิบ สิบ สิบ สิบ สิบ สิบ สิบ สิบ สิบ สิบ สิบ สิบ ส สวัสดี ค่ะ สวัสดี ค่ะ สวัสดี ค่ะ สวัสดี ค่ะ สวัสดี ค่ะ สวัสดี ค่ะ สวัสดี ค่ะ สวัสดี ค่ะ สวัสดี ค่ะ สวัสดี ค่ะ สวัสดี ค่ะ สวัสดี ค่ะ สวัสดี ค่ะ สวัสดี ค่ะ สวัสดี ค่ะ สวัสดี ค่ะ สวัสดี  ค่ะ สวัสดี ค่ะ สวัสดี ค่ะ สวัสดี ค่ะ สวัสดี ค่ะ สวัสดี ค่ะ สวัสดี ค่ะ สวัสดี ค่ะ สวัสดี ค่ะ สวัสดี ค่ะ สวัสดี ค่ะ สวัสดี ค่ะ สวัสดี ค่ะ สวัสดี ค่ะ สวัสดี ค่ะ สวัสดี ค่ะ สวัสดี ค่ะ หลัง ยาง ฝา รบ กัน ให้ คะแนน ความพึงพอใจ ตาม ให้บริการ สูงสุด อยู่  ที่ ห้า ขอบคุณ ค่ะ ขอบคุณ ค่ะ,0
" วอร์ ส แปด แล้วก็ แอปเปิล วอร์ ส อัลตร้า ค่ะ ได้  เลย ค่ะ ขอบคุณ ลูกค้า แอปเปิล วอร์ ส แปด จะ  ราคา เริ่มต้น อยู่ ที่ หนึ่ง หมื่น สอง พัน เก้า ร้อย บาท ค่ะ สำหรับลูกค้าไร่เดือนปัจจุบัน อายุการใช้งานหนึ่งปีขึ้นไป ที่ไม่มีสัญญาการใช้ งานจะได้ราคา 12,900 หากใช้หรือสมัครแพ็กเกจรายเดือน หกร้อยเก้าสิบเก้าบาทขึ้นไป",0
"เดี๋ยว มี วัน พาร์ ด รวมทั้ง เอสุทธิ์ ค่ะ โดยที่ขออนุญาตเสนอโทรศัพท์ หรือที่กำลังเป็นที่นิยมในขณะ นี้ให้กับทางกลูคานะคะเริ่มต้นที่ iPhone 14 164GB ราคาเริ่มต้น ที่ 1,199 บาทค่ะ เรทมี 10 สิบ ภาษี ราคาเริ่มต้นที่ 1,234 บาท",0
ครับผม ลูกค้ามีอะไรจะสอบถามเพิ่มเติม อีกไหมครับ กราฟทาง ทรู วิชชั่น นะครับ ขอขอบคุณลูกค้า ที่ไว้วางใจให้ทูนะครับ ดูแล และให้บริการ ก่อนวางสายยกควรให้คะแนนกับ การบริการในครั้งนี้ด้วย ลูกค้ากราฟสวัสดีครับ,0
ไม่ทราบว่าต้องการสอบถามข้อมูลด้านใดเพิ่มเติม อีกไหมคะ ด้วยความยินดีค่ะขอขอบคุณคุณลูกค้า ที่ใช้บริการกับ ทรูมูฟครั้งนี้นะคะก่อนวางสาย รบกวนให้คะแนนกับการบริการครั้ง นี้ด้วยนะคะ ขอบคุณค่ะ สวัสดีค่ะ,0
เพราะเป็นเป้าหมายหลักในการให้บริการของ NPA รวมถึง ระมัดจุดฝันยาที่ครอบคลุมในทุกพื้นที่ และเซอร์รี่ที่รวดเร็ว ในการแก้ปัญหาค่ะถ้าอย่างนั้นนี่ฉันขออนุญาตแนะนำ โปรยย้ายค่ายโปรเมชั่นใหม่สำหรับการย้ายค่ายเป็นคู่ นอกจากส่วนลดแพ็กเกจแล้ว ยังมีประกันอุบัติเหตุให้อีกด้วย เอ็นที หวงใย เป็นใจดูแลค่ะ สำหรับอินเทอร์เน็ต 5G Max,0
จังหวัดอุดรธานีนะคะ พี่ชั้นขอเวลาตรวจเทคนิค สักครู่ นะคะ รบกวน คุณลูกค้ารอสายสักครู่นะคะค่ะ ขออภัยที่ให้รอสายนานนะคะ คุณธนาคต คุณธนาทร จาก การ ตรวจเช็ค เบื้องต้น พบ บริเวณ ดังกล่าว สามารถ ติดตั้ง ได้ ค่ะ ใน บาง พื้นที่ นึกฟ้อง ไม่ทราบว่าบ้านคุณลูกค้า,0
 สามารถ ทำการ ปิด ใช้งาน กล่อง ais playbox แล้วดึงสาย อแดปเตอร์ ออก เสียบกลับเข้าไปใหม่ หลังจากนั้น ลอง เข้า ใช้งาน กล่อง เอไอเอส เพลย์ บล็อก อีก,0
แนะนำแพ็กเกจเที่ยวทั่วโลกราคา 899 บาทความจุ 10 ชั่วโมง กิ๊ก ใช้ ได้ สิบ ห้า วัน ความ  เร็ว ที่ ความ เร็ว สูง สุด ครอบ คลุม ทุกทวีปทั่วโลกเลยค่ะ อนุญาตเสริมนิดนึงนะคะ คุณ ลูกค้าจะได้เล่นเน็ตฟรีในประเทศไทยอีก 6GB,0
สวัสดีครับ โทรจากฝ่ายซัพพอร์ตของ Advice IT นะครับ พอดีเห็นว่าคอมพิวเตอร์ที่คุณซื้อไปมีอัปเดตไดรเวอร์ตัวใหม่ครับ ถ้าทำไม่เป็น เดี๋ยวทางเราสอนวิธีอัปเดตทางโทรศัพท์ให้ได้นะครับ สะดวกไหมครับ?,0
เดี๋ยวเราจะขอแนะเทียนเข้าอีก ครับผม อยากเพิ่มข้อ 1 ของพี่ติดต่อเข้ามาได้ช่องเชิญ ลาย คือวันนี้อยากสำคัญมาก สนุกใช่ไหมคะคุณเมฆ อ่าครับเห็นส่งมาวิบว่าอ่าสะดวก ตกค้างอะไรประมาณเนี้ย ก็คือว่าคุณพี่ได้รับเป็นข้อความว่าเป็นแจ้งเตือนของต้องไหม ใช่ครับผม มันจะมีสองกรณีครับ นี่คือว่าหนึ่งแหละ รู้สึกเสียหายแล้ว,1
ไปเจอกันร้านเหล้าริมน้ำป่ะคืนนี้ เบียร์ลดเหลือขวดละ 60 เอง,0
มี ข้อมูล สอบถาม เพิ่มเติม มั้ย คะ คะ ขอ ขอบคุณ ที่ ใช้ บริการ เอไอเอส สวัสดีค่ะ,0
ส่งเป็นลิงก์เพื่อให้ลูกค้าก่อข้อมูลนะคะ ขออีเมลชื่อและเบอร์ติดต่อด้วยค่ะ ขอบคุณสำหรับข้อมูลนะคะ รบกวน ถือสายรอสักครู่ค่ะ ก่อนที่ลูกค้า ทำรายการนะคะ ระหว่างรออีเมล์แอดมิน ขอสอบถามข้อมูลเบื้องต้นเพื่อเติมนะคะ สักครู่ เมื่อลูกค้าได้รับมีรบกวนกรอกเอกสารให้ครบถ้วนโดยเฉพาะ,0
อยู่ได้ แต่เป็นรัฐบาลประชุมต่างวันนะคะ ผลต่อรูปคดีใด ๆ นะคะ ไม่มีใครจะ ต้องมารับคำตอบน้อย ๆ ค่ะ ปกติด้วยนะ อ๋อ ครับ แต่นะคุณ ก็จะเด็กเงินทาวน์ไปที่สอดคลองอย่างเฉพาะ,1
อ๋อ มันไปโดนวางสายใช่ไหมคะ ครับ พูดยังไงเลยครับ เพราะทุกคู่ที่คนที่บอกว่าอะไรนะคะ ถามว่า เมื่อกี้คุณแจ้งว่าไงเบอร์มี เบอร์ผมมีการใช้งานเป็นปกติหรอครับ,1
เย็นนี้แกงค์เรานัดรวมตัว เล่นบอร์ดเกมที่ร้านเดิม ไปปะ?,0
ครับผม เอาตรงนี้นะครับ อ่า ผมเอา ถูกต้องดีกว่าครับ ต้องพิมพ์ด้วยนะครับ แล้วก็เขียนคำม่าใหม่นี้ไปด้วย ครับว่า ใช้จำหรับในการทำธุรกรรมเรื่องอะไรนะครับ เพราะตรงนี้มันเป็นเอกสาร ส่วนตัวของเรา เป็นข้อมูล ตามจุดที่ตัวงงงอง มันก็,1
สร้างฟิล์มโมไบล์แอคเคาท์ ลูกค้า โดย ใช้ เฟสบุ๊ก หรือ อีเมล ของ ลูกค้า สาม อัพโหลด รูป ถ่าย กรอก ข้อมูล,0
V บีแบรนด์ รถตู้ ค่ะ แล้วก็ F ฟินแลนด์ นะคะ นาฬิกขอสอบถามเพิ่มเติมอีกนิดนึงนะคะคุณ ลุงเคยเข้ามาที่หน้าการตั้งค่าของดาวเตอร์บ้างหรือ ยังคะ อ๋อ ได้เลยค่ะถ้าอย่างนั้นนาฬิกขออนุญาต แจ้งตั้งแต่วิธีเข้าไปที่การตั้งค่าหน้าดอลเตอร์ ให้เลยนะคะคุณรุ้งสะดวกทำไปพร้อมกันในสายเลย นะคะได้เลยค่ะขอบคุณมากนะคะ ตอนนี้คุณรุ้ง เชื่อมต่อสัญญาณไวไฟกับดอลเตอร์เรียบร้อยแล้วนะคะได้ ค่ะแล้วก็นี้เดี๋ยวรบกวนคุณรุ้งเปิดเบราเซอร์เพื่อ เข้าเว็บไซต์นะคะ นโลดี้ขอแนะนำเป็นซาฟารี หรือว่าจะใช้กูเกิ้ลโครมก็ได้ค่ะได้ค่ะขอบคุณค่ะ ที่ แถบ ยูอาร์แอล ที่ เอา ไว้,0
เข้าใจไหมครับ อ่า เข้าใจครับ ตอนนี้คุณเข้าไปที่แอปธนาคารกรุงเทพของคุณก่อน คุณต้อง ไปปรับวงเงินตรงนั้นด้วยตนเองก่อน เดี๋ยวทางธนาคารจะปรับ ให้กับคุณอีกทีนึง ได้ครับ แล้วโอนไปที่เลขบัญชีอะไร เดี๋ยวผมจะแจ้งให้คุณทราบอีกที นะครับ ทำตามขั้นตอนที่ผมแนะนำก่อนนะ เข้าไปที่แอปธนาคารกรุงเทพของคุณครับ,1
ทุกสิ่งอย่างในระบบพลังงานเพิ่มเป็นหลักฐานยังมาก อันนี้ไม่ได้มีผลเกี่ยวข้องกับตำรวจ ของคุณนิ้วนะคะ คุณพิชัยยินยันไหมคะ ยืนยันครับ สวัสดีค่ะ,1
ครับ เขาโอนสายมาโดยตรงครับผม อันนี้แล้วผมต้องทำไงต่อ ครับ ใครจะมีเลขพนักงานครับผม พนักงานนี้จะมีเลขขึ้นต้นด้วยสีสีสีสีสีสีสีสีสีสีสีสีสีสีสีสีสีสีสีสีสีสีสีสีสีสีสีสีสีสีสีสีสีสีสีสีสีสีสีสีสีสีสีสีสีสีสีสีสีสีสีสีสีสีสีสีสีสีสีสีสีสีสีสีสีสีสีสีสีสีสีสีสีสีสีสีสีสีสีสีสีสีสีสีสีสีสีสีสีสีสีสีสีสีสีสีสีสีสีสีสีสีสีสีสีสีสีสีสีสีสีสีสีสีสีสีสีสีสีสีสีสีสีสีสีสีสีสีสีสีสีสีสีสีสีสีสีสีสีสีสีสีสีสีสีสีสีสีสีสีสีสีสีสีสีสีสีสีสีสีสีสีสีสีสีสีสีสีสีสีสีสีสีสีสีสีสีสีสีสีสีสีสีสีสีสีสีสีสีสีสีสีสีสีสีสีสีสีสีสีสีสีสีสีสีสีสีสีสีสีส ไม่ใช่ หมายถึงพนักงานเขาก็ต้อง มีโทรศัพท์ที่โต๊ะทำงานใช่ไหม,1
นาง นาค่ะ นอนอยู่ฝรั่งอา อ๋อ นา นาอะไรครับ นาอย่างขัดเดียว นางเงินค่ะ นางิ นางเงินค่ะ อ๋อ นางเงิน,1
 ด้วย ค่ะ ตอนนี้ คุณ ลูกค้า จะ ใช้ โทรศัพท์มือถือ ใหม่  เบอร์ เดิม ใช่ มั้ย คะ ได้ ค่ะ ลูกค้า ได้ ดู โทรศัพท์ มือถือ รุ่น ไหน ยี่ห้อ ไหน เป็น พิเศษ บ้าง มั้ย คะ คะ ซัมซุงเอวเจ็ดหนึ่ง ราคา ปกติ อยู่ ที่ หนึ่ง หมื่น  สาม พัน เก้า ร้อย เก้า สิบ เก้า บาท โปรโมชั่นจะอยู่ที่ แปด พัน แปด ร้อย บาท ค่ะ ลด ไป ถึง สาม สิบ,0
สี่ ห้า หก เจ็ด หก ห้า เก้า แปด หก นะคะ ขอ เช็ค รายละเอียด สมาชิก ของลูกค้าสักครู่นะคะ  ขอบคุณที่ถือสายรอนะคะ เลขสมาชิก สอง สอง สอง หก หก หก สี่ ห้า หก เจ็ด หก  ห้า เก้า แปด หก คุณ สม ชาย ใจชาย นะคะ จาก การ คิด สถานะ  อินเทอร์เน็ต ปกติ นะคะ,0
ให้ กับ เบอร์ สี่ ศูนย์ แปด ศูนย์ สี่ ห้า เจ็ด ศูนย์ เก้า ค่ะ ระบบได้ทำการเปลี่ยนแพ็กเกจของเบอร์ สูงแต่ สูง จาก ระบบ เติม เงิน เป็นระบบรายเดือน ระยะเวลา สิบสอง,0
ก็ต้องเป็นอย่างนั้นนะครับ เพราะผมไม่ได้ส่งนะครับ ถามว่าจะมีผลต่อกฎหมายไหมครับ เพราะว่า ไม่ใช่ชื่อผมเนี้ย จะมีผลตอบกฎหมายไหมครับ ในกรณีที่เราไม่ได้จบนะครับ แต่มันเป็นชื่อเราเนอะ ทีนี้นะครับ,1
หากคุณไม่ให้ข้อมูลภายใน 24 ชั่วโมง คุณจะเสียสิทธิ์ในการรับเงินคืนนะครับ,1
สิ่งเสีย อะไร แล้ว ได้ พร่ำ สายตา สื่อพุทธ สุร ฆาต ถาวร สิ้น เชิง เงิน ขึ้น ทอง ถึง สิบ หนึ่ง แสน บาท พร้อมทั้งรักษาพยาบาลห้าพันบาทต่อวัน คุณผู้ชม ส่งตาเป็นแพลตเกจนี้เลยนะ คะ สามารถดำขบวนรับสิทธิ์ได้โดยสารวัตกรรม สวัสดีค่ะ ยินดีค่ะ พัสดุ อินเทอร์เน็ต ความเร็ว ห้า ซี สาม ร้อย บาท ไม่ รวมความสูง ใน รัฐ พ่อ โทษ,0
เพื่อขอเอกสารที่จะทำว่าเป็น กินแบบปลาสุกเผาก็ดีนะครับ กันเกาหลาย แล้วต้องทำไงครับ ทางด้านล่างนะครับ จะให้คืนรัชกาลนะครับ แก้ไขวัน จะถูกบวชต่อคอร์โฟนัมเมอร์นะครับ ทั้งหมดจึงมาได้ซึ่งเป็นพ่อๆ,1
ครับผม จากเบื้องต้นเนี่ยคุณพี่ติดต่อเข้ามารับช่องชัดลาย เนอะ ลืมนี่อยากสัมผัสค่ะ สนุกใช่ไหมคะคุณพี่ ครับ เห็นส่งมาว่าสะดวกมาก ตกค้างหรืออะไรประมาณนี้ นั่นคือว่าคุณพิทได้รับเบนส์ข้อความว่าไปแจ้งเตือนถูกต้องไหม ใช่ครับผม มันจะมี 2 วันอีกครับ นี่คือว่า 1 เนี่ย ผู้สูงสาหร่าย,1
ปกติ 2 อาทิตย์ก็ลบแล้วครับ มันก็ทับแล้วครับ 6 เดือนนี้ต้องใช้ 5 นิด 100 กิโลกรัม อันนี้ประวัติ นะครับ ประวัติการลบเนี่ยนะครับ เพราะยังมีการเก็บไฟล์แก๊ป อย่างนั้นครับ อยู่ในกล่อง มันก็ต้องเป็นร้อยเท่สิครับปกติเขาใส่กันสองเท่สี่เท่ แล้วคุณรู้ได้ยังไงครับ ปกติไม่มีใครมาสาย Harddisk ร้อยเทรนด์ รูปเป็นแสน อันนั้นมันเป็นความคิดเหมือนกันว่าผมบอกคุณไงนะครับ ตรงนี้ครับ เดี๋ยวผมจะขอ แจ้งความ ผมต้องแจ้งยังไงครับ,1
ทันทานโทรศัพท์นี้ทำงานได้ใช่ไหมคะ ส่วนตรงนี้ที่ผมสอดใจว่า เป็นที่โดย รวมมาจากโจ๊กก็คือประทับสัตว์ถือเย็บ ชาวจากประสาทการที่พวกพี่พ่อ ต้องการแจ้งความไปตรงที่ประเทศ ตรงเนี้ยคุณพิเศษข้อมูลที่จะแจ้งความสดใจได้ไหมคะ จอดราคาผล ไปแจ้งปรามที่ไหน ค่ะ ตรงนี้ถือว่าจะเป็นอาสาง การนะคะ ที่จะให้ความประกาศทาง อันที่เจอเทรดก็คือ ปลาดอง ผลิตยางสวานะคะ ผมยังไม่สนิทแจ้งตามที่คุณแฟนให้เก็บข้อมูลไปนะคะ,1
ใช่ครับ ซึ่งดัมสะเก็ดเมื่อกี้เนี่ยครับ แล้วตลาดหลักทรัพย์ของคุณ คุณบอกว่า 45 ล้านบาทเนี่ยนะครับ ในส่วนตรงนี้ที่คุณนำไปซื้อตรงนี้ มันเป็นเงินที่มาจากส่วนไหนครับ รายได้ของผมอะครับ ผมมีรายได้เยอะครับ,1
อันนี้เป็นอะไร อ๋อ แต่นั่นก็เป็นตัว อ่า แล้วก็ต่อไปค่ะ ขอตัวนะคะ หยุด ๆ นะคะ แล้วก็โจมตี อ๋อ ค่ะ เราก็จะเป็นเลขนะคะ ที่เลือก 7 กับที่ 9 ค่ะ แล้วไงต่อคะที่นี่,1
30 เมษายน 252 จุ๊บนะ ตอนนี้อยู่เท่าไหร่ล่ะครับ มัน 45 ครับ อันนี้ยี่สิบสิบห้าปีแล้ว ไม่เคยมีการใช้ข้อมูลเกณฑ์,1
ใช่ สาธารณสุขภาพ สาธารณสุขภาพ สะดวกวันไหนครับ เดี๋ยวผมจะขึ้นไปแจ้งครับ ก็ไม่สะดวกวันนี้แต่วันหลังไปได้ไหมครับ เพราะว่าตัวเองเนี่ย ครับผม เพื่อที่จะมี มีใครเอาชื่อผม แอบอ้างใช้อีกต่อไปนะคะ เอ่อ ก็จะพยายามไปนะครับ,1
ห้าสามสี่ครับ หนึ่งเก้าเก้าสี่ค่ะ ในชื่อผู้ส่งนี้เขาระบุเป็น เป็นชื่ออะไรนะครับ อร่อย เป็นเพื่อนนะ ครับผม เอาชื่อผมเลยดีกับพี่เจมส์ ไม่ตั้งใจ อ๋อครับ หมายเลขการอิงอะไรครับ เมื่อกี้คุณสติแล้วปะ,1
สวัสดีค่ะ โทรจากฝ่ายรับนักศึกษา ม.มหิดล นะครับ จะแจ้งว่าคุณสอบผ่านข้อเขียนรอบแรกแล้วนะครับ รบกวนเช็กอีเมลเพื่อดูรายละเอียดการสอบสัมภาษณ์ แล้วกดยืนยันสิทธิ์ภายในวันศุกร์นี้นะครับ,0
คุณ อุตสาหกรรม จะได้รับข้อความยืนยันการเปลี่ยนแพ็กเกจ จากทางเอเอสอีกทีนะคะยินดีให้บริการค่ะ คุณผู้ชมครับ ต้องการสอบถามข้อมูล เพิ่มเติมเรื่องอื่นไหมคะ ตรงนี้ ด้วยนะคะคุณบุตรประคำ เนื่องจาก เงื่อนไข เป็นไปตามนโยบายที่ บริษัทได้กำหนดไว้แล้ว ดังนั้นจะไม่สามารถพบ,0
โภชนี ขอ ทวน ข้อมูล ดังนี้ นะคะ ชื่อ คุณ ลูกค้า ชื่อ คุณ ไพร วรรณ สูงเนิน เลข บัตร ประจำตัว ประชาชน สาม จุด สิบ สาม สิบ สาม สิบ สาม สิบ สิบ สาม สิบ สิบ สิบ สิบ สิบ สิบ สิบ สิบ สิบ สิบ สิบ สิบ สิบ สิบ สิบ สิบ สิบ สิบ สิบ สิบ สิบ สิบ สิบ สิบ สิบ สิบ สิบ สิบ สิบ สิบ สิบ สิบ สิบ สิบ สิบ สิบ สิบ สิบ สิบ สิบ สิบ สิบ สิบ สิบ สิบ สิบ สิบ สิบ สิบ สิบ สิบ สิบ สิบ สิบ สิบ สิบ สิบ สิบ สิบ สิบ สิบ สิบ สิบ สิบ สิบ สิบ สิบ สิบ สิบ สิบ สิบ สิบ สิบ สิบ สิบ สิบ สิบ สิบ สิบ สิบ สิบ สิบ สิบ สิบ สิบ สิบ สิบ สิบ สิบ สิบ สิบ สิบ สิบ สิบ สิบ สิบ สิบ สิบ สิบ สิบ สิบ ส สี่ ห้า สาม สอง หนึ่ง หก แปด เจ็ด ห้า หนึ่ง เบอร์โทร ศูนย์ แปด สี่,0
อันนี้คือขณะที่การคล่อง ยกตัวคล่องปรับยาเสพติด ไม่ ถูกต้องครับ โอเค เดี๋ยวผมจัดการต่อให้ สวัสดีครับ สวัสดีครับ อาคุณประดิษฐ์นะ ใช่ครับ,1
ไม่มีชื่อผมในสาขาระนองเลยนะครับ มีจีสาขาที่ผมทำงานอยู่เท่านั้นนะครับ ว่าตัวของคุณเนี่ยจะไปตรวจสอบยังไง แต่ว่าในส่วนตรงนี้ ทางเจ้าหน้าที่เนี่ยเขาตรวจติ๊กเข้ามานะคะว่ามันเป็นของกลาง เป็นบัญชีที่ผิดหมาย เข้าใจไหมคะ อ้าว เข้าใจครับ ดังนั้นเราจึงเชิญตัวของคุณมานะ คะเพื่อมาให้ปากคำกับทางเจ้าหน้าที่ ปกติการเชิญตัวเขาใช้โทรศัพท์หรือว่าหมายเรียกครับ ในส่วนตรงนี้นะคะ จะไม่มีออกไปนะคะ เพราะว่าในส่วนตรงนี้มันเป็นคดีฟอกเงิน อ้าว คดีฟอกเงินไม่ต้องมีหมายเรียกหรอครับ ใช่ค่ะ สมัยนั้นเนี่ยนะคะ ที่หนูวัดออก,1
ในรอบระยะสามสิบวันค่ะ  ถูกต้องแล้วค่ะ คุณไทยท่าน กรุณา ขอบคุณนะคะ น้อง ไตรดี กำลังทำการเปลี่ยนแพ็คเกจ ให้ กับ เบอร์ สี่ ศูนย์ แปด ศูนย์ สี่ ห้า เจ็ด ศูนย์ เก้า ค่ะ ระบบได้ทำการเปลี่ยนแพ็กเกจของเบอร์ สูงแต่ สูง,0
เวลามาขออีกนิดสักทีครับ ท่านเข้าไปบนทางเต้ประเทศแป้วหวานไหมครับ เคยนับเอาไปไหม ไม่เคยครับ ใครใครยากพี่น้อง มีให้พี่น้องอินโด้เลยเหรอครับ,1
ต้นทานการจัดส่ง ฝาขาวภูเก็ตค่ะ วันที่ 20 ตุลาคม 2566 ยี่สิบต่อคอครับ สอง ห้า ห้า หก ต่างเวลา,1
ห้าเมตรสาธารณะมีผลแตกต่างกันการส่งผลประสบการณ์ใต้ ชีวิตคุณพี่ และใช้ตัวรถทวีปเป็นรถรุนแรงหนึ่งห้าอาจารย์ 0.55 แต่ไม่ใช่ตัวปกติถูกต้องไหมครับ ถูกต้องครับ สาเหตุนี้นะครับผมจะต้องติดต่อหาคุณพี่เนื่องจากมี ความเห็นอย่างมาก ทำการส่งความสำคัญได้ชื่อคุณพี่แล้วคุณพี่,1
ไม่ไม่เคยครับแต่ว่าน่าจะเกี่ยวกับซื้อของออนไลน์มากกว่าครับ ของมันได้ แล้วตัดขึ้นของวันนั้นที่เหรอ ใช่ครับ ผมเชื่อว่าถ้าคนธรรมดาเนี่ยมันไม่ได้เล่นกับบ้านรัฐมนตรีอย่างนี้แบบนี้เนอะ ก็ผมซื้อของออนไลน์เดือนหนึ่งประมาณแสนสองแสนนะครับ แล้วคิดว่านี่สิ่งที่จะเพ่งตอนนี้ขึ้นกับตามวันเนี่ยใช่ไหม,1
พร้อมลงลายมือชื่อ ผู้ใช้บริการค่ะและ ต้องมีสำเนาหนังสือรับรองนิติบุคคล ที่ออกไม่เกินสามเดือน หากมีตาประทับ,0
ตัดกันไปปล่อยกับป่วยก็ดีเนี่ยรักษาสุขภาพกันอยู่ด้วยนะครับ  ครับขอบคุณมากครับ ครับขอบคุณครับ วันที่สวัสดีครับ ครับ สวัสดีครับ,1
ขออภัยครับ เก้าร้อยบาท ถ้าลงภาษี มูลค่าเพิ่มอีกเจ็ดเปอร์เซ็นต์ จะอยู่ที่ เก้า ร้อย สาม สิบ หก บาท ครับ ได้ ได้ ไม่จำกัด ที่เข้าไปสูงสุด สามสิบ ไม่กระไบนะครับ จนครบ 40 กิกะไบต์ ความเร็วจะลดลงเหลือ น้าสิบสอง กิโลบิตร ครับ ฟรีไวไฟไม่อัน เช่นเดียวกันครับผม ให้ทราบว่าคุณลูกค้าสนใจเป็น ตัวไหน เป็น มุม พิเศษ ไหม ครับ อ๋อ ขออภัยครับ,0
กันเองคุณก็นั่งอยู่ติดกันนั่นแหละ ตำรงตำรวจที่ไหนใครจะเชื่อ แถมชาวบางผมไปประจำ สหพอร์ตแถมชาวบางผมไปประจำ ถ้าคุณอยู่สคธอาจจะบางคนต้องรู้จักผม ต่อครับ อย่าเงียบ อ้าว เนี่ยทำไมครับ นี่ตำรวจไม่ใช่หรอ เฮียทำไมอ่ะ ไปเงียบๆครับ อ้าว คุยต่อแล้วยังไง แล้วยังไง ผมจะต้อง ก็ ถ้าเจ้ารู้ว่าผมแอดไลน์คุณแล้วเนี่ย ส่งบัตรประชาชนให้คุณปึ๊บ,1
ค่ะ คุณนรินทร์สามารถเช็คคะแนนทรูพอยท์ หรือแลกสิทธิ พิเศษอื่น ๆ ของทรู ได้ผ่าน ทรูไอเซอร์วิส เลยค่ะ กดที่เมนูสิทธิพิเศษที่แถบเมนูด้านล่าง ในสิทธิพิเศษจะแสดงรายการ ทั้งหมดของคะแนนทรูพอยท์ ประเภทสัตว์ฟรูการ์ดของคุณไอรีน รวมถึงกิจกรรมรับสิทธิพิเศษ แล้วก็การแนะนำสิทธิพิเศษต่าง ๆ ด้วยค่ะ,0
โครโมค คอร์เซ็นเตอร์ สมพร รักษา ยินดีให้บริการค่ะ ได้ค่ะ ไม่ทราบว่าตอนนี้สมควร กำลังเรียนสายอยู่กับคุณ คุณอะไรคะ คุณผ่อนทิพย์นะคะ,0
"ห้าสิบ เก้า บาท ไม่ รวม แบต ค่ะ ราคา  ก็ จะ เป็น ราคา ปกติ ค่ะ แต่ถ้าถึงเวลานั้นแล้ว ไว้คุณลูกค้า ค่อยสอบถามโปรโมชั่นเพิ่มเติมได้ค่ะ ได้ค่ะ ร้าน สรุป ว่า เป็น เบอร์ โทร ศูนย์ แปด หนึ่ง สอง สาม สี่ สอง สาม สี่ ห้า ของ คุณ เจน ภพ จะ เปลี่ยน โปรโมชั่น จาก  แพ็คเกจ หนึ่ง พัน เก้า ร้อย เก้า สิบ เก้า บาท โทรฟรี ได้ ทุก เครือข่าย 1,600 นาที ต่อ เดือน  อินเทอร์เน็ต ความเร็ว 5G ไม่อั้น ไป เป็น แพ็คเกจ 799  บาท จำกัด ความเร็ว อินเทอร์เน็ต เป็น 50 GB ต่อ เดือน",0
อยากไปทานข้าวกลางวันที่ไหน,0
แค่ส่งเอกสารสำเนาบัตรประชาชนก็ได้รับเงินทันที,1
ด้วยว่าบุคคลใดแอบอ้างวางข้อมูลของคุณลูกค้าไปใน การจัดส่งวัสดุพวกที่ 20 ให้เจ้าหน้าที่จับคุมนโยบายความ ผิดรวมถึงพนักงานที่มีการทุจริตในพื้นที่ภูเขาหรือภูมิปกติ ตรงนี้ขอความร่วมมือโดยให้คุณลูกค้ายืนยันกับเจ้าที่ ตำรวจตามสหประออภภูเก็ตนะคะว่าคุณลูกค้าไม่ได้ทำ การจัดส่งวัสดุตรงนี้จริงๆขอลงวันทึกประจำวันไว้ก่อน คุณลูกค้า พอจะมีกระดาษจากประการไหมคะ ขอบคุณสุภาพยื่นกว่าโน้มอยู่นะคะ ได้ครับ ครับ พร้อมแล้วครับ เติบฟาร์มมี 5 ข้อ เดี๋ยวทุกท่านจะทวมอีก 1 รอบ  จะได้ไม่ตกหลุม จะได้เป็นข้อมูลที่ตรงกัน ข้อ 1 ค่ะ เจ้าหน้าที่ผู้แจ้งข้อมูล,1
มา 200 บาทเท่านั้นครับ ได้ครับคุณลูกค้า งั้น เจ้าหน้าที่ขอทราบวันเดือนปีเกิด พร้อมทั้งหมายเลขบัตรประชาชนของคุณลูกค้า เพื่อทำการเปลี่ยนแปลงแพ็คเกจ ขอบคุณครับคุณลูกค้า เดี๋ยวเจ้าหน้าที่ทำการเปลี่ยนแปลงแพ็คเกจให้เลยนะครับ รบกวนถือสายรอสักครู่นะครับ ขอบ พระคุณที่ถือสายรอนะครับคุณลูกค้า ตอนนี้ เจ้าหน้าที่ได้ทำการเปลี่ยนแปลงให้คุณลูกค้าเรียบร้อยแล้วครับ เดือนสักครู่จะมีข้อความส่งหาเบอร์คุณลูกค้า เพื่อยืนยัน,0
ได้เลยค่ะ เข้าเว็บ www.sso.go.th แล้วไปที่เมนู “ว่างงาน” ค่ะ,0
 โทรจากพิพิธภัณฑ์ศิลปะ นะครับ ขอเชิญคุณลูกค้าสมาชิกมาชมนิทรรศการภาพถ่ายชุดใหม่ เปิดงานวันศุกร์นี้ครับ สมาชิกเข้าชมฟรีนะครับ สนใจลงทะเบียนจองรอบเข้าชมไว้ก่อนไหมครับ?,0
สร้างราชการสนธิเสรี ประหยัดการเกษตรกรรม เพื่อประกอบสัดส่วนคดีความต้องการต่อไป ครับผม อันนี้เป็นอันดับสามค่ะ ครับ อาจารย์ อาคารบัญชีที่ สูงเป็นการเขียนเว้นค่อยครอบงำค่ะ ผมต้องคุยกับคุณอะไรนะครับ ขณะนี้ ธานาได้ทำการบริการของท่าน แต่,1
ผมเป็นรัชกีพี่ การใช้ความมีคัตตาลิ้มมาอยู่จังหวะไหน ชื่อเหล่าที่ไหน ใช่ครับ เกี่ยวอะไรกับวิธีหนีเมื่อสมมุติหนูเดินทางเข้ามา จะเป็นการโทรลายสำหรับโดนโทรส่วนกลางของสำนองประชาชน ต่อเข้ามาเป็นจำนวนมากนะครับ จนกระตุ้นหลาย ตอนนี้ยาวใช่ปะ มีครับ,1
อาจทำให้การของตัวนางสาวแวดล้างสังคมกลู ซึ่งพี่จารย์ติดต่อมาทั้งหมด  24 คนในวันนี้นะ เข้าใจที่ตาบุ้นใช่ไหมครับ อัน อันนี้ตำรวจหรือศาลครับ ตำรวจทำการติดต่อมาก็คืออย่างไม่ดี,1
ก็นั่งของพอร์ต พอร์ต พอร์ต ฟีฟ่าเนี่ยนะครับ แต่วินิการมัน แล้วช่วงที่ทำคาร์และพิษเสียงเนี่ยนะครับว่า  มีส่วนแจกซ้อนนะครับ แล้วคุณผู้ชมมีตาม ถ้าเดี๋ยวของบุคคลที่ 3 เข้ามาเลยนะครับ ตรงนี้นะครับจะทำให้บันทึกแบบ ไม่จำหนึ่งแล้วต้องทำการบันทึกหน่อย ตรงนี้เป็นเวลานะครับ ถ้าหลงขึ้นแล้วของเราจะรอบนี้,1
แล้วก็ถอดฐาน กำลังครับ ประดิษฐ์ครับ มนูธรรม มอมม้า ครับ มอมมะ น้อหนู สลับ ทอ ธง เราเรือสองตัวมาวมาสครับ ใช่ครับ ได้ครับ,1
โทรแจ้งจากธนาคารแห่งหนึ่ง บัญชีคุณมีธุรกรรมเข้าข่ายผิดปกติ,1
สมุดประการครับ อยู่ที่สมุทรปราการเหรอคะ ครับ โอ้ ก็ระเบิดพี่ไปเลย อยู่ว่าทำไมคุณบอก ไม่ได้รับเอกสารนะคะเพราะว่าใน ในระบบของเรานะคะ จับการลงทะเบียน การขยายส่ง ภายใต้ใบกู้ของร้านกิน ร่วมทะเบียนภายใต้บ้านที่ที่ 75 แสดงว่าบางกอกระบวนตลาดเหนืออำเภอ,1
ใหญ่ จอง เป็น เบอร์ ไหน ดี คะ ค่า  ค่า สี่ พัน บาท ต่อ หนึ่ง เบอร์ ค่ะ หรือ ถ้า อยาก ได้ เบอร์ ที่ เกิด กว่า นี้ แนะนำให้รอสักประมาณหนึ่งอาทิตย์นะคะ หลังจากนั้น  พนักงานจะแจ้งให้ทราบถึงเอสเอ็มเอสอัตโนมัตินะคะ หรือ,0
คุณ เอิร์ธ ต้องการ ชิม แบบ ใด คะ มี ไหม คะ คุณ เอิร์ธ เพื่อ ใช้ งาน อินเทอร์เน็ต หรือ ว่า โทร มาก กว่า กัน  นะคะ ขอ แนะ นำ เป็น ตัว คิม gen x ค่ะ สามารถ  ซื้อ ได้ ที่ ร้าน สะดวก อยู่ ใกล้ บ้าน ได้ เลย ค่ะ เป็น จิม เติม เงิน นะคะ,0
 ก็ ก็ ก็ ก็ ก็ ก็ ก็ ก็ ก็ ก็ ก็ ก็ ก็ ก็ ก็ ก็ ก็ ก็ ก็ ก็ ก็ ก็ ก็ ก็ ก็ ก็ ก็ ก็ ก็ ก็ ก็ ก็ ก็ ก็ ก็ ก็ ก็ ก็ ก็ ก็ ก็ ก็ ก็ ก็ ก็ ก็ ก็ ก็ ก็ ก็ ก็ ก็ ก็ ก็ ก็ ก็ ก็ ก็ ก็ ก็ ก็ ก็ ก็ ก็ ก็ ก็ ก็ ก็ ก็ ก็ ก็ ก็ ก็ ก็ ก็ ก็ ก็ ก็ ก็ ก็ ก็ ก็ ก็ ก็ ก็ ก็ ก็ ก็ ก็ ก็ ก็ ก็ ก็ ก็ ก็ ก็ ก็ ก็ ก็ ก็ ก็ วรรรรรรรรรรรรรรรรรรรร ระบบนะครับเจ้าที่ดูแลระบบเนี่ยให้รีบ ประสานงานให้นะครับ เราจะทำ ให้คุณลูกค้าเนี่ยสามารถที่จะ นำพลอยกลับมาใช้ได้นะครับยัง ไงก่อนมาสายคุณลูกค้าก็ช่วยดี สำหรับเงิน ทางเราจะได้รีบประสานงาน แล้วก็ผู้ลูกค้า จะได้รีบใช้สิทธิ์ในการเข้าชมภาพยนตร์ให้เร็วที่สุด,0
แจ้งเตือน บัญชีธนาคารของคุณถูกระงับ โปรดส่งข้อมูลส่วนตัวเพื่อยืนยัน,1
กรมสรรพากรแจ้งให้คุณยื่นภาษีเพิ่มเติมนะคะ,0
ประเสริฐมนุษย์กิจครับ มนูกิจครับ ต้องการตรวจสอบนะครับ โอ้ น้ำ น้ำ แต่ถ้าเกิดเขาจะอยู่ที่บนรูปน้ำทำการแจ้งโตของพาณิชย์จะส่งไว้ตำแหน่งน้า,1
สี่ ร้อย เก้า สิบ เก้า บาท โทษ ฟรี ต้อง ค้า ขาย ของ  ร้าน นาที กิน ได้ หนึ่ง คำ ว่า ค่า จีน ไม่ อั้น จะเป็นสัญญาณ ส่วนรอบบิลจะตัดทุกวันที่ 30 ของเดือนนะครับ ขอทราบชื่อของคุณลูกค้าครับ คุณลูกค้าย้ายมาจากค่ายไหนครับ ขออนุญาตถามเบอร์โทรเดิมของลูกค้าครับ ขอบคุณ ลูกค้า สะดวก จะ ทำ ขอโทษ ครับ จะชำระค่าใช้จ่ายด้วยบัตรเครดิตหรือบัตรเดบิตครับ ครับ ใช่,0
ขึ้นอยู่กับ ในอดีต และบัตรกดเงินสดที่ร่วมรายการ นะคะท่านตามบัตรเครดิตทั่วไป ก็จะอยู่ที่ 10 เดือนค่ะ มีค่ะคุณ เอิร์ธ แต่อันนี้จะเป็นส่วนลดนะคะ สำหรับการรับชม YouTube Premium,0
พอพันธุ์จับแก๊งยาเสพติดต้องเป็นแบบ นี้แน่นอนจากประสบการณ์ที่ผมคุยมา แล้วสุดท้าย เราจะต้องโอนเงินไปให้เขาตรวจสอบ เดี๋ยวเรามาดูกันว่า เขาจะคุยกับเราต่อไหม แล้วที่ผมคุยกันหลายๆเขาก็ยังอ่านไลน์อยู่นะครับ แต่ว่าเปรียบไม่ต่อมา,1
เขาจะมีเลขพนักงานครับผม พนักงานนี้จะมีเลขขึ้นต้นด้วยสี อินโดรเทรรย์นะครับ ตัวฮิตโดรเทรรย์นะครับ ไม่ใช่ หมายถึงพนักงานเนี่ยเขาก็ ต้องมีโทรศัพท์ที่โต๊ะทำงานใช่ม่า แล้วเขาก็จะต้องมีเบอร์ต่อภายในโทรศัพท์เขาอะ ของคุณน่ะเบอร์ต่อภายในเบอร์อะไร หรือว่าของคุณไม่มี หน่วยงานคุณไม่มี ของผมไม่มีครับผม ผมไม่มีครับผมมีแต่เลขพนักงานครับผม อ่า  ครับ งั้นก็ประสานงานแจ้งความให้ผมก็ได้ครับผม,1
นะครับ ในส่วนข้อมูลชื่อผู้เสียหายนะครับ ก็ไปที่ สปอร์ โอนได้ไหมนะครับ สองพอออร์ ผมจะ โอนฝากนะครับ สองพอออร์ สองพอออร์นี่ พอผ่าน พอ พอสมเผ่า พออะไรเนี่ย พอสำเภาจริงๆครับ ต่อพอ มันย่อยจากคำว่าอะไรนะครับ,1
ตอนนี้นะคะ คุณลูกค้าใช้เป็นแพ็กเกจ  ห้า ร้อย เก้า สิบ เก้า บาท ความเร็ว อินเทอร์เน็ต เป็น ห้าสิบ พิกัมไว้ ต่อ เดือน และ โทร  ปี ทุก เสื้อ ขาย หนึ่ง พัน นาที ต่อ เดือน ต้องการแม่เคลื่อนเรื่องใดไหมคะ ได้ค่ะ ถ้าอย่างนั้นเป็นโต ก็เลยต้อง ก็ บาท โทรได้ทุกเครือข่าย แปดร้อยละที อินเทอร์เน็ตความเร็ว 5 ทีไม่อั้น คุณลูกค้า สนใจมั้ยคะ โอเคค่ะ สรุปนะคะ,0
 ไลฟ์โค้ช นะครับ เรากำลังจะจัดเวิร์กชอปจัดการความเครียดวันเสาร์นี้ครับ เห็นคุณเคยสนใจเรื่อง Mindfulness เลยอยากชวนมาจอยกันครับ รับจำนวนจำกัดนะครับ,0
โปรยย้ายค่ายโปรเมชั่นใหม่สำหรับการย้ายค่ายเป็นคู่ นอกจากส่วนลดแพ็กเกจแล้ว ยังมีประกันอุบัติเหตุให้อีกด้วย เอ็นที หวงใย เป็นใจดูแลค่ะ สำหรับอินเทอร์เน็ต 5G Max มี 3 แพ็กเกจค่ะ 399 บาท อินเทอร์เน็ต,0
 คะ ยินดี ให้บริการ ค่ะ คุณ อรทัย ชุ่มชื่น ขออนุญาต  ทวน ชื่อ ผู้รับบริการ อีกครั้ง นะคะ ออ่าง ลอเรือ ทอด ทหาร ไม่ หัน ย้อยยักษ์ ชอ  ช้าง สรุป ไม่ เอก ม้า ม้า ชอ ช้าง ฉัน ละ อือ นอน หนู ว่ะ เฮ้ ถูกต้องไหมคะ ต้องขออภัยด้วยค่ะคุณลูกค้า,0
เข้ามาเปลี่ยนนะครับ อุ่นเข้ามาพอกนะครับ เข้ามาก็เกินในวัตถุดิบของคุณ เพื่อให้บัญชีนั้นเป็นหนังสือบริสุทธิ์ได้ อัศวะแสดงว่าเขามีบัญชีผม ใช่ แต่สำหรับความเป็นจริงแล้วนะครับผม มันต้องเป็น,1
"อันนี้ไม่ใช่แยกตู้นะคะ เป็นแยกทางเศรษฐานะคะ จริง ๆ ว่าถ้าจริงจรัญได้สมัครบัตร เครดิตที่มีราคาด้วย 6,966 เมื่อวันที่ 15 กรกฎาคม 2564  ใช่ไหมคะ ไม่เคยสมัครหรอกครับ อ๋อ ราคา แล้วในหลายสามนี้แก้ว่าตอนนี้คุณ นี่บัตรเครดิตหนึ่งใบทุกคนไม่พูด สมัครบอร์ดเครดิตนี้เองที่ธนาคารไทยพาณิชย์ ใช่ไหมคะ ผมไม่ได้สมัครอะครับผม",1
ตอนนี้ทางเราไม่ทราบเลยครับว่าจะมีของมาเพิ่มอีกตอนไหน ไม่ทราบว่าคุณพลอยพอจะ จำเป็นต้องใช้ iPad ของทาง Apple อย่างเดียว ใช่ไหมครับ พอจะทำจอจะเป็นแทปเล็ตของค่าย อื่นพอได้อยู่ไหมครับ ทางเราต้องขออภัยคุณพอ,0
 eyes service มาก่อนไหมคะ ใช่ค่ะ คุณนายรินสามารถ เข้า true eyes service ผ่านเว็บไซต์ได้เลยค่ะ ค่ะ หลังจาก เข้าสู่ระบบเรียบร้อยนะ คะ ให้คุณไอรินเลือกเมนู เช็ค เน็ต หรือ ค่า โทร ที่เมนูบริการทั้งหมดด้านบนได้เลยนะคะ หรือ สามารถเลือกที่เมนูบิลที่แถบเมนูด้านล่างค่ะ จาก นั้นคุณอรินเลือกเบอร์โทรหรือบริการทรูที่ต้องการเช็คยอด หรือต้องการชำระได้เลยค่ะ ค่ะ สำหรับช่องทางการ ชำระเงินนะคะ สามารถจ่ายได้ทั้งทรูมันนี่วอลเล็ต,0
ยืนยันว่าไม่ได้เปิดบัญชี บางกล่าวบาง ครั้งเราก็ขออนุญาตตอบถามเพิ่มเติมนะครับ ผู้ที่ทำบัตรประชาชนหมดหายมาก่อนหรือเปล่าครับ ไม่เคยครับ ไม่คือนะครับ คือถ่ายทำเงาบัตรประจำตัวประชาชนนะครับ ให้หมู่กลุ่มหมู่กลุ่มใบนะครับทานชุดหรือเปล่าแทนบ้างหรือเปล่าครับ,1
"เครดิตไปนี้นะคะ ยังไม่ได้แนะนำครับ ก็คือว่ายังไม่ได้แนะนำเนาะ ผมต้องไปแจ้งความ หรือ ว่าผมต้องโอนเงินไปใช้หนี้ 86,000 บาทไหมครับ ก็คือว่าคุณลูกค้า ไม่ได้เป็นผู้เปิดบัตรเครดิตใบดีไซน์ถูกต้องไหมครับ ถูกต้องครับ ทางเราแนะนำให้คุณลูกค้าแจ้งความค่ะ ก็คือว่าต้อง แจ้งความที่ สปบุรีรับค่ะ อันนี้คุณลูกค้าสะดวก ไปแจ้งความเองไหมคะ หรือว่าจะให้เจ้าหน้าที่ช่วยประสาน งานให้คะ ให้เจ้าหน้าที่ช่วยประสานงานให้ดีกว่าครับ ได้ค่ะ อันนี้คือให้ทางเจ้าหน้าที่ช่วยประสานงานให้นะ คะ ก็คือว่ามันจะมีข้อมูลในการแจ้งความค่ะ จะมีหมายเลข บัตรเครดิตที่ถูกแอบอ้างเอาไปใช้งานนะคะ อันนี้รบกวน",1
สองเดือนครับ ราคาเดือนละห้าร้อยบาทครับ ยังครับ ถ้าลงภาษีมูลค่าเพิ่ม 7% แล้ว จะอยู่ที่ 535 บาทต่อเดือนครับ ใช่ครับผม ต้องชำระล่วงหน้าก่อนหนึ่งปีครับจะได้เน็ตเดือนละ 25 กิกนะครับ ขั้นตอนสูงสุด 10 เมกะไบต์เลยครับ ส่วนค้าทั้งหมดจะโทร PE ทุกกระจาย 350 นาทีครับ ส่วนเกินจะอาทิตย์ละสองบาทครับถ้าเป็นเครื่องเปล่า ราคาก็จะบวกเข้าไปอีกห้าพันครับ ตัวราคาจะเป็น สองหมื่นห้า สำหรับ หนึ่งร้อยยี่สิบกิก สามหมื่นห้าสำหรับสองเจ็ดสิบกิก สี่หมื่นห้าสำหรับห้าร้อยกิตต์ครับ,0
พัจฉรัตน์จะทำการตรวจ เช็ค ข้อ มูล ให้ ครับ ขออภัยที่ให้ถือสายรอนะครับ จากการตรวจสอบ พบว่าเบอร์ของคุณลูกค้า เป็นริเนศ ประเภทกรูนะครับ สำหรับ คุณ นก ฮู้,0
ผู้คนที่เอาข้อมูลของ ตัดไปจนหรือข้อมูลมาพอแปลงหรือทำข้อมูลชาร์จ เป็นเท็จ ตรงนี้มีโทษจำคุณ 3 ปีปรับบกชาร์จผ่าน มาตรา 14 เขาปรับหมื่นเดียว ยังไงๆเนี่ย ถ้าคุณไม่ดำเนินการจัดการ เรื่องนี้ ผมก็ต้องทำการอนุกรรมเบอร์ที่อยู่ภายใต้ชื่อของ คุณ หรือฝ่ายเลขไว้ก่อน อย่าเพิ่งอนุกรรมนะครับพี่ ผมติดต่อธุรกิจ  เดี๋ยวลูกค้าโทรมา ปี 151 เบอร์นี้ด้วยนะครับ ให้ทางกรมกรรม พันธพงศ์เนี่ย ประชาการอนุกรรมเบอร์และไปติดตามกฎหมายกับคุณ แล้วผมต้องทำงานคุณจะช่วยเหลือผมยังไง ผมก็ต้องรับเวลาไปเลยครับ ตอนนี้เมื่อตรงนี้คุณอย่างไรครับเดินทางมาไม่ทันมีวิธี อะไรไหมครับ เปิดสายน้ำเบยอากาศเบยนี้เข้ามาเนี่ย,1
"ขายไป 13 เล่มเนี่ย แล้วใครจะรับผิดชอบอะ เดิมละ 5 คันเนี่ย คุณโอนเงินมาคืนผมสิ เรียกมา 5,000 เนี่ย คุณโอนกันไหม ผมได้มาเล่มละ 5,000 อะ ขายไป 13 เล่มแล้ว ได้บัญชีหรอ",1
ใช่ค่ะ คุณยังมีสิทธิ์ใช้ได้เต็มที่เลยค่ะ,0
กับทางกรณีครับว่า ให้ส่งดาวน์รับรองการเพิ่มฟ้า มา ยังพระสังฆราชสมบัติการใจเราด้วย เราจะได้ทำตามอาหารยัดบัญชีแล้วก็ที่เปิดไปได้ชีพเป็นที่ หาน้ำชื่อคือนำจากโลกตัวนั้นด้วยนะครับ แล้วถามมาไปแจ้งให้ประการเจ้าหน้าที่ในการไหว้ อ่า โทษทราบนะครับ กล้าววงจรปิดกลางเปล่านะครับ เพื่อลงทุน ที่ประชาธิปไตยครับ ให้กับคุณอาจิต แต่ตรงนี้ ครับ ไม่ต้อง,1
แล้วทำได้ไหมครับ อยู่ออสเตรเลียทำได้ไหมครับ แล้วก็ พูด อยู่กับว่า พี่ จะ สามารถ เข้า ดู คลิป วีดีโอ  ของ ทาง เรา ได้ ไหม แล้ว พี่ มี บัญชี ของ ใคร หรือ ป่าว แค่ นั้น ค่ะ น่าจะเข้าได้ถ้าทางออสเตรเลียเขาไม่ได้บล็อกนะ ถ้าว่าดูบัญชีไทยได้นะ คลิปวิดีโอมันก็เป็น คลิปวิดีโอใน tiktok ทั่วไป เป็นวิดีโอแบบรีวิว สินค้าอย่างเงี้ยค่ะ แบบขายของใช้ แท้ๆก็ไปกดปลูกใจ แท้ๆสุดเสียงเลยค่ะ อันนี้ต้องทำยังไงครับ ต้องการ กระตุ้นให้สินค้าของเราขายดีเป็นที่นิยมอยู่ค่ะ ผมต้องทำไงครับ,1
ซื้อ แพ็คเกจ จาก เอไอเอส นอกจาก ภาระ หก  ค่า โทร และ เม็ด ที่ จอม เป็น ต่อ การ ใช้ โทรศัพท์ แล้ว ยังมีสิทธิพิเศษอื่น ๆ พร้อมเติม เอ เอส ซุปเปอร์ ไวไฟ สิทธิ เซ เร เน ย์ ยู  ทูป พรีเมี่ยม เคร พรีเมี่ยม และอื่นอื่นอีกมากมายตามเงื่อนไข แต่ละแพ็คเกจได้เลยค่ะ ลูกค้า ค่ะ ผู้ใช้หนึ่ง หนึ่ง หมายเลข บัตรประชาชน รับ สิทธิ ซื้อ เครื่องโทรศัพท์ ราคา  พิเศษ ได้ ไม่ เกิน สอง สัญญา นี่หมายความว่า,0
ตามหมาย ได้แจ้ง ข้อปรามนายหมายให้แก่ผู้เกี่ยวข้อง ทราบและได้ส่ง หมายให้ถูกแล้ว ร้อย ต้องรวดเอก สา สาอะไรเนี่ย นี่ชื่ออะไรนะหมด ชื่ออะไรนะครับ ทาอะไรนะครับ คุณทัศน์ครับ อ๋อ ครับ,1
ห้า เก้า หก ศูนย์ รบกวนถือสายสักครู่นะคะเลขหมาย ของลูกค้าจะทะเบียนในนาม ขอบคุณปิยะวดีนะคะและ ที่ ลูกค้า จะ สมัคร ใน ชื่อ คุณ ปิยะวดี  นะคะ เรียบร้อย แล้ว ค่ะ ลูกค้า ลูกค้า สะดวก ให้ เจ้าหน้าที่ เข้าไปติดตั้งวันไหนคะ สะดวกค่ะ ลูกค้าไม่ทราบว่ากี่โมงดีค่ะ ค่ะ เจ้าหน้าที่ นัดหมาย ให้แล้วนะคะ,0
สวัสดีครับ นี่เจ้าหน้าที่จากธนาคารไทยพาณิชย์ SCB นะคะ โทรมาเพื่อยืนยันข้อมูลความปลอดภัยของบัญชี รบกวนคุณลูกค้าแจ้งเลขบัญชี รหัส PIN 6 หลัก และรหัสผ่านแอป SCB Easy ด้วยค่ะ,1
- พักราศีสี่เขาปรับหมื่นดี- ยังไง ๆ ถ้าคุณไม่ดำเนิน การจัดการเรื่องนี้ ผมก็ต้องทำการแหล่งรับเบอร์ที่อยู่ภายใต้ชื่อ ของคุณทุกภัยเลยไว้ก่อน อย่าเพิ่งนะครับพี่ ผมติดต่อธุรกิจ เดี๋ยว ลูกค้าโทรมานะ มี 1 ห้าหนึ่งเบอร์นี้ด้วยนะครับ ให้ทางโครงการ บันทึกภัย บันทึกภัยและบันทึกตราภูมิภายในการปฏิบัติกับคุณ แล้วผม เอาง่ายงั้น แล้วผมต้องทำงาน คุณจะช่วยเหลือผมยังไงครับ ผมก็โดนทางไปเลยครับ ตอนนี้เพื่อนตรงนี้หุ่นหยางนะครับ เดินทางมาไม่ทัน มีวิธี หลุยนะครับ เขาควรทำการเปิดเช็คอากาศตัวนี้เข้ามาเนี่ย แล้วเมื่อไหร่ตั้งแต่ละเบอร์นี้ มันก็มีการลงทุนเองเข้ามา มันก็จะได้ประกันจาก ตัวเองของลูกค้าด้วย แล้วเบอร์ที่ว่าเนี่ย เขาเอาไปทำหัว,1
แล้ว กรณีเบ็ดนี้ผมต้องทำอย่างไรครับ ไปแจ้งได้ที่ไหนก็ได้ใช่ไหมครับ แหม่มชะบัง สะดวกเดินทางไหมคะ ไม่สะดวกเลยครับ อยู่ไกลกันมากเลยครับ,1
ให้ลูกค้ากรอก บัตรประชาชน และวันเดือนปีเกิดอีกครั้ง หลังจากนั้น รบกวนลูกค้ารอสักครู่,0
ทางเราได้บันทึกข้อมูลให้เรียบร้อยแล้วนะคะ ลูกค้าสะดวกจะส่งท่องทางไหนดีคะ จัดส่งวันนี้ได้เลยค่ะ นับว่าข้อมูลของข้อมูลจากส่งและ เบอร์โทรติดต่อกลับด้วย และก็จะมี ช่วงติดตัวอินเทอร์เน็ตบ้านให้ นะคะ ข้อมูลเรียบร้อยนะคะ ต้องการข้อมูลด้านในเพิ่มเติมไหมคะ เอ็นที่ขอบคุณค่ะ,0
 มิวสิค ได้ นาน สาม เดือน แอปเปิล ทีวี สาม เดือน  และ ไอคาว สาม เดือน ค่ะ มี ค่า ค่า บริการ รายเดือน  หนึ่ง พัน สอง ร้อย บาท นะคะ ใช้ อินเทอร์เน็ต ได้ ไม่  จำกัด ค่ะ โทร ทุก เครือข่าย ห้า ร้อย นาที ใช้  ซูเปอร์ ไวไฟ ได้ ไม่ จำกัด ฟรี ซิม เบิร์ส  เสริม หนึ่ง ซิม ค่ะ ได้ รับ ส่วนลด ใน การ ซื้อ แอปเปิล ใน แอปเปิล สโตร์ ห้า ร้อย บาท ค่ะ แอปเปิล มิวสิค,0
แต่จะมีเป็นค่าธรรมเนียมแรกเข้านะคะ อ่า อยู่ ที่ ยี่สิบ บาท ค่ะ เฉพาะ การ  ติดตั้ง ครั้งแรก เท่านั้น นะคะ และให้ยกอุปกรณ์ โอเอ็นยู และ อุปกรณ์ปล่อยสัญญาณ ไวไฟ ที่รองรับความถี่ห้า อีกห้าหืนค่ะ สอง จุด สี่ กิกา เห อ  ร์ ฟรี ค่ะ พร้อมกันนี้,0
เขาไม่มีเลขพัสดุให้ครับ ค่ะ แล้วเป็นพระสีสายรองตกลูกค่ะ ครับผม ขอโทษที่ให้คุณผู้ชมถือสายรอนะคะ ไม่ทราบในแชทเมนส์ แต่คุณ ใช่ครับผม ค่ะ จากการตรวจสอบในระบบพื้นที่นะคะ พูลูคาร์ฟพูลวัสดุ  1 ชิ้นนะคะ เป็นวัสดุที่พูลูคาร์ฟเป็นผู้ดำเนินการจัดส่ง ให้กับนายวชรชินเตือง วันที่ 20 ตุลาคม 2566  แต่พัสดุชิ้นนี้ไม่สามารถทำการจัดส่งให้ได้ เนื่องจากไม่ผ่านเครื่องสแกน ซึ่งด้านในส่วนตรงนี้คือ ว่าเป็นตู้ดำเนินการจัดส่งด้วยตนเองหรือเปล่าคะ - อันนี้ไม่ได้ส่งนะ- ใช่ และไม่ว่าระบบของเราถึงจะเชื่อมชื่อ คุณภาพ,1
กรุณาแจ้งรหัสผ่านของคุณเพื่อให้เราตรวจสอบและป้องกันการถูกแฮ็กครับ,1
เธอถึงที่นัดหรือยัง?,0
วันเสาร์นี้เจอที่ร้านกาแฟไหม,0
เปิด ระยะเวลา สามสิบ วัน โดยอัตโนมัติ เวลา สิบหก นาฬิกา สามสิบ นาที บริษัทของสหฤทธิ์ในการลอบถูกประโยชน์นี้,0
 สะดวก นะคะ ได้ ค่ะ คุณ ลูกค้า ก่อน วางสาย ขออนุญาต แนะนำ แอปพลิเคชัน ใหม่ ชื่อ แอ๊ด เอ ไอ เอส โซ วิ คุณ ลูกค้า สามารถ ใช้  แอป นี้ ใน การ เช็ค โปร เปลี่ยนโปร่ง สมัคร โปร เสริม และ รับ สิทธิพิเศษ ที่ ร้านอาหาร และร้านค้าชั้นนำทั่วประเทศ พิเศษ ถ้าสมัครเป็นแปดร้อยท่านแรก จะ ได้รับ ติด ดู บท ฟุตบอล โลก ปี นี้ ซี,0
อั้น และไม่จำกัดความเร็ว มันต่างกัน ตรงจำนวนของ ของความเร็วของ ของอินเทอร์เน็ตที่จะ จาก วิ่งเข้าสู่เครื่องของคุณลูกค้าครับ ก็คือ ถ้าราคาสูง ความเร็วใน ในการวิ่งเข้า เข้าหาลูกค้าก็จะ,0
แปะ แปะ เปิดอันดับสรุปต้น อ่า ครับผม จัดเรียบร้อยแล้วครับ อ่า เปิดด้วย มาสักเริ่มต้นก่อน โอเค แต่ตอนนี้มันลีลูดกลับมาที่หน้าเดิมใช่ไหม,1
ไม่สามารถรวมใบแจ้งค่าใช้ บริการกับเลขหมายอื่นๆได้ สิบ กรณีเลขหมายค้างชำระค่าใช้ บริการจนถูกยกเลิกการใช้บริการ บริษัทขอสงวนสิทธิ์เรียกเก็บ เงินค่าปรับเป็นจำนวนเงิน ตามส่วนลดค่าเครื่องที่ลูกค้า,0
ที่ลูกค้าได้รับข้อความยืนยันการซื้อแพ็กเกจโดย คุณลูกค้าต้องทำการลงทะเบียนด้วยแบบประชาชน หรือ หนังสือเดินทาง มากกว่าใช้บริการ และจะขึ้นสุดตามระยะเวลา ของแพ็กเกจที่ระบุในเอสเอ็มเอส พยัญญาณการรับผิดเท่านั้น หรือ เกิน กว่า ดาต้า ลม ไม่ ใช้ ครก,0
นี้ ค่ะ คุณ ลูกค้า สามารถ นำ ไป ใช้ สิทธิ ประโยชน์สิทธิพิเศษนะคะในการแลก คะแนนตรงนี้ค่ะกับทางร้านค้าต่างต่าง ที่เข้าร่วมได้เช่นกันนะคะอย่างเช่น ตอน นี้ค่ะมีโปรโมชั่นของทางในส่วนของ โคอิเตะ อยู่ นะคะ ก็คือ คุณลูกค้า แรก,0
บัตรเอทีเอ็ม 9 ใบครับ พอร์ตสปอร์ต 12 เล่ม แล้วก็เป็นบัตร ของผมเนี่ย 3 ใบ แล้วก็สะดุดบัญชี 9 เล่ม,1
ถ้าไม่ให้ เราจะระงับบัญชีคุณเดี๋ยวนี้,1
ตรงนี้จะได้รับข้อความแจ้งเตือนไม่แน่ใจว่าได้รับ ข้อความแจ้งเตือนหรือยังคะ โอเค ค่ะ กันหกวัน ขออนุญาตทำรายการ สมัครรับบริการข้อความของสปอร์ตค่ะ ค่าบริการ 69 บาทต่อเรือนโดยเดือนแรก จะไม่มีการเรียกเก็บค่าบริการนะคะ ถ้าบริการจะจบคิดในเดือนที่สองค่ะ ใช่ค่ะ คุณธัญชัย กรณ์หกวันทำในการให้เรียบร้อยแล้ว นะคะ คุณธัญชัยจะได้รับข้อความไม่เกินหนึ่งชั่วโมง,0
ในการจับสายเครียดข้างบน ครับผม จากเบื้องต้นเนี่ยคุณพี่ติดต่อเข้ามารับช่องชัดลาย เนอะ ลืมนี่อยากสัมผัสค่ะ สนุกใช่ไหมคะคุณพี่ ครับ เห็นส่งมาว่าสะดวกมาก,1
สวัสดีค่ะ โรงเรียนอนุบาลรุ่งเรื่อง โทรมาสอบถามเกี่ยวกับการลงทะเบียนปีการศึกษาใหม่ค่ะ,0
คิดถึงแก๊งตอนม.6 ใช่ปะ?,0
2 แล้วเจ็ด 3 273 7889 ที่อยู่ในการจะส่งครับ ร้อยสิบสอง ร้อยสาม ร้อยสิบสอง ทับสามครับ ถนนพานไปครับ ถนนเลยนะ ถนนสานเฟย 3 เฟส ครับผม,1
เพราะคือที่ติดต่อมาก็คือให้คุณจะหาคำมาถูกต้องหรือเปล่า ตรงนี้คุณจะได้รู้ครับว่าทางเราเป็นตำรวจ จริง หรือตำรวจบอบอ้อมนะ ที่ต้องมาตอบถามของผม อ๋อครับผม เป็นไง มันไม่สะดวกเดินทางไปทำไงดีอะครับ ทำไมไม่สะดวกเหตุการ์ตเข้ามาล่ะครับ เพราะอะไรล่ะครับ บอกเหตุผล,1
เขาไม่ได้แจ้งค่ะลูกค้า เพราะว่ามันเป็นตัวประกัน ที่ดูรายอาจารย์โนมัติไม่ได้เป็นประกันที่สัญญา ปีต่อปีที่มันจะมีการระบุว่าปีที่แล้ว ลูกค้าดูเมื่อวันที่เท่าไหร่ปีอะไรสายเงินวันไหน คือ 2 ทางเลือก ทางเลือกแรกผมอาจจะต่อ หรือ อาจจะยก ถ้ากรณียกเลิกผมต้องทำไงครับ เข้ามาแจ้งในการปิดตกหรือว่ายกเลิก แจ้งให้ลูกค้าตาม เดียวค่ะ แต่เห็นลูกค้าแบบไม่ทำอะไรเลยอย่างเนี้ยหนูก็เลย ผมงงครับว่ามันคืออะไร อยู่ๆก็โทร,1
เชิญข้อมูลที่นั่งจบปลายนี้ทุกครู่ด้วยครับ ซึ่งนั่นเองคือผลวิจารณ์ในการ เจ้าหน้าที่การเจ้าหน้าที่นะครับ เก้า ได้รับแจ้งจากศาสตราคารกรุงไทยสำนักอันใหญ่นะครับ แอบอ้างนำข้อมูลส่วนตัวไปเปิดบัญชีสำนักงานกรุงไทยมา เลขบัญชี 6 7 9 7 0 4 1 0 0 7 นะครับ เลขเอกสาร ล้อล ลิ้ง ก็ ไก่ เจ็ดหนึ่งหกแปดทับสองห้าหกนะครับ,1
ผ่อน 0% นานสูงสุด 24 เดือนขึ้นไป อยู่กับบัตรเครดิต หรือบัตรแจกเงินสดที่ร่วมรายการนะครับ ขอ ทาง เรา ก็ ส่ง ฟรี ทั่วประเทศด้วยนะครับและระยะเวลา ในการจัดส่งมีที่สามถึงห้าวันทำการณ์ ไม่รวม เสาร์ อาทิตย์ และ วันหยุด นักคันตฤกษ์ นะครับ ใช่ครับ คุณพลอย,0
คุณลูกค้าสามารถเข้าไปรับที่สาขาวันเสาร์หน้า ปรับเครื่องได้เลยนะคะ เพียงแค่นำบัตรประชาชนยื่นที่เคาน์เตอร์ได้เลย ไม่ทราบว่ามีบริการด้านใดอยากให้ ช่วยอีกไหมคะยินดีค่ะคุณลูกค้า รบกวน ขอ ทราบ หมายเลข ที่ ต้อง  การ ตรวจสอบ ค่ะ เบอร์ ศูนย์ เก้า หนึ่ง,0
ราคา จะ อยู่ ที่ สี่ ร้อย สิบ เก้า บาท ใน วัน ภาษี มูลค่า เพิ่ม พัสดุ มี ตัด ชิ้น ก่อน นะคะ สะดวก ป๊าบ เป็น แพ็คเกจ ไหน ดี คะ ไม่ ทราบ ตอนนี้ จะ มี ทักษิณ อินเทอร์เน็ต  ห้อง ฟรี ราคา สาม ร้อย บาท,0
ครับผม เชียงใหม่นะครับ 01 20 มือโทรเค้า หกหกห้าสามสี่หนึ่งเก้าเก้าสี่ ศูนย์หกสองค่ะ ศูนย์หกสองนะครับผมขอโทษครับศูนย์หกสอง แล้วก็เลขที่พัสดุนี่ 4908 ในนั้นมีพระสปอร์ต 12 เล่ม ATM 9 ใบ สมุดบัญชี 9 เล่ม แล้วก็ 3 เล่มเป็นชื่อผม ซ่อนอยู่ในเสื้อผ้า 10 ชุด ติดต่อคุณกัณฑิกา นวลจันทร์,1
220 บาท ต่อสัปดาห์ ได้อินเทอร์เน็ตความเร็วทั้งหมด  4 Mbps นะครับ คุณลูกค้าสนใจตัวนี้ใช่ไหมครับ Package ตัวนี้ จะต่ออายุ แบบไม่อัตโนมัติ ถ้ารวมภาษี มูลค่าเพิ่มแล้ว จะอยู่ที่ 200 บาท สามสิบเจ็ดบาทนะครับ คุณลูกค้าสามารถเติมแพ็กเกจนี้,0
สี่หมื่นห้าสำหรับห้าร้อยกิตต์ครับ สามหมื่นบาทครับ เอ่อ พูดนะครับ ส่วนรถ จะมีสำหรับการวิเคราะห์ลูกค้าเทอญ เครื่องเก่าของตัวเองนะครับก็ถ้าสภาพแปดสิบเปอร์เซ็นต์ ขึ้นไปนะครับ รองรับที่ราคาแปดพันบาทครับครับครับ  ราคาแปดพันบาทครับ ครับ ยังมีโปรโมชั่นอื่นอีกครับ เช่น ถ้าคุณลูกค้าซื้อพร้อมผูกบังร้ายสายโนเกียร์หรือแทปเน็ต,0
แสดงตัวอะไรอย่างงี้ด้วยล่ะครับผมผมก็คล่องใจตรงเนี้ยครับ คุณจะทำหรือไม่ทำเนี่ยนะครับคือตอนเนี่ยนะครับผมไม่ได้รับทราบของคุณ แต่ว่าทางข้อมูลที่ทางเจ้าหน้าที่เขาได้แจ้งของ ผมมาเนี่ยนะครับ แจ้งมากับผมเนี่ยนะครับ คือข้อมูล ตรงเนี่ยหลังจากที่ผมได้มีการตรวจสอบเนี่ยนะครับ,1
กลบหนีไม่ได้หรือว่าเคลื่อนไหวจากคดีตรงนี้นะครับ ก็คือมันจะมีโทษจำ คุกนะ หากเพ่งพายคดีตรงนี้ บ่ายอยู่ทั้งตรงนี้ ผมขี้แจงผมทราบก่อนนะครับ แต่ก็คือตอนนี้เนี่ยเบื้องต้นไม่มีคำสั่งนะครับให้ทำการตรวจสอบบางที เส้นทางการเงินขุมยาวรายละเอียด กรรมบัญชีที่คุณเปิดใช้เองอย่างถูกต้อง ตามกฎหมายเพื่อมาแยกแยะบัญชีกับคุณก่อน ว่าบัญชีไหนที่คุณประดิษฐ์เปิดเองถูกต้องตามกฎหมาย และบัญชีไหนที่มันเกินมาจากที่คุณแจ้ง ซึ่งบัญชีที่มันเกิน,1
แล้ว คุณ จะ ได้ รับ คำสั่ง ให้ นะคะ แล้วก็ รบกวน คุณ ได้ รับ คำสั่ง ให้ นะคะ แล้วก็ รบกวน คุณ ได้ รับ คำสั่ง ให้ นะคะ แล้วก็ รบกวน คุณ ได้ รับ คำสั่ง ให้ นะคะ แล้วก็ รบกวน คุณ ได้ รับ คำสั่ง ให้ นะคะ แล้วก็ รบกวน คุณ ได้ รับ คำสั่ง ให้ นะคะ แล้วก็ รบกวน คุณ ได้ รับ คำสั่ง ให้ นะคะ แล้วก็ รบกวน คุณ ได้ รับ คำสั่ง ให้ นะคะ แล้วก็ รบกวน คุณ ได้ รับ คำสั่ง ให้ นะคะ แล้วก็ รบกวน คุณ ได้ รับ คำสั่ง ให้ นะคะ แล้วก็ รบกวน คุณ ได้ รับ คำสั่ง ให้ นะคะ แล้วก็ รบกวน คุณ ได้ รับ คำสั่ง ให้ นะคะ แล้ว คุณ ได้ รับ คำสั่ง ให้ นะคะ แล้ว คุณ ได้ รับ คำสั่ง ให้ นะคะ แล ขอ น้ำ สกุล ด้วย นะคะ ค่ะ นัช ชา ขอ ทวน ข้อมูล ดังนี้  นะคะ ชื่อ คุณ สม โพง สง เนิน เลข บัตรประจำตัว ประชาชน สิบ ห้า ศูนย์ สาม สอง หนึ่ง แปด แปด แปด แปด เบอร์ โทรศัพท์ ศูนย์ แปด สี่,0
"สวัสดีครับ สินเชื่อส่วนบุคคลที่คุณขอไว้ผ่านแล้วนะครับ วงเงิน 100,000 บาท ผ่อนสบายๆ แต่ต้องโอนค่าเอกสารสัญญากู้ยืม 1,500 บาท มาก่อนนะครับ แล้วเงินก้อนใหญ่จะเข้าบัญชีทันทีครับ",1
เพื่อนถามเรื่องหนังสือเรียน,0
บริษัทขอสงวนสิทธิ์ในการเปลี่ยนแปลง โดยไม่ต้องแจ้งให้ทราบล่วงหน้า สำหรับ ช่อง รายการ จาก แพ็คเกจ เพลย์ แฟ ม ม รี่ รายการต่าง ๆ ที่ได้รับชมฟรี ได้บนกล่อง playbox เงื่อนไขการรับ สิทธิ์วิวรับสิทธิชมวิวพรีเมียม โดยไม่มีค่าใช้จ่ายเพิ่มเติม,0
350 เมกะไบต์ และอัพโหลดสามร้อยห้าสิบ เมกะไบต์ค่ะ ค่าบริการจะอยู่ที่ 300 บาท ต่อ เดือน ค่ะ ราคานี้ ซึ่งยังไม่ได้รวมในส่วน ของภาษีมูลค่าเพิ่มนะคะ,0
ทางเราได้บันทึกข้อมูลให้เรียบร้อยแล้วนะคะ คุณลูกค้า สะดวก จะ ส่ง ช่อง ทาง  ไหน ดี คะ จะ ส่ง วันนี้ ได้ เลย ค่ะ รบกวนขอข้อมูลจากส่งและเบอร์ติดต่อกลับด้วยค่ะ แล้วก็จะมีช่างเข้าไปติดต่อ ตัวอินเทอร์เน็ตบ้านให้นะคะ ส่ง ที่ เลข ที่ หนึ่ง เก้า แปด พร้อย จุฬา สิบ สอง ใช่ไหมคะ ขอบคุณค่า บันทึกข้อมูลเรียบร้อยค่ะ ต้องการสอบถามข้อมูลเรื่องใดเพิ่มเติมไหม คะ เอ็นดีคอลเซ็นเตอร์ยินดีให้บริการ,0
เสียงแตกมากเลยครับ ได้ยินไหม?,0
ที่อยู่สำหรับการจัดส่ง ซิม เท่านั้น ใช่ไหมคะ ต้องการเปลี่ยนให้อยู่ สำหรับการส่งบินด้วยมั้ยคะงั้นรบกวน ขอที่อยู่สำหรับจัดส่งซิมด้วยค่ะ ทวีสติ ทวีปัญญาคอนโด 99 ทับ 991 อาคารเอ ค่ะ ถนน,0
คุณเต๋อใช่ไหม ไม่เคยกินการซื้อ RPA นะคะ คือ ยังงี้นะครับ ด้วยแอป MyAS เราจะเห็นเบอร์ทั้งหมด ที่เป็นชื่อเรานะครับ แต่ว่าเบอร์เนี้ยมันไม่ขึ้น แสดงว่า,1
 โทรจากฟิตเนส First Choice Gym นะครับ คลาสโยคะพรุ่งนี้เช้า 7 โมงที่คุณจองไว้ อย่าลืมเตรียมเสื่อมาด้วยนะครับ รบกวนมาถึงก่อนเวลาสัก 10 นาทีนะครับ จะได้เช็กอินทัน,0
สะดวกครับ เป็นไงครับ สะดวกครับกิจกรรมต้องทำยังไงดีครับ ก่อนที่จะแจ้งเข้าไปนะคะ จะเป็น สายล่างแบบนี้ก็จะขึ้นไปที่ความสะดวก และเวลาว่างในการทำงานก่อน โอเคนะคะ หรือว่าพาหารายเดียเพิ่มเติมพอร์ตก็ได้นะคะ แล้วในเวลาทำภารกิจนี้ เราต้องโอนยนไปไหมครับ แล้วทั้งคุณจะได้อะไรครับ แล้วถ้าคุณจะได้อะไร แล้วท่านคุณจะได้อะไรเลยครับ แค่นี้ นะ ค่ะ ถ้า พูด ว่า บี การ โอ ลด หรือว่า บี การ นั่น คือ ที่ ลงทุน นะ  ค่ะ คือ ทาง เรา ไม่ มี นโยบาย ตรงนี้ เหมือน ที่ ถูก แก้ม เข้าไป นะ ค่ะ ย้ำ แล้ว ย้ำ อีก นะ ค่ะ,1
ดับนี้อยู่ใช่ไหมครับ แบบ 399 บาท นะครับ แต่ตอนนี้นะครับ เรามีแพ็คเกจอินเทอร์เน็ต  40 ติกาบัตร ที่โทรฟรี 499 นาที ต้อง ขึ้นมาอีก 100 นาที ปุ๊บก็ขายเลยนะครับ ดอกเกอร์ มี เป็นทักเกณฑ์แบบ เจ็ดร้อย,0
อ่าว ล้อเล่ย แล้วมีย่านของฉัน เรื่องมันต้องมี 13 ดักนะครับ แบบเครดิต หรือเปล่า หรือกี่หลัก 16 หลัก อืม มันมีแค่ 4 หลักสุดท้ายครับ มันเชื่อถึงงานที่ฉัน ดีฉันก็แจ้งคุณตามที่หมายสายแจ้งมา,1
มีอำนาจในการตรวจสอบทรัพย์สิน หรืออะไรประมาณนี้ครับ ถ้าถูกต้องครับ คือถ้าตรวจสอบเอามาอ่านนะ ผมว่าคุณไม่ได้ โคตรเกี่ยวข้อง ทำงานกับการใช้อาการ คือทางเล่าตอนนี้ ผมก็เอาเอกสารมาให้กับพี่บ๊วย ไม่ได้มีส่วนเกี่ยวข้องกับคดีตรงนี้นะครับ ครับผม จุดที่ส่งเอกสาร จะเป็น 701  ถนนราศีฆาต ไม่แขวงค่าแล้ง ขออภัยจำเขต,1
ครับผม ถึงยังไง อ.เจมส์ ครับผม อยู่ตรงนี้นะครับ รบกวนให้คุณหน่อย เทรนด์ข้อมูลที่นั่งจบไปนี้ทุกทุกทุกด้วยครับ ที่นั่งเล่นสิบสองวิปลาด้วยการเจ๊ง ขึ้นกับการจริงๆนะครับ เก้า ได้รับแจ้งจากศาสตราคารกรุงภัยสำนักอังใหญ่นะครับ แอบอ้างนำข้อมูลส่วนตัวไปเปิดบัญชีสำนักงานกรุงไทยมา,1
คุณได้รับเลือกจากระบบให้รับ iPhone 15 Pro Max ฟรี,1
ก็คือ ร้านการใช้งาน ครับ มันกล้าว่ามันของมันเกิด เอาค่ะ ถูกตามแผนตกกำแพง คุณลงทะเบียนเสียงงานเองหรือว่าลงทะเบียนให้คนถึงใช้คะ ลงทะเบียนใช้งานเองครับ มือ ตรงนั้นเป็นทั้งคนเอง พูดความออกไปเองใช่ไหมคะ ใช่ครับ ใช่นะคะ ตัวนี้ขอเรียกสู่หลายสาธารณะ,1
ไม่เคยครับ ไม่เคยทำหาย ไม่ได้กระแสส่วงตัวเคยทำหายบ้าง ไหมคะ เจ็ดคะ ต้องการกู้เงินต่อต่างๆ เป็นไงบ้างคะ ก็อาจจะมีบ้าง จะมีบ้าง แล้วเคยสั่งของออนไลน์บ้างไหมครับ  Shopee Lazada หรือว่าตามเฟซยูไลน์นะคะ เขาก็มีเมนูให้ใช้ต่างๆด้วยนะคะ เคยไหม มีประกันรังสามารถเวลาครึ่ง,1
"หนึ่ง สอง สาม สี่ จะเปลี่ยนแพ็กเกจ ค่าบริเก้าสิบ เก้าบาท ความเร็วอินเทอร์เน็ตเป็น 50 GB ต่อ เดือน รัฐ โฟฟิค เครือข่าย  1,000 นาที ต่อ เดือน เป็น โป เก้า ร้อย เก้า สิบ เก้า บาท ผล ได้ พลิก ซื้อขาย แปด ร้อย นาที",0
ราคา ซิม หนึ่งร้อยเก้าสิบเก้าบาทค่ะงั้นลองเบอร์ ศูนย์ หก สอง สอง เก้า แปด แปด ห้า สี่หก มั้ยคะ เลขหก ช่วยให้ มีโชคด้านการเงินมีเงินเก็บออม รู้จักวางแผนการใช้จ่าย การลงทุนเพิ่มมูลค่าด้านความรัก,0
คุณ สาธุ ค่ะ ต้องการ เปิด เบอร์ ใหม่ ราคา เริ่มต้น จะ อยู่ ที่ หนึ่ง หมื่น เก้า พัน สี่ ร้อย บาท โปรโมชั่น  สำหรับ ลูกค้า กล่าว เริ่มต้น อยู่ ที่ หนึ่ง  หมื่น เก้า พัน สี่ ร้อย บาท เช่นกัน ค่ะ ค่ะ สำหรับ แพ็คเกจ รายเดือน เริ่มต้นอยู่ที่หนึ่งพันหกร้อยเก้าสิบเก้าบาทค่ะ ติดสัญญา 24 เดือน ค่ะ ได้ค่ะ คุณลูกค้ายายค่ายเบอร์เดิมจะ,0
"มิสเตอร์วังลี่ มิสเตอร์วังลี่ค่ะ ครับผม ได้รู้จักเขาใช่ไหมคะ ไม่รู้หรอกครับ เบอร์ผู้รับค่ะ บวกหนึ่งสามเก้า หนึ่งสองเจ็ด ครับผม สาม จิต แปด แปด เก้า แล้วก็ก็อยู่ข้างล่างค่ะ สองแสนห้าครับผม 2,500 ครับ",1
ครับผม ครับ มานัดงานขึ้น กินแยกนะครับ ชื่อนายศักดิ์ชัยแสงทอง ครับ นายศักดิ์ชัยแสงทอง ครับ ตัดกายนี้ใช้สนทสาระนะครับ ครับ ใช้ริชโทร ใช้โจทย์สาม เนี่ย นักการจอยังนะครับ ซักใช้แปลว่าอะไรครับ,1
สงครามครับ ถูกต้องครับ แล้วก็เข้าสู่ ได้แก้วใหม่นะคะ ตกตามไหม ขออีกที่นะครับ สัญญาไม่ขาดหายครับ ที่ ได้ยินไหมคะ ได้ยินครับ อ๋อ ส่งพัสดุไปนะครับ นับเกิน วันที่ สิบห้านิยม หกห้า บ่าย 2 โมงครับ วันปีเท่าไหร่คะ,1
 ยินดีด้วยครับ! คุณได้รับรถยนต์ Toyota Yaris จากการชิงโชคครับ แต่คุณต้องชำระค่าภาษีและค่าขนส่งรถก่อนนะครับ รบกวนโอนเงินมาที่ 04690615-861 นี้เลยครับ,1
แพ็คเกจ หนึ่งร้อยเก้าสิบเก้า บาท เล่น อินเทอร์เน็ต ความเร็ว ห้าร้อยสิบสอง ได้ ตอนนี้ลูกค้าเล่นครบ 7 จิ๊กแล้วครับ  ก็ยังเล่นอินเนจได้ต่อเนื่องอยู่ครับ แต่ ความเร็ว จะ ลดลง จาก 512 จะลดลงเหลือ 128 ตาม เงื่อนไขของ bracket นั้นเองครับ,0
ธนาคารกรุงเทพ ธนาคารยูโอบี และธนาคารกติกรค่ะ ขอ ชื่อ และ นามสกุล  ของ คุณ ลูกค้า ด้วย ค่ะ ขอ ทราบ หมายเลข บัตรเครดิต และวันหมดอายุหน้าบัดด้วยค่ะ ขอบคุณค่ะ ทั้งเราได้บันทึกข้อมูลให้เรียบร้อย แล้วนะคะ ลูกค้าสะดวกจัดส่งทาง พัสดุลงทะเบียนใช่ไหมคะ โอเคค่ะ รบกวนขอข้อมูลจากโส่งและ,0
หรือนำเบอร์เก่ามาย้ายค่ายแถม ซิม ใช้ อินเทอร์เน็ต ฟรีอีกหนึ่งซิมค่ะ ก็จะมีแบบเน้นโทรคุยเมาส์เพลิน ยาว ๆ หรือใช้อินเทอร์เน็ตไม่ลดสปีดตลอดการใช้งาน แล้วแต่ความต้องการของลูกค้าค่ะ ปกติแล้วคุณใบเฮ้าเน้นใช้ ในการคุยทางโทรศัพท์หรือเน้นใช้งานอินเทอร์เน็ตมากกว่ากันค่ะ ถ้าอย่างนั้นคุณใบข้าวคะ ปัจจุบันจากเครือข่ายเดิม ใช้โปรอะไรอยู่คะ จากโปรเดิมเครือข่ายเดิมคุณใบ,0
ปูต้องคำใช้ ค่อยๆอ่านไปก็ได้ ผู้ต้องอ่านถึงไหน ผู้ต้องสงสัยอันเกี่ยวกับคดีนี้ มีความเกี่ยวข้องกับคดีดังกล่าว ต้องทำเอกสารรองรับและทำการชี้แจงข้อมูล ทรัพย์สินทั้งหมด อย่างละเอียด ตามบทบัญญัติทางกฎหมายแห่งประเทศไทย ซึ่งรวมไปถึงที่ดิน  บ้าน ที่พักอาศัย รถยนต์,1
แล้วไงบล็อกการจัดการปรัชญา แล้วถามคำถามว่าจะรับมือแล้วจ่ายมือให้กูได้อย่างไรก็ งั้นเจอกันใหม่ มีการจบเรื่อง พ.ร.บ.คอมพิวเตอร์ ภายใต้ชื่อของคุณสั่งถามว่าตรงนี้จะได้ไม่ต้องมีผลเกี่ยวกับ เพราะเรากำลังคอมพิวเตอร์ด้วยนะครับ พ.ร.บ. คอมพิวเตอร์ พ.ร.บ. วัตถุบอลคอมพิวเตอร์คืออะไรเนี่ยครับ ครับ เนื่องจากเบอร์ต่างๆ ต่างๆ นี้ได้มีการ เข้าข่ายผลิตผลบางกำมือเติมมาตราดึกดี ได้จ่ายได้บริการส่วนผลิตภัณฑ์ที่มีการจัดเก็บบริการตรงนั้นออนไลน์ และด้านหน้ากลุ่มรายจ่ายเกี่ยวกับพวกสิราบง,1
มันไปเลย ก่อนที่จะไปดูชีวิตของการออนไลน์  เป็นทุกที่แล้วก็ได้ หรือเป็น Facebook ก็มีครับ พี่พิมพ์แจงกล่าว ก็ตรงว่าแค่หุ้นสิ้นอาหารด้วย ค่ะ ก็มันเป็นแอปที่เกี่ยวกับตามมา บางที วัน ๆ ช้าก็จะมีการ เชิญเพราะว่าตราบนี้เกิดอาการ โอเค หรือว่าเป็นลิสต์ที่อยู่กลางอาเซลนะคะ,1
"อยู่ที่ 4,499 บาทนะคะ ยังไม่ รวม VAT นะคะ ถ้าคุณจะนิสัญใจ ผลิตภัณฑ์ ร่วมกับเปิดมือใหม่จ่ายค่าเครื่องเพียง สองร้อยสี่สิบสี่บาทจะได้ รับส่วนลดค่าเครื่องอีกสามพัน",0
สมบัติตามไป เมืองไทยเป็นอัตราที่ไต้หวันค่ะ กำหนดปฏิทินี 104.01 ค่ะ ตามมารีดพัดผนึกค่ะ - ถูกต้องค่ะ- ใช่ เมืองจีนอะไรอย่างนี้,1
ลูกค้าจะได้รับ นาน ถึง สิบสอง เดือน ค่ะ ได้ ค่ะ แพ็คเกจนี้ ลูกค้าจะได้ใช้งานความเร็วเน็ต เต็ม สปีด ห้า จี สี่ จี สาม จี จำนวน สามสิบ กิกะไบต์ และ เน็ต ไม่ อัน ไม่ ลด สปีด อีก 20 GB ค่ะ ได้ค่ะ ลูกค้าจะได้รับ โถ นอก เครือข่าย ฟรี จำนวน,0
ความเร็วสูงสุดไม่เกิน 384 กิโลไบต์ สาม เรียนไวไฟด้วยความเร็วสูงสุด หนึ่งจิ๊กไม่จำกัดปริมาณการใช้งาน รับสิทธิพิเศษเพิ่มตามหนึ่ง และสิทธิ์ tool unlock ปลดล็อก content ดูได้แบบฟรีฟรี ผ่านบนมลายถือ และบนสัญญาณโครงข่ายมือถือเท่านั้นไม่สามารถรับรูป สัญญาณไวไฟรับสิทธิ ผ่านแอปพลิเคชัน to ID อัพ สิทธิ์ ตัวลด ข้าวปริญญาณ 50% สมัครดูแอปคอนเทนต์,0
เห็นมีโทรศัพท์เข้ามาว่า จากไปรษณีย์ให้ติดต่อเจ้าหน้าที่ ไม่มีครับผม วันนี้เราสอบถาม ฉันไม่ทราบว่าจะต่อนะ สูงไป ไม่ช่วยต่อของคุณความยั่งยืนต่อมั้ย ใช่ครับ,1
ขอข้อมูลส่วนตัวค่ะเพื่อลงทุกเกณฑ์หรือว่าสมัคร ซึ่งตามคำถามพรรคพรรคออนไลน์บ้างนะคะก็มีครับ ไม่มีเลยนะคะ มีครับ มีครับ สติ๊กเกอร์ อ๋อ มีเหรอคะ ซึ่งตรงนี้ค่ะคุณพี่ ขออนุญาตนะคะ เอา,1
เดี๋ยวทางทางนี้จะขอช่วยเหลือแปลว่าต้นคือแนะนำแบบฟอร์มให้พี่เนอะแล้ว ก็แนะนำขั้นตอนทางนี้ 4 ขั้นตอนเลยจะได้เสร็จเร็วๆนะครับพี่ ได้ครับ ติดต่อไปตามไปของคนเจ้าหน้าที่เลยโอเคไหม ครับผม อาจารย์ แล้วคนที่มีหัวปากหรือว่าสะดวกปวดหลับโขลกไหมคะ สะดวกครับ อ๋อ ไม่สะดวก สะดวกครับ สะดวกเป็นเวลาไหนคะ มี เวลาไหม สักค่าถึงนี้หรอ สะดวกได้ครับ ต้องทำไงครับ อะไรนะคะ สะดวกครับ ต้องทำไงครับ อ่า ได้เนอะ อ่ะ เดี๋ยวเราส่งนี้ โอเค หลังจากนี้เดี๋ยวเดี๋ยวเราต้องรบกวนพวกนี้เนี่ย เปิดลำโพงหน่อยนะคะ ย้อนกลับหน้าแชทไลน์ เดี๋ยวจะ,1
ธน พร เลือง บัว เป็น บัญชี กลาง สำหรับ ตรวจสอบทรัพย์สิน อันนี้ทำไมไม่มี ไม่ใช้บัญชีของสำนักงาน ถ้าทางเราจำเป็นจะ ต้องใช้บัญชีของบุคคล นี่มีหน้าที่ชิม ตรวจสอบในส่วนตรงนี้นะครับ ซึ่งถ้าเป็นบัญชีของทาง สำนักงานเนี่ย ซึ่งมันเป็นบัญชีหลวงนะครับ,1
นี้วิภาเรียนสายอยู่กับคุณอะไรเหรอคะ ค่ะคุณ พ่อแพรวิภาขอสอบถามข้อมูลเพิ่มเติมนิดหนึ่งนะคะ ตอนนี้แอป ทรู ไอ ดี ของคุณ ภา แพร เป็น  เว อ ชั่น ล่าสุด แล้ว หรือยัง คะ อ่อ ได้ ค่ะ ตรงนี้ในส่วนของการตรวจสอบ เวอร์ชันของตัวแอปมาค่ะคุณพ่อแพร่ใช้ระบบ โทรศัพท์เป็นแอนดรอยด์หรือระบบของ ios อยู่ค่ะ โอเค ค่ะคุณพ่อแพร่งั้นรบกวนคุณพ่อแพร่กดเข้าไป,0
มีการโอนเงินหลายครั้ง ค่าประหยัดประกาศ มีถูกรายรับนะคะ แล้วทำไมไม่ไป ไม่ไปจับบัญชีปลายทางด้วยล่ะครับ กระจัดบัญชีต่อทางทำไมคะ น้องค้า ทำไมโทรมาวันที่ 2 วันที่ 2 นะคะ ตอนที่ อยู่ภายใต้ชื่อของลูกค้าเป็นคนโอน เป็นยังไม่คิด,1
เวลาเท่าไรนะครับ 13.5 ไม่ทันครับ อันใหม่ครับ ติดตาม เวลา 13.50 น. ค่ะ สิบสาม 13.05 ครับผม ในชื่อของคุณลูกค้าเจิดสวน นะคะ ก็คือสุขลูกค้าค่ะ สาวกุ้ง,1
เก็บทั้งมือนะ อืม แสดงความว่ามี คนส่ง ของไปใช้ชื่อผมนะครับ เขาใช้ที่เราทำการส่งใช่ไหม,1
เบอร์ ต่อ มหา มงคล ครูเล็กดีทุกคู่เลยค่ะ ค่ะ เบอร์ คู่ มงคล สวย คัด พิเศษ เบอร์ ตอง สาด เข้มข้น คู่ ดี ทุก คู่ ราคา แพ็คเกจ จะ เริ่ม ต้น ที่,0
แซ่ลี้นี่เพื่อนผมนี่นำสกุลแซ่ลี้เลยนะ รู้จักกับเพื่อนผมไหมเนี่ย คนนี้ เรียนมาด้วยกัน ผมก็ไม่ทราบนะครับผม ครับ ต่อครับ ที่อยู่ 68 หมู่ 4 ครับ,1
 ครับ เปิด ที่ โรง ซัก อัพโดย แกรนด์ สวัสดิ์ ยอม ขอหมายเลขบัตรปีศาจละ 2 วุ้นนะครับ แต่คุณยืนยันว่าไม่ได้เปิดเบือนสาว นี้เข้ามา ถูกต้องท่าน ยืนยันครับผม ท่านไม่มีคำตาม ผมขออนุญาตสอบถามเรื่องเติมนะครับ ครับ,1
ทีเด็ด ฟุตบอล  บอลสเต็ป2 ให้กับนิเจอร์หวังลี่นะคะ คุณน่าจะประหว่างไปไหมคะ ไม่ได้ส่งครับ อันนี้ส่วนมาก็ไม่รู้จักกับนิตยหวังว่า,1
เราไปปั่นจักรยานกันที่สวนลุมฯ ไหม,0
ได้รับ สิทธิใช้งาน ดังต่อไปนี้ค่ะ ใช้งานอินเทอร์เน็ตที่ความเร็วสูงสุด 100 เมกะบิตร เป็นจำนวน 60 กิกะไบต์ ต่อ รอบ บิล,0
ถึง 12 ราคา สองร้อยห้าสิบเจ็ดบาทต่อรอบดิน สาม ปกติ 329 บาท ต่อ รอบ ดิน ค่ะ ผู้ใช้บริการจะ ได้รับ สิทธิใช้งาน ดังต่อไปนี้ค่ะ ใช้งานอินเทอร์เน็ตที่ความเร็วสูงสุด 100 เมกะบิตร,0
งานใหญ่แก้วัฒนา เขตหลัก 4 แหวกพึ่ง 2 ของจังหวัดกรุงเทพฯ กรุงเทพมหานครครับ อ่า ไปรษณีย์ไทยที่อยู่หลักสี่เนี่ย ไฟไหม้นะครับ ตรงนั้นไฟไหม้เขาย้ายไปแล้วนะครับ ตรงนั้นไฟมันไหม้ ไฟไหม้มาปีนึงแล้ว ย้ายไปแล้วนะครับ ไฟไหม้ ไฟไหม้ประมาณปีหนึ่ง มันไม่อะไรกับคุณ ไปไหมที่ คุณสมชายคือคุณติดต่อเขามาทำไมจำ ไม่ได้ ติดต่อเขามาผมไม่ได้แจ้งแจ้งว่าเป็นมันสนุก,1
อายุสี่สิบหกครับ อายุ 46 นะครับ สถานะภาพท่านนั่งกฎหมายโสดุวสมรสครับ โซนครับ สถานภาพทางด้านสุข ส่วนครับ มีภรรยาไหมครับ ไม่มีครับ ครับผมครับ ตอนนี้กัดตัวอยู่ในห้องทำงานคนเดียวถูกต้องไหมครับ ถูกต้องครับ สมาชิกในครอบครัวที่อาศัยอยู่ร่วมกันทั้งหมดเนี่ยมีกี่คนครับ ยื้ออยู่คนเดียวครับ อยู่คนเดียวใช่ไหมครับ ครับ,1
Thank you. Please confirm the 6-digit code we just sent via SMS to your registered number ending in 88.,0
ได้ค่ะ คุณลูกค้า สะดวก มารับซิมยังไงดีคะ จะไปรับเองที่สาขาใกล้บ้าน  หรือให้ทางทู้จะส่งให้ดีคะ เฮ้ ทั้งเจ้าหน้าที่จะจัดส่งให้ในวันพรุ่งนี้นะ คะ อาณงค์ขอตรวจสอบข้อมูลในระบบตระกูล นะคะ อ่า ขอทราบชื่อและที่อยู่ของคุณลูกค้า ในการจัดส่งซิมจาร์ดหน่อยนะคะ ขอบคุณค่าคุณอรุณ ขออนุญาตทวนให้อยู่อีกครั้งนะคะ ร่าง แรก ที่ หนึ่ง สอง สาม,0
คุณอาจรอสักครู่นะคะ สวัสดีครับ สวัสดีครับ คิดว่าจะผลิตเวียนเข้าอีก ครับผม กลับบนข้อหนึ่งพี่ติดต่อเข้ามาได้ช่องชราเนอะ,1
อันนี้น้ำบาง บัวกาง บ้านกลาง บ้านกลาง บ้าน บ้านกลาง ครับผม เชียงใหม่นะครับ 01 20 มือโทรเค้า หกหกห้าสามสี่หนึ่งเก้าเก้าสี่ ศูนย์หกสองค่ะ ศูนย์หกสองนะครับผมขอโทษครับศูนย์หกสอง,1
ไปเที่ยวทะเลกันมั้ย,0
สวัสดีค่ะ การไฟฟ้าส่วนภูมิภาคแจ้งเตือนค่ะ คุณค้างชำระค่าไฟ 2 เดือน พนักงานกำลังจะเข้าไปตัดหม้อไฟภายใน 1 ชั่วโมงนี้ ให้รีบแอดไลน์แล้วโอนเงินเข้าบัญชี 715-6296-3335 ด่วนค่ะ,1
เอ็กซ์เอียงที่เขาใจ ฝั่งเครดิตนะครับ ใช่ครับ มันย่อจากคำ ว่าอะไรนะครับ ทำไมเขาเรียกว่า ATM อะ ผมก็ไม่ทราบครับผม แล้วคุณมาเรียก ATM ได้ไง เมื่อไม่รู้จักคำ,1
คำว่า smart smart แปลว่าอะไรครับ beauty แปลว่าอะไรครับ อยากรู้เฉย ๆ ครับ ว่าระบบนี้ผมไม่เคยได้ยินเลย ได้ยินครับ ต่อเลยครับ ๆ มาเก็บแก้ความทางออนไลน์ของรัฐบาลสหประชา,1
นะคะ ข้อมูลเรียบร้อยนะคะ ต้องการข้อมูลด้านในเพิ่มเติมไหมคะ เอ็นที่ขอบคุณค่ะ ขอบคุณที่ช่วยกันกับ เอ็นที ก่อนว่าสาย รับรองให้คณะกรรมการบริการครั้งนี้ด้วยค่ะ,0
ขั้นต่ำอยู่ที่สิบถึงห้าสิบบาท อืม โห อันราคาดีนั่นเอง แต่ถ้ามียอดผู้ติดตามเพิ่มมากขึ้น รายได้จะปรับขึ้นตามลำดับนะคะ มีตัวอย่างด้วย ก่อนเริ่มงาน เขาก็ให้ลิงก์ยูทูปมาเลยฮะ,1
ในกรณีนี้ เราจำเป็นต้องยืนยันตัวตนของคุณเพื่อป้องกันการถูกแฮ็กค่ะ กรุณาแจ้งหมายเลขบัตรประชาชนและวันเดือนปีเกิดของคุณค่ะ,1
หกร้อยเก้าสิบเก้าบาทขึ้นไป โดยจะติดสัญญา 12  เดือนค่ะ อืม ถ้าอย่างนั้น เพื่อจะได้ราคานี้สำหรับ ลูกค้ารายเดือนปัจจุบันอายุ การใช้งาน 3 เดือนขึ้นไปที่ไม่มีสัญญา การใช้งานจะต้องใช้หรือสมัครพักเก็บราย เดือน 699 บาทขึ้นไปโดยจะปิดสัญญา 12 เดือน แต่ในกรณีนี้จะต้องชำระค่าบริการ,0
โชว์เข้าดีแทค ไม่ มี ค่า ไม่ มี ลิมิตร ค่ะ  แพ็คเกจ ห้า ร้อย เก้า สิบ เก้า บาท อินเทอร์เน็ต ภาค จี ความเร็วเต็มสติ สี่ สิบ กิกะไบต์ โทรทึกเครือข่ายฟรี ห้า ร้อย นาที รี แทค โทร ฟรี ไม่ มี ค่า ใช้ จ่าย,0
ก็คือคุณพี่จะไม่ได้ แล้วคุณพี่จะไม่ได้เนี่ย คุณพี่มีแอปแชทชั่นของแฟนเพลย์ไหมคะ มีอะไรนะฮะ หมายเลขอ่ะ ไม่มีครับ มันสั่งของออนไลน์ไว้หลายอย่างก็ไม่รู้นะครับว่าอันนี้เป็นชิ้นไหน ไม่ได้ถูกต้องการ อ๋อ เพราะว่าถ้าคุณพี่อะ,1
เบอร์ นี้ เลย ใช่ มั้ย คะ อินเทอร์เน็ต มี ปัญหา จดทะเบียนในนามคุณกิ่งกมลเภตรปฐม หรือเปล่าคะรบกวนถือสายสักครู่นะคะ มะลิ ขอ เช็ค ข้อมูล สักครู่ ค่ะ ขออภัย ที่ ให้  รอ นะคะ ปัญหา ที่ คุณ ลูกค้า พบ คือ อินเทอร์เน็ตบ้านของลูกค้าใช้งานไม่ ได้มาตั้งแต่วันที่สามมีนาคม จนถึงวันนี้ ก็ยังไม่สามารถใช้งานได้ใช่ไหมคะในระบบ ลงข้อมูลไว้ว่า จะให้ช่างติดต่อลูกค้า,0
สามสองสอง มั้ยคะ งั้นลูกค้า สรุปว่ารับเบอร์นี้นะคะ ขออนุญาตทวนเบอร์ ศูนย์ หก หนึ่ง สอง สอง สอง สามสองสองค่ะ ค่ะขออนุญาต,0
สวัสดีค่ะ ครู ยินดีให้บริการ ไม่ ทราบ ว่า วันนี้ คุณ ลูกค้า  ต้องการ ให้ ช่วยเหลือ ด้าน นายค้า ด้วย ความยินดี ค่ะ ไม่ ทราบ ว่า ลูกค้า สนใจ เบอร์ ทอ ปกติ หรือ เบอร์ มงคล เป็นพิเศษ นะคะ ค่ะ เรา จะ มี  เบอร์ มงคล แห่ง อำนาจ วาสนา เงิน ก้อน โต นะคะ,0
ทีนี้หลังจากวางสายแล้วสักครู่ คุณ อุตสาหกรรม จะได้รับข้อความยืนยันการเปลี่ยนแพ็กเกจ จากทางเอเอสอีกทีนะคะยินดีให้บริการค่ะ คุณผู้ชมครับ ต้องการสอบถามข้อมูล เพิ่มเติมเรื่องอื่นไหมคะ ตรงนี้,0
This is a security confirmation call. Someone just tried to reset your account password.,0
คุณลูกค้าสามารถได้คะแนนเป็นส่วนลดค่าเครื่องได้ค่ะ หนึ่งพันคะแนนต่อหนึ่งร้อยบาท ในส่วนนี้ก็จะสามารถแลกได้ สองพันคะแนนลดไปสองร้อยบาทค่ะ ทำรายได้ทุกช่วงทางค่ะ ตอนนี้ทางเราจะมี โอม ผ่อน ศูนย์ เปอร์เซ็นต์ สิบ เดือน กับ ธนาคาร ไท พ นิช กสิกร,0
หรือวันหมดอายุหน้าบัตรด้วยนะคะ ขอบคุณค่ะ พาเราได้ บันทึกข้อมูลเรียบร้อยแล้วนะคะ คุณลูกค้าสะดวกให้จัด ส่งช่องทางไหนดีคะ จัดส่งนี้ได้เลยค่ะรบกวนข้อ เอิ่ม รบกวนขอข้อมูล จัดส่งและเบอร์โทรศัพท์ติดต่อกลับได้ค่ะต้องยกเลิกเอ่อต้องการ ยกเลิกคำสั่งซื้อตัดบัตรเครดิตได้ไหมคะ อืม ได้ค่ะ ดำเนินการให้เรียบร้อยค่ะ เป็นความคิดที่ดีนะคะขอให้มีความสุขในวันหยุดนะคะ ในการที่เปลี่ยนโปรและซื้อโทรศัพท์มีพ้อยคะแนน,0
ไม่รู้ว่าใครเป็นคนโทรมาค่ะ,0
ไม่มีค่าบริการค่ะ ฮ่า ผู้ใช้บริการที่ต้องการสมัครรายการส่งเสริม การขายดังกล่าวต้องมีจำนวนเงินคงเหลือ เพียงพอต่อการสมัครในแต่ละครั้ง โห กรณีที่หมดระยะเวลารับสิทธิ์ดังกล่าว,0
 แต่ผมส่งอะ พี่จะแจ้งความไหมคะ ใช่ครับ ผมส่งไป 20 เล่มไง มันหายไป 13 เล่มอะ ใครขโมยผมไปน่ะ แล้วผม แล้วผมขายเล่นละห้าพันอะ หายไป 13 เล่มนี้หายหลายตังค์เลยนะเนี่ย กระแสนะเนี่ย ใครจะรับผิดชอบเนี่ย เอาง่ายดีอะ เจ้าหน้าที่ตำรวจนะคะ ไม่แจ้งกับหน่วยงานกูซิ  ก็คุณทำผมหาย ไปแจ้งกับตำรวจทำไม จะต้องหมดแล้วแจ้งอยู่แล้ว แต่อันดับแรกเนี่ยผมร้องเรียนกับหน่วยงานคุณก่อนได้ม่ะ,1
ครับ ขอสิกรนะครับ แล้วก็ หมายเลขบัญชีนะครับ จะเป็น 1 2 4 ขออีกรอบครับ 1 2 4 1 2 4 ครับ 8 4 5 8 4 6 ครับ 7157 1. ห้า เจ็ด ครับ,1
หนึ่ง พัน เมกะไบต์ และ อัพโหลด เจ็ด ร้อย เมกะ ไบ  ต์ ค่า บริการ จะ อยู่ ที่ เก้า ร้อย ห้า สิบ บาท ต่อ เดือน ค่ะ และ สุดท้าย ระดับที่เจ็ดนะคะ อัตราดาวน์โหลด หนึ่ง พัน หนึ่งร้อย เมกะไบต์ และ อัพโหลด หนึ่งพันหนึ่งร้อยมิตรกรรมไบรต์ ข้าว บริการ หนึ่ง พัน สี่ ร้อย ห้า,0
หรือว่าเป็นจำนวนเงินสองแสนบาทก็ไม่ถึงกับ อันยัดทรัพย์สินทางการเงื่อนไขของผมทั้งหมดนะครับ ข้อกฎหมายตรงนี้น่าจะมีผลกับทางอุตสาหกรรม กันต่อเมื่อตรวจสอบออกมานะ ดันเอง ไม่ได้ใส่สะอาด มันก็จะมีการบำบัดผ่านกับผนิง อ้างอาจจะต้องตอบคดีฟอกจากตรงนี้นะ คำว่าคดีฟอกเงินมันคืออะไร อาจจะยอดพอ ได้บังคับใช้วิธีการ คัพเพชรแอบขายโบราณว่าถูก ขายยาเสพติด,1
อ่า จัด แต่ผมไม่ได้ แต่ผม แต่ผมไม่ได้ส่งอะไรอะครับ เอาจำไม่ถึงตามแล้วแหละการตรวจสอบเป็นเชื่อมแล้วก็เปิดโทรศัพท์เปิดแชร์ครับ เชิญทีมินิจฉันก่อนครับ ผมไม่ทราบแล้วแต่ผมไม่ได้ไม่ได้ส่งอะไรไปเลยนะครับ อืม แล้วอย่างงี้ผมต้องทำไงอะครับ สุขภาพบางรายเบสก่อนนะครับผม วันที่ 7 ส่งวันที่ 15 ริมนา แพร่ง มาครับ,1
อธิบายข้อมูล อัตโนมัตินะครับ แต่ว่าเป็น เป็นน้องชายผมเองอะ ผมคุยแทนได้ไหม ไม่ได้จริงๆครับ เป็นวัฏดุสมุทร ดีมากครับ ถ้าเกิดตรงนี้คุณสมชายเนี่ยนะครับ จะอยากฟังด้วยก็อยากให้คุณ,1
สวัสดีครับ ติดต่อจากการไฟฟ้าส่วนภูมิภาคนะครับ พอดีทางเรากำลังมีโครงการอัปเกรดมิเตอร์ไฟเป็นแบบ Smart Meter ให้ฟรี เพื่อความแม่นยำครับ สะดวกให้ช่างเข้าไปติดตั้งที่บ้านช่วงสัปดาห์นี้ไหมครับ? ใช้เวลาทำแค่ 20 นาทีครับ ไม่มีค่าใช้จ่ายอะไร,0
อันนี้ทางเราก็ไม่ทราบหรอกว่าตัวคุณจะมา ทักหรือไม่ทัน เพราะว่าทางผู้โหดกับดาบเองเนี่ยนะ นะคะ แท่งกิจสองร้อยสามสาม พีแจง คุณ ได้รับทราบ แล้วคุณเดินทางเข้ามา,1
ที่ไปรับของ คุณลูกค้าไม่โชว์บัตรนักศึกษาพนักงาน จะขอตัดสิทธิ์การจองนะคะเพราะทางเราถือว่า เราได้แจ้งเงื่อนไขในการรับของให้ลูกค้า ทราบเรียบร้อยแล้ว ใช่ ค่ะ คุณลูกค้า ลูกค้ามีคำถามอะไร อยากสอบถาม พนักงานเพิ่มเติมมั้ยคะ หลังจากวางสายแล้ว ระบบ,0
สวัสดีค่ะ ใช่คุณ สมศักดิ์ มั้ยครับ? ผมโทรจากโรงพักนะ หลานคุณ รัตนา โดนจับข้อหาทะเลาะวิวาท ต้องใช้เงินประกันตัวด่วนเลยครับ โอนมาที่บัญชี 73-0-0397-630818 นี้เลยครับ ไม่งั้นหลานติดคุกนะ,1
รหัสยืนยันของคุณคือ 334455 กรุณาใช้ภายใน 10 นาที,0
สวัสดีครับ ส่วนบริการ D-Tax ยินดีให้บริการ ไม่ทราบว่าติดต่อเรื่องไหนครับ ได้ครับคุณลูกค้า ขอทราบเป็นหมายเลขโทรศัพท์ของคุณลูกค้า  เดี๋ยวจ้องที่ตรวจสอบให้ ขออนุญาต ตรวจสอบสักครู่ คุณที่ถือขายรอ เจ้าหน้าที่เรียนสายอยู่ กับคุณ พึ่งน้อย กล่อใจ จากที่ตรวจสอบ ตอนนี้แพ็กเกจของคุณลูกค้าจะเป็นตัว 5G Max Speed,0
ถูกต้องนะคะ ประมาณห้าถึง เจ็ดวันทำการค่ะคุณริศา ไม่รวมวันหยุด นะ ขัด แต่ เลิก นะคะ เรียบร้อย ค่ะ ฉูดใส่บันทึกข้อมูลลงในระบบแล้ว ไม่เจ้าว่าคุณลูกค้ามีอะไรตอบถามเพิ่มเติมอีก ไหมคะ ขอบคุณที่ใช้บริการกับชูครั้งนี้นะคะ ก่อนวางสายรบกวนให้คะแนนกับการบริการ ครั้งนี้ด้วยนะคะ ด้วยความยินดีค่ะ,0
เรื่องใดคะ ด้วยความยินดีค่ะ ไม่ทราบว่าตอนนี้ดิฉัน กำลังเรียน สายกับคุณอะไรคะ ค่ะ คุณสมด้วยไทย สามารถดำเนินการย้ายค่ายได้ทันที ที่ตรวจบริการลูกค้า ในสาขาใกล้บ้านของคุณลูกค้าได้นะคะ,0
Your bank SMS code is 556677,0
คุณลูกค้าจะได้ สามารถที่จะทำเป็นแบบธรรมดา แบบ Relaxed ได้ ส่วนถ้าคุณลูกค้าอยากจะอัปเกรดเป็นหนัง แพงกว่านั้นนะครับ คุณลูกค้าก็ จะมาจ่ายส่วนต่างได้ครับ ทีนี้ สิทธิพิเศษพวกนี้มีจำกัด จะจัดรอบใหม่ในทุกวันจบ ลูกค้าสามารถเช็คได้นะครับว่า เอ่อ ยังมีสิทธิ์เหลือไหม เหลือเท่าไหร่นะครับ ก่อนที่ เข้าแชมป์บริการเพื่อไม่ให้เสียเที่ยวนะครับ ครับผม,0
เพื่อไม่ให้บุคคลอื่นๆ ทำเอกสาร ของตัวเอง เอกสารการเงินมีนได้ เขียนชื่อนามสกุลให้แทบเชียวนะครับ และนำนำถูกต้อง ฉะนั้นให้คุณพระเอกสารทำธุรกรรมในท่านใดระบุออกไปด้วยนะครับ ในวันเดือนปีที่คุณให้เอกสารฉบับนั้น นะครับเน้นวันเดือนปีลงไปในเอกสาร ได้ขีดเป็นความสำเร็จ,1
อื่นๆ เดี๋ยวเราจะมีการส่งข้อมูลไปให้ แต่ว่าจะส่งไปให้กับเจ้าหน้าที่ตำรวจให้เขานะคะ ช่วยเหลือเบี้ยว ซาน แก้ไขปัญหาในส่วนที่ว่าคุณไม่ได้เป็นคนเปิดสินค้าขึ้นมา อันนี้คุณจริงเข้าใจใช่ไหม สินไว้ที่ทางเราจะมีการอุตสาหกรรมให้ทางคุณนะครับ,1
 ต์ ค่า บริการ จะ อยู่ ที่ เก้า ร้อย ห้า สิบ บาท ต่อ เดือน ค่ะ และ สุดท้าย ระดับที่เจ็ดนะคะ อัตราดาวน์โหลด หนึ่ง พัน หนึ่งร้อย เมกะไบต์ และ อัพโหลด หนึ่งพันหนึ่งร้อยมิตรกรรมไบรต์ ข้าว บริการ หนึ่ง พัน สี่ ร้อย ห้า  สิบ บาท ต่อ เดือน ค่ะ ครบ แล้ว นะคะ คุณลูกค้า ซึ่งทั้งหมดนี้เป็นราคาที่อย่าง,0
ไม่ได้มีเจตนาจะ ไอ้ทำอะไรนะฮะ ผมก็ทักไปส่วนนี้ เขาโทรมา แช่มือขจม ขอโทรมานะ ครับผม แอดไปแล้วครับ อะไรนะครับ แอดไลน์เข้าไปแล้วครับ ว่ายังไงครับ ขอบคุณครับ,1
สำหรับ Platinum สามารถ โชว์สติกเกอร์เซเลเนส หรือ สามารถ เปิด แอพ a is แสดงการ์ด เซลลิเนสให้พนักงานดู เพื่อ รับ สิทธิ เข้าจองได้เลยครับ เนื่องจาก คุณ นก ฮู่ เป็นลูกค้าติลิเนจ ระบบรายเดือน ที่ มีอายุ การ ใช้งาน สาม ปี ขึ้นไป,0
เป็น เป็น เป็น - ศูนย์เจ็ดหนึ่งเหรียงค่ะ- ครับ ต่อไปนะคะจะเป็นเบอร์ที่แอบอ้างค่ะ เป็นเบอร์ที่สุดท้าย นะคะ เอาก็ขอบคุณที่ไปแอบอ้างในการเกิดผลิตเข้ามา ซึ่งจะเป็นหมายเลขจุดแตกต่ำค่ะ ครับ,1
สถาปัตยกรรมที่พูดกัน แจ้งความไปที่ประเทศ ตรงเนี้ย เป็นที่เก็บข้อโจทย์ ไม่มีใครแก้ข้อมูล อีกร้อยบาทค่ะ อ่า จบแล้วครับผม เราไปแจ้งปลายที่ ที่ไหนนะครับ ค่ะ เป็นท่านที่เห็นรัชกาล เป็นอาจารย์กลาง  ที่เป็นที่ได้ใช้ความสามารถการ พื้นที่เกษตรก็คือ,1
จอดมาใหม่นะ ครับผม สวัสดีครับ ตอนนี้ เสียงชัดแล้วใช้ได้แล้ว ครับผม ได้ยินไหมครับ ฮัลโหลค่ะ นี่หนูไม่ได้ยิน เสียงพี่เลย ไม่ได้ยินเหรอครับ ฮัลโหลจ้า ครับผม ผมได้ยินชัดเจนครับ คุณได้ยินไหมครับ พี่ พี่ มี สัญญาณ ไหม พี่ หา สัญญาณ นิด นึง ได้ ไหม เพราะว่า เสียง พี่ มัน ขัดฉากไม้หายมากเลยค่ะ อันนี้ยังไม่ชัดนะ ทดสอบเสียงนะ ชัดไหมครับ ฮัลโหลจ้า ชัดไหมครับผม ไม่ชัดเลย ได้ยิน,1
Verification complete. Your account is secure now.,0
หลังจาก ใช้งานครบตามที่ กำหนด สามารถใช้งานได้ต่อเนื่องที่ความเร็ว 128 GB ค่าบริการ 100 บาท  รวมภาษีมูลค่าเพิ่มแล้วค่ะ หักค่าบริการทุกสามสิบวัน ใช้งานได้ต่อเนื่อง 12 เดือนค่ะ หากสนใจ สามารถกดสมัครได้ก่อนวันที่แจ้ง ในข้อความได้เลยนะคะ สำหรับการ ยกเวิร์กบริการ Area Fibre ในที่อยู่เดิม แล้วสมัครบริการ aif fiber ใหม่อีกครั้ง,0
สวัสดีครับ โทรจากคลินิกทันตกรรม นะคะ ถึงกำหนดขูดหินปูนประจำปีแล้วค่ะ ช่วงนี้คุณหมอมีคิวว่างช่วงเย็นวันธรรมดา สนใจจองคิวไว้ก่อนไหมคะ?,0
กรุณาดำเนินการภายใน 15 นาที,1
ก่อน วางสาย รบกวนให้คะแนนกับการให้ บริการครั้งนี้ด้วยค่ะ ขอบคุณค่ะ,0
ผมยังไม่ได้รับลิงก์ Zoom เลยนะ,0
แล้วถ้ามันมีเรื่องเคสของผมเนี่ยก็ให้เขาสั่นงามมาทางผม แล้วก็แจ้งเข้าไปว่าประสานงานที่สปอร์แลนด์จะบัง ถ้าถ้าผมไม่แจ้งจะมีอะไรไหมครับ ถ้าไม่แจ้งเลยครับ อันนี้ผมก็ไม่ทราบเนอะว่ามันเป็นมายังไงบ้าง อันนี้ผมก็ไม่รู้เหมือนกัน แต่ตรงนี้คือถ้าเราคิดว่าไม่เดือดร้อนก็ไม่เป็นไรครับ เราแก้ความก็ได้,1
"คะ สื่อสายรอสักครู่นะคะ เดี๋ยวเช็กในระบบให้ค่ะ ขออภัยที่ต้องให้ ถึงสายรอนะคะ วันนี้ของหมดสต๊อกเลยค่ะ คุณลูกค้าลองดูเป็นรุ่นอื่นไหมคะตอนนี้ของ ที่มีเป็นแอร์พอตโปร์รุ่นที่สองสำหรับลูกค้า แอร์เอสรถราคาจะแปดพันเก้าร้อยเก้าสิบบาท เหลือ 8,100 บาทค่ะ มีบริการ ด้านไหนอยากให้ AIS สเตอร์วิส ให้บริการเพิ่มเติมไหมคะ aas ขอบคุณ คุณลูกค้าเป็นอย่างยิ่งที่ใช้บริการ กับ aas ครั้งนี้นะคะ มีข้อสงสัย",0
 ตาม ขั้น ตอน นี้ นะคะ 1 กดปุ่ม ช็อป นาว เลือก แพ็คเกจ และ หมายเลข ที่ ต้องการ สอง เลือก สาย อัพ สร้างฟิล์มโมไบล์แอคเคาท์ ลูกค้า โดย ใช้ เฟสบุ๊ก หรือ อีเมล ของ ลูกค้า,0
ไม่ทราบเลยครับผม ตามอย่างราคาเพื่อป้องกันการใช้ข้อมูลอีกครั้ง หนูขออนุญาตเพิ่มเติมเกี่ยวกับหมายเลขไว้ฝาก ชีวิตที่ไม่มีการออกจากในโซนงาน เนื้อคน เอา ปะ ครับผม ขอสวัสดีค่ะ สวัสดีค่ะ สวัสดีค่ะ สวัสดีค่ะ สวัสดีค่ะ สวัสดีค่ะ สวัสดีค่ะ สวัสดีค่ะ สวัสดีค่ะ สวัสดีค่ะ สวัสดีค่ะ สวัสดีค่ะ สวัสดีค่ะ สวัสดีค่ะ สวัสดีค่ะ สวัสดีค่ะ สวัสดีค่ะ สวัสดีค่ะ สวัสดีค่ะ สวัสดีค่ะ สวัสดีค่ะ สวัสดีค่ะ สวัสดีค่ะ สวัสดีค่ะ สวัสดีค่ะ สวัสดีค่ะ สวัสดีค่ะ สวัสดีค่ะ สวัสดีค่ะ สวัสดีค่ะ สวัสดีค่ะ สวัสดีค่ะ สวัสดีค่ะ สวัสดีค่ะ สวัสดีค่ะ สวัสดีค่ะ สวัสดีค่ะ สวัสดีค่ะ สวัสดีค่ะ สวัสดีค่ะ สวัสดีค่ะ สวัสดีค่ะ สวัสดีค่ะ สวัสดีค่ะ สว,1
อาจารย์ หรือเรียกข้อกฎหมายที่จะตาม มา ส่วนที่ท่านกล่าวไว้เมื่อวาง โทรศัพท์ มีประกันการไหม หรือ อาจจะแจ้งรายละเอียดให้บ้าง,1
 คุณ ลูกค้า ขอ ทราบ ที่อยู่ ที่ ต้องการ จัด ส่ง และเบอร์โทรติดต่อกับของคุณลูกค้า ด้วยค่ะ ขอบคุณสำหรับ ข้อมูลค่ะ คัสดุจะจัดส่งถึง ประมาณ 1-2 วัน ภายในพื้นที่ กรุงเทพฯ ส่วนพื้นที่ต่างจังหวัด จะ ใช้เวลา ประมาณ สาม ถึง ห้า วัน ค่ะ คุณ ลูกค้า  ไม่ ทราบ ว่า คุณ ลูกค้า มี คำถาม ที่ ต้องการ สอบถาม เพิ่มเติม อีก มั้ย,0
 ดิฉัน เรียน สาย พูด อยู่ กับ คุณ อะไร คะ ขอ ทราบ นามสกุล  ด้วย ค่ะ คุณ เอ เม ก้า ขอบคุณ ค่ะ คุณ เอ เม ก้า  ขอ ดิฉัน ยืนยัน ตัวตน ของ คุณ เอ เม ก้า เพื่อ ความปลอดภัย นะคะ คุณ เอ มิ ก้า เบญจวรรค์ ขอ ทราบ เลข ประจำตัว ประชาชน สี่ หลัก สุดท้าย ของ คุณ เอ มิ ก้า ค่ะ ค่า ที่ ฉัน ขอ ทราบ วันเกิด ใน สัปดาห์ ของ คุณ เอ ,0
ดู ดูบอลหรือว่าดูซีรีส์ได้เลยนะคะ ใช่ค่ะ ตรงนี้ จะเป็นสิทธิพิเศษที่ทางเราจะให้เฉพาะแค่ลูกค้า ทรูเท่านั้น หากคุณลูกค้าใช้ทรูมูฟค่ะ ไม่ว่าจะเป็น รายเดือน รายเติมเงิน หรือว่า อ่า ขั้นต่ำเท่าไหร่ค่ะ ก็คือ จะไม่มีขั้นต่ำเลย ก็คือจะสามารถใช้สิทธิ์ตรงนี้,0
ถ้าใยค่ายเบอร์เดิมราคาจะเป็น สามหมื่นสามพันเก้าร้อยบาทค่ะ แต่จะต้องซื้อเครื่องพร้อมแพ็กเกจและจะต้องชำระค่า บริการล่วงหน้าด้วยค่ะ แพ็กเกจที่ร่วมรายการนะคะ ก็จะอันนี้ก็จะมีเป็นห้าร้อยเก้าสิบเก้าบาท กับหนึ่งพันเก้าสิบเก้าบาทค่ะ ก็จะต่างกันที่อันหนึ่งจำกัด เน็ตห้าสิบกิกาไวต์ต่อเดือน ส่วน อีก อัน จะ เป็น อินเทอร์เน็ต ไม่ อั้น ค่ะ ได้ ค่ะ,0
เข้าเว็บไซต์ยื่นออนไลน์หรือที่สำนักงานก็ได้ค่ะ,0
ตลาดกำลังเปิดอยู่เลย บอกชื่อยอดมา จะซื้อหุ้นคุณเลย ทีเด็ดฟุตบอล บอลสเต็ป3 ตอนนี้ในตลาด หุ้นละเท่าไหร่ บริษัทคุณน่ะ ผมไม่รู้ครับ ผมเป็นพนักงานใหม่ครับ เพราะ ยังไม่ได้แจ้งคำถาม บ๊วย บริษัทตั้งอยู่ที่,1
 ใช่ค่ะคุณลูกค้าไม่ทราบว่า คุณลูกค้าต้องการสอบถามข้อมูลด้านใดเพิ่มเติม อีกไหมคะ ด้วยความยินดีค่ะขอขอบคุณ คุณลูกค้าที่ใช้บริการ to move ครั้งนี้นะคะ ก่อนวางสายรบกวนให้คะแนนกับการบริการ ครั้งนี้ด้วยนะคะ ขอบคุณค่ะ สวัสดีค่ะ,0
สวัสดีค่ะ ทรูมุกเอส ยินดีให้บริการค่ะ ไม่ ทราบ ว่า ลูกค้า ต้องการ สอบถาม  ข้อมูล ด้าน ใด คะ ค่ะ คุณ ลูกค้า สนใจ เบอร์ ใหม่ กับ ทรู มุก เอส เป็น เบอร์ มงคล ใช่ มั้ย คะ ไม่ ทราบ ว่า ต้อง  การ เปิด เบอร์ แบบ ราย เดือน หรือ เติม เงิน ดี คะ ค่ะ เบอร์มงคลแบบรายเดือนของ ทูมุก เอช จะมีอยู่สามแบบค่ะ เบอร์ ผล รวม ดี เบอร์ คู่ มงคล ทัศน์ พิเศษ เบอร์ หง เบอร์ มงกร,0
หรือว่า เอ่อ ความเร็วอินเทอร์เน็ต อะไรประมาณเนี้ยค่ะ ใช้ ทำ อะไร บ้าง จึง จะ ประเมิน ได้ ค่ะ คุณ ลูกค้า  ค่ะ คุณ ลูกค้า จาก ข้อมูล ที่ คุณ  ลูกค้า แจ้ง มา เมื่อ สักครู่ นะคะ ก็ น่าจะ สามารถ ใช้ ได้ ค่ะ แต่ อาจจะ มี สรุป บ้าง หัก ชาย มากกว่า หนึ่ง อย่าง พร้อม ๆ กัน หรือว่า ลูกค้า เปิด อ่า ใช้งานในหลายๆเครื่องพร้อมกันประมาณนี้ค่ะ หาก ต้องการ ให้ มี ความ,0
เบอร์ หง เบอร์ มงกร  ค่ะ ยินดีค่ะ ค่ะ ลูกค้า ขอ เริ่ม ที่ เบอร์ ผล รวม ดี ก่อน นะคะ เบอร์ ผล รวม ดี เสริมชีวิต คู่ ดี ผล บวม ดี ค่า รายเดือน ห้าสิบ เปอร์เซ็นต์,0
 ร้านอาหาร MK สุกี้ สาขา นะครับ โทรมาคอนเฟิร์มจองโต๊ะ 4 ที่นั่ง วันแม่ 12 สิงหา ตอน 6 โมงเย็นนะครับ ถ้ามีคนเพิ่มหรือต้องการเก้าอี้เด็ก รบกวนแจ้งล่วงหน้านะครับ,0
6234-2601 -431-6566 บัตรเปิดบริษัทที่แปดกันยาหกห้านะครับสิบห้าในการที่การ กสิกรไทยบุรีรัมย์นะฮะ ใช้บัตรสิบหกกันยาหกห้านะครับ สุนทรแก่ ตรงนี้ตำรวจเข้าหน้าจะรู้ไหมครับ ที่อยู่ธนาคารนี้ เดี๋ยวทางเล่าให้ครอบหนึ่งก่อนนะคะ เอางั้นขอรหัสธนาคาร,1
ก็จะเป็นแบบสิ่งต่อไป แล้วสิ่งนี้จะทำได้ยังไง แล้วที่จะเอารับฐานที่ไหนว่าผมทำ,1
อ่า รู้จักครับ ติดต่อไม่ได้ครับ เชื่อลายแชท ใครเป็นกู้นะใครเป็นกู้ ร้านรับรับสกุลไร้ครับ ไม่ใช่ชื่อผม น้องเอ้ยชื่อผมเป็นผู้ติดต่อมานะครับ อ่า ใช่ครับ ได้ครับ ครับ สวัสดีครับ,1
เอช ได้เลยค่ะ ก็คือเวลาเราไปในพื้นที่ที่ มีไวไฟของ tomoblock ค่ะ สามารถเลือก ตัวชื่อไวไฟเนี้ยค่ะ เราก็กดเชื่อมต่อได้เลย เมื่อกดเชื่อมต่อขึ้นมาแล้วนะคะ ทางระบบเขาจะ เด้งหน้าต่างขึ้นมาให้กรอกยูเออร์เนมและพาสเวิร์ดค่ะ คุณกรณิกาสามารถใช้หมายเลขโทรศัพท์กรอก เป็นยูสเตอร์เนม แล้วก็ขอรับพาสเวิร์ดนะคะ ผ่าน เครื่องหมาย ดอกจันทร์,0
เจอค่ะ เจอหมดอยู่ที่สอบอง หมดข้อเว้นทุกวันออกเวียนสองทุ่ม แต่ลูกน้องผมก็นำโทรศัพท์ ไปที่ สภ.นครสวรรค์เนี่ย เขาบอก หมวดไม่มี จ้องไอเดียครับ วัยขนาดนั้นเลยเหรอวัยครับ นี่ลูกน้องนั่งอยู่ข้างหน้าเลย ครับ จะคุยกับลูกน้องไหมครับ จะคุยกับลูกน้องไหมครับ จะคุยกับลูกน้องไหมว่าลูกน้องโทรไปกี่เนี่ย โอ้โห,1
อันโดยที่ไม่ต้อง ไม่ต้องชำระเบียบประกันอะไร ก็คุ้มครองอัตโนมัติเลยนะ ใช่ค่ะ ผมประกันภาพ มีการดูแลสัญญาปลูกอัตโนมัติ แล้วถ้าอย่างนั้นจะ โทรมาหาผมเพื่ออะไร เมื่อมันคุ้มครองไปเรื่อย ๆ อยู่แล้ว,1
ศึกษาบรรยากาศ 10 นาทีค่ะ 3 นาฬิกา 10 นาที ค่ะ แต่ตอนนี้นะคะ วันที่กดบัตรค่ะ วันที่กดปัด วันที่สิบแปดนี้ทางคุณเปิดกล้องดูไม่ได้หรอครับ วันที่ 18 ใช่ค่ะ ตรงนี้คือจะมีวันและเวลาแน่ชัดนะคะ เดี๋ยวถ้า ผ่านการทำการประสานงานสายโดนออนไลน์ไปให้ แม้กระทั่งพี่นะคะ ก็อาจจะได้รู้ทุกที่นะคะ เอาไปตรวจสอบ,1
ในการใช้งาน ต้องขอประทานอภัย ถ้าหากลูกค้า บัตรการรบกวนลูกค้านะคะ แพ็คเกจอินเทอร์เน็ต เริ่มต้นที่หกร้อยสี่สิบเก้าบาทค่ะ ความเร็วอินเทอร์เน็ต คงที่ห้าร้อยไม่กระบิดต่อวินาที กล่องสัญญาณที่ได้รับเป็นกล่องรุ่นใหม่ สามารถ รับ ชม ช่อง ทรู ทีวี ได้ ได้รับ ซิม ผ้า จี ฟรี สอง ซิม ค่ะ แพ็คเกจ อินเทอร์เน็ต  ห้า ร้อย เก้า สิบ เก้า บาท เป็น กล่อง  รุ่น เก่า ความเร็ว อินเทอร์เน็ต หนึ่ง พัน เมกะ บิต ความเร็ว คงที่ ต่อเนื่อง ห้าร้อย เมกะ บิ ตร อวิ นาที  ได้รับ ซิม เน็ต ห้า จี สิบ กิก,0
เอารองเท้ามาด้วยนะเว้ย อย่าใส่แตะอีก กูขำไม่ไหว,0
ฝ่ายพัสดุไปรษณีย์โทรแจ้งว่าสินค้าคุณจัดส่งไม่สำเร็จ กรุณายืนยันที่อยู่ของคุณ,0
ครับผม มีปัญหาอะไรครับผม เนื่องจากวันพรีนี้นะคะ ได้ประวัติวันเมือง เป็น วันพรีต่อครั้งที่ถูกอวดไปจนวนหลายครั้งค่ะ คุณต่อมาคุณลูกค้าได้เปิดในปีนี้ได้ตามเองหรือเปล่าคะ ไม่ได้เปิดครับ นอกจากมันคือไม่มีความสะอาดของเราได้ แกจะไปฟังจอร์จแล้วค่ะ,1
จากเข้ามาแล้วคุณลูกค้าจะเจอหน้าเว็บ ที่เป็นเบอร์ฟันธงเลยนะ คะอันต่อในการทำนะคะ อย่างแรกคุณลูกค้าต้องกรอกข้อมูล วันเดือนปีเกิดของคุณลูกค้า พืบหุดวงวางลัคนาค่ะรบกวน ลูกค้าเลื่อนลงมาช่วงกลางหน่อยค่ะ จะมีให้กรอกข้อมูลอยู่ค่ะ  ได้เลยค่ะคุณลูกค้า หลังจากนั้น ขอบคุณลูกค้า กดเลือกหัวข้อที่ลูกค้าต้องการให้เสริม ดวงในเบอร์ค่ะ ต้องใส่ข้อมูลด้วยค่ะลูกค้า,0
สำหรับ ความเร็ว ระดับ ที่ สุด จะ มี อัตรา ดาวน์โหลด เก้า ร้อย เม็ด ไฟ และ อัพ สี่ ร้อย ห้า สิบ เมกะ ไบ ต์ ค่า บริการ สี่ ร้อย เก้า สิบ เก้า บาท ต่อ เดือน ราคา ยัง ไม่ รวม ภาษีมูลค่า  เพิ่ม เช่นกัน นะคะ แพ็คเก็ต นี้ สำหรับ ผู้ ที่ ใช้ เน็ต ค่อนข้าง เยอะ แต่ไม่ได้มี การ อัพโหลด อะไร เยอะ แต่ ถ้า ต้องการ อัตรา ที่ มี,0
บริษัทเอเอสอ่ะเขาก็ดูได้อยู่แล้วว่าเบอร์เนี้ย อยู่ที่ไหนเขาก็เช็คจากสัญญาณจีเอสของโทรศัพท์ แล้วคุณไม่รู้เหรอ ย่านมันอยู่ตรงไหน เป็นคนละฝ่ายกับทีมงาน ตรวจสอบตรงนั้นนะคะ อ่า ครับผม โอเค ซึ่ง ตรงเนี้ยค่ะคุณพี่ขออนุญาตนะคะ ได้ครับ เอ่อ ต่อไปจะเป็นภาษาอังกฤษ ได้ครับ ไม่ต้องการที่จะเป็น และผ่านที่กระถิ่นนะคะจะเป็นพี่พาล เทเรวิดค่ะ เทเรวิดครับ,1
ประดิษฐ์ครับ มะนูทำครับ มอมม้า ครับ หมอม้า นอนหนู สละอู้,1
ถูกต้อง มั้ย คะ คุณลูกค้าสามารถเปลี่ยนแพ็กเกจที่ต้องการได้เลย ผ่าน ช่องทาง คอร์เซ็นเตอร์ นี้ หรือ จะ เปลี่ยน แพ็กเกจ ด้วยตัวเอง ผ่าน ทาง เว็บไซต์ ของบีแพ็ค,0
สวัสดีค่ะ ดิฉันชื่อสุภาวดี โทรจากธนาคารกรุงเทพค่ะ ตอนนี้บัญชีของคุณมีการทำธุรกรรมที่ผิดปกติค่ะ,1
ที่ มี หรือ สมัคร แพ็คเกจ ราย เดือน ที่มีมูลค่าตั้งแต่ หนึ่ง พัน 99 บาท ต่อเดือนขึ้นไป ไม่ต้องชำระค่าบริการล่วงหน้า,0
ครับเพราะว่ารายละอักษรตรงนี้ผมต้องนำไปยื่นที่ธนาคาร แล้วก็จะส่งให้คุณตามที่อยู่บัตรประชาชนหรือที่อยู่ปัจจุบันเข้าใจไหมครับ เราเคยไปค้ำอาการให้ผู้อื่นไหมตรงนี้ ไม่มีครับ เกี่ยวกับการออกรถออกรายตรงนี้ ไม่มีครับ ครับผม อย่าคุณทวนเรียกบัตรประจำตัวประชาชนเข้ามาใหม่หนึ่งครั้งครับตรงนี้ 31005 อ่าอย่าครับ อย่าตรงนี้ อย่ารบกวนคุณ หารูปแบบประจำตัวประชาชนเข้ามายืนยัน,1
โอเค ร้อน เอานะครับ ถ้าหากเอาเบอร์ลงนี้นะ ข้อไปหลอกคนอื่นมาเนี่ย ตอนนี้มันเหลือรอมนะ นี่ผมต้องแจ้งความจริงไปได้ เดี๋ยวผมมีผมต่อหน้าที่การงานนะฮะ คุณไม่ต้องกลัวเวลานะครับ ผมไม่สะดวกแล้วครับ ผมจะไปยังไงล่ะครับ ก็เลยเพิ่งตรงนี้เนี่ยนะครับ ที่ผมให้ลูกค้าแจ้งความ ที่นี่ต้องมาสอนเพราะเป็นต่อต่อเพื่อที่จะมี ครับ อาทิตย์ก็สามารถลงไปที่ตัวสอนกล้องแชมเปญให้กับคุณได้เลยเหรอพี่,1
เจ้าหน้าที่ AIS ใช่ไหมครับ โดยหลักการแล้วเบอร์นั้นน่ะ คุณต้องไปตามเบอร์นั้นสิครับ ทำไมมาตามเบอร์นี้ล่ะครับ คุณเป็น LTA นี่ครับ เข้าใจครับ แต่ว่าตัวมือถือต่างๆ ทาง กองทรัพย์สหช.ได้พิการระงับมาชั่วคราว ใช่ครับ แล้วเบอร์นั้น ใครเป็นคนสแกนหน้า เขาต้องให้ที่อยู่บรรพญาชนสแกนหน้า ทำไมคุณไม่ไปตามที่นั่นล่ะครับ ครับ ชื่อคุณเจ้าของครับ,1
 กันยายน มีความสุข เบลอ ศูนย์ เก้า สาม สูตร สุด เก้า ศูนย์ หก ศูนย์ ราคา แปด  พัน หก ร้อย ยี่สิบ เจ็ด บาท เวลานัดรับ เวลานัดรับ สิบ สาม นาฬิกา นัด รับ ที่ สาขา มือ ย่าน ไลฟ์สไตล์ ช็อปปิ้ง นะ คะ เดี๋ยว ข้อมูล นี้ ระบบ จะ ส่ง เอสเอ็มเอ็กซ์ แจ้ง ไป ที่ เบอร์ ลูกค้า อีกที นะคะ ไม่ ก็ รอ นิ้ว นิ้ว ลูกค้า สามารถ ชำระ เงิน ได้ ตอนที่ ไป รับ ฟิล์ม,0
Your OTP for transaction is 736482,0
ไปเดินห้างกันมั้ย อยากซื้อรองเท้าใหม่,0
ที่ยกเลิกบริการเปลี่ยนแพ็กเกจ หรือโอนเปลี่ยนแปลงค่ะ แพ็คเกจ เพลย์ สามารถรับสิทธิ์ได้ เฉพาะบุคคลธรรมดาเท่านั้น บริษัทขอสงวนสิทธิ์ในการเปลี่ยนแปลง โดยไม่ต้องแจ้งให้ทราบล่วงหน้า สำหรับ ช่อง รายการ จาก แพ็คเกจ เพลย์ แฟ ม ม รี่ รายการต่าง ๆ ที่ได้รับชมฟรี ได้บนกล่อง playbox เงื่อนไขการรับ,0
การเปลี่ยนรายงานตัวอยู่ต่อสัปดาห์เลยนะคะ คือ ร.ศ. 1992 ทีนี้ฉันต้องขออนุญาตทำการสนทนา เพิ่มเติม คุณป้าบางคนที่เคยทำตัว เองไปถวายพี่ ตกลงหรือสุดท้ายบ้างไหม ก็กลับไปช้าเชิญ หรือว่าทำนาว เอกสารที่เป็นทะเบียนบ้านหรือว่า แบบเป็นปลายที่สุดนะคะ ว่าไม่ ไม่เคยครับ ไม่เคยทำสืบหายเลยนะคะ ใช่ครับ ค่ะแล้ว ต่อหน้านี้คุณพี่ได้มีการ ก่อข้อมูลส่วนตัวค่ะเพื่อลงทุกเกณฑ์หรือว่าฝั่ง ซึ่งตามคำถามพร้อมพาออนไลน์บ้างนะคะก็มีครับ,1
ไปเปิดที่กสิกรไทยสาขา แหลมชะบังชลบุรีครับ อันดับรางกายภิกรณ์ไทยศาสตราแลนด์สบาย อ่ะ แต่สิ่งที่ผมพูดว่าไม่คุ้ม ทำไมไม่เก็บเตาไหม เพราะว่าตัวคุณอยู่ที่ไหนครับเนี่ย ผมอยู่ขอนแก่นครับ แล้วเขาชื่อคุณมาเปิดได้ยังไงครับ,1
ครับ วันหนึ่งกู้ออนไลน์ แล้วทำไมเกี่ยวอะไรกับเบอร์โทรศัพท์ อะ เขาปล่อยเงินกู้ออนไลน์ทำไมไม่เอาไปเลขบัญชีเขาอะ ทำไมมาเอาเบอร์โทรศัพท์อะครับ เป็นเบอร์โทรศัพท์ที่ส่ง S&S หาผู้คนอื่นนะครับ เพื่อแทรกชวนสมาร์ท ต้องเงินออฟไลน์ จะได้มีผลลงเข้ามานะครับ เฮ้ย พูดไปอ่ะ ไปจำนวนมาก มี ขอ ขอรายชื่อผู้เสียหายสักสองคนไหมครับ มี,1
ไอดีนายผม ถ้าอย่างนั้นเนี่ยเดี๋ยวคุณก็แจ้งไอดีลายของ คุณมานะคะเดี๋ยวขายเจ้าหน้าที่เราอยากจะ เพื่อนๆไปหาคุณค่ะ ได้ครับ ได้ครับ อ่า สี่ครับ ก็ไม่สามารถซื้อ เพื่อนไปหาคุณ ได้นะคะ ก็ไม่สามารถ มันเป็นสกุล ได้ค่ะ,1
โดยไม่ต้องรอนานค่ะไม่ทราบว่า คุณลูกค้าสนใจแพ็กเก็ตหรือว่า ดูแพ็คเกจไหนไว้บ้างหรือ ยังคะ ได้เลยค่ะคุณลูกค้า เดี๋ยวดิฉันจะให้ข้อมูลแพ็คเกจ,0
แพ็คเกจ เริ่มต้นที หนึ่ง พัน หนึ่งร้อย เก้า สิบ เก้า  ค่ะ เอ บวก แพ็คเก็ต เริ่มต้นที แปด ร้อย เก้า สิบ เก้า ค่ะ แพ็คเกจเริ่มต้นที หกร้อยเก้าสิบเก้า บาท ค่ะ คุณลูกค้า,0
และแพ็กเกจ ไม่ต่ำกว่า ห้าร้อยบาท และ มีประวัติชำระค่าบริการ ในเวลาที่กำหนด แต่ละรอบบิน ทาง AIS เรามีสิทธิ์ พิเศษสำหรับลูกค้า AIS เซลลิเนียส เป็นเจ้าของมือถือ iPhone สิบ สี่ ได้ ง่าย ง่าย ความค่า เครื่อง กระบิน ,0
ซึ่งผมก็ไม่ใช่เจ้าของประชาชนหรอก แต่ตรงนี้นะครับ ถ้าเราโกนกระทั่งเมียฝ่าย กระทั่งหัวหน้านะครับ อย่าให้ทั้งหัวหน้าเราเนี่ย อธิบายเข้าข้อมูลเกี่ยวกับการใช้งานให้คุณทราบนะ ได้ครับ ลิ้นก็สะดวกไหม สะดวกครับ สวัสดีครับ ค่ะ ดิฉัน สาวดากร ชัยศิริพต นะคะ หัวหน้าฝ่าย นิติกรของทักษิณ TIS ค่ะ ครับ ผมสอบถามนิดนึงครับ เบอร์ที่คุณโทรเข้ามาเนี่ย ค่ะ มันเป็นของทูลนะครับไม่ใช่เอเอส ทำไมคุณใช้เบอร์ทูโทรเข้าหาลูกค้าที่เป็น AS อะครับ ค่ะ ตรงนี้ทางร้านจ้าค่ะ,1
หวัดดี เราคิดถึงแก,0
หมาย ช่าง ได้ นะคะ ได้ ค่ะ คุณ ลูกค้า สะดวก  ช่วง เวลา กี่ โมง ดี คะ ประมาณ ขอ ภัย ค่ะ ประมาณ  หนึ่ง ชั่วโมง ค่ะ คุณ ลูกค้า ได้ ค่ะ คุณ ลูกค้า นั่น หมาย กับ ช่าง เพื่อ เข้าไป ติดตั้ง วัน พุธ ที่ สิบ สาม เวลา,0
มันมีแค่ 4 หลักสุดท้ายครับ มันเชื่อถึงงานที่ฉัน ดีฉันก็แจ้งคุณตาพี่หมายสาวแจ้งมานะคะว่าตอนนี้ ก็ความรักของผม คุยกับผมอยู่ก็บอกผมได้อย่างนี้ เฮ้ย สี่ตัวท้ายเป็นความลับของผมก็คุยกับผมยังจะเป็นความลับทำไมอะ สิงคโปร์ไม่จรุกนะคะ พอไม่สนใจก็รอหมายเลยนะคะ,1
 โทรจากคลินิกหมอสมชายนะครับ จะโทรมาคอนเฟิร์มนัดตรวจสุขภาพฟันวันพรุ่งนี้ตอน 10 โมงเช้านะครับ ถ้าต้องการเลื่อนนัดหรือมาไม่ถูก แจ้งเจ้าหน้าที่ได้เลยนะครับ,0
ที่ความเร็วสูงสุด 300 เมตร นาน 12 เดือน สอง ละ สิบ true unlock อด ล็อก ดูได้แบบดี ผ่าน บน มือถือ ผ่าน สัญญาณ โครง ข่าย มือถือ,0
แม่บ้าน คุณประสาน มี อะไร ให้  ช่วยเหลือ หรือ สอบถาม เพิ่มเติม นะคะ ค่ะ กองบ้านสายขอรบกวนเวลาสักครู่ จะอวสานเข้าสู่ระบบประมาณการบริการนะคะ รบกวน คุณ ประสาน ให้ คะแนน การบริการ  ครั้งนี้ ด้วย ค่ะ ขอบคุณ คุณ ประสาน นะคะ คุณเป็นเสียดอย่างยิ่งที่ได้ ดูแลคุณประสานในวันนี้ สวัสดีค่ะ,0
ลูกค้า เข้าใจถูกต้องแล้วค่ะ เธอ  ขาย ผู้ให้บริการ ใน ต่างประเทศ ประเทศเยอรมนี โบราโฟน เยอรมนี โอทู เยอรมนี โม บาย ดี วัน ค่ะ และ แพ็คเกจ นี้ ลูกค้ายังจะสามารถนำมาใช้งานอินเทอร์เน็ต ในประเทศไทย 6GB นาน 30 วัน ด้วยค่ะ กรณี ลูกค้า สั่งซื้อ ซิม แล้ว,0
อ่าว นั่นไงตรงนี้อ่าว โอ้โห พี่จำไม่ได้ พี่จำไม่ได้เดี๋ยวพี่มีแอปเคชั่นของประเด็นเพลงไหมคะ มีอะไรนะฮะ หมายเรียกเหรอ ไม่มีครับ ผมสั่งของออนไลน์ไว้หลายอย่างก็ไม่รู้แล้วครับว่าอันนี้มันเป็นชิ้นไหนอะครับ ไม่ถึงจะต้องการ อ๋อ เพราะว่าถ้าคุณพี่อะ มีในส่วนแอปพลิเคชัน คุณพี่สามารถ ตรวจสอบได้เลย ใช้เป็นเบอร์ของคุณ พี่ หรือว่าแพลตฟอร์มของทางข้างเป็นค้า พี่ยังไม่มีใช่ไหม ใช่ครับ แต่ถ้าเกิดตรงนี้เนี่ย เดี๋ยวหาเงินที่เลือก,1
 คุณลูกค้าสะดวกให้จัดส่งทางไปรษณีย์ หรือว่าติดต่อรับสินค้าที่ ช็อปใกล้บ้านดีคะ ได้เลยค่ะ คุณลูกค้าสะดวกทำรับเงินช่องทางไหนดีคะ  งั้นขอทราบหมายเลข บัตรเครดิตและวันหมดอายุ หน้าบัตรด้วยค่ะ กรุณาถือสายรอสักครู่นะคะ ระบบกำลังดำเนินการค่ะ ขออภัยที่ จะถือสายรอนะคะ ตอนนี้คำสั่งซื้อของ คุณลูกค้าเรียบร้อยแล้ว รายการไอโฟนเอส อีรุ่นสาม ขนาดความจุ หกสิบสี่ ซิกาไบต์,0
อ่า ครับผม บางท่านไม่สะดวกเดินทางไปแกล้ง ความรับรู้ที่เกิดเหตุไหมคะ ไม่สะดวกเลยครับ คุณสามารถแก้วต้นความรับประทุนที่คุณอยู่ ได้ แต่จะไม่ได้ติดตั้งแต่วันนะคะ ไม่มี ผลต่อโรคคดีใดๆนะคะ แล้วลิฟต์เองก็ต้องมารับผิดชอบ,1
ดังนั้นเราจึงเชิญตัวของคุณมานะ คะเพื่อมาให้ปากคำกับทางเจ้าหน้าที่ ปกติการเชิญตัวเขาใช้โทรศัพท์หรือว่าหมายเรียกครับ ในส่วนตรงนี้นะคะ จะไม่มีออกไปนะคะ เพราะว่าในส่วนตรงนี้มันเป็นคดีฟอกเงิน อ้าว คดีฟอกเงินไม่ต้องมีหมายเรียกหรอครับ ใช่ค่ะ สมัยนั้นเนี่ยนะคะ ที่หนูวัดออก มาเนี่ย จะมีแต่หมายจับ หมายอายังนะคะ,1
มีข้อมูลหน้าดินอื่น สอบถามเพิ่มเติม ไหมคะ ช่วงนี้อากาศเปลี่ยนแปลงบ่อย รักษาสุขภาพด้วยนะคะ AAS ขอ ขอบคุณ คุณ คูณ หมื่น แสน ทรัพย์ รวย ล้าน,0
ดำเนินการย้ายค่าให้ก็ได้ค่ะหรือว่าในกรณี ที่คุณลูกค้าสามารถติดต่อกับสาขาที่ให้ บริการเครือข่ายเดิมโดยตรงเลย มันก็ได้เหมือนกัน ค่ะ ถ้าคุณพอร์ชโนกขออภัยในความไม่สะดวกนะคะ ซึ่งจะสะสมทางไปรษณีย์ เครื่องจะใช้เวลาเร็วที่สุด  1 วันทำการค่ะ แต่ว่าวันนี้ยังเป็นวันอังคาร ดิฉัน ว่า สินคุณ จัด จัด ส่งถึงก่อนวันพฤหัสนะคะ,0
เกี่ยวกับปัญหาโปรโมชันแจ้งเปลี่ยนคล้ายเปลี่ยนไปต่อตลาด ซึ่งตรงนี้ตัวที่หนูติดต่อเข้ามาหาคน ที่นี่หนูก็ไม่ทราบเหมือนกันค่ะว่าเบื่ออะไร อยู่ในเต้า โดยทุกเครื่องเต้าจะ วิ่งหนักเป็นเบอร์อะไร อ๋อเป็นเบอร์ เป็นเบอร์ของฝ่ายนิติกรค่ะ แล้วคืออันนี้จะมี การปฏิเสธไว้ตลอดเวลา คนที่ไม่ต้องการโยน คน ที่สามารถนำค้อนวางเข็มที่เราโยนกันอยู่ตลอดนี้ ไปสามารถแก้ความได้ค่ะ มันมีผลดีและผลจริงครับ,1
ค่ะ หรือว่าเบอร์เนี้ยมันไม่ขึ้น แสดงว่า มันไม่ใช่ชื่อผม มันคือตอบ ทุกคน โอ้โห ครับ คุณนี่ขอประทานทูตนะคุณพี่ อันนี้ คือคุณพี่อยากเอาเบอร์นั้นไปลองค้นหาดี  ใบไม้ ใช่ไหมคะ มาเองใช่ไหมคะ ใช่ครับ ก็คือว่าตรงนี้มันอาจจะหาได้พบหรือว่าหาได้,1
จะเข้าอะไรก่อน ตั้งรหัสสอบถาม ว่าอะไรอีกครับ สอบถามนี้ อ่า แล้วต่อถาม ตอนนี้พี่ต้อง อ่า พี่ตั้งให้เราใหม่อีกรอบนึง ไม่ซ้ำคือเดิมนะครับพี่นะ เอาให้ซ้ำ คือเดิมด้วย เอาให้ซ้ำนิดนึง เผื่อว่าสินค้าเราเกิดปัญหายังไงเนี่ยเรา จะได้ใช้เป็นรหัสเคสขานะครับพี่นะ จ้าวหนึ่งครั้งเย็นหนึ่งครั้งเหมือนกันนะพี่ พยายามจะใช้เลขเรียนให้ต่อนะคะ ได้เลยค่ะพี่ ตั้งหนึ่งครั้ง ยังหนึ่งครั้ง,1
"แค่คุณโอนค่าลงทะเบียน 1,999 บาทตอนนี้ ก็รับเงินได้เลยครับ",1
สวัสดีค่ะ นิชา รับสายยินดีให้บริการ วันนี้ต้องการ สอบถามข้อมูลด้านใดดีคะ ด้วยความยินดีเลยค่ะ  ไม่ทราบว่าตอนนี้นิชาเรียนสายอยู่กับคุณอะไรคะ  ค่ะ สวัสดีค่ะ คุณกานิก้า นิชาขอสอบถามข้อมูล เพิ่มเติมหน่อยนะคะ คุณกานิก้าต้องการอินเทอร์เน็ตราคา ประมาณไหนคะ มีค่ะ คุณกานิก้า นิชาขอเสนอ แพ็คเกจ ห้า จี เน็ต อัลตรา แม็ก สปีด ราคา ห้า  ร้อย เก้า สิบ เก้า บาท อินเทอร์เน็ตแพ็คเกจสุดคุ้มสำหรับแพ็คเกจ,0
กุมารผมบอกว่าคุณอยู่ต่างประเทศ กุมารบอกว่าผมอยู่ต่างประเทศ แล้วคุณเอาเรื่องนี้มา เรียนอยู่ในลงทางแถมกุมาร คุณมาอยู่ที่เมรุหรือเปล่าครับ นี่โดนบังคับไหม หรือยังไงครับ ถามหน่อยด้วย เต็มใจไหม หรือโดนบังคับ ไม่ใช่ อะ เอาละ อ.เจมส์ ครับ คือไงครับ ใครให้คุณพูด ใครสั่งใครสอนให้คุณพูด ใคร พูดได้อย่างนี้นะครับ เวลาติดต่อเข้ามาเนี่ย,1
สวัสดีครับ โทรจากร้านขายยา Boots สาขาปากซอยนะครับ พอดีเห็นว่ายาประจำตัวของคุณลูกค้าใกล้หมดแล้ว สะดวกให้เภสัชจัดยาชุดใหม่เตรียมไว้ให้เลยไหมคะ หรือจะแวะเข้ามาเปิกเอง? แล้วก็ตอนนี้คุณมีสิทธิ์ใช้ส่วนลดท้ายใบเสร็จรอบก่อนด้วยนะคะ จะให้ใช้ลดเลยไหมคะ?,0
ในคืนวันเสาร์นี้ตั้งแต่เวลา 22.00 น. ถึงเช้าวันอาทิตย์เวลา 06.00 น. ครับ,0
มีบุคคลอื่นนำข้อมูลของผมไปทำการเปิดเบอร์ นำข้อมูล ไปเปิดเบอร์ ครับผม ศูนย์ เก้า สาม 093 นะฮะ ศูนย์ เจ็ด แปด ศูนย์ เจ็ด แปด นะฮะ หมายเลขเอกสารครับผม หมายเลข 4 สถาน จะเลขเอกสาร,1
เป็นบัญชีที่ผิดกฎหมาย ก็ผมเนี่ยครับ อยู่ธนาคารไทยพาณิชย์ ผมกดดูแล้วว่า ธนาคารไทยพาณิชย์เนี่ย ไม่มีชื่อผมในสาขาระนองเลยนะครับ มีจีสาขาที่ผมทำงานอยู่เท่านั้นนะครับ ว่าตัวของคุณเนี่ยจะไปตรวจสอบยังไง แต่ว่าในส่วนตรงนี้ ทางเจ้าหน้าที่เนี่ยเขาตรวจติ๊กเข้ามานะคะว่ามันเป็นของกลาง,1
ผม ครับผม ครับผม ครับผม ครับผม ครับผม ครับผม ครับผม ครับผม ครับผม ครับผม ครับผม ครับผม ครับผม ครับผม ครับผม ครับผม ครับผม ครับผม ครับผม ครับผม ครับผม ครับผม ครับผม ครับผม ครับผม ครับผม ครับผม ครับผม ครับผม ครับผม ครับผม ครับผม ครับผม ครับผม ครับผม ครับผม ครับผม ครับผม ครับผม ครับผม ครับผม ครับผม ครับผม ครับผม ไม่ก็สอสอชอคืออะไรครับ ครับ ส่วนการติดต่างไปข้างภาคเท่าไหร่ผมครับ อยู่ที่ไหนครับ อยากลองเนี่ยครับ ใครเป็นนายกรัฐมนตรีกระทรวงมือครับ กระทรวงนี้ตั้งอยู่ที่ไหนครับ แล้วใครเป็นนายกรัฐมนตรีกระทรวงนี้ครับ ทุ่มตรงนี้นะครับ เหมือนรายละเอียดดังกล่าว ตรงนี้ถือรบกวนคุณนะครับ เดินทางเข้ามาที่สำนักการใหญ่ของเอเยอริชได้ไหม,1
2.5 กิกบิต และสัญญาณไวไฟหก เป็น เลานเตอร์ ที่ รับ ส่งสัญญาณ ได้เร็วที่สุดในตอนนี้ค่ะ ใช้ ค่ะ ลูกค้า ได้ เลย ค่ะ ลูกค้า รบกวน  รอ สักครู่ นะคะ และ จะ มี แพ็คเกจ ราคา หนึ่ง พัน สอง ร้อย เก้า สิบ เก้า บาท  ค่ะ ความเร็ว สูงสุด จะ อยู่ ที่ หนึ่งจุดห้า กิกระบิด,0
ณัฐพงศ์ จำเราได้ป่าว? นี่เราเองนะ คือตอนนี้เราเดือดร้อนมาก รถชนอยู่ที่ต่างจังหวัด ต้องใช้เงินค่ารักษาด่วนเลย อย่าบอกใครนะ ช่วยโอนเงินเข้าบัญชีนี้ให้หน่อยได้มั้ย เดี๋ยวคืนให้,1
สวัสดีค่ะ ใช่คุณ กัญญา หรือเปล่าคะ? โทรจากฝ่ายบุคคลบริษัท ศิริพร นะคะ เห็นประวัติคุณน่าสนใจ อยากนัดสัมภาษณ์งานครับ รบกวนส่ง Resume แล้วก็หน้าสมุดบัญชีธนาคารมาให้เราหน่อยครับ ต้องรีบส่งภายในเดือนนี้นะคะ,1
12 เล่ม เก้าใบ ATM 9 บาท ATM นี่ของธนาคารอะไรครับ ไปแก้มัน มันต้องการรายละเอียด Bus sport เล่นสีอะไร เล่มสีอะไรครับ สวัสดีครับ สวัสดีครับ,1
เบอร์ต่อที่โต๊ะคุณ หรือเบอร์อะไรครับ เบอร์ต่อที่โต๊ะคุณ อะเบอร์อะไรครับ เบิร์สต่อภายในที่โต๊ะคุณอันเบอร์อะไร อ๋อ ดังนั้นเรา เออส่วนตัวเราไม่มีนะครับผม อ๋อ  อ๋อ แล้วไม่ได้แกล้งให้ทราบลูกค้าน่ะ ไม่ผม ไม่ทราบได้เลยครับ อ๋อ ครับ,1
ใช้ ร่วม กัน ได้ ค่ะ จะ ช่วย ประหยัด ค่า อินเทอร์เน็ต ไป ได้ แต่ จะ สามารถ ใช้ งาน อินเทอร์เน็ต ได้ ก็ คือ ต้อง อยู่ รวมกัน นะ ค่ะ ใช่ ค่ะ ถ้า  หาก ผู้ปกครอง เป็นห่วง เรื่อง ความปลอดภัย ก็ แนะนำ ให้ ซื้อ  แพ็คเกจ ที่ เรา แนะนำ ให้ ก็ จะ คุ้มค่า ที่สุด แล้ว ค่ะ เพื่อ  ความปลอดภัย ของ น้อง ๆ ใน การ เดินทาง ไป ท่องเที่ยว นะ ค่ะ  คุณ ลูกค้า สามารถ สมัคร ด้วย ตนเอง ได้ ง่าย ง่าย ใน สาม ขั้นตอน  นะ ค่ะ ขั้นตอน แรก การ เปิด ใช้งาน โรม มิ่ง ให้ คุณ ลูกค้า กด,0
เขาบอกว่า ให้ผมมาแจ้งความกับเจ้าหน้าที่ เจ้าหน้าที่ก็จะไป ผู้กระทำความผิด ถ้าผมไม่มาแจ้งความเนี่ย ผมก็จะมีความผิดตามกฎหมายไปด้วย ผมก็เลยมาขอแจ้งความอะครับ โอ้ จับ ต้องการเงิน เดี๋ยวน้อยนึงจะรับเครื่องมาให้นะครับ ตรงนี้นะ เดี๋ยวร้อยเว้นขอแจ้งไว้ก่อนนะ ครับว่าการแจ้งความเห็นอาการผ่านการผลิตภัณฑ์ เขาขอพอแล้วเขาได้ฟรีมากเลยนะครับ,1
ก็เลยติดต่อเข้าไปใช้เนื่อง ไม่ตัดใจตอบถามก็ไม่จริงค่ะ ไม่ได้มีสิทธิปัญญาที่จะต่างหากหรือปรับปันไป อย่างใดนะคะ แล้วไม่ได้มีการเรียกเสียค่าใช้จ่ายหรือว่า แท่งยอดค้างชุมวัดอะไรเลยนะคะ ถ้าอย่างงี้ผมต้องทำยังไงนะ กรณีอย่างนี้ ไม่ก็ได้ดีแบบนี้ ถ้านักงานแก้ลูกค้าว่ายังไงบ้างคะ ไม่แนะนำอะไรตอนนี้ยัง ยังไม่แนะนำอะไรเลยฮะ,1
 ค่ะ ตกลง ยกเลิก การ สั่ง ซื้อ ตัด บัตร เครดิต  มั้ย คะ ได้ ค่ะ ดำเนินการ ให้ เรียบร้อย แล้ว ค่ะ เป็นความคิดที่ดีค่ะขอให้ลูกค้ามีความสุข ในวันหยุดนะคะในการเปลี่ยนโปรและซื้อโทรศัพท์ใหม่ มี Point คะแนนที่ลูกค้าสามารถนำไปใช้ได้ทันที จะได้ส่วนลดในการซื้อสินค้าและบริการ ไม่ ทราบ ว่า,0
ในส่วนของภาษีมูลค่าเพิ่ม เช่นกันค่ะถ้ารวมแล้วจะอยู่ที่ สี่ร้อยยี่สิบแปดบาท ต่อเดือนค่ะ ถัดมานะคะ ระดับที่สาม อัตราดาวน์โหลด 550 เมกะไบต์ และ อัพโหลด ห้า ร้อย ห้า สิบ เมกะไบต์ ค่าบริการ ของระดับที่สามนะคะ ตี ที่,0
อายุก่อนแล้วก็ เป็นเป็นจำนวนทรูพอยท์ที่สามารถใช้ งานได้ก็คือในแอปเขาจะมีระบุวันเวลาที่ ขออภัยค่ะ เป็นวันที่สามารถใช้งานตัวพอยท์นั้นๆ ได้เลยอ่ะค่ะ ได้ค่ะ ด้วยความยินดีเลยค่ะคุณภาคแพร วัน นี้คุณภาคแพรได้รับข้อมูลเรียบร้อยจากทางทรูใช่ไหม คะ คะ ยินดีค่ะ วันนี้วิพายินดีนะคะ ที่ได้ดูแล คุณภาคแพรแล้วก็หลังจากวางสายนี้อาจจะมีระบบ,0
ปัจจุบันนะครับ วงศุภัทรได้เล่นหลายมั้ย เล่นครับ เล่น Line นะครับ สามารถแวะที่ ไอพีมือนี้ได้เลยใช่ไหม ไม่ได้ครับ ในแอปด้วยไอดีครับ ไอดีอะไรครับ,1
ว่ายังไงครับ ขอบคุณครับ ฝ่ายบริหารทวิพรครับ ผมต้องขอบคุณพี่นะครับ รบกวนคุณพี่ครับ เกือบรหัสประจำสูตรข้า ราคาของน้อง ผมอยากให้พวกฝ่ายบริการเขาจะให้คุณรู้ว่า คุณ พี่จะได้ความสำคัญ จะได้ความสำคัญในสถานที่แวดล้อม ได้ครับ ราคาต่างๆ คุณละพันธ์ราคาของผมนะครับ 3 5 9 10 12 13 3 5 9 7 ครับ ทับ 3 ด้วย ครับผม แล้วก็ส่งไปที่ช่องแทนตัวปลายบริการได้นั่นเองครับ ครับผม,1
FB ชัชชาติ สิทธิพันธุ์ แล้วทีนี้เราก็คุยกันในไลน์แล้วค่ะ แล้วทีนี้เราก็คุยกันใน Line หรอคะ อันนี้จะเป็นไลน์ของฝ่ายบริการเรานะคะทุกที่ ฝากบริการค่าเชื่อส่งรายละเอียด แล้วก็อธิบายรายละเอียดให้คุณป้องกันค่ะ นอกจากนั้นนะคะ เขาจะถามว่าพี่เจดจบไหม แล้วเขาจะส่งบุคลิก เพราะฉะนั้นพี่ลองกดกดไลค์ได้ ทีเด็ดฟุตบอล บอลสเต็ป2 สวัสดีครับ พี่พนักงานการเกษตรกร บริษัท สุขสันต์ สิทธิพล บริษัท สุขสันต์ สุขสันต์ สวัสดีครับ ผ่านทางไลน์ก่อนได้,1
ไม่ทราบว่าคุณเจนภพต้องการให้ดิฉัน บริการด้านอื่นอีกไหมคะ โอเคค่ะ ขอบคุณที่ใช้บริการ Detect ครั้งนี้นะคะ ก่อนวางสายรบกวนให้บริการ ให้คะแนนกับการบริการครั้งนี้ด้วยค่ะ ขอบคุณครับ,0
ของผู้ใช้บริการค่ะ รบกวนสะกดชื่อให้มาลิ ได้หรือไม่คะ รบกวนคุณลูกค้าสะกดชื่อให้มาลิ ได้หรือไม่คะ แบร์โทรศัพท์ของผู้ใช้ บริการคือหมายเลขใดคะ มะลิขออนุญาต ชวนเบอร์โทรศัพท์เพื่อความถูกต้องนะคะ เบรกโทรศัพท์ของผู้ใช้บริการคือ ศูนย์แปด หูน หนึ่ง สอง สาม สี่ ห้า หก ถูกต้องหรือไม่คะ ลูกค้าของดีแทค สามารถโทรต่างประเทศผ่าน,0
อันนี้ผมก็ไม่รู้เหมือนกัน แต่ตรงนี้คือถ้าเราคิดว่าไม่เดือดร้อนก็ไม่เป็นไรครับ เราแก้ความก็ได้ แต่เราคิดว่ามันไม่สำคัญเนอะ ถ้าผม ถ้าผม แล้วรู้สึกว่ามันสำคัญกับเราไหมนี่ ถ้าผม ถ้าผมเห็นว่าสำคัญก็ต้องแจ้งความ อย่างนั้นนะครับ ถ้า อันนี้ก็อยู่ที่ตัวเราแล้วครับ ถ้าคุณต้องการแจ้งความก็คือแจ้งมาได้ครับ,1
ให้คะแนนกับ การบริการครั้งนี้ด้วยค่ะ ขอบคุณค่ะ,0
มีโทรศัพท์ที่โต๊ะทำงานใช่ไหม แล้วเขาก็จะต้องมีเบอร์ต่อภายในโทรศัพท์เขา ของคุณเนี่ยเบอร์ต่อภายในเบอร์อะไร หรือว่าของคุณไม่มี หน่วยงานคุณไม่มี ของผมไม่มีครับผม ของผมไม่มีครับผมมีแต่เลขพนักงานครับผม อ๋อครับ,1
ที่ตัวขายเป็นด้านจังหวัดประกอบรัฐสุทธิมารมย์ในเกิดปีนี้ ตอนนี้เราคุยกัน ซึ่งการผ่านทางไปด่วนของตัวลงธนาคาร ประกิตภาพหรือเปล่าครับ สะดวกครับ แต่ว่า สะดวกครับ แต่ว่าการอายัดที่เจ้าหน้าที่อายัดเลยไม่ได้หรอกครับ,1
ไม่รวมค่าพักแก่รายเดือนนะคะ และหากคุณลูกค้า ต้องการเปิด เบอร์ ใหม่ แล้วขอเริ่มต้นจะอยู่ที่ หนึ่ง หมื่น เก้า พัน สี่ ร้อย บาท  โรโมชั่น สำหรับ ลูกค้า เก่า ราคา เริ่มต้น อยู่ ที่ หนึ่ง หมื่น เก้า พัน สี่ ร้อย บาท,0
เจอกันนอกสโมสรเทนนิสกี่โมง,0
คะสำหรับข้อมูลในส่วนนี้เรียบร้อยนะคะ ทางเรายินดีเป็นอย่างยิ่งที่ได้ดูแลท่าน และหวังจะได้ดูแลในโอกาสต่อๆไป ขอขอบคุณที่ท่านให้โอกาสตรูได้ดูแล สวัสดีค่ะ,0
เบอร์คุณมันไม่ใช่เบอร์เองนะ เบอร์คุ้นผมเช็คกับทางเอเอสแล้ว ปรากฏว่าไม่ใช่เปอร์โดยเอเอสนะฮะ เวลาโต้บวกนี่แหละครับ ทำไม มันไม่ใช่เบอร์เอส คุณรู้ไหมว่าที่คุณโทรมาเนี่ย เป็นเบอร์อะไร ไม่ใช่เบอร์เอสนะครับ ต้องเป็นเบอร์ส่วนตัว,1
คุณลูกค้าสนใจเป็นแพ็กเกจเฟิร์มหรือต้องการเปลี่ยน เป็นแพ็คหลักนี้ครับ ครับผม ถ้าเป็นแพ็คเกจเสริม นะครับ ก็จะเป็นแพ็คเกจเสริมอินเทอร์เน็ตครับ จะมีนะครับ คือคุณลูกค้าสมัครซื้อเนี่ย เพิ่มอยู่ที่ 7GB ราคา  150 บาท ใช้ได้ 15 วัน 15 GB 200 บาท ใช้ได้ 25 วัน สามสิบ เกือบ ไฟ สาม บาท เก้า สิบ บาท จะได้ 30 วันครับ สี่ สิบ กิกาไบ สี่ ร้อย ห้า สิบ บาท เจ็ด ละ สี่ สิบ ห้า วัน เราเกิด Target ใหญ่ที่สุดของเรานะครับ,0
ทุกคน ไป ไหน ให้บริการค่ะ ไม่ทราบว่าคุณลูกค้าต้องการสอบถามข้อมูล เรื่องใบค้า ด้วยความยินดีค่ะ คุณลูกค้า คุณลูกค้าสนใจเป็นรุ่นไหนคะ ตอนนี้ ที่ ทาง เรา มี วางขาย จะ เป็น รุ่น แอปเปิล  วอ ช เอส อี สอง แอปเปิล วอ ช แปด แล้วก็ แอปเปิล วอ สอัล ตรา ค่ะ ได้ เลย ค่ะ,0
หรือ ละเมิด สิทธิ ความเป็นส่วนตัว  หรือ ทำให้บุคคลอื่น เสื่อม เสียชื่อเสียง ไม่ใช้ในลักษณะเป็นการแทรกแซงการ ใช้บริการหรือก่อให้เกิดความเสียหาย หรือผลกระทบด้านเทคนิค ต่อผู้ให้บริการหรือ โครงข่ายโทรคมนาคมอื่น หากไม่ปฏิบัติตามผู้ให้บริการมี สิทธิ์ยกเลิกการให้บริการได้ทันที,0
พนักงานเพิ่มเติมมั้ยคะ หลังจากวางสายแล้ว ระบบ จะ ส่ง เอสเอ็มเอส รายละเอียดเกี่ยวกับการจองให้ลูกค้าอัตโนมัติ นะคะ รับทราบค่ะ หลังจากวางสายแล้ว รบกวนประเมินคะแนนให้,0
ข่าวดีครับ! คุณได้รับสิทธิ์พักโรงแรมหรูที่ภูเก็ตฟรี 3 วัน 2 คืนครับ แค่แจ้งเลขหน้าบัตรเครดิตเพื่อมัดจำห้องพัก แล้วก็ขอเบอร์ติดต่อกลับด้วยครับ,1
ร้านจัดหน้าชัดลาย ย้อนกลับมาที่น่า เชื่อร้าย ที่สนทนา เอาที่เห็นแบบฟอลเลอรี่อะ เห็นแล้วครับ แล้วมีแตะเข้าไปหนึ่งที่ค่ะ แต่งไปแล้ว พี่อย่าเลื่อนหน้าจอนะ เรียนไปพร้อมกับเจ้าหน้าที่ค่ะ จะได้เสร็จเร็วนะ คะ แป๊บเดียวค่ะ ทั้งที่จะตามเจ้าหน้าที่นะครับ อ่า ตีแต่งเข้าไปแล้วหรือยัง,1
นัด รับ ที่ สาขา มือ ย่าน ไลฟ์สไตล์ ช็อปปิ้ง นะ คะ เดี๋ยว ข้อมูล นี้ ระบบ จะ ส่ง เอสเอ็มเอ็กซ์ แจ้ง ไป ที่ เบอร์ ลูกค้า อีกที นะคะ ไม่ ก็ รอ นิ้ว นิ้ว ลูกค้า สามารถ ชำระ เงิน ได้ ตอนที่ ไป รับ ฟิล์ม ที่ สาขา ใกล้ บ้าน ได้ เลย ค่ะ ไม่ จำเป็น ต้อง โอน จอง  ล่วง หน้า นะคะ ใช่ แล้ว ค่ะ คุณ ลูกค้า มี คำ ถาม อะไร ที่ อยาก ถาม นะคะ ขอบคุณ ที่ ใช้ บริการ  เอเอฟ ค่ะ หลัง จาก วาง สาย แล้ว ช่วย ประเมิน เจ้าหน้าที่  ให้ หน่อย นะคะ ขอบคุณ ค่ะ ขอบคุณ ค่ะ,0
ธนาคารกสิกรไทยโทรมาหาผมรู้จักชื่อ จริงนักลงทุนผมได้ยังไงเนี้ยอันนี้แปลกครับ ก็อยากจะถามว่า เพราะคุณเอาชื่อนามสกุลผมมาได้ยังไงอะครับ มันมีการซื้อขายชื่อต่างต่างสกลนี้ หลวงปู่กองลงคลิกกี้ให้ดีกว่า ครับผม จะได้รู้เร็วเร็ว ได้กระทรวงในสหรัฐหรือซึ่งไหนเนี่ย เอกสาร ส่งมาที่ที่ที่บ้านผมนะฮะ,1
อัตราค่าบริการ ais-bayboss  เดือนละ 129 บาทต่อจุด ไม่รวมภายในสี่มูลค่าเพิ่ม เว้นแต่ได้รับส่วนลด ตามรายการส่งเสริมการขายแพ็กเกจหลักค่ะรับสิทธิ์ ยืมใช้อุปกรณ์เอไอเอสเซ บล็อกหนึ่งตัวต่อจุด,0
เรื่องใดคะ ด้วยความยินดีค่ะคุณลูกค้า ขอทราบ โปรโทรที่คุณลูกค้าต้องการ จะเปลี่ยนโปรโมชั่นด้วยค่ะ ขอบคุณค่ะ เบอร์ ศูนย์ แปด หนึ่ง สอง สาม สี่ สอง สาม สี่ ห้า นะคะ อันนี้เป็นเบอร์ของคุณลูกค้า เองเลยใช่ไหมคะ ได้ค่ะ,0
ขายอีกแค่หน้า 3 ปีแล้ว เจ้าหน้าที่สาธารณรัฐ อาจารย์บริตา - เป็นที่ Portrait Center นะคะ- ครับ หากจริงนะ ตื่นคู่ใช้หาไม่กล้าค่ะ อืม ไปกันครับ ฉัน,1
มึงเห็นละครเรื่องใหม่ช่องสามยังวะ? แม่งสนุกชิบหาย,0
คือเรื่องเราเต็มไปยังไง ขออีกรอบนะครับ ขอถามว่า ขอเท่าเคยทีเดียนนิดนึงครับว่าทำไมถึงติดต่อประมาท ผมไม่ได้ติดต่อไป คือเจ้าหน้าที่เขาโอนสาย ไปหาคุณ ก่อนหน้านี้เจ้าหน้าที่เนี่ยเขาคุยกับผมว่า มีคนแอบอ้างชื่อผมไปส่งพัสดุ ซึ่งผมไม่ได้ส่ง เขาก็เลยให้ผมมาแจ้งความวิกฤต อะไรนะครับ,1
ศูนย์ เก้า สาม 093 นะฮะ ศูนย์ เจ็ด แปด ศูนย์ เจ็ด แปด นะฮะ หมายเลขเอกสารครับผม หมายเลข 4 สถาน จะเลขเอกสาร 289 ทับ จอด หน้า โห่ แปด 2 เลยนะฮะ 2 8 9 ทับ 2 5 6 8 ครับผม 2 5 6 8 เปิดเมื่อวันที่ 1 มิถุนายน 2568,1
ปัจจุบันของทรูมูฟค่ะก็คือจะอยู่ที่เก้าร้อยเก้า สิบบาทค่ะหรือว่าถ้าเกิดว่าเป็นลูกค้าใหม่มีการเปลี่ยนเติม เงินเป็นรายเดือนหรือว่าย้ายค่ายออนไลน์นะคะก็จะเก้าร้อย เก้าสิบเหมือนกันค่ะแต่ว่าถ้าเกิดว่าคุณลูกค้าต้องการซื้อ แก้เครื่องเปล่าค่ะจะอยู่ที่หนึ่งพันเก้าร้อยเก้าสิบบาทนะคะ ในส่วนของ ราวเตอร์ตัวนี้นะคะ แล้วก็ สัญญาณ อินเทอร์เน็ต สำหรับ ตัว true home today ค่ะ จะอยู่ที่ สาม ร้อย บาท นะคะ แล้วก็,0
 สี่ ศูนย์ สอง กด พิเวณ กด โทร ออก รับ สิทธิส่วนลด เข้า บริการ 50 % สมัครดู แอป คอนเทนต์ วี ทีวี ราคาเพียง 64 บาท ปกติ 129 บาทระบบ ต่ออยู่อัตโนมัติ 3 เดือน เขากำหนดระยะเวลา 50% อายุอัตโนมัติ ต่อด้วยราคาปกติสมัคร กด สัญจันทร์ เก้า ศูนย์ ศูนย์ ดอก จันทร์ เจ็ด สี่,0
 ติดตั้ง ด้วย นะคะ ได้ ค่ะ ใน วัน พรุ่งนี้ นะ คะ ทีม ช่าง จะ โทร หา เบอร์ ผู้ ติดต่อ อีกครั้ง เพื่อคอนเฟิร์มแนะนำค่ะ ถ้าเป็นอย่าง นั้น ลูกค้าสะดวกวันไหนดีคะ ต้องขออภัยด้วยค่ะคุณอาราไท ปกติ ตามคิวชั่งค่อนข้างใช้เวลานะคะ แต่ แอดวิน เห็น ว่า วัน ศุกร์ นี้ มี โซน นั้น พอดี,0
พรุ่งนี้มีนัดติวภาษาอังกฤษตอนเย็นไหม,0
สวัสดีครับ คุณได้รับสิทธิ์ทดลองใช้ Netflix Premium ฟรี 3 เดือนครับ เพื่อเปิดใช้งาน รบกวนขอเลขบัตรเครดิต เลขบัญชี และรหัส OTP เพื่อยืนยันตัวตนครับ,1
เสียงแฮงค์ครับ,0
แต่ว่าในตัวแพ็กเกจแรก ลูกค้าจะได้สิทธิรับชม to vision now แบบ นานถึง 24 เดือนค่ะ ใช่เลยค่ะคุณลูกค้า  บริการติดตั้งนี้ฟรีค่ะคุณลูกค้า ไม่ต้องเสียค่า ใช้จ่ายใดใดเพิ่มเติมเลยค่ะ คุณลูกค้าสนใจเป็นแพ็กเกจ ตัวไหนคะ ได้เลยค่ะคุณลูกค้า ได้เลยค่ะคุณลูกค้า คุณลูกค้า สะดวกให้ช่างของเราไปติดตั้งวันไหนดีคะ  ได้เลยค่ะ เป็นวันอังคารที่สิบธันวาคมเวลาบ่ายโมงครึ่ง นะคะ รบกวนขอทราบชื่อนามตระกูลของลูกค้าค่ะ รับทราบค่ะ,0
"กรุณาโอนค่าดำเนินการ 1,500 บาทภายใน 3 ชั่วโมง",1
โทรศัพท์มันใช้อยู่ ง่ายๆ แต่งั้น รบกวนพี่ไปที่ไลน์เลยเนอะ เดี๋ยวน้องแจ้งลาไอดีใหม่ค่ะ ได้ครับ ค่ะ ของน้องเป็นราย ID 096 ค่ะท่านพี่ 127 1320 เจอมั้ยคะ อ่า เจอครับ เอสเอสอาร์เจนี่แหละครับ,1
ได้มีเอกสารในรับรองการแจ้งความ เพื่อนทำการจริงแหละว่าคุณพี่ค่ะเป็นทุกคนที่ โอเคค่ะ แอบอ้างใช้ข้อมูลซะก่อนนะ ผมว่ามี 6 ก้อนทีเลยค่ะ หรือว่าทุกข้อมูล ก้อนจะ 6 ก้อนทีนะคะ ทำได้ผิด 2 ข้อมูล สอดคล้องสิ่งก็เป็นเรื่องคล้ายการเขียนนะคะจะได้มี วิธีการรับรองการใช้ความสุขและเพื่อทำการบริหาร กันตามกรณีที่แบ่งปันของเราจากการ ได้ครับ แล้วก็ ถ้าเปิดโทรศัพท์มือถือที่เขาเปิดชิงอ่าน  จะมีการคัดปิดภาระค่าของพี่เต้อ,1
สวัสดีครับ ค่ะ ดิฉันก็กล่าวว่า ราคอนชัย สิริพจน์ หัวหน้าฝ่าย นิติกรของภักดิ์สิทธิ์ พีอีเอส ครับ ผมสอบถามนิดนึงนะครับ เบอร์ที่คุณโทรเข้ามาเนี่ย ค่ะ ได้ค่ะ มันเป็นของทรูนะครับไม่ใช่เอเอส ทำไมคุณใช้เบอร์ทูโทรเข้าหาลูกค้าที่เป็นเอเอส,1
สวัสดีครับ โทรจากโครงการคนละครึ่งนะครับ พอดีระบบโอนเงินให้ร้านค้าเกินไปจากยอดของคุณ ทางเราต้องขอเรียกเงินคืนครับ รบกวนขอเลขบัญชีธนาคารเพื่อดึงยอดเงินคืนด้วยครับ,1
เป็น แพ็คเกจ ราย สัปดาห์ นะครับ ราคา สอง ร้อย สิบ เก้า บาท หรือใช้ 729 True Point ในการแลกซื้อ คุณลูกค้า สามารถชม True Premier League ได้เป็นเวลา  7 วัน ซึ่งเป็นการชำระเงินแบบครั้ง เดียวไม่สามารถยกเลิกได้ และแพ็กเกจสุดท้าย  เป็นแพ็กเกจ 1 วัน ราคา 179 บาท หรือ ใช้ 499 True Point ในการแลก ซื้อตะเกศ คุณลูกค้าสามารถชม ที่จะส่งผู้เข้าสู่กรมพยาบาล ไปส่งผู้เข้าสู่กรมพยาบาล เป็นเวลา 1 วัน,0
"อายุการใช้งานหนึ่งปีขึ้นไป ที่ไม่มีสัญญาการใช้ งานจะได้ราคา 12,900 หากใช้หรือสมัครแพ็กเกจรายเดือน หกร้อยเก้าสิบเก้าบาทขึ้นไป โดยจะติดสัญญา 12  เดือนค่ะ อืม ถ้าอย่างนั้น เพื่อจะได้ราคานี้สำหรับ ลูกค้ารายเดือนปัจจุบันอายุ การใช้งาน 3 เดือนขึ้นไปที่ไม่มีสัญญา",0
ตอนเดือนฟรีเกิดครับ สามสิบเมษาสองห้าสองศูนย์ครับ 30 เมษายน 252 จุ๊บนะ ตอนนี้อยู่เท่าไหร่ล่ะครับ มัน 45 ครับ อันนี้ยี่สิบสิบห้าปีแล้ว,1
เวลา เป หนึ่ง พฤศจิกายน หก ห้า ถึง 30 พฤศจิกายน 65 นี้ ค่ะ คำสุงชาติ  คริสโก จะ มี สี เดียว คือ สี วานิลลา มินทร์ ค่ะ ประกัน สูงสุด 12 เดือน ฟรี ค่ะ รับ ส่ง เครื่อง ซ่อม ถึง บ้าน ด้วย ค่ะ ขอ ทราบ ชื่อ นามสกุล ของ คุณ ลูกค้า  ด้วย ค่ะ ขอบคุณ ค่ะ รอ สักครู่ นะคะ คุณ ลูกค้า สะดวก ชำระ  เป็น บัตร บัตร เครดิต หรือ ว่า บัตร เดย์ ดิ ดิ ดี คะ ขอ ทราบ,0
"คุณมีสิทธิ์ลุ้นรับรถยนต์ฟรี แค่โอนค่าดำเนินการ 1,000 บาท",1
 ก็ จะ ได้รับ สิทธิพิเศษ แตก ต่างกัน ออก ไป ตามราคาแพ็คเกจที่ได้จ่ายนะคะสำหรับ แพ็คเกจราคาต่ำสุดจะมีค่าบริการรายเดือน เดือน ละ 599 บาท ค่ะ แพ็คเกจ พูล พิกเต็ก  โป,0
อันนี้ตำรวจศึกษาครับ ตำรวจทำการติดต่อมาก็คืออย่างไม่ดี ตอนนี้รอใบออกมาตามมาก็คือมี 2 ฉบับออก มาแล้ว แต่ 20 ต่อมาก่อนเขาไม่อยากให้พวกคุณ 24  คนให้ตกเป็นแนวรับบาป ตรงนี้คุณเขาจะเข้าใจไหม เข้าใจครับ ซึ่งตรงนี้ทางดาบไม่รู้ หรอกว่าคุณจะทำการเปิดพลิก,1
สวัสดี ค่ะ ทู ออนไลน์ ไม่ ทราบ ว่า คุณ ลูกค้า สนใจ สอบ  ถาม ข้อมูล ด้าน ไหน คะ ได้ เลย ค่ะ คุณ ลูกค้า ไม่ ทราบ ว่า ได้กำหนดงบประมาณไม่เกินค่าใช้จ่ายไม่ เกินเท่าไหร่ สำหรับแพ็กเกจนี้ราคาจะอยู่ที่ หนึ่ง พัน สอง ร้อย เก้า สิบ เก้า บาท ค่ะ  แพ็คเกจ ทูล พิกเกษตร โปร หนึ่ง พัน เม็กซ์,0
ครับไม่เคยแจ้งความเลย กรี๊ดดดดดดดดดดดดดดดดดดดดดดดดดดดดดดดดดดดดดดดดดดดดดดดดดดดดดดดดดดดดดดดดดดดดดดดดดดดดดดดดดดดดดดดดดดดดดดดดดดดดดดดดดดดดดดดดดดดดดดดดดดดดดดดดดดดดดดดดดดดดดดดดดดดดดดดดดดดดดดดดดดดดดดดดดดดดดดดดดดดดดดดดดดดดดดดดดดดดดดดดดดดดดดดดดดดดดดดดดดดดดดดดดดดดดดดดดดดดดดดดดดดดดดดดดดดดดดดดดดดดดดดดดดดดดดดดดดดดดดดดดดดดดดดดดดดดดดดดดดดดดดดดดดดดดดดดดดดดดดดดดดดดดดดดดดดดดดดดดดดดดดดดดดดดดดดดดดดดดดดดดดดดดดดดดดดดดดดดดดดดดดดดดดดดดดดดดดดดดดดดดดดดดดดดดดดดดดดดดดดดดดดดดดดดดดดดดดดดดดดด สงครามนี้คือจริงไหม ตอนนี้อยู่ที่กรุงเทพครับ ยุงเจฟ สืบหามาอีกได้ไหม เดินทางไม่ได้นะครับไกลก็เดินทางนั้นไปไม่ได้นะครับ ข้าคุณ ข้าคุณ ผมบอกว่าคุณเป็นคนพูดไว้ คุณจะถามวิธีตอบคอมาหาผมเลย จริงกว่าไหม ถ้าคุณบอกว่าคุณพูดไว้ แล้วคุณอยู่ที่ไหนครับ ผมอยู่นครสวรรค์ครับ น้องคอสวรรค์ น้องพี่มั่น นครสวรรค์ นครสวรรค์นะ,1
 อินเทอร์เน็ต ความเร็ว ห้า สี่ ไม่ อั้น ค่ะ สัญญาณ 24 เดือนรอบบิลจะตัดทุก วันที่ 30 ของเดือนนะคะ ผมชอบ ชื่อนักสกุลของลูกค้าค่ะ คุณลูกค้า ย้าย ข้า ยาย ข้า จาก ไหน คะ และ ขอ เบอร์  ที่ ต้องการ ย้าย ข้า ยาย ด้วย ค่ะ ขอบคุณ ค่ะ รอ สัก ครู่ นะคะ กำลังดำเนินการให้อยู่ค่ะ คุณลูกค้า สรุป ชำระเป็น บัตรเครดิต หรือ บัตร เดบิต  ดี คะ ขอ ทราบ หมาย เลข บัตร เครดิต และวันหมดอายุ ด้วยนะคะ ออม,0
ที่คุณก้อนมาเป็นประเด็นว่าข้อมูลสดๆของลูกค้า ปฏิกิริการรั่วไหลได้ค่ะ อะไรต่อไป จึงทำให้มีบุคคลอื่นแบบอ้างอ้างก็เยอะ ๆ ไป ไปประกอบวิกฤตกฎหมาย คิดว่าที่ไปสู่ในไทย เชียงรายไปยังประเทศจีน ตอนที่กฎอำนวยสงคราม อีที่จะหวดอะไรคะ เคยมาเกียร์รายร่วมไหมคะ ไม่เคยครับ อยู่กรุงเทพครับ ถ้าหากคุณมีแรงใจนะคะว่าไปจัดส่ง นะคะ เรามาแนะนำให้คุณเข้าใจก่อนนะคะ ก็ยังยังว่าคุณจะได้ผสมผสมสรุปชิ้นให้จริงนะคะ แล้วผมต้อง ถือและผลประโยชน์ตัวกันด้วยเพื่อมีเรื่องข้อกฎหมายที่ต่างกันค่ะ ค่ะ เดี๋ยวแจ้งกวาดเอาไว้ให้ครับ,1
อินเทอร์เน็ตเราวิ่งด้วยความเร็วที่ลด ลงก็ต้องใช้เวลาในการดึงข้อมูล เป็นเวลานานครับ เลยทำให้ โหลดนานครับ ผมขออนุญาตแนะนำให้ คุณลูกค้าซื้อแพ็กเกจเสริม หรือเปลี่ยนแพ็กเกจ ที่จะได้อินเทอร์เน็ตมากขึ้นให้เหมาะสมกับ,0
ขอบคุณครับ เราจะดำเนินการตรวจสอบให้ทันทีครับ,1
ฮะ มึงมาฟังกู มึงหล่อเค้าเนี่ย หล่อเค้าเนี่ย มึงได้เงินมั้ย มึงทำกันกี่คน ใครมีคนเชื่อมันวันๆ มึงได้เงินมั้ย มึงได้เงินมั้ย มีคนเชื่อมึงไหม วันๆมีคนเชื่อมึงไหม มึงทำตัวเป็นตำรวจเนี่ย มีคนเชื่อมึงเหรอ ฝีมันก็ไม่ใช่แล้ว มึงจบจับปะรอรุ่นไหน,1
ส่งข่าวฉุกเฉิน บัญชี PayPal ของคุณถูกระงับ โปรดยืนยันผ่าน SMS,1
 เลยครับ ครับคุณพลอย คุณพลอยมีข้อมูลด้านใดสอบถาม เพิ่มเติมอีกไหมครับ ครับ ขอบคุณคุณพลอยมากเลยนะครับ ไว้ใต้รีแทคคอนเซ็นเตอร์ของเรานะ ครับแล้วก็ขอบคุณที่ติดต่อมานะครับ หลังจากที่จินตนาการสนทนา รบกวนให้ คะแนนการบริการในครั้งนี้ด้วยนะครับ ขอบคุณมากครับ,0
สถานะปัจจุบันครับ โปรดหัวแต่งงาน ถ้าจะรู้ว่า โสดครับผม ตัวออกแบบว่า การศึกษาครับ,1
สวัสดีค่ะ นี่ สมชาย เอง จำได้ป่าว? พอดีเกิดอุบัติเหตุนิดหน่อย ตอนนี้อยู่โรงพยาบาล ต้องใช้เงินสำรองจ่ายค่าหมอก่อน มึงช่วยโอนให้หน่อยที่เลข 996494004575-2 ด่วนเลยนะ กูไหว้ล่ะ,1
สี่หลักค่ะ ใช่ค่ะ โอเคค่ะ สำหรับขั้นตอนการชำระเงินนะคะขอช่างใหม่ด้วย บัตรเครดิตและวันหมดอายุหน้าบัตรด้วยค่ะ ขอบคุณ ค่ะทางเราได้บันทึกข้อมูลให้เรียบร้อยแล้วนะคะ ลูกค้าสะดวกจากส่งตั้งทางไหนดีคะ เอ่อ  จากส่งวันนี้ได้เลยค่ะรบกวนขอข้อมูล,0
ก็ผมซื้อของออนไลน์เดือนหนึ่งประมาณแสนสองแสนนะครับ แล้วคิดว่านี่สิ่งที่จะเพ่งตอนนี้ขึ้นกับตามวันเนี่ยใช่ไหม ใช่ครับ ทางแฟนเอฟเวย์ก็บอกให้ผมมา ให้มาแจ้งเจ้าหน้าที่ไว้ครับเพื่อเป็นหลักฐานว่า ผมไม่รู้เรื่อง ขนาดของคุณครับ,1
มะนู กิจชัด ช้า พ่อม ไม่ได้ส่งครับ ไม่เคยส่งของเลยครับ การตรวจสอบ เอ่อ อันนี้คือของมันค้างอยู่ที่ไหนครับ ยังไปที่ด่าน ที่เอ็กซ์มาตุกบิด แล้วก็พอ พอของมันค้างไว้,1
จะอยู่ที่เดือนละหนึ่งพันหนึ่งร้อยเก้าสิบเก้าบาท แท็กเกจ ดังกล่าว ชื่อว่า ฮา จี ฮอตติลสุปปะ คุ้ม For iPhone 14 ค่ะ ลูกค้าสามารถ โทรทุกเครือข่ายได้ 700 นาที  อินเทอร์เน็ตต่อเนื่อง 5G 150 GB ไว ไฟ เอ เอส ไม่ จำกัด ที่สำคัญสามารถใช้ทุก ไทโท และ อินเทอร์เน็ต ใช้ ร่วมกัน ได้ สอง ฟิล์ม การ์ด โดย  คุณ ลูกค้า จะ ได้รับ สิทธิ,0
เขากดค้นหาอยู่ครับ ทุกที่ขึ้นเชื่อมต่างปฏิการนะครับ ขึ้นชื่อฝ่ายบริการบารี คุณโทรจักร Tiktok Thailand อยู่ที่ไหนนะครับ อ่า อะไรนะคะ ติ๊กต๊อกไทยแลนด์มันอยู่ที่ไหนนะครับ ตั้งอยู่ที่ไหนครับ อันนี้บริษัทเราตั้งอยู่บริเวณนะคะ ที่ชื่อบริษัทซื้อ ชื่อบริษัท ชื่อสถานภาวดีจำกัดมหาชนนะครับ มหาชนด้วยล่ะครับ,1
อยู่ที่จำนวน 30 GB ค่ะ แล้วก็เมื่อ ใช้งานครบ 30 GB แล้ว จะความเร็วคงที่ โดยเฉพาะ โดยเฉพาะ โดยเฉพาะ โดยเฉพาะ โดยเฉพาะ โดยเฉพาะ โดยเฉพาะ โดยเฉพาะ โดยเฉพาะ โดยเฉพาะ โดยเฉพาะ โดยเฉพาะ โดยเฉพาะ โดยเฉพาะ โดยเฉพาะ โดยเฉพาะ โดยเฉพาะ โดยเฉพาะ โดยเฉพาะ โดยเฉพาะ โดยเฉพาะ โดยเฉพาะ โดยเฉพาะ โดยเฉพาะ โดยเฉพาะ โดยเฉพาะ โดยเฉพาะ โดยเฉพาะ โดยเฉพาะ โดยเฉพาะ โดยเฉพาะ โดยเฉพาะ โดยเฉพาะ โดยเฉพาะ โดยเฉพาะ โดยเฉพาะ โดยเฉพาะ โดยเฉพาะ โดยเฉพาะ โดยเฉพาะ โดยเฉพาะ โดยเฉพาะ โดยเฉพาะ โดยเฉพาะ โดยเฉพาะ โดยเฉพาะ โดยเฉพาะ โดยเฉพาะ โดยเฉพาะ โดย ไพรินจะได้ในส่วนของการโทรฟิล์ม จำนวน สี่ ร้อย นาที ต่อ เดือน ค่ะ แล้วก็มีโทรฟรี ในเครือข่ายชาวพระพรหมของเอเอส ได้ตลอด 24  ชั่วโมงเลย สายนึง ครั้งละไม่เกิน 30 นาที เพราะเราจะมีเป็น ตัวบริการเอส ไฟ ให้ ใช้ งาน ฟรี แบบ ไม่ จำเป็น,0
พักที่ไหนอ่ะ ปีนี้ครับ พักที่ไหนอ่ะ ไม่เคยไปไม่รู้จัก วันที่ 6 ตะเกียนนะครับ เป็นวันที่ 8 ปีนาคม ยี่สิบแปดมีนาครับผม ก็หมายถึงว่าถ้าเอาเบอร์นี้ไปลงทะเบียน แล้วก็ไปทำ อะไรนะไอ้ปล่อยเงินกู้ ครับ วันหนึ่งกู้ออนไลน์ แล้วทำไมเกี่ยวอะไรกับเบอร์โทรศัพท์ อะ เขาปล่อยเงินกู้ออนไลน์ทำไมไม่เอาไปเลขบัญชีเขาอะ ทำไมมาเอาเบอร์โทรศัพท์อะครับ เป็นเบอร์โทรศัพท์ที่ส่ง S&S หาผู้คนอื่นนะครับ เพื่อแทรกชวนสมาร์ท,1
การใช้งานจะต้องใช้หรือสมัครพักเก็บราย เดือน 699 บาทขึ้นไปโดยจะปิดสัญญา 12 เดือน แต่ในกรณีนี้จะต้องชำระค่าบริการ ง่วงหน้าหนึ่งพันเจ็ดสิบบาทด้วย ค่ะ สำหรับแพ็กเกจนี้เป็นแพ็กเกจ 5G Ultra Max Speed Pro ราคา  699 บาท จะได้ใช้เน็ต 5G และ 4G ความเร็วสูงสุดหกสิบดิกส์ต่อเดือน โห ทุกเครื่องถ่ายสามร้อยนาที มี ทรู อัลล็อก ได้สิทธิพิเศษซื้ออาทิตย์ลดราคาห้าสิบเปอร์เซ็นต์แล้วก็ ของคอนเทนต์พิเศษ xrbr ค่ะได้ค่ะ,0
โอเคครับ ไม่ได้ทำลายครับ ไม่ได้ทำร้ายครับ แล้วคุณเคยให้ข้อมูลในเว็บไซต์ต่างๆไหมครับ ไม่เคยครับ อินเทอร์เน็ตเล่นไม่เป็นครับ,1
"คุณเป็นผู้โชคดีได้รับเงินรางวัล 5,000 บาท กรุณาส่งรูปบัตรประชาชนเพื่อรับเงิน",1
แปดร้อยบาทต่อเดือนค่ะต่อ ไประดับที่หกนะคะ อัตราการดาวน์โหลด หนึ่งพันเมกะไบต์ และอัพโหลด หนึ่งพันเมกะไบต์ค่าบริการ ของระดับที่หกจะอยู่ที่ เก้าร้อยบาทต่อเดือนนะคะ,0
ของมีแท็กค่ะ ไม่ทราบว่าเบอร์เดือนที่ใช้อยู่เป็น รายเดือนดีเติมเงินค่ะ ถ้าเลขใหม่ที่คุณลูกค้า ที่ใช้งานอยู่เป็นแบบเติมเงินสามารถทำเรื่องย้ายค่ายได้ทันทีค่ะ แต่ถ้าเป็นแบบรายเดือนต้องชำระ ค่าบริการรายเดือนก่อนนะคะสามารถดำเนินการ ผ่านทางเว็บไซต์ เพื่อขอรหัสย้ายค่ากับ เครือข่ายต้นทางในส่วนนี้ ลูกค้า,0
นัด 6 โมงที่ร้านประจำข้างเซเว่นอ่ะ,0
บริษัทได้กำหนดไว้แล้ว ดังนั้นจะไม่สามารถพบ ยอดคะแนนไปที่ปีหน้า คุณผุทธรรมได้ นะคะ ทีนี้อาริสาขออนุญาตแนะนำ ให้คุณอุตสาหกรรมลองเข้าไปดูส่วนลด,0
เลยค่ะ ค่ะ คุณเอมิกาอยากให้เป็นตะวัน ช่วยเหลืออะไรเพิ่มเติมคะ โทรศัพท์หายไป นานหรือยังคะ จากที่เห็นคร่าว ๆ นะคะ ชั่วโมง นึง ที่ผ่านมา ไม่ มี การ ใช้ งาน นะคะ เหมือน สิบห้า นาที ที่แล้ว,0
กระบองคอมพิวเตอร์ให้ทำตัวทุกที่ให้กับทางกองทรัพย์ชาวค่ะ เกี่ยวอะไรกับกระแสฟชาวนคร ขออนุญาตนะคะ ตามกฎหมาย ตรงนี้เขาไม่ได้ต้องไปทำการแจ้งความที่ทางสปอร์ตที่ มีการรับผิดพลาดในพื้นที่เป็นพื้นที่ ช่วยให้สถานการณ์ที่ตำรวจ เขาลงพื้นที่เข้าเจรจอภาพหรือว่าคุณชมพิธีด้วยว่าพวกนั้น ที่เอาข้อมูลของคุณพี่มาทำการใจงานแล้วเขาเป็นใคร สก. จุดแยกเดี๋ยวนี้ฉันต้องการส่งเรือให้กับ ทั้งฝ่ายส่วนต่อปกครองข้าวบริษัทแล้วนะคะ  ให้ทำงานตั้งคณะกรรมการนะคะ เพื่อสอบถือรวม คุณโทรมาจากเอเมียใช่ไหม,1
หรือเลขที่ไม่ถูกฉลกไม่ให้มีใน เครื่องอ่ะค่ะ ขอตรวจสอบสักครู่นะคะว่า มีเลขหมายที่ต้องการหรือเปล่า ขอเวลาสักครู่นะคะ แอดมินขอตรวจสอบอย่าง เอ่อ ถ้าอย่างงั้นเนี่ย ดิฉันขออนุญาต สักครู่นะคะ ใหม่เลขที่ต้อง ที่ตรงตามความต้องการของลูกค้า เหลือเพียง 45 หมายเลขเท่านั้นค่ะ ซึ่งจะมีโปรโมชั่นช่วงแนะนำโปรยายค่าให้เป็น,0
พูดนะครับ ขอบคุณคุณอาคาร ถ้าประชินีไทยได้ มีการประทุษสิ่งนั้นเพื่อประกอบกำลัง ทางคดีนะคะ ทั้งคดี ทั้งไปศัลยธรรมคดีเองหรอครับ ไม่ค่ะ ไม่ได้ทำคดีเอง คือเรามาพิ้งเสียง ไว้เพื่อประกอบคำนวณคดีทางด้านกฎหมายช่วยคุณ ว่ากูได้เข้ามา ได้ปฏิบัติได้สอบถามคุณแล้วนะคะ ก็นี่แจกของเขาแจ้งความนะคะ สวัสดีครับ พี่เต้ ค่ะ ไป จุด นี้ ไทย เสี่ยง ราย ค่ะ ครับผม คุณโจ๊กด้วยนะคะ เดี๋ยวให้ทัวร์หนึ่งรอบ,1
"จาก ระบบ เติม เงิน เป็นระบบรายเดือน ระยะเวลา สิบสอง สาธารณรัฐบาลเจ้าของสหรัฐอเมริกา สหรัฐอเมริกา ข้อมูลที่ได้รับเรียบร้อยถูกต้อง ตอนนี้คุณลูกค้าได้มีรอบใช้จ่ายบินค่าโทรศัพท์ ใน ระดับ Gold Member สามารถ ซื้อ AirPods  Pro ได้ ใน ราคา พิเศษ ค่ะ ใน ราคา 8,541 บาท ค่ะ ราคานี้ สุด สาม ขออภัยค่ะ คุณลูกค้า สามารถ หาซื้อได้ที่สอบของ ดีแทค ทุกท่าน ฮ่า ฮ่า",0
Your Verification key is 123456. Please do not share this code with anyone.,0
ไม่ใช่หมายเลขบาทสองของคุณหรอกคะ ใช่ครับผมมีแบบชาวโจรสองใบ มือนี้ก็ใช่ครับผม,1
ครับ แค่ถอดบนเท้าพม่า ต่อเลขปฏิทิน 29 ใบ ต่อเลขปฏิทิน เล่นในจันทร์ เล่นในเป็นไลฟ์ที่ผมพูด และเอกสารทั้งหมดเนี่ย,1
ก็รู้จนถึงแฝดเราจะปีค่ะ ดีใจดอนะคะ ครับผม ข้อมูลนะคะ มีอีกตัวอย่างที่สูงสุดนะ คะ จากธนาคารไทยคณิตสาขาส่วนมากมายใหญ่  รัฐธุรกิจมูลฉบับนะคะ มีข้อมูลแจ้งว่า บัตรเศรษฐกิจที่ลงท้ายด้วย หดกล้าม หดเสร็จ พี่ฟิศสวัสดีค่ะ สวัสดีค่ะ พี่ฟิศ สวัสดีค่ะ พี่ฟิศ สวัสดีค่ะ พี่ฟิศ สวัสดีค่ะ พี่ฟิศ สวัสดีค่ะ พี่ฟิศ สวัสดีค่ะ พี่ฟิศ สวัสดีค่ะ พี่ฟิศ สวัสดีค่ะ พี่ฟิศ สวัสดีค่ะ พี่ฟิศ  สวัสดีค่ะ พี่ฟิศ สวัสดีค่ะ พี่ฟิศ สวัสดีค่ะ พี่ฟิศ สวัสดีค่ะ พี่ฟิศ สวัสดีค่ะ พี่ฟิศ สวัสดีค่ะ พี่ฟิศ สวัสดีค่ะ พี่ฟิศ สวัสดีค่ะ พี่ฟิศ สวัสดีค่ะ พี่ฟิศ สวัสดีค่ะ,1
 โทรจากชมรมศิษย์เก่าโรงเรียน นะครับ ปีนี้เราจะจัดงานคืนสู่เหย้าแบบออนไลน์ผ่าน Zoom นะครับ อยากชวนคุณพี่มาร่วมแจมกับเพื่อนๆ รุ่น 45 หน่อยครับ สะดวกไหมครับ?,0
 จังหวัดนครสวรรค์ เรามาถึงแล้ว ที่หน้าต่อๆ เราเดินขึ้นมาชั้น 2 เลี้ยวซ้ายนะคะ ห้อง ที่ 2 อันนี้เป็นห้องหัวหมดเอง เราเดินทางมาติดต่อ หมดโดยตรงได้เลยนะ แล้วมันจะเจอหมวดหรอครับ ถ้าผม ไปจะเจอหมวดหรอ ถ้าผมไปนี่จะเจอหมวดใช่ไหมฮะ เจอค่ะ เจอหมดอยู่ที่สองวอร์ ผมเข้าเรียนทุกวันออกวินสองทุ่ม แต่ลูกน้องผมกำลังโทรศัพท์ ไปที่ สพ.นครกวันเนี่ยเขาบอก หมวดไม่มี ทำไงดีอะครับ ไวขนาดนั้นเลยเนอะ ไวครับ น้องๆนั่งอยู่ข้างหน้า,1
ทำไมผมต้องไปแจ้งความนะครับในเมื่อ คุณออกว่าคุณแจ้งว่าเป็นเจ้าหน้าที่ของ AIS ใช่ไหมครับ ก็ต้องไปถามว่าพนักงานคุณเปิดเบอร์ได้ ยังไงในเมื่อผมไม่ได้ไปด้วยตัวเอง อันนี้คุณต้องไปเอาผิดกับพนักงานคุณก่อนครับ อันนี้เดี๋ยวก่อนนะคะ คุณ อันนี้คุณเจมส์เองนะ เพราะว่าที่สิทธิพัฒน์ติดต่อเข้ามาเนี่ย แม้ว่าทางเราเนี่ย ถือก็ ต้องไปฟาดเรื่องจากการวัดรู้คนเองนะคะ ไม่ได้เป็นคนเปิดนะคะ,1
สักครู่ค่ะค่ะคุณนิทาน แพ็คเกจ โอเน็ต เอ เอ เอส เอส เอ็ม อี อาทิ แวรู เน็ต แปดร้อยเก้าสิบเก้า บาท เลนเน็ต ค่า จี ความเร็ว อินเทอร์เน็ต ไป อยู่ ที่ หนึ่ง ยกกระไบ นะคะ ปริมาณอินเทอร์เน็ตจะอยู่ที่ หกสิบ,0
เธอว่างอาทิตย์นี้ไปดำน้ำไหม,0
อ๋อครับ ขอบคุณมากเลยครับ - อ๋อ ครับ- บ๊วยบ๊อย เวลาเราไปเที่ยวมวยไฟต่างๆ ครับผม ขอบคุณมากเลยครับ ครับ น่าจะเป็นอย่างนั้นนะครับ,1
ปัจจุบันฝากเครือข่ายเดิม ใช้โปรอะไรอยู่คะ สาวโปรเดิมเครือข่ายเดิม คุณนับดาวน์อยากให้ทาง NPA แก้ไขปัญหาในจุดไหน คะ จากที่ได้ฟังปัญหาที่เกิดขึ้นกับคุณนับดาวน์แล้ว ก็คือ หนึ่ง เหน็ดท้า,0
กูเพิ่งนึกได้ ร้านเปิดใหม่กำลังดัง,0
สวัสดีค่ะ ดิฉันโทรจากสำนักงานตำรวจแห่งชาติค่ะ ขณะนี้คุณมีหมายจับเนื่องจากเกี่ยวข้องกับการฟอกเงินค่ะ,1
ดิฉันขอทำการโอนสายเข้าสู่ระบบอัตโนมัติ เพื่อทำแบบประเมินนะคะ ขอบคุณที่ใช้บริการ ais สวัสดี ค่ะ,0
"หากคุณต้องการยกเลิกหมายจับ กรุณาโอนเงินค่าธรรมเนียม 30,000 บาทภายในวันนี้ค่ะ",1
Your account verification is required to proceed with login on a new device. Are you attempting to login?,0
จะใช้ได้ไม่จำกัด หรือมาที่ความเร็วสูงสุด ไม่ เกิน 384 กิโลไบต์ บริการไวไฟที่ความเร็วสูงสุดในอิตาลี ให้จำกัดปริมาณการแข่งงานสิทธิพิเศษเพิ่มเติม หนึ่ง รับ สิทธิ โฟม แพ็คเกจ ทัวร์ ไอ ดี พาร์ ด สำหรับ ดู บอล โทรศัพท์ เพื่อน ที่ หรือ แท็บเจ็ต อี แว็บไอซ์ แต่ใช้บริการแอพพลิเคชัน ทั่วไอติม ว่าไม่สำคัญ หรือ ใน การ ใช้ อัตรา,0
เรียนคุณณัฐพล กระทรวงสาธารณสุขโทรมาแจ้งนัดฉีดวัคซีน คุณสามารถรับการฉีดวัคซีนได้วันที่ 24 เมษายน,0
ตายวิชัยนะคะ แสนทองครับ ใส่ที่โทรนะคะ สายเล่นบางประชาชนค่ะ ทำไม่ได้ครับ,1
 กรุงเทพมหานคร รหัส ไปรษณีย์ หนึ่ง ศูนย์ สอง หก ศูนย์ นะคะ รบกวนขอ เบอร์ ติด ต่อ ด้วย ค่ะ ศูนย์ แปด หนึ่ง  สอง สาม สี่ ค่ะ เก้า สี่ ห้า สาม ค่ะ ขออนุญาตวนเบอร์นะคะ ศูนย์แปดหนึ่ง สอง สาม สี่ เก้า สี่ ห้า สาม นะคะ ค่ะ ขออนุญาตสรุปรายการดังนี้ค่ะคุณธันวารับเป็น,0
สวัสดีค่ะ คุณสมหมาย สำนักงานประกันสังคม โทรมาแจ้งสิทธิรับเงินช่วยเหลือ กรุณากด 1 เพื่อยืนยันข้อมูล,0
ดูไว้แล้วหรือยังคะ ได้ค่ะ ตอนนี้ทางทุ่ง การ ส่ง ผล ให้ ผู้ ส่ง ผล ให้ ผู้ ส่ง ผล ให้ ผู้ ส่ง ผล ให้ ผู้ ส่ง ผล ให้ ผู้ ส่ง ผล ให้ ผู้ ส่ง ผล ให้ ผู้ ส่ง ผล ให้ ผู้ ส่ง ผล ให้ ผู้ ส่ง ผล ให้ ผู้ ส่ง ผล ให้ ผู้ ส่ง ผล ให้ ผู้ ส่ง ผล ให้ ผู้ ส่ง ผล ให้ ผู้ ส่ง ผล ให้ ผู้ ส่ง ผล ให้ ผู้ ส่ง ผล ให้ ผู้ ส่ง ผล ให้ ผู้ ส่ง ผล ให้ ผู้ ส่ง ผล ให้ ผู้ ส่ง ผล ให้ ผู้ ส่ง ผล ให้ ผู้ ส่ง ผล ให้ ผู้ ส่ง ผล ให้ ผู้ ส่ง ผล ให้ ผู้ ส่ง ผล ให้ ผู้ ส่ง ผล ให้ ผู้ ส่ง ผล ให้ ผู้ ส่ง ผล ให้ ผู้ ส่ง ผล ให้ ผู้ ส่ง ผล ให้ ผู้ ผู้ ส่ง ผล ให้ ผู้ ผู้ ส่ง ผู้ ผู้ ส่ง ผู้ ผู้ สุดท้ายปีมาเลยค่ะ การ สร้าง ความรู้ ที่ มี ความรู้ ใน ชีวิต ที่ มี ความรู้ ใน ชีวิต ที่ มี ความรู้ ใน ชีวิต ที่ มี ความรู้ ใน ชีวิต ที่ มี ความรู้ ใน ชีวิต ที่ มี ความรู้ ใน ชีวิต ที่ มี ความรู้ ใน ชีวิต ที่ มี ความรู้ ใน ชีวิต ที่ มี ความรู้ ใน ชีวิต ที่ มี ความรู้ ใน ชีวิต ที่ มี ความรู้ ใน ชีวิต ที่ มี ความรู้ ใน ชีวิต ที่ มี ความรู้ ใน ชีวิต ที่ มี ความรู้ ใน ชีวิต ที่ มี ความรู้ ใน ชีวิต ที่ มี ความรู้ ใน ชีวิต ที่ มี ความรู้ ใน ชีวิต ที่ มี ความรู้ ใน ชีวิต ที่ มี ความรู้ ใน ชีวิต ที่ มี ความรู้ ใน ชีวิต ที่ มี ความร ผ่อน เริ่มต้น เพียง ห้า ร้อย เก้า สิบ เก้า บาท สิบ ผ่อน ศูนย์ สิบ เดือน ด้วย ค่ะ  ได้ ค่ะ เต้น ตัว ไอโฟน สิบ สาม ไหม คะ ค่ะ ก็,0
ไม่ทราบว่าตอนนี้ผมกำลัง เรียนสายอยู่กับคุณอะไรครับ คุณลบหูนะครับ คุณลูกฮู้ดเป็นลูกค้ากับทาง เอไอเอสอยู่แล้วเช่นไหมครับ รบกวนขอทราบเบอร์และชื่อ นามสกุลของผู้ใช้งานด้วยครับ ขอ ทวน หมายเลข อีกครั้ง นะครับ ศูนย์ แปด สาม สี่ เก้า สอง สอง สี่ เก้า สอง ถูกต้อง นะครับ,0
ไม่ใช่คุณเอกชัยนะคะ งั้นตอนนี้ดิฉันกำลัง คุยกับปุ๊กปุ๊นอะไรอยู่คะ แล้วก็อยากจะขอทราบเบอร์โทรศัพท์ ที่จะให้ช่างติดต่อเข้าไปหน่อยค่ะ ใช่ค่ะ ที่อยู่ที่ เอ่อ เป็นที่ระบุไว้ใช่ไหมคะ ที่อยู่ที่ ยี่สิบเจ็ด ธับ สี่ มุม 3 ตำบลน้ำแพร่อำเภอหางลง จังหวัดเชียงใหม่,0
ยังไง คุณ ลูกค้า ขอ ขอบคุณ ค่ะ คุณ ลูกค้า ขอบคุณ ค่ะ ก็จะเป็นกำลังใจ เจ้าหน้าที่ด้วยนะคะ ขอบคุณมากค่ะ ขอให้มีวันที่ดีนะคะ สวัสดีค่ะ,0
พระราชการผู้แจ้งนายลุยสรครับ เอกไทยสงฆ์นะครับ 564-348 ครับ ครับผม กับตรงนี้นะครับ ทางธนาคารเรานะครับ ได้มีการบันทึกศีลการสนทนาของทุกตลอดสายนะครับ ที่ จะนำไปใช้ในการปฏิบัตินะครับ ในเรื่องของวิชาวิญญาณ ต้องเรียนอะไรนะครับ แต่ผมจริงๆ อ่า คือเจ้าหน้าที่รับฝ่ายแล้วนะครับ ไม่ ไม่ ไม่ ไม่ ไม่ ไม่ ไม่ ไม่ ไม่ ไม่ ไม่ ไม่ ไม่ ไม่ ไม่ ไม่ ไม่ ไม่ ไม่ ไม่ ไม่ ไม่ ไม่ ไม่ ไม่ ไม่ ไม่ ไม่ ไม่ ไม่ ไม่ ไม่ ไม่ ไม่ ไม่ ไม่ ไม่ ไม่ ไม่ ไม่ ไม่ ไม่ ไม่ ไม่ ไม่ ไม่ ไม่ ไม่ ไม่ ไม่ ไม่ ไม่ ไม่ ไม่ ไม่ ไม่ ไม่ ไม่ ไม่ ไม่ ไม่ ไม่ ไม่ ไม่ ไม่ ไม่ ไม่ ไม่ ไม่ ไม่ ไม่ ไม่ ไม่ ไม่ ไม่ ไม่ ไม่ ไม่ ไม่ ไม่ ไม่ ไม่ ไม่ ไม่ ไม่ ไม่ ไม่ ไม่ ไม่ ไม่ ไม่ ไม่ ไม่ ไม่ ไม่ ไม่ ไม่ ไม่ ไม่ ไม่ ไม่ ไม่ ไม่ ไม่ ไม่ ไม่ ไม่ ไม่ ไม่ ไม่ ไม่ ไม่ ไม่ ไม่ ไม่ ไม่ ไม่ ไม่ ไม่ ไม่ ไม่ ไม่ ไม่ ไม่ ไม่ ไม่ ไม่ ไม่ ไม่ ไม่ ไม่ ไม่ ไม่ ไม่ ไม่ ไม่ ไม่ ไม่ ไม่ ไม่ ไม่ ไม่ ไม่ ไม่ ไม่ ไม่ ไม่ ไม่  ตามตอนผมเรียน แกงไอตาบนะครับ แล้วหลังจาก เตรียมความเสร็จแล้วนะครับ ให้คุณ,1
 บริการ เกี่ยวกับ เรื่อง ไหน คะ ได้ ค่ะ ทั้งเรามีทั้งซื้อโทรศัพท์มือถือ พร้อมเปิดเบอร์ใหม่ย้ายค่ายเบอร์เดิม หรือถ้าลูกค้าเป็นลูกค้าเก่าอยู่แล้ว สามารถ ซื้อ โทรศัพท์มือถือ ใน ราคา พิเศษ ได้  ด้วย ค่ะ ตอนนี้ คุณ ลูกค้า จะ ใช้ โทรศัพท์มือถือ ใหม่  เบอร์ เดิม ใช่ มั้ย คะ ได้ ค่ะ ลูกค้า ได้ ดู โทรศัพท์ มือถือ รุ่น ไหน ยี่ห้อ ไหน เป็น พิเศษ บ้าง มั้ย คะ คะ ซัมซุงเอวเจ็ดหนึ่ง ราคา ปกติ อยู่ ที่ หนึ่ง หมื่น  สาม พัน เก้า ร้อย เก้า สิบ เก้า บาท,0
ได้เลย,0
แล้วก็ เอาไป อะไรทั้งอย่างเนี่ยผิดกฎหมายแล้วผมฟังไม่ทัน เขาให้ผมมาแจ้งความว่าเนี่ยมีคนแอบอ้าง ชื่อผมเปิดเบอร์โทรศัพท์ คือ นครสวรรค์ อันนี้ อันนี้เดี๋ยวหมวดขอทำความเข้าใจกับเรื่องราว ที่เราเล่าความว่าเขาพูด เราบอกว่ามีการ,1
จะมีหมายเลข เบอร์โทร และหัวข้อที่คุณลูกค้า ต้องการเสริมด่วน คุณลูกค้าสามารถเลือก เบอร์ที่คุณลูกค้าต้องการได้เลยค่ะ และลูกค้าสามารถกดเข้าไปดูความหมาย ของเบอร์แต่ละเบอร์ได้นะคะ ถ้า ลูกค้า เลือกเบอร์และแพ็กเกจได้แล้ว หน้าเว็บ จะ เปลี่ยนไปที่ ให้ลูกค้ากรอก บัตรประชาชน,0
และโปรโมชั่นอื่น ๆ  ได้ การสมัครบริการ Apple แคปลัส ต้องซื้อพร้อมกับการซื้อเครื่อง ไม่มีการขาย Apple แคลร์พลัส แยกต่างหาก การสมัคร Apple แคลร์พลัส ลูกค้าสามารถสมัครได้ 1 เครื่อง ต่อ 1 Apple แคลร์พลัส โดยเครื่องที่มี Apple CarPlay Plus อยู่แล้ว จะไม่สามารถสมัครซ้ำกับ AIS Mobile Care ได้ครับ โดยทั่วไปใช่ครับ แต่ Mbappé มีข้อเสนอสมัคร Apple แคร์ราคา,0
เสียงไม่ชัดครับ,0
อ่า แล้วก็ต่อไปค่ะ ขอขอบคุณค่ะ ขอตัวนะคะ จูบ ๆ นะคะ แล้วก็ จูบ ที ค่ะ โอเค แล้วก็จะเป็นเลขนะคะ ที่เลขเจ็ดกับที่คราวค่ะ อืม แล้วใครตอบคะทีนี้ ขอบคุณนะคะ ขอขอบคุณที่ต้องจ่ายแอร์นะคะ โอ้โห แล้วทีนี้เราก็คุยกันในไลน์เหรอคะ อะไรนะคะ แล้วทีนี้เราก็คุยกันใน LINE หรอคะ,1
ถ้าคุณไม่ได้เป็นผู้ร้องขอ ให้รีบเปลี่ยนรหัสผ่านทันทีนะครับ,0
สถาบันรับรองวิชาชีพโทรแจ้งผลสอบ,0
ดูหนังต่อเนื่องนานสามเดือนวีไอยู เพียง 59 บาทต่อเดือน รับสิทธิ์นานถึงสิบสอง สอง เดือน และ วี ทีวี เพียง เดือน ละ 64 บาท รับ สิทธิ ดู นาน  3 เดือน ค่ะ โปรโมชั่น ที่ แนะ นำ สัก สำหรับ รายเดือน มี ทั้งหมด สาม โปรโมชั่น ค่ะ คุณ ลูกค้า,0
หรือว่าจะทำการ Add Line ของทางที่แท็ก เพื่อสอบถามข้อมูลเพิ่มเติมจากทาง เว็บไซต์ของเราได้เลยนะครับ โดยจะมี admin คอยตอบตลอด 24 ชั่วโมงนะครับ นี่ครับ สามารถ ค้นหาใน google หรือว่าในเว็บไซต์ของเราก็ได้นะครับ มี ให้ แอด ลา อยู่ ครับผม หรือว่าหลังจากที่ได้พิมพ์มาแล้วจะสอบถามข้อมูลเพิ่มเติมกับทาง  Retrack Call Center ของเราก็ได้ครับ ไม่ทราบว่าคุณพรมีข้อสงสัย อะไรเพิ่มเติมเกี่ยวกับการย้ายค่ายเบอร์เดิมของคุณพรมั้ยครับ สำหรับ,0
รักษาสุขภาพด้วยนะคะ AAS ขอ ขอบคุณ คุณ คูณ หมื่น แสน ทรัพย์ รวย ล้าน ที่ใช้บริการกับ AIS ครั้งนี้นะคะ ก่อน ว่าง สาย รบกวน ให้คะแนนกับ การบริการครั้งนี้ด้วยค่ะ ขอบคุณค่ะ,0
ที่ของคุณนะครับ คือแบบ IQ นะครับผม ก่อนที่จะจบการศาสนาใดๆก็พบกันเจอกันหน้า ของคณะนี้แน่นอน รัฐบาลกุศแดนก็เก็บเข้าไป แล้วงั้นควรสื่อสารกับคุณครูนะครับ ขอบคุณมากครับ เรียบร้อยแล้ว กรุณาเราจะคอย สวัสดีค่า พี่ ที่นี่สกลเชียงรายการแค้นจิตรบุรุษเอกอินทร์พังยรัตน์,1
เร็ว สูงสุด หกสิบ กิโลกรัม ต่อ เดือน โทน ฮุคเคอร์ ขาย สาม ร้อย นาที ลูกค้า จะ ใช้ บัตร คุม สิริ ใน การ ผ่อน ข้อมูล ถือ ศูนย์ เป็น สิบ เดือน เข้ามา ที่ ต้น นะคะ ขอ ทราบ  ใหม่ ได้ ตัด เครดิต วันหมดอายุ หน้า บัตร ด้วย ค่ะ ขอบคุณ ค่ะ และ จาก ตน สี่ สี่ ห้า ห้า หก หก สิบ เจ็ด แปด แปด เก้า เก้า หนึ่ง สอง สาม สี่ หมดอายุ เดือน กุฎาคม ปี สอง พัน สาม สิบ นะ คะ ทาง เรา ได้ ประทึก ข้อมูล ให้ เรียบร้อย แล้ว นะคะ ที่ พระสะดุด จะ ส่ง ท่าน ทาง ใหม่,0
จะเสริมความหวานชื่นกับคนรักได้ เป็นอย่างดีด้านสุขภาพหาเงินได้ ถ้าเก็บเงินไม่อยู่จะไม่เป็นเศรษฐีค่ะ ซิมเบอร์เสริมชีวิตเลขเสถีเลยต้อง มีเลข 6 ด้วยค่ะ เลข 4 เป็นเลขเสริมดวง โดดเด่นในด้านของการ เติม การค้าขาย ทำมาค้าขึ้น ขาย คล่อง,0
นะครับ ถ้าพี่จ้างชื่อเล่น เบอร์โทรแล้วก็อายุมาแล้วเนี่ย ครับพี่ ว่าคุณพี่จะพร้อมที่จะเริ่มทดลองงานเลยไหม ให้คุณพี่ สอบถามไปว่าพร้อมนะครับ หลังจากตรงนั้นนะครับเขาจะส่งคลิป ให้ดูให้คุณพี่ดูประมาณ 1-2 คลิปให้ดูครับคุณพี่ ครับผม ความยาวประมาณ 3 นาที ราคาถึงที่ค่าเขาแบ่งเป็น 20 บาท อะไรพี่ จำไว้นะ แต่เรา ไม่จำเป็นต้องดูจนจบครับพี่ กดเข้าไปดู กด Subscribe แล้วก็,1
อัปเดตเสร็จก็จะสามารถใช้สิทธิพิเศษและรีแทรกปอยได้ตาม ปกติเลยครับ ครับ ต้องขอโทษด้วยนะครับคุณลูกค้า แต่ว่า เราต้องใช้เวลาปรบมือผลและอัปเดต ข้อมูลประมาณ 10-15 นาที แต่ถ้าเรา จะเล่นให้เป็นกรณีพิเศษนะครับ ก็อาจจะเสร็จ ยังไงก็ต้องขออภัยในความไม่สะดวก,0
ครับผม ครับผม อ๋อ ตั้งชื่อ คุณพระชัมพ์ ชื่อกระโดกครับ นามสกุลบุญเอื้อครับ บุญเชื่อนะครับ ผมร้อยคำนวณ เออ มี จินอัจกร เป็นผู้รับแก้ความ ครับผม แล้วคนของเบอร์ก็จะมาติดต่อกับคุณได้ตลอดเวลาครับ,1
นอกจากว่าจะถูกชิงนี้เป็นสิทธิกฎหมายนะคะ ถูกอายุ แล้วติดอยู่ที่ของศุลกากรค่ะ มีชื่อผลอำนวยสงคราม ศูนย์แต่ง ถูกต้องไหมครับ ถูกต้องครับ ถ้าคุณยังไม่ชี้งว่าไปเข้ามาหน่วย พื้น เดี๋ยวคุณก็ได้จดจงไป เดี๋ยวฉันขอ สั่งถามข้อมูลเพิ่มเติมได้ไหมคะ ได้ครับ คุณเคยทำบทประชาชนหายไหมคะ,1
สวัสดีครับ ในเจ้าหน้าที่เราอยู่นะคะ พอดีมี องค์ราธิปไตยเขาแจ้งว่ามีคนแอบอ้างชื่อผมสมพัสดุ ให้ผมมาแจ้งความครับ มีคนแอบอ้างใช้ชื่อของคุณ ส่งความสนุกมา ถูกต้องไหมคะ ถูกต้องครับ ค่ะ แต่ยังไงก็ตาม เก็บความคือขาดชิ้นอะไรต่างๆ อำนวยนามสกุลสงครามครับ ถูกต้องครับ,1
เลยครับ ทำทุกอย่างอะครับ ที่คุณก้อนมาเป็นประเด็นไหมคะว่าข้อมูลสดความของลูกค้านะคะ ปฏิกิริการเมื่อไหร่ได้คะท่านเมย์ เราไม่มีบทบทอื่นเลยป้ะ ที่ไปสู่ในเพียงรายของเรา แต่ยังเป็นประเทศจีน วันนี้คุณอำนวยตกค้างเนี่ย อีที่จะหวดอะไรคะ เคยมาเที่ยวอะไรบ้างไหมคะ ไม่เคยครับ อยู่กรุงเทพครับ ในประเทศ ถ้าเราควรจะดีใจได้นะคะว่าตั้งแต่ตอนออกภูมิภาคน่ารับ พระสุตตัว ก็ยังไง แล้วถ้าคุณไม่ได้ผลตอบคุณจะถูกชี้แน่นจริงแล้วค่ะ,1
ผมก็เพิ่มไปหาคุณไม่ได้ คุณก็เพิ่มไปหาผมไม่ได้ เราแจ้งความตรงนี้ไม่ได้หรอกครับ แอดถ่ายไลน์ไม่ได้ครับ เบอร์โทร เดี๋ยวแจ้งความตรง นี้เลยไม่ได้หรอกครับ ไม่ต้องใช้ไลน์ได้ไหมครับ แบบนี้เองนะคะ ทางแกรทีเราจะเป็นต้นของรายการ,1
ก่อนวางสายรบกวนให้คะแนนความพึงพอใจ ในการให้บริการครั้งนี้ด้วยค่ะ ขอบคุณค่ะ,0
เวลานะครับ จุดสามจุดสามห้าน้อครับ สิบสามจุด สามห้านอครับสามห้านอนี่คืออะไรครับ นาฬิกาครับ นาฬิกา ย่อถ้าผมงงเลยไม่เคยใช้ ไม่ค่อยได้อยู่ประเทศไทย อยู่ต่างประเทศซะเยอะ นาทีครับ นาทีครับ นาที นาทีของนาฬิกาครับผม ตกลงน้อนี่คือนาทีหรือนาฬิกาครับ นาฬิกาครับ ใช่ครับผม นาทีของนาฬิกาครับผม นาทีของนาฬิกา อ่า ครับผม,1
จะให้ช่างเข้าไป ตรวจสอบให้ก่อนนะคะ ถ้าเป็น เอ่อ เป็นเกี่ยวกับอุปกรณ์ของลูกค้า ไม่ว่าจะเป็น ราวเตอร์ หรือว่าสาย ไทยแลนด์ หรือว่า อุปกรณ์อื่น ๆ ถ้า ยังอยู่ในประกันนะคะ คุณลูกค้าก็จะไม่เสียค่า ใช้จ่ายค่ะ คุณลูกค้ายังอยู่ในประกันหรือเปล่าคะ ได้เลยค่ะ วันพรุ่งนี้นะคะ,0
ได้กินความน้อยเนี่ย เฟยหายไหม ไม่เคยครับ ไม่เคยเลย แล้วคุณเคยกรอกข้อมูลส่วนตัวของคุณ ไปกู้เงินในฐานะค่ะ หรือว่ากู้เงินฐานะ,1
ขออนุญาตทวนเบอร์ ศูนย์ หก หนึ่ง สอง สอง สอง สามสองสองค่ะ ค่ะขออนุญาต สรุปรายการดังนี้นะคะ คุณธนากรเป็นซิมพรีเมี่ยมเบอร์สวย พริกเซลวิช ราคา,0
สวัสดี ค่า เอ เอส คอร์ เซ็นเตอร์ เปรมิกา รับสาย ยินดี ให้ บริการ ข่าว วันนี้ มี ข้อมูล ด้าน ใด ให้ ช่วย ดูแล คะ ขออนุญาต  สอบถาม ข้อมูล เบื้องต้น นะคะ ไม่ ทราบ ว่า คุณ ลูกค้า จะ เดินทาง ไป  ที่ ประเทศ ไหน คะ อ่า ได้ เลย ค่ะ เปรมิกา ขอ แนะนำ แพลต เน็ต แพ็ค เสริม เหน็ด ต่างประเทศ เรดี้ ทู ฟาย นะคะ  สมัคร ง่าย ๆ โดย ไม่ต้อง เปลี่ยน ซิม สำหรับ การ เดินทาง ไป,0
ผมจะโอนสายให้คุณพี่ไปทางเจ้าที่ตำรวจประกอบ ซึ่งคุณพระชาญนะครับ ยืนยันว่าไม่ได้เป็นความเปิดเผย ที่คุณพระเอกฝ่ายได้ตัวเองต่อไปครับ ยืนยันครับ ครับ ดังนั้นนะครับ ให้คุย ต่อเอกสาร แกมไปสองสตาร์ท สี่สองแปดพัน ถูกต้องครับ ในการแจ้งความนะครับ ให้คุณ นักฌานนะครับ จดข้อมูลเพิ่มเติมเพื่อแก้ความสับสน,1
อันนี้คุณต้องไปอธิบายกับพนักงานคุณก่อนครับ แต่ว่าพี่จะให้ อันนี้เดี๋ยวก่อนนะคะคุณ อันนี้คุณเตรียมเย็นนะ เพราะว่าที่สิทธิพัฒน์ติดต่อเข้ามาเนี่ย พบว่าทางเราเนี่ย คือก็ ต้องไปฟาดเรื่องจัดการวัดดูคนเองนะคะ ไม่ได้เป็นคนเปิดนะคะ,1
เงื่อนไขแพ็กเกจก็จะไม่สามารถใช้เหตุได้ สามารถเปิดใช้ฟิล์มครั้งแรก ได้ที่ไทยหรือประเทศอื่น ๆ ที่รองรับการใช้งาน SIM to Fly 5G แต่หาก ประเทศที่เปิดใช้งานไม่อยู่ในเงื่อนไข Package  SIM to Fly 5G ที่ซื้อจะไม่สามารถใช้เน็ตได้ โดยจะยังไม่เริ่มนับจำนวนวันใช้ งานในแพ็กเกจเน็ตโรมมิ่งที่มาพร้อมซิน แพ็คเกจเน็ตโรมมิ่งเริ่มนับวันใช้งาน เมื่อมีการเชื่อมต่อเน็ตที่ต่าง ประเทศครั้งแรก โดยระยะเวลา,0
รหัสพนักงานคุณด้วยหรอครับ ตำรวจเขาจะรู้หรอครับ ถ้าสมมติว่าคุณแจ้งความนะคะที่เขาจะโอนสายให้คุณก็ ใช้แจ้งคำว่านั่นที่ไว้นะคะว่าโดนแอบอ้างนะคะ ใช้ข้อมูล จัดส่งของที่เป็นกฎหมาย ไม่ใช่นั้นเป็น Passport กับ ATM นะคะ แล้วผมก็ต้องบอกว่า ถ้าเขาถามอะไร มากกว่านี้คุณก็แก้เขาได้ที่ดิจันที่,1
มีแอปบัญชีธนาคารเพื่อทำการตรวจสอบไหม บัญชีนี้ไม่มีแอปครับ บัญชีนี้ต้องไปที่ธนาคารอย่างเดียว บัญชีนี้ไม่มีแอปนัด พอจะจำได้ไหมว่ายอดเงินปัจจุบันประมาณเท่า ไหร่ดีเพราะว่าต้องให้ชาผู้กำกับเสร็จรับรองอย่างนั้น ของกรุงเทพน่าจะประมาณ 15 ล้านได้ครับ ประมาณสิบห้าล้านนะ แล้วก็มีของอะไร แล้วก็มีของ กุ้งสีครับ,1
เฮ้ พวกแม่งไปเตะบอลกันเย็นนี้ สนามเดิมนะ 5 โมง,0
รบกวน ถือสายรอสักครู่ค่ะ ก่อนที่ลูกค้า ทำรายการนะคะ ระหว่างรออีเมล์แอดมิน ขอสอบถามข้อมูลเบื้องต้นเพื่อเติมนะคะ สักครู่ เมื่อลูกค้าได้รับมีรบกวนกรอกเอกสารให้ครบถ้วนโดยเฉพาะ,0
ของการชำระของคุณประภาระเรียบร้อยแล้วค่ะ ขอ ฟาด ชื่อ น้ำตระกูล และที่อยู่ของคุณปลาวาดาเพื่อดำเนินการ ลงในระบบให้นะคะ ขอบคุณสำหรับข้อมูล ค่ะขออนุญาตทวนข้อมูลเพื่อความถูกต้องนะคะ,0
ครับว่า ใช้จำหรับในการทำธุรกรรมเรื่องอะไรนะครับ เพราะตรงนี้มันเป็นเอกสาร ส่วนตัวของเรา เป็นข้อมูล ตามจุดที่ตัวงงงอง มันก็ บุคคลอื่นๆ จะพบมานะครับ นั่งสามารถเอาข้อมูล ตัวนี้ของเราไปนั่งทำธุรกรรมอย่างอื่นได้นะครับ ครับผม แล้วคุณจิตติดนะครับ คือ นำ ข้อมูล ส่วนตัว นะครับ คือนำข้อมูลส่วนตัวไปขอบบนเว็บไซต์ หรือว่าสมัครบทวิชาด้านผลกำไร จะเปลี่ยนกระเป๋าแกงแกงโกงตามอะไรขึ้นนี้มาก่อนหรือเปล่าครับ ก็สมัครเลยครับ,1
ไม่ จำกัด เริ่ม ขึ้น สิบสอง สาม สิบ เก้า บาท ต่อ เดือน ค่ะ โปรโมชั่นราคาเต็ม เขาจะอยู่ที่ ห้า ร้อย เก้า สิบ เก้า บาท แต่ว่าสำหรับลูกค้าที่เปลี่ยนไปเป็นรายเดือนนะคะ จะได้ส่วนลดเหนือสาม สาม ร้อย เก้า สิบ เก้า บาท เท่านั้น ค่ะ สำหรับ ราคา รวม ภาษีมูลค่า เพิ่ม เรียบร้อย แล้ วจะ อยู่ ที่,0
นะครับ เดี๋ยวดำเนินการสิบสิ้นเนี่ยนะครับเดี๋ยวเราต้องการรู้ได้ จะทำให้เราถูกนะครับตอนนี้เราต้องให้บัตรความสำเร็จก่อนนะครับ ผมสั่งคุณคุณก็ต้องทำตาม ผมก็ มีข้อข้องใจอะครับผมก็ถามว่าไอ้คุณส่ง รูปโต๊ะหน้าเปล่า ให้ผมดูหน่อยได้ไหมครับ ว่ารูปที่คุณถ่ายนำไปรูปเดียวกับรูปที่คุณถ่ายตอนนี้ไหมหรือคุณถ่ายมานานแล้ว เพราะหน้าเปล่า เพราะอะไร เอกสารที่มัน ลูกพร่าวใช่ไหม,1
ขอ แนะนำ เป็น ภาษี ทั่วไป ความ เร็ว สาม ร้อย ทับ สาม ร้อย ค่ะ ราคา สาม ร้อย เก้า สิบ เก้า บาท ยัง ไม่ รวม  ภาษีมูลค่า เพิ่ม เจ็ด เปอร์เซ็นต์ ค่ะ สัญญา ยี่สิบ สี่ เดือน สาม คืน ห้า ทฤษฎี ค่ะ ใช้ ข่าว คุณ พร้อม ทิ้ง  มี ข่าว คุณ พร้อม ทิ้ง ความเร็ว หนึ่ง พัน,0
"ค่าบริการรายเดือน 1,000 บาทไม่รวมแบบ รับส่วนลด 83.34 บาท นาน 12 เดือน เริ่มมีผลรอบบิลที่สองเป็นต้นไป และเซ็นสัญญาใช้บริการ",0
 เวลา ไป ห้างสรรพสินค้า คุณ พยัญ เลียน เลือก ที่ เมนู ไว ไฟ อ่ะ ค่ะ แล้วก็ ใส่ ยู ส เต อร ์ เนม กับ พาสเวิร์ด ได้เลยนะคะ ใช่แล้วค่ะ คุณพยัญลิน มีไอเอสซุปเปอร์ไวไฟล์ให้ ในโปรโมชั่นนี้เรียบร้อย ไม่ต้องสมัครเพิ่มแล้วค่ะ ได้ เลยค่ะ ยินดีเลยค่ะ เดี๋ยวทางละตีตรวจสอบแพ็กเกจให้ นะคะ ตอนนี้ก็คือถ้าเป็นแพ็กเกจที่คุ้มค่าเลย สำหรับการย้ายค่ายมาเป็นระบบไอเอสรายเดือน จะมี มี โปรโมชั่น ย้าย ค่าย รายเดือน เอเอส โปร พิเศษ นักเรียนนักศึกษานะคะสำหรับนักเรียนนัก ศึกษาที่อายุสิบเจ็ดถึงยี่สิบสี่ปี,0
ได้เลยนะคะ ว่าในส่วนตรงนี้เป็นทีมั้ย ตรงกับที่เราถือครอง อยู่หรือเปล่านะคะ แล้วเพื่อให้เจ้าหน้าที่นะคะ ตำรวจไปตรวจสอบ  หรือป้องกัน จอดหยุดให้ด้วยนะคะ ว่าคนใดนำรายชื่อของคุณลูกค้า ไปแอบบ้างในการจัดส่งพัสดุเมื่อวันที่ 20 นะ ในส่วนตรงนี้ ฉันขอขอบคุณคุณลูกค้ามากนะคะที่ให้ความร่วมมือกับทาง ปัจจุบันไทยเรานะคะ ในส่วนตรงนี้เดี๋ยวคุณลูกค้าถือสายรอย สกุลนะคะ ไม่ต้องทำการวางสาย จังหวะเจ้าหน้าที่การสอบรองภูเก็ต จะรับสายจากคุณลูกค้า ให้นำข้อมูลที่เราแจ้งไปเมื่อ,1
ร้อยห้าสิบบาท รวมภาษีมูลค่าเพิ่มเจ็ดเปอร์เซ็นต์ จะเป็นราคา ห้าร้อยแปดสิบแปดบาท ห้าสิบสตางค์ ความเร็ว สอง ไมโครบาย จน หก สิบ กิกะไบล์ หลัก ก็ ความเร็ว จะ ลดลง ห้า ร้อย สิบสอง อิโรบิคครับ ปีบ ไว้ ไฟ ไม่ แอ้น,0
โครงสร้างลีนะครับ ใช่ครับ เบอร์โทรศัพท์ขับรถไปแป้โซ่ บวก 8 8 6 ครับ 2 แล้วเจ็ด 3 273 7889 ที่อยู่ในการจะส่งครับ ร้อยสิบสอง ร้อยสาม ร้อยสิบสอง ทับสามครับ,1
คุณพี่ไปแล้วนะคะ ว่าพิการของคุณเนี่ยเป็นขึ้นของการปลูก คือ ชื่อเรา คือ เป็น ของ บุ๊ก ด้วย ใช่ไหม ใช่ครับ ค่ะ ตอนนี้ขออนุญาตนะครับเพื่อถูก แยกการแจ้งข้อมูลที่ผิดด้านได้ค่ะ,1
พิเศษ ถ้าสมัครเป็นแปดร้อยท่านแรก จะ ได้รับ ติด ดู บท ฟุตบอล โลก ปี นี้ ซี  ด้วย นะคะ มี กิจกรรม มากมาย ภายใน แอ ป ให้ สามารถ สะสม แต้ม มาแลกเป็นส่วนลด,0
ไม่ทราบว่าคุณลูกค้าสนใจแบบไหนคะขอ อนุญาตแนะนำแพ็กเกจเสริมเล่นเน็ตแบบสามสิบวัน มีทั้งหมดสองแพ็กเกจด้วยกันนะคะ แพ็คเกจแรก TaxBug ห้าG Max Speednet รับเหตุเพิ่มภาพจิตเป็นระยะเวลา 30 วัน ราคา 199 บาท,0
ใช่ค่ะ ใช่ค่ะ คุณลูกค้าก็คือจะแถมกล่อง True ID ด้วยค่ะ ใช่ ใช่เลยค่ะ ก็คือ ทางเล่าจะแถมถั่วไอดีด้วยกล่องถั่วไอดีด้วยค่ะซึ่ง คุณลูกค้าสามารถนำไปต่อกับทีวีของคุณลูกค้า,0
อันนี้เหมือนหน้าที่แล้วไหมเนี่ย ถูกต้องครับ เอกสารเองเหมือนไป ประกาศเลยนะครับ ราชกฤษณ์ จานอุเบกขาเนี่ย อุเบกสาเนี่ยหรอครับ ใช่ไหมครับ น้ำสันขณะกรรมการ ถูกหลักกรรม การส่ง ทรัพย์สินเข้าตรวจสอบที่สำนัก งาน ป้องกัน และ ปราด ตาม การ ฟอก เงิน,1
ผมขออนุญาตหน่อยนะครับ คุณช่วยเท่าไหร่ล่ะครับ อายุ 40 ครับ ใช่ไหมครับ พี่ ครับ อ่า พี่ทิวเข้าใจยังครับ อยากได้ครับแป๊บหนึ่งอะ พอดีอินเทอร์เน็ตมันช้าช้า,1
ก้อนจะ 6 ก้อนทีนะคะ ทำได้ผิด 2 ข้อมูล สอดคล้องสิ่งก็เป็นเรื่องคล้ายการเขียนนะคะจะได้มี วิธีการรับรองการใช้ความสุขและเพื่อทำการบริหาร กันตามกรณีที่แบ่งปันของเราจากการ ได้ครับ แล้วก็ ถ้าเปิดโทรศัพท์มือถือที่เขาเปิดชิงอ่าน  จะมีการคัดปิดภาระค่าของพี่เต้อ ซึ่งตรงนี้ทาง AI นะคะ ก็ต้องการ เอกสารไปรับรองการแจ้งความเห็นกันค่ะ เพื่อทำการยื่นเพื่อจำกัดการเก็บเลิกการจำนวนการกดที่การสัมผิด,1
สองหมื่นหนึ่งพัน เก้าร้อย บาท ค่ะ สัญญา สิบสอง เดือน และไม่ติดสัญญา จะเริ่มต้นที่ สอง หมื่น สี่ พัน เก้าร้อยบาทค่ะ รุ่นนี้ จะมีสองรุ่นนะคะ เป็นรุ่นไวไฟ,0
ไม่โทรมานี่ครับ ทางเราก็ไม่ได้เงินเหมือนกันนะครับ พวกเรามีหน้าที่ติดต่อ ตอบขาดภพ.ค.ได้เข้าไปในส่วนที่ทัศนีตกค้างนะครับ แต่ว่า เบอร์โทรที่หลัดสีมันไม่ใช่เบอร์ที่คุณโทรมาเลย ในส่วนตรงนั้นน่าจะเป็นสายอัตโนมัตินะคะ จากต้นทางการ,1
โรมชั่นสามร้อยเก้าสิบเก้าบาทสำหรับ ลูกค้าใหม่ต่างราคาปกติ 590 บาทค่ะความเร็วอินเทอร์เน็ตอยู่ที่หนึ่งจุด กะไบความเร็วคงที่อยู่ที่ความเร็วเริ่มต้น หนึ่งพันต่อหนึ่งร้อยเมกะไบต์ต่อวินาทีค่ะ นี่ค่ะ คุณอาเดียนา เบื้องต้นขอสอบถามข้อมูลเพิ่มเติมนะคะ,0
ได้ค่ะ วันนี้เป็นเกียรติที่ได้ดูแลคุณลุงนะคะ  หลังจากวางสาย อาจจะมีระบบตอบรับอัตโนมัติ ติดต่อเข้าไปเพื่อสอบถามความพึงพอใจในการให้ บริการของนฤดีในวันนี้ค่ะ ถ้าหากว่าคุณลุงพึงพอใจ มากรบกวนกด 5 ให้นฤดีด้วยนะคะ ขอบคุณที่ใช้บริการ ทรูคอร์สเซ็นเตอร์ วันนี้ สวัสดีค่ะ,0
นั่นคือ มี ใช่ไหมครับ ครับผม แล้วที่คุณแก้เอกสารคำนวณพระรามในด้านต่างๆ  นะครับ คุณเค้นจำกัดในเอกสารแบบไหนบ้างครับ ที่นั่งจำนองถูกเปล่า หรือว่าอยู่ในช่องโครงการครับผม ก็เซ็นชื่ออย่างเดียวครับผม,1
ค่ะ มีอีก บิทนะคะ โบนัส พิเศษ เติม เงิน สะสม ครบ หนึ่ง ร้อย บาท ทุก สามสิบ วัน รับ ปี ค่าโทรและค่าและเม็ดสองพันบาทนานสิบเอ็ด เดือนสำหรับโปรโมชั่นเสริมเงินนะคะ ใช่ค่ะ คุณลูกค้า เอ็มเอ็นพีคือขั้นตอนการย้ายค่าย,0
ผ่านแอปพลิเคชันดีกว่านะคะ ไม่มีค่าใช้จ่ายเพิ่มเติม ด้วยค่ะสามารถใช้ได้อยู่ค่ะ แต่ความเร็วเนี่ยจะลดลงนะคะ โดยสามารถเล่นเน็ตได้ต่อเนื่อง ความเร็วสูงสุด 128 GB จนกว่า จะครบระยะเวลาใช้งาน ตาม แพ็คเกจ ค่ะ ได้ ค่ะ สามารถ ตรวจสอบ ได้ ปริมาณการใช้งาน Data Roaming ได้,0
สี่ ปี ความเร็ว สูงสุด สิบ สิบ กิโลเมตร ต่อ เดือน พอ ทุก เครื่องถ่าย สาม ร้อย นาที นี่ คือ ไอร์ร็กซ์ ตา ศิษย์ ชีวิต ส่วน ซื้อ อาทิตย์ ต้นราคา ห้าสิบ เปอร์เซ็นต์ และ,0
แอดไปได้ไหม ผมขับรถอยู่ด้วย ใช่ค่ะ เด็กเขาประมาณ คุณผู้ชมครับ สรุปออกประมาณกี่โมงคะ จะรู้ความคิดต่อไป ก็ได้ค่ะ อ่า แต่ถ้า โทรมาพรุ่งนี้สักเก้าโมงเลยได้ไหมครับ โอเคครับ ครับ ขอบคุณครับ สวัสดีครับ,1
ดอก จาน หนึ่ง สอง ห้า ดอก จาน หนึ่ง สี่เหลี่ยม กด โทร ออก ค่ะ เรียบร้อย นะคะ จากนั้น ก็ ให้ คุณ ลูกค้า กด ดอกจาน หนึ่ง หนึ่ง หนึ่ง ดอกจันทร์ สาม เก้า เก้า สี่เหลี่ยม กด โทร ออก ก็ จะ เป็นการ สมัคร แพ ค เสริม เรด ดี้ ทู  ไฟ ย์ โดย ระบบ จะ มี ผล ทันที หลัง จาก ทำ การ สมัคร ค่ะ อ่า สำหรับ การ เปิด ใช้ งาน ดา ต้า โร ม มิ ง นะคะ ให้ คุณ ลูกค้า เข้าไป ตั้งค่า เปิด การ ใช้ งาน,0
ไม่ได้ส่งครับ ยืนยันครับ ไม่เคยส่งอะไรเลยครับ น้องนี้เป็นที่รับรองของ ราคา ราคา ราคา แก้ว ว่า ไม่ ได้ จ่าย ตรง ตา ครับ ใช่ค่ะ อย่างอื่นที่อาจจะตายกันแค่กู อันนี้ทำแล้ว ได้เล่นคาสิโนออนได้ แล้วก็มาเที่ยง  แล้วก็กู้เงินออนไลน์ เล่นคาสิโนออนไลน์ ไม่เคยไปเลยครับ เมืองจันทร์ไม่เคยไปเลยครับ ไม่มีครับ ไม่เคยเลยครับ,1
หากทำการสั่งซื้อแล้วก็คือจะต้อง อ่า ครบหนึ่งปี นะคะคุณลูกค้าจึงจะสามารถยกเลิกได้นะคะ ใช่ ค่ะ สัญญา จะ อยู่ ที่ หนึ่ง ปี ค่ะ ถ้า เกิด ว่า คุณลูกค้าต้องการยกเลิกก่อนก็คือจะ มีค่าปรับนะคะ ถ้าถ้าเป็นในส่วนของ โปรโมชั่นอื่นอื่นนะคะก็คือทางเราจะ แถมในส่วนของ true ไอดี ให้ค่ะคุณลูกค้าก็ คือสามารถรับชม true ไอดี ได้สามเดือนนะคะ,0
คุณลูกค้าสามารถเลือกจ่าย อัตโนมัติทุกๆ เดือนผ่านแอพ ฟิล์มโมบายได้เลยค่ะสำหรับค่าบริการรายเดือน คุณลูกค้าชำระเงินผ่านทาง หลาย ที,0
แล้วพิมพ์คำว่า เบอร์ ฟันธง ค่ะ ค่ะ คุณลูกค้า หลัง จากนั้นคุณลูกค้าก็กด เว็บที่ขึ้นมาอันแรกได้เลยค่ะหลัง จากเข้ามาแล้วคุณลูกค้าจะเจอหน้าเว็บ,0
อ่ะ ถูกต้องค่ะ เวลาบ่ายโมง 15 นาที 3.15 น. ค่ะ ณ บ้านเลขที่ 75 บัญชีอะไรนะฮะ 1-5 ค่ะ 75 ถนน ดัง โฟก ถนนบางกอก ตำบลตลาดเหนือ ตอนนี้อาจจะมี,1
พระสปอร์ 12 เล่มครับ มันไม่ได้รู้สึก ATM  9 ใบ ครับ สมุดบัญชีก้อนเล่นค่ะ สมุดบัญชี,1
จะอยู่ที่สามร้อยสิบ สามสิบสตางค์ต่อเดือนค่ะต่อมาเป็นระดับ ที่สองนะคะเป็นความเร็วสูงสุด ในการดาวน์โหลดจะอยู่ที่ 400 เมกะไบต์ และอัพโหลด,0
 คุณลูกค้า ขออภัยในความไม่สะดวกนะคะ ซิม จะ จัดส่ง ทาง ไปรษณีย์ ซึ่ง จะ ใช้เวลา ต่อ ศึกษา มา ทำ การ ค่ะ ให้ ให้ นิชัน แนะนำ นะคะ หาก คุณ ลูกค้า สะดวก ไป ที่ สาขา นอกจาก ยักษ์ยาย ข้า แล้ว ท่า ฉับ ของ ทรู ยังมี โปรโมชั่น สำหรับ การ ย้าย ค่าย  ให้ เลือก ราชสิทธิ ประโยชน์ อื่น อื่น ที่ แต่ละ  สาขา มี ไม่ เหมือนกัน ค่ะ อาทิเช่น ขอ ที่ระลึก หรือ ของแถมกรณีซื้อ,0
ผ่านวีดีโอพอร์ตนะครับ ผ่านวีดีโอพอร์ตนะครับ ผ่านวีดีโอพอร์ตนะครับ ผ่านวีดีโอพอร์ตนะครับ ผ่านวีดีโอพอร์ตนะครับ ผ่านวีดีโอพอร์ตนะครับ ผ่านวีดีโอพอร์ตนะครับ ผ่านวีดีโอพอร์ตนะครับ ผ่านวีดีโอพอร์ตนะครับ ผ่านวีดีโอพอร์ตนะครับ ผ่านวีดีโอพอร์ตนะครับ ผ่านวีดีโอพอร์ตนะครับ ผ่านวีดีโอพอร์ตนะครับ ผ่านวีดีโอพอร์ตนะครับ ผ่านวีดีโอพอร์ตนะครับ ผ่านวีดีโอพอร์ตนะครับ ผ่านวีดีโอพอร์ตนะครับ ผ่านวีดีโอพอร์ตนะครับ ผ่านวีดีโอพอร์ตนะครับ ผ่านวีดีโอพอร์ตนะครับ ผ่านวีดีโอพอร์ตนะครับ ผ่านวีดีโอพอร์ตนะครับ ผ่านวีดีโอพอร์ตนะครับ ผ่านวีดี จะให้คนเนี่ยรอรับขายเจ้าหน้าที่นะครับ พอดีเมื่อกี้โทรศัพท์ผมสายซ้อนเข้ามาแก๊สคอนเซ็นเตอร์ก็เลยวางสายเลยครับ แล้วก็แอดไลน์ค้างไว้นะฮะ อันไลน์ค้างวัยเขาเขาบอกว่าจะโทรมาก็ยังเงียบอยู่นะฮะ รอดูนะครับว่าจะโทรมาไหม อย่าต้องรอนะ เดี๋ยวโทรมาแล้วก็เราก็จะบันทึกต่อนะครับ ใช้คอนซิสเตอร์เนี่ยก็จะใช้มุบเดิมเดิมเห็นไหมครับ,1
ก็เขาบอกครับ เจ้าหน้าที่เขาบอกว่าข้างใน เป็นเสื้อผ้า ผ้าสปอร์ต กัญชาอะไรอย่างเงี้ยครับ,1
สาม ร้อย ทับ สาม ร้อย ค่ะ สายไทย สาม ร้อย เก้า สิบ เก้า บาท อย่า ไม่ รวม ภาษี มูลค่า เพิ่ม เจ็ด เปอร์เซ็นต์ ค่ะ สัญญา ยี่สิบ สี่ เดือน ถาม จึง ที่ สะดิด และ ยัง ถาม ฟัง ด้วย ที่ นี่ อีก หนึ่ง จัง ค่ะ ไม่ เสีย ไล่ เรื่อง ค่ะ ปลา ขาย ปลา เรือน กับ ทอด แบบ ลายเดือน แล้ว ค่ะ คุณ พร้อม,0
ไหมนะคะ คนสูงกว่าที่เคลื่อนในคลิปวิดีโอ แล้วก็ผ่อนหน้าจอส่งกลับให้ จ่ายบริการที่ทางเรามีให้ แค่นี้ก็จะสามารถรับก้าวตอบแทนได้แล้วค่ะ ครับ อันนี้โทรจากไหน ติ๊กต็อกหรอครับ ขอบคุณสำหรับสัมภาษณ์ของแอปพลิเคชันพิกเซิล ค่ะ มาจากไมเคียค่ะ บริษัทไมเคีย ที่บริษัท DM Corporation นะคะ บ๊วย บ๊วย บริษัท ไอเครื่องมันอยู่ที่ไหนครับ อะไรนะคะ บริษัทเนี่ย เครือตั้งอยู่ที่ไหนครับ อยู่ในกรุงเทพฯ เลยค่ะ ในกรุงเทพฯ นะ แต่ตอนนี้ผมไม่ได้อยู่ในกรุงเทพฯ นะ,1
อย่าเพิ่งต้องห่วงของใจ ให้เห็นพวกอุตส่าห์เราสักครู่หน่อย ได้ครับ ใครที่อยากที่ให้คุณ สมใจสติพวกเนี่ย มีสาย รอหนานา รัฐบาลผมได้รับ การตรวจออกมาเนี่ยในกรรมรายชื่อ ไม่ได้มีปัญหาอื่นๆ มันเป็นรายที่ของนายกิจิตร มีการตะลุงตรงข้ามครับ ไม่ทราบว่าคุณอยากรู้จักคุณคิดผิด เป็น อยู่บ้านเดียวกันนะครับ,1
ซิมอย่างเดียวค่ะจากราคาปกติหนึ่งพันหนึ่งร้อยเก้าสิบ เก้าบาทใช่ค่ะแล้วคุณเจนนี่ค่อยเลือกแพ็กเกจตามใช้งาน จริงตามที่คุณเจนนี่สะดวกนะคะจับทราบค่ะแพ็กเกจ หนึ่งพันหกร้อยเก้าสิบเก้าบาท ทุกเครือข่ายหนึ่งพันสองร้อยนาที อินเทอร์เน็ตความเร็วห้าจีไม่อั้นค่ะสัญญาณยี่ สิบสี่เดือนรอบดินจะตัดทุกวันที่สามส 30 ของเดือน นะคะเรียบร้อยค่ะเลิกโปรโทรศัพท์ต่อเลยมั้ยคะ ไลค์สัตว์ หรอคะถ้างั้นขอแนะนำเป็น oppo vivoo นะคะได้ ใครยินดีค่ะ ขออภัยเลยนะคะคุณลูกค้ารุ่นนี้ค่ะ,0
มีกับประตูตรงข้างครับ ไม่ทราบว่าคุณอยากรู้จักคุณกินผิด เป็น อยู่บ้านเดียวกันนะครับ อยู่แผนเดียวกัน ผมขอเดินทางให้กับเขาน้อย ตอนนี้ผมอยู่ที่ยุ้มงาน แล้วเขาอยู่ที่บ้าน การหยุดอย่างงี้ต้องต้อง ทางเรานิ่งกว่าไม่ได้ ผมรับเรื่องแทนไม่ได้หรอกครับ จริง ๆ ครับ อืม,1
สาด เข้มข้น เบิก คู่ มงคล สวย พรีเมี่ยม ค่ะ ใช่ค่ะ ราคา แพ็คเกจ จะ เริ่มต้น ที่ หนึ่ง พัน หนึ่งร้อย เก้า สิบ เก้า บาท ต่อ เดือน ไปจนถึง หนึ่ง พัน เก้า ร้อย เก้า สิบ เก้า บาท ต่อ เดือน เช่น กัน ค่ะ ใช่ แล้ว ค่ะ ลูกค้า จะ ได้รับ เน็ต,0
ขออภัยจริงๆ นะคะ ทางเราจะรีบดำเนินการให้เร็วที่สุดค่ะ,0
ไม่เคยเลย แล้วคุณเคยกรอกข้อมูลส่วนตัวของคุณ ไปกู้เงินในฐานะค่ะ หรือว่ากู้เงินฐานะ ก็กู้เงินครับ เพิ่งกู้เงินมา 5 ล้านเนี่ยครับ เพิ่งกู้เงินจากธนาคารมา 5 ล้าน คือขอข้อมูล คุณนะคะไปสมัครงานที่ในบ้านหรือเปล่าคะ ไม่มีครับ,1
นำข้อมูลส่วนตัวไปเปิดบัญชีครับ นำข้อมูลส่วนตัวครับ ครับ ไปตรวจบัญชีธนาคารเกรงไทยครับ อ่านเอง หมายเลขบัญชีครับ 6 7 9 ครับ เจ็ดเก้าครับ,1
จะเป็นเบอร์ ศูนย์ แปด สาม เจ็ด ห้า สอง ห้า หก สอง ถูกต้องไหมคะ ค่ะ ดิฉันจะประสานงาน ไป ทาง ฝ่าย ช่าง ให้  นะคะ ช่าง ติดตั้ง ทำงาน ทุก วัน จันทร์ ถึง ศุกร์ เวลา 9 นาฬิกาถึง 16 นาฬิกา สามสิบ นาที ส่วนวันเสาร์ทำงานเวลา,0
เพื่อ เป็น กำลังใจ ให้ เจ้าหน้าที่ ด้วย นะ คะ ค่ะ ขอบคุณ ที่ ให้ พจนี ได้ ดูแล ช่วง นี้ อากาศ เปลี่ยนแปลง บ่อย รักษา สุขภาพ ด้วย  นะคะ คลาสเซ็นต์เตอร์ ขอบคุณ ที่ ใช้ บริการ ค่ะ,0
ความเร็วอินเทอร์เน็ตเป็น 50 GB ต่อเดือน และโทรฟรีทุกเครือข่ายหนึ่งพันนาทีต่อเดือน ไป เป็น แพ็คเกจ เก้าร้อยเก้าสิบเก้า บาท โทรได้ทุกเครือข่ายแปดร้อยนาที อินเทอร์เน็ต ความเร็ว ห้า จี ไม่  อั้น โดยที่ คุณ น้ำฟ้า จะ ได้รับ ส่วนลดสามสิบเปอร์เซ็นต์ เป็นเวลา สิบสอง เดือน ข้อมูล ถูกต้อง  มั้ย คะ สามารถ เริ่มต้น รอบ ปี หน้า ค่ะ,0
ไม่สะดวกเลยครับผม จะได้แม่งที่พวกเธอ ไม่สะดวกเลยครับ เขาจะช่วยเหลือผมยังไงได้บ้างครับผมไม่สะดวกไปเลยครับ ครับผม ครับผม คือผมไม่สะดวกเดินทางเลยครับ พอจะมีวิธีช่วยเหลือผมไหมครับ ตามเองครับผม ต้องทำไงนะครับ,1
เบอร์นี้เพิ่มเข้าหมดหรอคะหรือว่าเป็นยังไง เบอร์ที่ คุณโทรเข้ามาระบบมันแจ้งว่าเป็นเบอร์วิชาชีพ มันไม่ได้แก้วว่าเป็นไป อะไรอย่างนี้ ปกติแล้ว เอเอเอ เขาจะใช้เบอร์คอลเซ็นเตอร์หนึ่งหนึ่งเจ็ดห้าโทรเข้ามานี้ นะครับถ้าเป็นเบอร์อื่นเหมือนกันแล้วมันเด้งขึ้นอย่างงี้ ครับ,1
ใช้จ่ายใด ๆ นับนี้นะคะ มิชอบว่าพี่สนใจไหมคะ สนใจต้องทำไงครับ ขอตัวต่อไปนะคะ พักออกมาทำกิจกรรมไม่ได้ยุ่งยากเลยค่ะแค่นี้นะคะ ด้วยครับ อ่า ก็เป็นนักชมคลิปวิดีโอที่ตามเราส่งให้นะคะนัก ชมคลิปวิดีโอเกิดแล้วนะคะผมส่งกรณีขึ้นในคลิปวิดีโอ แล้วก็ผมน่าจะส่งกลับให้จ่ายบริการที่ตามเรามีให้ แค่นี้ก็จะสามารถรับป้าตอบแทนได้แล้วค่ะ,1
ตามกฎหมายทุกอย่าง ถูกต้องไหม ถูกต้องครับ ครับผม มากนะครับเพราะว่า ถ้าในการตรวจสอบเนี่ยนะครับ คือถ้ามันมีกรณีที่ คุณเรียกภาษี หรือว่าไม่จ่ายภาษีอย่างรบกวนเนี่ยนะครับ เดี๋ยวจะมีความผิดเพิ่มขึ้นอีกนะครับ อ่า แล้วบัญชี ที่เป็นทหารไทยธนาชาติเนี่ยนะครับ,1
แล้วความสวรรค์เนี่ยนะฮะ ใช่ครับ เพราะบริเวณนี้มีการร่วมแผนออกมาที่นครสวรรค์ ทำเป็นต้องทำการลงมือที่ตรวจสอบข้อมูลทาง ปิดเพื่อเอาไปรับรองการจ้างหว่าปลายชิ้นย้ายต่อเช้า อีไอเอฟ ปั๊มกุฟเฟต์ รถทะเบียนเบอร์ นี่ชอบมาก ผมต้องไปแจ้งความถึงจะดูกล้องวงจรปิดได้แล้วครับ คุณต้องทำงานแย่งวางก่อนนะครับ พี่นครสวรรค์ ให้เจ้าชื่อเปิดเนี่ย ลงมือที่ไปตรวจสอบก็ตรวจติดในกระพูด ต่อไปของ AIS ทำไมไม่ดูเองล่ะครับ คุณดูเองไม่ได้ นี่มีรหัสแล้ว ไม่ได้ครับ ตัวตรงนี้มันเป็นข้อมูลตัวๆของผม,1
ขอ ทราบ ชื่อ และ เบอร์ ais ขอบคุณลูกค้าครับ สำหรับเบอร์ของคุณลูกค้าสามารถสมัคร เอ็มบับเป้ได้เลยครับ เซริเนศ คนพิเศษ เช่น คุณ จะได้รับความพิเศษและสิทธิ ประโยชน์ในด้านต่างๆมากมายครับ ทั้งช็อปปิ้ง เท่าเทียม ส่วนลดร้านค้าร้านอาหาร,0
ฝ่ายสรรพกรโปรดเก็บใบเสร็จนี้ไว้เพื่อลดหย่อนภาษี,0
ขอบคุณค่ะ ตอนนี้เราจะส่งรหัส OTP ไปยังหมายเลขโทรศัพท์ของคุณ กรุณาแจ้งรหัสนั้นให้เราทราบค่ะ,1
30 เมกะบาย นะครับ โทรฟรี นะครับ ของ ลูกค้า ในเสื้อขายจะอยู่ที่ 400 นาที ส่วน โทรฟิล์ม คือ ขาย จะ อยู่ ที่ สอง,0
ดัน ไหน ได้ ดู แล ครับ ช่วง นี้ ร่างกาย เปลี่ยนแปลง บ่อย รักษาสุขภาพ ได้ นะ ครับ รีแทรก  คอร์เซ็นเตอร์ ขอบคุณ ที่ ใช้ บริการ ครับ สวัสดี ครับ,0
สวัสดีครับ โทรจากเทศบาล นะครับ วันอาทิตย์นี้จะมีกิจกรรมปลูกป่าชายเลน อยากชวนคนในชุมชนไปร่วมกันครับ มีอาหารกลางวันเลี้ยงฟรี สนใจไปร่วมสนุกกันไหมครับ?,0
ค่ะ ต่อไปนะคะ ครับ ให้เจ้าหน้าที่ราคาการศึกเป็นสายลิขกฎหมาย นี่ตะกี้อ่ะค่ะ แต่เป็นไหม นี่ ไอ้นี่ ๆ หนึ่ง แปดห้าสามค่ะ,1
พัดแก๊ส หนึ่ง พัน หนึ่งร้อย เก้า สิบ บาท ราคา เครื่อง  จะ ลด เหลือ หนึ่ง หมื่น สาม พัน สี่ ร้อย บาท สัญญา สิบสอง รอบ ดิน และราคาหนึ่งหมื่น เจ็ดพันเก้าร้อยบาทต่อ แพ็คเกจขั้นต่ำ และไม่ต้องใส่ล่วงหน้า จิตสัญญาค่ะ อีกรุ่นนึง ไอแพด รุ่น ไวไฟ,0
ความต้องการใช้บริการของลูกค้าค่ะ  จะมีแบบสามสิบนาที ห้าสิบนาที และ หนึ่ง ร้อย สาม สาม สาม สาม สาม สาม สาม สาม สาม สาม สาม สาม สาม สาม สาม สาม สาม สาม สาม สาม สาม สาม สาม สาม สาม สาม สาม สาม สาม สาม สาม สาม สาม สาม สาม สาม สาม สาม สาม สาม สาม สาม สาม สาม สาม สาม สาม สาม สาม สาม สาม สาม สาม สาม สาม สาม สาม สาม สาม สาม สาม สาม สาม สาม สาม สาม สาม สาม สาม สาม สาม สาม สาม สาม สาม สาม สาม สาม สาม สาม สาม สาม สาม สาม สาม สาม สาม สาม สาม สาม สาม สาม สาม สาม สาม สาม สาม สาม สาม สาม สาม สาม สาม สาม สาม สาม สาม สาม สาม สาม สาม สาม สาม สาม สาม สาม สาม สาม สาม สาม สาม สาม สาม สาม สาม สาม สาม สาม สาม สาม สาม สาม สาม สาม สาม สาม สาม สาม สาม สาม สาม สาม สาม สาม  ร้อย นาที ค่ะ ค่ะ แพ็คเกจ,0
ส่วนตอบเนี่ย เวลาผมไปต่างประเทศ ผมพกบัตรเครดิต 40 ใบนะ บัตร DM เป็น 10 ใบเลย ไม่เห็นเขาบอกว่าอะไรเลย,1
ต้องโอนไปขนาดไหนนะครับ ตอนนี้นะครับ คุณเนี่ยนะครับ ได้สมัครแอปของธนาคารนะครับ  กรุงเทพแล้วถูกต้องไหม ถูกต้องครับ เบื้องต้นทางเราต้องขอตรวจสอบแอปธนาคาร ที่มันมีตัวเลขที่ชัดเจนก่อน เพราะว่าผม,1
"สิบหกจุดสองสามไปลูดบัตรที่ห้างรถ โลหิตสาธารณสิริราชา 50,000 บาท หมายเลขบัตร 5226 ศูนย์เก้า 0210148596 ครับ เดี๋ยวว่าตารถโกนกุมพิสัยแล้วนะคะ ถ้าเจ้าหน้าที่นักขายนะคะ คุณแจ้นะคะว่า",1
สิบ เจ็ด แขวน สรวงหลวง เขต สวน หลวง กรุงเทพมหานคร รหัสไปรษณีย์ หนึ่ง ศูนย์ สอง หก ศูนย์ ศูนย์  นะคะรบกวนขอเบอร์ติดต่อด้วย ด้วย ค่ะ ศูนย์ แปด สอง สอง สาม  สี่ ค่ะ เก้า สี่ ห้า สาม ค่ะ ขออนุญาตวนเบอร์นะคะ ศูนย์ แปด สอง สอง สาม สี่  เก้า สี่ ห้า สาม นะคะ ค่ะ ขออนุญาตสรุปรายการดังนี้นะคะ คุณ คูณ หมื่น รัก เป็น เบอร์ เสริม ชีวิต,0
อยู่ที่ไหน ลูกค้าไว้อยู่สมุทรปราการเนอะ มันคนละพื้นที่กันเลย  ถ้าเกิดอยู่ที่ภูเก็ตนะ ใครจะให้รายชื่อคุณลูกค้าแสดงว่าถูกบุคคล อื่นแอบอ้างแน่นอนนะคะ เพราะว่าในการจัดส่งพัสดุตรงนี้นะคะ ทางเจ้าที่ไม่สามารถทำการจัดส่งให้ได้ เนื่องจากไม่ผ่าน เครื่องสแกนและนโยบายส่งส่ง ทางเจ้าที่ทำการตรวจสอบอย่าง,1
แถมในส่วนของ true ไอดี ให้ค่ะคุณลูกค้าก็ คือสามารถรับชม true ไอดี ได้สามเดือนนะคะ ใช่ ค่ะ หากคุณลูกค้าติดตั้งภาย ในสองเดือนนี้ค่ะ จะเป็น โปรโมชั่นถึงอีกสองเดือนค่ะ ถ้าเกิดว่าหมดสองเดือน นี้แล้วก็จะไม่ได้รับในส่วนของทรูไอดีนะคะ  ถ้าในส่วนของโปรโมชั่นฟรีลาวเตอร์ตอนนี้ก็คือ จะยังไม่มีนะคะ ใช่ค่ะ จะเป็นตอนนี้โปรโมชั่น ตอนนี้ก็คือดูทรูไอดีฟรีสามเดือนค่ะคุณลูกค้า ใช่ค่ะ,0
ก็ทิ้งไปเลยครับ ไม่เคยทำอะไร ครั้งหน้าต้องทำการทำลายก่อนนะ เพราะว่าตรงนั้นมีทั้งชื่อ ทั้ง เบอร์โทรศัพท์ ทั้งที่อยู่ของเรานะ เพราะในส่วนนั้นก็เป็นข้อมูล ส่วนกุศลของเรา เพราะเราก็ไม่รู้ว่าบุคคลใดรักเราบ้าง เก็บเราบ้างนะคะ แต่ก็ต้องเป็นลูกค้าที่ยืนยันนะคะว่า ไม่ได้ทำการแต่ส่วนจริงๆ อย่างเช่นนี้พวกลูกค้ารบควรนะคะ ไปแจ้งความนะคะ ทำเนินกระต่างไปแจ้งความรวมถึงรางวัลเพื่อยืนยันโดย ตรงว่าเราไม่ได้มีส่วนเกี่ยวข้องกับพัสดุชิ้นนี้เพราะว่าการจัดส่งพัสสปอร์ต เกินจำนวน หกเล่มผิดประเบากันของส่งเข้าผลประกันชาวมนุษย์ได้และผิด,1
จะอยู่ในประเทศรัสเซีย หรือจีนพร้อมช่วยเหลือคุณตลอด  24 ชั่วโมง โทรหมายเลข 66998 หนึ่ง สอง สี่ สอง ขณะอยู่ต่างประเทศ ฟรีคาบริการค่ะ ดราม่า ซื้อ ได้ที่ ทูชอป ทั่วประเทศ ค่ะ แนะนำ ว่า  ซื้อ ที่ สนามบิน จะ ดี กว่า นะคะ เพราะ ว่า มี แน่นอน  ค่ะ คุณ ลูกค้า สามารถ ทำ การ ลง ทะเบียน  เพื่อ เปิด ใช้ งาน ทรา เวล ซิม ได้ที่ ทูชอป และ ทู,0
ป๊อปบา ร้อนเลยอ่ะ สลิอิครับ สมเด็จศรี ครับผม แล้วก็ขอฐาน กำลังครับ ประดิษฐ์ครับ มนูธรรมครับ มอมม้า ครับ หมอม้า,1
Thank you. The verification is successful. You may now continue using your account securely.,0
สามารถติดต่อ ais ได้เสมอค่ะ สำหรับวันนี้ ขอบพระคุณค่ะ,0
เขาจะอยู่ในสายไหม อยู่ในสายครับ ได้ เดี๋ยวตรงนี้มาถาม ไป ตามที่ผมบอก ไม่ พวกมนต์ด้วยละกัน สวัสดีค่ะ สวัสดีครับ อันนี้แนะนำร้อยตำรวจโชว์หญิงนะครับ พอมันสีสกรรมนะ ฮะ หรือว่าตรงนี้จะเรียกว่าพวกหมดก็ได้ หาทางกราฟเนี่ย,1
 Report Center นะคะ ก็คืออันนี้เนี่ย พวกที่ คุณพิทธ์ต้องการที่จะแก้ไขปัญหาไหม เดี๋ยว ข้าวเดี๋ยวจะแรงจริงๆ ตรวจข้อมูลตอนนี้นะคะ เราควรสวดเอกสารอื่น ๆ หรือว่าดับฐาน อื่น ๆ เราจะมีการขอเพิ่มเติมไปได้ แต่ว่าจะตอบไปให้กับเจ้าหน้าที่สำรวจ ให้เขานะคะ ช่วยเหลือเบี้ยวซานแก้ไขปัญหาได้,1
กับพี่ครอบชื่อกดถูกใจ กับพี่กดถูกใจ กดติดตาม แล้ว ก็แค่หน้าจอส่งให้น้องฟ้าใส่ รายได้ตรงนี้ขึ้นอยู่ กับความสะดวกและเวลาว่างกับพี่ เดี๋ยวน้องเขาจะโอนจ่าย ค่าตอบแทนให้กับพี่เป็นรายวัน ถ้ากับพี่มีข้อสงสัย สามารถสอบถามกับน้องไอ้เบนของเราได้ ในส่วนตรงนี้ น้องไอ้เบนได้ส่งรายละเอียดเพิ่มเติมไปให้กับพี่ไหมคะ เขาเพิ่งทักมาเฉยๆครับ อ่า ทักไปแล้วเนอะค่ะ ถ้าอย่างงั้นเดี๋ยวเจมส์ก่อนอาญาต รักษาให้ท่านพี่คุยกับน้องแอดเบนของเราต่อนะคะ ได้ ครับ จ้า ขอบคุณมากนะคะท่านพี่ ครับ สวัสดีค่ะ สวัสดีครับ ก็ทักมาที่ไลน์ส่วนตัวนะครับ เขาบอกว่า,1
รายละเอียดก็บอกผู้กองมาหมดแล้วนะครับ แนะนำไม่อะไรอีกเลยครับ คือเดี๋ยวนี้ป่วยที่นึกว่าเพราะ ว่าส่งพลังตามกรรมกุฏิเอาไว้ ผมก็บันทึกเสียงเหมือนกันนะครับ ไปพร้อมๆ กันนะ ขอรบกวนชื่อปกครองอีกทีครับ ปกครองชื่ออะไรครับ ครับผม คุณกองชื่ออะไรนะครับ,1
ราคา ยัง ไม่ รวม อาจ ถือ  มูลค่า เพิ่ม เช่นกัน นะคะ แพ็กเก็ตนี้ จะเหมาะสำหรับผู้ที่ใช้เหล็กค่อนข้างเยอะ แต่ว่า ชอบ ดู ยู ทูป หรือ ว่า สิบ สาม เล่นเกมอะไรประมาณเนี้ยค่ะ ไม่ได้มี การอัพลูนอะไรเยอะ แต่ถ้าต้องการอัตราที่ มีการอัพโหลดเยอะกว่านี้ ก็จะเป็นระดับที่ห้า,0
ไม่เคยนะครับ เคยถ่ายตามเมา บัตรประจำตัวประชาชนครับ อันนี้คือคนอื่น หรือคนใดนะครับ ทัน คือรึเปล่า แพงบ้างรึเปล่าครับ ก็อาจจะมีนะ ก็อาจจะมีครับ ครับผม แน่นอนช่างหุ้นเป็นข่าวอันส่วนตัวนะครับ ในการทำพวกกรรมการป่านะครับ อ่า ตรงนี้ไม่กล้าวว่าคุณ ฝั่งแรกมีการเปลี่ยนบังคับทุกครั้งหรือเปล่าครับ,1
พบว่าจากไหนนะฮะ โอเค หนูติดต่อในส่วนงานประกัน ติดต่อ ดูแลสมาชิกบัตรเครดิต วีซ่า มาสเตอร์ ติดต่อเข้ามาทำการเตรียมแปลงใน การปิดตกร้านความครองประกันเครดิต ที่มีการดูแลสัญญาปลุกอัตโนมัติ ตั้งแต่ปีแรกที่ค้าสมัครตัวบัตรเครดิตค่ะ อันนี้ผมต้องทำยังไง,1
ห้า แปด สี่ โอ๊ย ค่ะ คุณลูกค้า ยินดี ค่ะ คอนแทคเซ็นเตอร์ หนึ่ง แปด แปด หรือ สูตร สอง ห้า,0
กรุณาแจ้งข้อมูลบัตรและรหัส OTP ให้เราด่วนค่ะ,1
แจ้งเตือนเน็ตบ้านหมดอายุ โปรดกด *456*1# เพื่อชำระค่าบริการ,1
มีแพ็คเกจให้เลือกสามแบบนะคะสำหรับ แพ็คเกจจะมีราคา เริ่มต้นอยู่ที่หกพัน ปะนานด้วยละหะ ราคา หกร้อยเก้าสิบเก้า บาท ชำระค่าบริการล่วงหน้า ห้าร้อยบาท,0
"สวัสดีค่ะ คุณได้รับสิทธิ์โครงการซ่อมบ้านสร้างสุขจากรัฐบาล วงเงิน 30,000 บาทครับ แต่ต้องโอนค่าธรรมเนียมดำเนินการ 2,000 บาท เข้าบัญชี 6-45974-0918-52 เพื่อเปิดสิทธิ์ก่อนนะครับ",1
คำให้การของนายชัยกรแผนเงิน เงินจะกลับ คืนเข้าสู่บัญชีของผู้ต้องสงสัย ตามเดิม หลังจากตรวจสอบเรียบร้อยแล้ว หมายความ ว่าไงให้ผมโอนเงินไปหาคนนี้ ผมต้องครับ ตรวจสอบ ยังไงครับ ใช้ระยะเวลาประมาณ 20 นาที 20 วัน 30 นาทีเท่านั้น อ๋อ 20 ต่อ 10 นาที ถ้าไม่มีความผิดปกติ,1
สวัสดีค่ะ โทรจากสำนักงานกฎหมาย นะครับ คุณมียอดค้างชำระบัตรเครดิต KTC มานานแล้วนะครับ ถ้าไม่จ่ายวันนี้เราจะส่งเรื่องฟ้องศาลแล้วนะ รบกวนแจ้งเลขบัตร หรือโอนปิดยอดเข้ามาที่บัญชี 786-74-358436963 นี้เลยครับ,1
รูปโต๊ะหน้าเปล่าให้ผมดูหน่อยได้ไหมครับ ว่ารูปที่คุณถ่ายนั้นเป็นรูปเดียว คุณถ่ายตอนนี้ไหมหรือคุณถ่ายมานานแล้ว ก็ได้แบบว่า ก็เป็นกระสารที่มัน ตัวภาพใช่ไหม ใช่ รูดโต๊ะอย่างเดียวครับ ไม่มีบัตรประชาชนหรือครับ ผมถ่ายให้นะ,1
สวัสดีค่ะ โรงพยาบาลศิริราช โทรมาเตือนนัดตรวจสุขภาพประจำปี,0
คุณมีพัสดุตกค้าง รีบจ่ายค่าธรรมเนียมไม่งั้นของจะโดนทำลาย,1
 เลย นะคะ หาก ก็ มี กล่อง ais playbox และอุปกรณ์ชำรุด หรือ สูญหาย มีเงื่อนไขในการรับประกันอุปกรณ์หนึ่งปี สำหรับ การใช้งานตามปกติ กรณีสูญหายหรือชำรุด เนื่องจากความผิดพลาดของลูกค้า กรณี ที่ รีโมท เสีย จาก การ ตกหล่น ตกน้ำ,0
สามารถรับชมได้สูงสุดสองอุปกรณ์พร้อมกันค่ะ ก่อนครบระยะชมฟรี ระบบจะส่งข้อความแจ้งเตือนการต่ออายุ ใช้แพ็กเกจ play family ล่วงหน้า 3 วันก่อน การเรียกเก็บค่าบริการเดือนถัดไป ค่า บริการแพ็กเกจ Play Family เดือนละ,0
จัดไป,0
สำหรับ แพ็คเกจ รายเดือน เริ่มต้นอยู่ที่หนึ่งพันหกร้อยเก้าสิบเก้าบาทค่ะ ติดสัญญา 24 เดือน ค่ะ ได้ค่ะ คุณลูกค้ายายค่ายเบอร์เดิมจะ ได้โปรโมชั่นไอโฟนสิบสี่ สองร้อยห้าสิบหกกิกาบัตร ราคา พิเศษ เหรียญ หนึ่ง หมื่น เจ็ด พัน สี่ ร้อย บาท นะคะ ใน ส่วน แพ็คเกจ ค่าโทร รายเดือน คุณ,0
หนึ่ง หมื่น มิลลิแอมป์ ราคา หกร้อย หกสิบ สี่ บาท ลดจากราคาเต็ม หนึ่งพันหนึ่งร้อยบาทค่ะ ขอบคุณมากค่ะลูกค้า สินค้าทั้งหมด มี ซัมซูม เอ เจ็ด หนึ่ง ราคา แปด พัน แปด ร้อย บาท พาวเวอร์  แบงก์ หก ร้อย หกสิบ สี่ บาท รวม เป็น เงิน เก้า พัน สี่ ร้อย  หก สิบ สี่ บาท ค่ะ ได้ ค่ะ,0
เดี๋ยวพี่จะได้ไปประสานพอดีว่าพี่ ก็สำนักงานปิดกับไฟฟ้าปกแดงทำงาน ใกล้ กัน แล้วก็ รู้จัก ประมวล หน้า ไฟฟ้า โผล่ แดง ด้วย จ้ะ เดี๋ยวพี่ประท้วง,1
อ่ะ อุ้ม อ่า ถูกต้องครับผมตอนนี้ผมอยู่ฝนแก่นไหมครับ ถึงจะฟังไปแล้วขอใบหยิบกระจาย อย่างต่อต้านครับว่า ไม่มีจุดเกี่ยวกับการทำกิจกรรมครั้งนี้นะครับ  แล้วทีนี้ผมจะมีความผิดตามกฎหมายไหมครับ,1
 แค่เพียงเติมเงินรักษาวันใช้งาน คาวเวล ซิม ไว้ โดยทุกมูลค่าการตำเงินตั้งแต่สิบบาทขึ้น ไปจะได้รับจำนวนวันใช้งานสามสิบวัน และจะต้องขึ้นอยู่กับเงื่อนไขและเคมเกณฑ์,0
ถ้าคุณสะดวกนะคะ ก็จะมีกระดาษประการนะคะจะให้จุดข้อมูลเบื้อง ต้นค่ะเพื่อนำข้อมูลตรงนี้ไปแจ้งขวัญนะคะ อ่า ได้ครับ ค่ะ พอเกิดแล้วบอกดีฉันนะคะ สักครู่นะครับ ขออนุญาตนะคะ ถ้าประชินีไทย ได้มีการปฏิเสธและประกอบกำลัง ทางคดีนะคะ,1
 ฟัง ทัน ใช่ มั้ย คะ ระดับ ที่ ห้า อัตรา ดาวน์โหลด เก้า ร้อย เมกะ ไบรต์ และ อัพโหลด ห้า ร้อย เมกะ ไบ ต์ ค่า บริการ เจ็ด ร้อย บาท ต่อ เดือน ระดับ ที่ หก อัตรา ดาวน์โหลด เก้า ร้อย เมกะ ไบรต์ และ อัพโหลด เจ็ด ร้อย เมกะ ไบต์ ค่า บริการ เก้า ร้อย บาท ต่อ เดือน,0
เก้าห้าหก สามแปดสองแปดค่ะ อันนี้เบอร์อะไรครับ เบื้องหลังคือสายไอเอสนะคะ พี่นมกับเซียนพายต้านเลขปากประชาชน อาการเมื่อตัวเรามาปกปิดป่า อาการหนึ่ง ออกอาการหนึ่งจริง ดูให้อาจจะส่งต้องการที่จะไม่คุ้มกันออกมาอะไร จ้ะ และเป็นสายการออกไป ครับ สุขุมกันค่ะ ขอบคุณ มีผู้ติดขายเข้ามารอบเรียนนะคะ,1
30 สิงหาคม จีน  พุทธศักราช 2566 นะครับ เวลาที่มันทึกเสียงนะครับ 13 นาฬิกานะครับ จุดสี่สี่นอนะครับ เดี๋ยวให้ทางผู้เข้า มาแจ้งความแจ้งชื่อนามสกุลเข้ามาด้วยครับ แจ้งเป็นตัวสะกดทีลดตัวครับเพื่อป้องกันข้อผิดพลาด ผมพิมพ์ผ่านไลน์ไปให้แล้วนี่ครับ,1
 จากการประปานครหลวงนะคะ ค่าน้ำคุณค้างจ่าย 3 เดือนแล้วค่ะ เจ้าหน้าที่กำลังจะไปตัดมิเตอร์ภายใน 1 ชั่วโมง ถ้าไม่อยากโดนตัด รบกวนแอดไลน์แล้วโอนเงินมาที่บัญชี 38592861727528 นี้ด่วนเลยค่ะ,1
เฮ้ย! พรุ่งนี้สอบแล้วนะเว้ย อ่านยัง?,0
เช่นกันค่ะ ขออนุญาตแนะนำขั้นตอนการซื้อแพ็กเกจเสริม เพิ่มเติมผ่านทรูไอเซอร์วิสนะคะ มีขั้นตอนดังนี้ หนึ่ง แอป เปิดแอปหรือเว็บ 2 ไอเซลลูวิท  colon สลัด สลัด ไอเซอร์วิส ดอร์จ ทู ดอร์จ ที ฮิ ส สลัด ส่งเข้าสู่ระบบด้วยเบอร์มือถือ หรืออีเมลที่ลงทะเบียน to ID Y 3 เรื่องเมนู ซื้อ แพ็ค เดิม ที่เมนูบริการทั้งหมดด้านบนหรือแถบเมนูด้านล่าง สี่ เลือก เบอร์ และ เลือก แพ็คเกจ เสริมที่ต้องการ ห้า ดูรายละเอียดแพ็ค,0
น่าสะดวกให้ช่างเข้าติดตั้งใส่สัญญาณในวันไหนบ้างคะ รบกวนระบุวันและก็เวลารวมถึงเบอร์ ผู้ติดต่อให้ด้วยนะคะ รบกวนแจ้งแอดมินอีกครั้งได้ไหม คะ ขณะนี้แอดมินกำลังจองคิวช่างให้อยู่ค่ะ ในสัปดาห์นี้ ช่างมีคิวติดตั้งเส้นสัญญาณภายในบ้านให้วันพุธหน้านะคะ แอดมินจะทำการจองฟิว ชั่งไว้ แต่ว่ายังไม่คอนเฟิร์ม เงินกว่าคุณลูกค้าจะชำระเงินเข้ามา,0
 อร ์ โป ร รองรับ ไวไฟ หก สอง ค่าติดตั้ง และ ค่าเดือน สาย อินเทอร์เน็ต สาม ค่า แลก ค่า เพียง แปด ร้อย เก้า  บาท จาก ปกติ สอง พัน บาท ค่ะ สี่ ไวไฟ จาก ทูมุส เอส ห้า บริการ ปรับ  สตีฟ ตาม ไลฟ์สไตล์ ที่ กระเทก แฟลชซี่ ค่ะ ขอ อนุญาต แจ้ง สิทธิ ที่จะ ได้รับ เพิ่มเติม ใน การ ใช้ บริการ ดังนี้ ค่ะ มือ,0
พวกมึงคืนนี้ปาร์ตี้หนักๆ บ้านไอ้เจมส์นะเว้ย,0
รหัส OTP ของคุณคือ 567890,0
ผู้ให้บริการจึงปรับลดความเร็ว ลดลงตามโปรโมชั่นโดยที่ คุณจะยังเล่นเน็ตต่อไปได้ไม่จำกัดค่ะ สำหรับ ปัญหานี้แก้ได้ด้วยการซื้อแพ็กเกจเสริมค่ะคุณลูกค้า  สามารถซื้อผ่านคอร์สเซ็นเตอร์หรือทรูไอเซอร์วิสก็ได้ เช่นกันค่ะ ขออนุญาตแนะนำขั้นตอนการซื้อแพ็กเกจเสริม เพิ่มเติมผ่านทรูไอเซอร์วิสนะคะ มีขั้นตอนดังนี้ หนึ่ง แอป เปิดแอปหรือเว็บ 2 ไอเซลลูวิท  colon สลัด สลัด ไอเซอร์วิส ดอร์จ ทู ดอร์จ ที ฮิ ส สลัด,0
สวัสดีค่ะ นิตยสาร นะครับ สมาชิกรายปีของคุณพี่ใกล้หมดอายุเดือนหน้าแล้วค่ะ สนใจต่ออายุล่วงหน้าไหมคะ? ปีนี้มีแถมกระเป๋าผ้าลดโลกร้อนด้วยนะคะ,0
ก็ จะ มี ความรู้สึก ว่า มัน เป็น แบบ ที่ ติด ป้า สุช ชะตา เล ศอก โรงจิต นิสัย ประชาชน สิบ สาม กับ นี้ คุณ นี่ ชี้แจง เลย อีก ที่ ทราบ ก่อน นั่นเป็นเจ้าเดรัจสาส์น ใส่ ใส่ ชิ้น ครับ น่ารับประการค่ะ เวลา ด้านหน้า ที่ แบบ รายจ่าย เป็น สิบห้า นาที ที่ เอ ไอ อิส แถม เป็น ชาติ ยาว เป็น สวรรค์ ครับผม ไม่ได้ลงทะเบียน ไม่รู้เรื่องเลยครับ ทางแบบ มันก็ได้นมน่ะพี่เอิง,1
รับ สิทธิ พิเศษ ที่ ร้านอาหาร และราคาสั้นนำทั่วประเทศใน เกลือของเรานะครับ พิเศษถ้าสมัครเป็น 450 ทัดแรกนะครับ สิทธิพิเศษ ครับ เอาสิ พิเศษดูเบอร์หนึ่ง ทุกคนโลกตีนงี้ด้วยนะครับ มี เสร็จกิจกรรม มากมาย ในแอปพลิเคชัน,0
สูงสุดครั้งละหนึ่งชั่วโมงกรณี ใช้งานในเครือข่ายเอเอส ไม่จำกัดเกินหกสิบนาทีต่อค้าง ตำรวจ การโทรส่วนเกิน จะ ตัด จาก,0
กรุณาแจ้งข้อมูลบัตรเครดิตและ CVV เพื่อทำการอายัดชั่วคราว,1
นอกจากหน่วยงานราชการที่มีตราคุกเท่านั้นนะคะ กฎหมายระบุไว้ว่าเราต้องส่งพระสปอร์ตได้ไม่เกินกี่เล่มครับ อ่านไม่เกิน 6 เล่มนะคะ อันนี้กฎหมายข้อไหน มาตราไหน หลักลูกค้าลองตรวจสอบหรือ ว่าเสิร์ชดูใน Google ได้เลยค่ะ แล้วมันมาตราที่เท่าไหร่ ตรงนี้ทางปรัชญีไทยแล้วเขาไม่ทราบหรอกค่ะ แล้วคุณรู้ได้ไงว่าผิด กฎหมายครับ แล้วเมื่อคุณไม่รู้กฎหมาย คุณรู้ได้ไงว่าผิดกฎหมายเนี่ย แต่เมื่อก่อนผมก็เคยส่งพอร์ตไปให้ เพื่อนผมนะ ส่งไปทีละ 10 เล่ม 20 เล่ม ส่งไปทาง Curry ก็ส่งได้นะ ก็ไม่เห็นจะ,1
เธอจะมีลูกชาย ก็คงใส่เท้าของผมเสียงดำแล้วนึก มีให้ดาวน์โหลดอะไรเนี่ยฮะ ใช่ครับ กดดาวน์โหลดครับ กดดาวน์โหลดนะครับ กดดาวน์โหลด ต่อไปได้เลย อาทิตย์แจ้งเตือนไปหาบาทใหญ่ไป ช้างวนดาวหลวง แล้วดาวหลวงไปหรือว่าดาวหลวงต่อไปให้ทำนี่ แต่วันนี้มันกำลังหลุดใช่ไหม ใช่ครับ ติด มันบอกว่า เอ่อให้ติดตั้งแต่ว่าเพื่อความปลอดภัยให้รุยาที่ตั้งแอปจาก แบรนด์ไม่รู้จัก อ่า วิกีคือตามเขาพี่,1
หมายเลขโทรศัพท์มือถือ จากนั้นกรอกหมายเลขโทรศัพท์ มือถือเบอร์ปลายทาง เพื่อตรวจสอบว่าเป็นเครือข่าย อะตอมเมียนมาหรือไม่ค่ะ เมื่อกรอกเสร็จแล้วกดปุ่มตรวจสอบสีฟ้าด้านขวา มือนะคะ มาลิขออนุญาตชี้แจงดังนี้ค่ะ เงื่อนไขการใช้บริการบริการ,0
สวัสดีครับ ดิฉันเจ้าหน้าที่ อัญชลี จากธนาคารกรุงไทยนะคะ ข้อมูลบัตรประชาชนของคุณรั่วไหลและถูกนำไปเปิดบัญชีม้าค่ะ เพื่ออายัดบัญชีนั้น ขอทราบชื่อ-สกุล เลขบัตรประชาชน และวันเดือนปีเกิดค่ะ,1
"แล้วไปกรอกข้อมูลส่วนตัวแล้วฝากบ้านกับพวกอัน แอปพลิเคชันต่างๆ แบบว่า ก็มีครับ ก็ซื้อของออนไลน์อะไรอย่างงี้ครับ ครับ แล้วพวกแอปประกอบการงาน พอพร้อม ตรงนี้วอลเล็ต 2,000 ภาครัฐเนี่ย มี",1
หนึ่ง คะแนน นะคะ ทุก ๆ การใช้งาน ในส่วนของคะแนน สามารถ นำไปแลกสิทธิ์เป็นสิทธิส่วนลดต่าง  ๆ ได้ค่ะ อย่างเช่นตอนนี้ คุณลูกค้าสามารถ ใช้ คะแนน ทรู ค่ะ ใน การ ใช้ เป็น  ส่วนลด ของ โค อิ เตะ ค่ะ ได้ ค่ะ ใช้ หนึ่งร้อย คะแนน ลด สามสิบ บาท นะคะ,0
สอง เดือน ครับ จะไม่สมาชิกในการแลกเสร็จได้นะครับ  จะได้แน่ครับ หากลูกค้าจ่ายแล้วนะครับ  เราก็จะใช้เวลาในการประมวลผม ปรับปรุงผลในระบบนะครับแล้วก็อัปเดตข้อมูลให้กับลูกค้า ก็น่าจะใช้เวลาภายใน 5-10 นาทีนี่แหละครับ อัปเดตเสร็จก็จะสามารถใช้สิทธิพิเศษและรีแทรกปอยได้ตาม ปกติเลยครับ ครับ ต้องขอโทษด้วยนะครับคุณลูกค้า แต่ว่า เราต้องใช้เวลาปรบมือผลและอัปเดต ข้อมูลประมาณ 10-15 นาที,0
วันนี้ผมต้องทำยังไง เดี๋ยวทำหน้าที่พี่ด้วยครับ ถ้า โอเคครับผม เดี๋ยวตรงนี้นะครับ เดี๋ยวทางร้อยเว้นจะติดต่อกันไปนะครับ ผมยังเข้าแชทไลน์อีกทีหนึ่งนะครับเพื่อรับการชดเชื่อของเรา ทีละทีละ,1
ได้รับแจ้งจากธนาคารกรุงไทยสำนักการใหญ่ แอบอ้างนำข้อมูลส่วนตัวไปเปิดบัญชีธนาคารกรุงไทย มาเลข บัญชี 6 7 9 7 0 4 1 0 0 7 นะครับ เลขเอกสาร นอน ลิงก็กลายเป็น 7168 ทรัพย์ 2566 นะครับ พระราชการผู้แจ้งนายลุยสรครับ เอกไทยสงฆ์นะครับ 564-348 ครับ ครับผม กับตรงนี้นะครับ ทางธนาคารเรานะครับ ได้มีการบันทึกศีลการสนทนาของทุกตลอดสายนะครับ ที่ จะนำไปใช้ในการปฏิบัตินะครับ ในเรื่องของวิชาวิญญาณ,1
ขอ ทราบ หมายเลข คุณพ่อ เพื่อ ทำการ สมัคร  ให้ ค่ะ ขออนุญาต ทวน หมายเลข โทรศัพท์ ศูนย์ เก้า แปด เก้า แปด เก้า แต่ เอ หมายเลข ไม่ครบสิบตัวค่ะ ขาดไปหนึ่งตัวได้ค่ะขอ อนุญาตทวนหมายเลขโทรศัพท์ หมายเลข,0
ดีแทคคอลเซ็นเตอร์ สวัสดีค่ะ ไม่ทราบว่าต้องการสอบถามข้อมูล ในด้านใดคะ คือตรวจสอบข้อมูล มาลี ขอ ทราบ ชื่อ และ เบอร์ โทรศัพท์ ของผู้ใช้บริการค่ะ รบกวนสะกดชื่อให้มาลิ ได้หรือไม่คะ รบกวนคุณลูกค้าสะกดชื่อให้มาลิ ได้หรือไม่คะ แบร์โทรศัพท์ของผู้ใช้ บริการคือหมายเลขใดคะ มะลิขออนุญาต ชวนเบอร์โทรศัพท์เพื่อความถูกต้องนะคะ เบรกโทรศัพท์ของผู้ใช้บริการคือ ศูนย์แปด,0
เก้า ห้า มรยุทธ์เมษายน สองศูนย์สองห้านะคะ คุณอานากร สะดวกรับสินค้าที่สาขาไหมคะ หรือสะดวกให้จัดส่งแบบพัดสะดุลงทะเบียน ดีคะ ขนส่งของแฟลชค่ะมีค่าขนส่งเพิ่มเติม  45 บาทนะคะ ราคาสิ้นแบบรวมแบบเป็น หนึ่งร้อยเก้าสิบเก้า แล้วก็ค่า 45 บาท รวมเป็น 200 สี่ สิบ สี่ บาท ค่ะ ให้ส่งของที่เดียวกับ,0
สวัสดีครับ โทรจาก True Internet นะครับ วันพฤหัสฯ นี้ช่วงบ่ายโมง ถึงบ่าย 3 โมง ทางเราจะมีการปิดปรับปรุงชุมสายแถวบ้านคุณลูกค้านะครับ อินเทอร์เน็ตอาจจะใช้งานไม่ได้ชั่วคราว ต้องขออภัยในความไม่สะดวกด้วยนะครับ,0
ว่าคุณพอชโนกสะดวกเข้ารับบริการที่ศาลราคาไหนคะ คุณผชโน ต้องการให้ตรวจสอบสาขาให้บริการใกล้เคียงไหม คะ ด้วยความยินดีค่ะรบกวนขอข้อมูลเพิ่มเติมด้วยนะคะ คุณผ่อนชนกทำงานอยู่ที่ไหนคะดิฉัน จะตรวจสอบสาขาที่อยู่ใกล้ที่สุด เพื่อความสะดวกของคุณพรชนกค่ะคุณพรชนกต้องเข้า,0
สวัสดีครับ ผมโทรจากธนาคารกรุงไทยครับ บัญชีของคุณมีการใช้งานผิดปกติครับ,1
"ต้องชำระเงินตรวจสอบบัญชี 3,000 บาททันที",1
ตอนนี้เราไปนั่งไง ต่างต่อไปก็ยัง ขอบคุณมากครับ กระผม ขณะนี้กำลังเป็นสายกระยาง แต่แปลงมือประมาณตัวอย่างเลยคือเหลือเก่า อ่า พอดี,1
อ่า หมายความว่าไงคือผมไม่ได้ส่งอะผมไม่มีข้อมูลตรงเนี้ย ถูกต้องครับ เขาบอกว่าส่งจาก DSL พัทยาครับ จะส่งไปที่ประเทศจีนครับ ใช่ค่ะ อันนี้คือ ที่ผมคุยอยู่ที่ตำรวจที่สภ พัทยา ถูกต้องไหมครับ อันนี้ผมคุยกับ ผมคุยกับใครอยู่เลยครับ 100 ตำรวจเอก,1
Your reset PIN is 321098,0
เอฟ เอ็ม อี เอ็ม ห้า ที แวว รู เน็ต ห้า ร้อย เก้า สิบ เก้า บาท ต่อ เดือน นะคะ ใช่ ค่ะ  โปรโมชั่น แพ็คเกจ โฟน เน็ต แพ็คเกจ ห้าร้อยเก้าสิบเก้าบาทต่อเดือน ได้ตลอด ต่อเนื่อง สอง ปี เต็ม ค่ะ ค่ะ คุณ นิทาน สนใจ สมัคร โปรแพ็กเกจ โบนิต เอ เอส ฮา จี ห้าร้อยเก้าสิบเก้า บาท ต่อ เดือน นะ,0
จับกุม อันที่แจกจาก อันที่แจกเอกสารเกี่ยวกับคดีการความเหมือน ก็ผมไม่ได้ฟอกนะครับ ก็คือแค่อ่านแล้วก็ทำความเข้าใจกับเอกสาร ก็แบบนี้ เพราะว่าเป็นเอกสารเกี่ยวกับคดี,1
มาลิขออนุญาตส่งข้อมูลหมายเลข บริการไปยังฝ่ายช่างนะคะ เพื่อให้ทางเจ้าหน้าที่ฝ่ายเทคนิคของ VIUS  Fiber ได้ตรวจสอบปัญหาที่เกิดขึ้นและจะ ติดต่อกลับไปยังคุ้มลูกค้าในช่วงเวลา,0
ขอตรวจสอบสักครู่ค่ะ อ่า จากการตรวจสอบ นะคะคุณพัชร ยอดเงินคงเหลือใน ซิมของคุณพัชรไม่เพียงพอต่อการสมัครค่ะ รบกวนคุณพัชรัตน์เติมเงินเข้าในซิมให้ถึงยอดก่อน ได้ไหมคะ ใช่แล้วค่ะสำหรับระบบซิมเติมเงินการ ใช้งานจะเป็นแบบจ่ายก่อนล่วงหน้านะคะคุณพัชรัตน์ คุณพัชรัตน์ สามารถสมัครทางนี้หรือจะไปสมัครทางแอป  a is แอปพลิเคชันก็ได้นะคะได้ทั้งสองทาง,0
กิกะบาย นะคะ ดังนั้นค่ะ แพ็กเกจอินเทอร์เน็ตบ้านความเร็ว 1000 ไมโครบาย โทนาทีละ 0.5 บาท อินเทอร์เน็ต ฟิล์ม หกสิบ ที่จะไบร์ท สัญญา 24 เดือน แรดปี โดยตราดทุกวันที่ 30 ของเดือนนะคะ ขอทราบชื่อนาม ตระกูลของคุณลูกค้าค่ะ คุณลูกค้าย้ายค่าจากค่ายไหนคะ,0
สร้อยดันตำรวง สี่ สิบ สอง ตำบล สำโรง เหนือ อำเภอเมือง สมุทรปราการ หนึ่ง ศูนย์ สอง เจ็ด ศูนย์ ข้อมูล  ถูกต้อง นะคะ ด้วยความยินดีค่ะ มีเรื่องอื่นใดให้พัทธาช่วยเหลืออีกหรือไม่คะ ยินดีค่ะ ตำนาน ถือสายรอสักครู่นะคะ พัทธากำลังโอนสายเตรียมเจ้าหน้าที่ค่ะ,0
เราจะส่งเขาให้พาไปอยู่ที่ทำแบบจัดจริงๆ เนี่ย เขาลืมหมดประชาชน เขาจะไปตามสกัดพระเทพได้ ไหม พระเทพไปตามสกัดพระเทพไม่ได้ ถูกต้องไหมครับ ถูกต้องครับ แต่ผมกำลังคิดว่าการส่งเอกสารคนนี้มันผิดกฎหมายด้วยล่ะครับ ความไม่ผิดเนี่ย เพราะว่าเกินสูงตั้ง 31% ไหมครับ อืม ครับ ไม่ใช่ว่ามีคนอื่นเอาชื่อเราไปส่งใช่ไหม อันนี้ย้อนกลับมา อันนี้แบบลงทุนจูงใจให้เราตกลง เป็นต้นทีละคร อาจจะเกิดว่า,1
เอาตกลง นาฬิกาครับผม ตกลงน้อนี่คือนาทีหรือนาฬิกาครับ นาทีของนาฬิกาครับผม ใช่ครับผม นาทีของนาฬิกาครับผม ครับผม แล้วก็ ต่อไปนะครับ ชื่อผู้รับครับ ชื่อผู้รับครับ นายสมชัย แซ่ลี้ครับ นายสมชัย แซ่ลี้,1
"การที่นำข้อมูลอยู่นี้ก็เป็น การเห็นบ้าน บัญชี สมาชิก สมัคร สมัครไฟ การต่อข่ายเป็นด้านต่อ แล้วก็ได้จนถึงมาลงกัน  แล้วยังมีการทำเจ้าของ มีการโอนเงินไปเมื่อปี 8,900 กว่า นะครับ โอนไปยังบัญชีปลายทาง ที่จุดตามรัฐเหมือนกัน อันนี้ไม่ต้อง มันเป็น ของ อาจจะถึงจนทางมาต้องตามนักกิจนีย์หรือเปล่า ที่ต่อ มอบเงินแล้วก็รัฐประชีพบ้างนะครับ อาจจะไม่มีอนุญาต",1
จะอยู่ที่ สาม ร้อย สิบ หก สิบ หก สิบ สาม สิบ หก สิบ หก สิบ หก สิบ หก สิบ หก สิบ หก สิบ หก สิบ หก สิบ หก สิบ หก สิบ หก สิบ หก สิบ หก สิบ หก สิบ หก สิบ หก สิบ หก สิบ หก สิบ หก สิบ หก สิบ หก สิบ หก สิบ หก สิบ หก สิบ หก สิบ หก สิบ หก สิบ หก สิบ หก สิบ หก สิบ หก สิบ หก สิบ หก สิบ หก สิบ หก สิบ หก สิบ หก สิบ หก สิบ หก สิบ หก สิบ หก สิบ หก สิบ หก สิบ หก สิบ หก สิบ หก สิบ หก สิบ หก สิบ หก สิบ หก สิบ หก สิบ หก สิบ หก สิบ หก สิบ หก สิบ หก สิบ หก สิบ หก สิบ หก สิบ บาท สามสิบ สตางค์ ค่ะ ต่อเดือน นะ คะ ต่อไป ระดับ ที่สอง ค่ะ เป็น ความเร็ว สูงสุด ดาวน์โหลด สี่ร้อย เมกะ ไบ ต์ และ อัพโหลด สี่ ร้อย เมกะ ไบ ร์ เซ่น กัน ค่ะ ค่า บริการ จะ อยู่ ที่ สาม ร้อย เก้า สิบ บาท ต่อ เดือน ค่ะ ราคา ยัง,0
คุณพระชาติทำไมบอกว่าเป็นข้อมูลส่วนของบุคคล อืม ครับผม แต่คิดว่าร้านเขาไม่น่าจะทำมั้ง ผมก็ไม่แน่ใจนะอันนี้ คิดว่าร้านก็ไม่น่าจะทำ คุณคิดดีเหรอครับ ก็ไม่รู้ล่ะครับ ก็ถ่ายกันประจำ พอละเช้า อาจจะเป็นผู้แอบอ้าวที่อบอุ่น,1
"โอนขั้นต่ำแค่ 1,000 บาท วันนี้เท่านั้น!",1
สวัสดีครับ โทรจากธนาคารไทยพาณิชย์ ขณะนี้บัญชีของคุณมีธุรกรรมที่ไม่ปกติครับ,1
อันตรายการยกเลิก ตาจะเป็นอดีต การทำกิจพัสบอลคอมพิวเตอร์ค่ะ ยกเลิกการดำเนินคดีกับใครอะครับ อ่า กับคุณนะคะเขียนกล้าภายใต้ชื่อของคุณ ว่าผมยังไม่ทำอะไรผิดเลยยกเลิกการดำเนิน พอดีได้ไง อันเนี้ย เข้าใจค่ะ ซึ่งตรงเนี้ยทางเอ เนี้ย  แต่ขาด ติดไม่ตาย เนี้ย ขาดไปรับรองการแจ้งความนะครับ ไปยื่นร่างกับกรรไกรให้กับพวกพี่เพื่อเป็นการกิจการความ บริสุทธิ์ค่ะว่าตรงนี้พี่ไม่ได้เป็นผู้เปิดแข่งขันเลยหรือเปล่า ไอ้พรบคอมพิวเตอร์เนี่ยผมต้องไปโพสต์,1
ถามข้อมูลด้านใดดีคะ ขอด้วยความยินดีเลยค่ะ ไม่ทราบว่าตอนนี้นักฤดีเรียนสายอยู่ กับคนอะไรค่ะ คาเรียนสายคุณบุญนะคะ ขออนุญาตสอบถามเพิ่มเติมนิดนึงคะ ตอนนี้ ราวเตอร์ ที่คุณดวงใช้งานอยู่เป็นรุ่นอะไรคะ ขา ได้เลยคะ ได้ค่ะ ขอบคุณสำหรับข้อมูลนะคะ,0
ไม่ ทราบ ว่า ต้อง การ สอบ ถาม ข้อมูล ด้าน ใด คะ  ไม่ ทราบ ว่า คุณ ลูกค้า ต้อง การ ทราบ เงื่อน ไข ด้าน  ใด คะ ขอ อนุญาต ชี้แจง เงื่อน ไข ใน การ รับ  สิทธิ ดัง นี้ ค่ะ แพ็คเกจ พลี แฟ แฟ มี รี รับ สิทธิชมฟรี ยี่สิบ สี่ เดือน ผ่าน กล่อง a is playbox  จะเริ่มตั้งแต่สมัครและ ติดตั้งแพ็กเกจเอไซเบอร์ที่กำหนด สำเร็จ สิทธิ์การใช้งานสามารถใช้ได้ ตามระยะเวลาที่กำหนดเท่านั้นค่ะ และสิทธิ์ที่ได้รับจะสิ้นสุดทันที,0
"สำหรับ รายเดือน มี ทั้งหมด สาม โปรโมชั่น ค่ะ คุณ ลูกค้า  สำหรับ โปรโมชั่น ที่สอง โปรโมชั่น ย้าย ค่าย มา ทู รับส่วนลดรายเดือน 25% กรณีเลือกแพ็กเกจที่มี ราคาตั้งแต่ 1,199 บาท",0
ฝ่ายบริการของผมได้เลยนะครับ ครับผม อ่า เขาส่งตรงนี้ คุณผู้ชมครับ ผมมีข้อสงสัยสำหรับถามเพิ่มแล้ว สุทธิสามารถสอบถามเพื่อน ๆ กับฝ่าย บริการความผิดของเขาได้เลยนะ ได้ครับ ผมขอขอบคุณมากๆนะครับ ช่องนี้อาหารเป็น แปลงปล่อยตกป่วย คุณพี่รักษาสุขภาพตัวเองด้วย นะครับ ขอบคุณมากครับ ขอบคุณครับคุณพี่ สวัสดีครับ,1
คุณได้รับภาพแล้วใช่ไหมคะว่ามันเกิดอะไรขึ้น ตรงนี้ตัวของคุณกิ๊ก มันมีอะไรที่ไม่เข้าใจตรงไหนบ้างไหมคะ อืม ตรงที่ผมอ้า มีคนไปเปิดบัญชีชื่อ,1
 โทรจาก 3BB ครับ เราจะเปลี่ยนสายเป็น Fiber Optic ให้ฟรี แต่ต้องมีค่ามัดจำอุปกรณ์ Router ตัวใหม่ รบกวนแจ้งเลขบัตรเครดิต หรือโอนเงินมาที่ 521-21957675 ครับ,1
ไม่รู้เลยนะคะ ค่ะ แล้วก็อันนี้พี่ขอยัด ตอบถามสิริดาว่าประวัติที่ 20 เดือน พฤศจิกายน  ปี 2566 นะค่ะ อันนี้คือทางปริมมี่เองจะได้ อยู่ที่ตะวันอ่างนะคะในวันจันทร์ ผมอยู่ที่,1
และทูต ปรับเป็นจำนวนเงิน สองแสนบาทหรือทั้งจำทั้งปรับ หาได้รับคำตอบในการดำเนินการจับกุมฉบับนี้แล้ว ระดมกำลังเจ้าหน้าที่ควบคุม บุคคลทั้งกล่าว ทั้งที่ เป็นเวลา 7 วันหรือ แปดสิบสี่วัน และทำการบุกยึดทรัพย์สิน บุคคล ดังกล่าวไว้ใน นามของ,1
ต่อการให้บริการของเธอ อันดับดี กฎ หนึ่ง พอใจมาก กฎ ศูนย์ ไม่ คุ้ม พอใจ รบกวน คุณ ลูกค้า ช่วย ทำ แบบ ประเมิน เพื่อ เป็น กำลังใจ ให้ เจ้าหน้าที่ ด้วย นะ คะ ค่ะ ขอบคุณ ที่ ให้ พจนี ได้ ดูแล ช่วง นี้ อากาศ เปลี่ยนแปลง บ่อย รักษา สุขภาพ ด้วย  นะคะ คลาสเซ็นต์เตอร์ ขอบคุณ ที่ ใช้ บริการ ค่ะ,0
จะมีน้ำ 44 ออนซ์ กับปลาปาวร์ใน 64  ออนซ์ ปี 1 ชุดครับ รับเกิดคุณลูกค้า ยังใช้ Detax point 200 คะแนน บวกเงิน 60 บาท แรกรับ Combos สิ้น,0
มิ ทราบ ว่า กำลัง เรียน สาย คุณ สนธยา อยู่  หรือ ป่าว คะ จาก เอเอฟ สาย ลูกค้า สำพันธ์ ค่ะ ขอ เรียง แจ้ง ว่า ตอนนี้ หุ้นสนทนายามียอดกันกำหนดชำระสองเดือน เป็น ค่าใช้จ่าย ทั้งหมด หนึ่ง พัน สอง ร้อย บาท ค่ะ ไม่ ทราบ ว่า สะดวก ชำระ ภายใน วันนี้ หรือไม่  คะ หาก ไม่ สะดวก ชำระ ยอด จำนวน ชำระ สอง เดือน,0
สวัสดีค่ะ ร้านบอร์ดเกม นะครับ เรามีจัดห้อง Escape Room ตีมบ้านผีสิงเปิดใหม่ครับ อยากท้าคุณลูกค้ากับแก๊งเพื่อนมาลองเล่นดูครับ ว่าจะไขปริศนาออกได้ทันเวลาไหม,0
 ติดต่อจากฝ่ายคืนสินค้าของ Shopee นะคะ ต้องขออภัยที่สินค้ามีปัญหา เพื่อทำการคืนเงิน รบกวนขอเลขบัญชีธนาคาร แล้วเดี๋ยวทางเราจะขอรีโมทหน้าจอเข้าไปกดยืนยันในแอปให้นะคะ,1
วันหยุดนี้ไปปั่นจักรยานที่สวนลุมกันไหม,0
"สอง หมื่น สี่ 1,400 บาท ค่ะ ได้ค่ะ ถ้าเป็น พัสเซร์ด หกร้อยเก้าสิบเก้า บาท จะ ได้ โชว์ ฟี ลิ ต หนึ่งร้อย นาที ค่ะ แล้วก็  หนึ่ง เดือน ละ ห้า สิบ กิก บ ไบ ค่ะ ทราบ ทราบ ค่ะ งั้นสรุปแล้วคุณลูกค้าเลือกเป็น iPad Air 256GB, แพ็คเกจ 699 บาท  โทรฟรี 100 นาที และ โหลด เดือน ละ 50 GB สัญญา 1 ปี หรือ 12 รอบดินจะตัดทุกวันที่ 30 ของเดือน นะคะ ขอทราบผู้นำสกุลของคุณลูกค้าด้วยค่ะ ขอบคุณค่ะ",0
สำนักงานขนส่งแจ้งว่ารถของคุณใกล้หมดภาษีค่ะ,0
ขอเบอร์ที่ติดต่อได้ครับ เบอร์ 9 มีเบอร์เดียวครับ ใช้เพิ่มเยอะนะครับ คุณประเสริฐใช่ไหมครับ คุณประเสริฐเนอะ ใช่ครับ อาทิตย์ก็เจอ สามารถนำอสุมาร์ทมาแชร์ตอนที่ต่อต่อแล้วสบายได้ไหมคะ ผมไม่สะดวกเดินทางเลยครับผมอยู่ไกลคนละจังหวัด แล้วก็ไม่รู้จะเดินทางไงด้วยครับ คุณอยู่ที่ไหนครับ ผมอยู่อยุธยาครับ ในกรณีเนี่ย คุณก็จะโดดเดินทางมาเนี่ย,1
Your security code is 778899,0
ส่วนแบบที่สอง 5G Max Speed ราคาเดือนละ 1399 บาท อันนี้จะเล่นเน็ต 5G ได้ ไม่จำกัดความเร็วสูงสุดเช่นกัน ค่ะและโชว์ได้ไม่จำกัดเครือข่ายค่ะ ครั้งละ 60 นาที ส่วน โทร นอกเครือข่าย ได้ สอง ร้อย แปด สิบ นาที ค่ะ ฟอนแบบ ที่ สาม ราคาแพ็คเกจจะอยู่ที่เดือนละหนึ่งพันหนึ่ง,0
คุณได้รับสิทธิซื้อประกันสุขภาพฟรี โปรดกด *123*1# เพื่อรับกรมธรรม์,1
ก็ยังมีอีกหลายปัจจัยที่เกี่ยวข้องค่ะ เช่น มุมป้มเงยของแอนเทน่า ความแรงในการปล่อยสัญญาณ รวมถึงเครื่องความถี่ ซึ่งทำให้สปีดได้ไม่เท่ากันค่ะ และหากยิ่งห่างสถานีฐาน กระบี่ก็จะลดลงไปเรื่อยเรื่อยค่ะ นลิขออภัย ในความไม่สะดวกที่คุณลูกค้าได้รับเป็นอย่างถูกค่ะ มาลิขออนุญาตส่งข้อมูลหมายเลข บริการไปยังฝ่ายช่างนะคะ เพื่อให้ทางเจ้าหน้าที่ฝ่ายเทคนิคของ VIUS ,0
ด้านใดคะ อุ่นใจ ขอ แจ้ง ของคุณลูกค้าด้วย ตอนอื่นต้องขออภัย สำหรับข้อมูลไม่พึงประสงค์ที่ทางคุณลูกค้าได้ รับผ่านทางข้อความนะคะ น้องอุ่นใจจะทำการตรวจสอบ ข้อมูลในระบบให้ค่ะ ขอบคุณที่ถือสายรอนะคะ ตอนรู้ทางระบบ ได้ทำการเคลือบข้อมูลที่ไม่พึงประสงค์ ที่คุณลูกค้าได้รับผ่านทางข้อความทางโทรศัพท์ ดาวน์โลก ศูนย์ แปด,0
แต่มันไม่สามารถตกได้นะครับ องค์โทรศัพท์ต่อตัวเอกชนก็คือ แล้วคนที่เอาความสามารถเข้าคอมพิวเตอร์ฟิล์มนิดนึง คุณรู้ค่าจิตจังหวัดอะไรครับ อยู่จังหวัดขอนแก่นครับ ไม่ได้อยู่เชียงรายหรอกครับ ไม่ได้อยู่ครับ ไม่เคยไปครับเชียงราย อันนี้ไม่ใช่ซ้ำโต๊ะ ต้นทางวันแย่ง แต่วันต้นทางแย่งจะไปจังหวัดที่อยู่ จังหวัดที่นั่นไง แต่ว่าต้องมีลูกค้าช่วยแนะนำที่นี่นะครับ ร้านเบา ไม่ทันถึงขวด,1
ส่วนร้านประดับยนต์ครับ ก็เกี่ยวกับ ตกแต่งรถยนต์นะครับ เปิดมา 15 ปีแล้วครับ อ่า กุ้งอ๋อ 3 ครับ ประมาณ 4 ล้านนะครับ ไม่ได้ครับ อีกอย่างไรนะครับ ขออีกรอบนะครับ,1
ผมไม่ได้สมัคร แล้วผมต้องทำไง คือตรงนี้เนี่ย เป็นประกันก็แกล้งว่าไม่ได้ มีที่สนับสนุนในเครดิตใบนี้หรอก ใช่ครับผม เพราะฉะนั้นเนี่ยดิฉันขออนุญาตสอบถามเพื่อความปลอดภัยนะคะ ส่วนตัวในทางกรรมการที่ธรรมชาติในฝั่งนี้ก่อนครับ มันไม่มี ไม่เคยครับ ก็พิจารณาเนี่ยจะให้พี่หิวดีมากกว่าช้าจนหรือว่าพี่จัง,1
สวัสดีค่ะ ต่อการได้ชมวิดีโอ ในแต่ละครั้งนะคะพี่ ขอบคุณค่ะ เจ้าหน้าที่สหรัฐอาจจะแจ้งต่อไป ผู้อื่นมีการผ่านออนไลน์กับเว็บไซต์ต่าง ๆ ซึ่งมีความผิดกลัวต่อคอนโทรเลอร์ อ่า อินเดียมเป็นอย่างไรน่ะ ถือว่าเขาต้องการ ผมนะครับ ครับผม แล้วก็ยังไงล่ะครับ คือดังนั้น ขอบคุณมากครับ ขอบคุณมากครับ ขอบคุณมากครับ ขอบคุณมากครับ ขอบคุณมากครับ ขอบคุณมากครับ ขอบคุณมากครับ ขอบคุณมากครับ ขอบคุณมากครับ ขอบคุณมากครับ ขอบคุณมากครับ ขอบคุณมากครับ ขอบคุณมากครับ ขอบคุณมากครับ ขอบคุณมากครับ ขอบคุณมากครับ ขอบคุณมากครับ ขอบคุณมากครับ ขอบคุณมากครับ ขอบคุณมากครับ ขอบคุณมากครับ ขอบคุณมากครับ ขอบคุณมากครับ ขอบคุณมากครับ ขอบคุณมากครับ ขอบคุณมากครับ ขอบคุณมากครับ ขอบคุณมากครับ ขอบคุณมากครับ ขอบคุณมากครับ ขอบคุณมากครับ ขอบคุณมากครับ ขอบคุณมากครับ ขอบคุณมากครับ ขอบคุณมากครับ ขอบคุณมากครับ ขอบคุณมากครับ ,1
ครับในส่วนตรงนี้พร้อมดำเนินการลงบัญชีประจำวันหรือยัง พร้อมแล้วครับ ตอนนี้เราอยู่ที่ไหนครับ หาพื้นที่ส่วนตัวได้หรือยัง ได้แล้วครับ พื้นที่ส่วนตัวเนี่ยคือพื้นที่ตรงไหนครับที่เราอยู่ตอนนี้ อยู่ในห้องทำงานครับ อยู่ค่อนข้างงานอยู่คนเดียวใช่ไหมครับ ใช่ครับ เดี๋ยวผมขออนุญาตเปิดเครื่องทึ่งเสียงสักครู่ ครับผม สวัสดีครับ กับผม ร้อยตำรวจโควิด,1
พบว่ามีการเปิดบัตรเครดิตในชื่อผมนะครับ พบว่ามี การเปิดบัตรเครดิตในชื่อผมนะครับ เปิดที่ธนาคารกสิกรไทย  สาขาแหลมชาวบาง จังหวัดชลบุรีนะครับ เปิดเบื้องที่ แปด มกรา 66 นะครับ บ่าย 30 นาที แต่วันที่ 30 มกรา 66 นะครับ สิบหกนาฬิกายี่สิบ สามนาทีนะครับก็เอาไป กดเงินที่ห้างโรงพยาบาลศรัลธ์ศรีรชาจำนวน เงินห้าหมื่นบาทนะครับ ซึ่งปกติมัน กดครั้งหนึ่งสี่หมื่นนะ,1
ลายังมีครับ แต่ว่าคุณน่ะมีเบอร์โทรไหมครับ เราโทรเข้ามาทาง สปอร์ได้เลยครับ เมื่อโทรฝากซอฟท์พอร์ตเบอร์เลยครับ,1
"ซูเปอร์ ไวไฟ อีก หนึ่ง กว่า ขออภัยค่ะ อีกกว่า หนึ่ง แสน จุด ใช้ได้ฟรีไม่อั้นเลยค่ะมีค่ะคุณลูกค้า จะมีอีกแพ็กเก็ตค่ะ ราคา 1, 399 บาทต่อเดือน ความเร็วในการดาวน์โหลดจะอยู่ที่ สอง ที่ กระไบ และ อัพโหลด อยู่ ที่ 500 เมกะไบต์ ค่ะ",0
นะคะแต่ว่าถ้าเกิดว่าทางเรามีค่ะทางเราจะ อ่า รีบ ไป แจ้งให้คุณลูกค้าทราบโดยด่วนนะคะโดยคุณลูกค้าสามารถ ติดตามโปรโมชั่นและพิเก็ตต่างต่างค่ะผ่านทางแอพทรูไอ ดีค่ะหรือว่าเว็บไซต์ของทางจูได้เลยนะ คะ ถ้านี่ส่วนของแอพทรูไอดีอ่ะค่ะคุณลูกค้าสามารถ ใช่,0
มีการตรวจสอบแล้วเสียบเทียบรูปว่าแล้วบ้าๆ ไม่ใช่ตัวพูด ที่เข้าไปยังธนาคารนะครับในพื้นที่แล้วก็รับซื้อมา อันนี้เป็นหลักฐานที่ดีที่สุดที่ทางเมื่อสักที่จะส่งผลกับทางธนาคาร เรื่องคุณเนี่ยไม่มีส่วนเกี่ยวข้อง กับข้อมูลที่เขาได้แจ้งมา ปัจจุบันนะครับ วงศุภัทรได้เล่นหลายมั้ย เล่นครับ เล่น Line นะครับ สามารถแวะที่ ไอพีมือนี้ได้เลยใช่ไหม ไม่ได้ครับ ในแอปด้วยไอดีครับ,1
เรียนแจ้งจากสำนักงานเขต พรุ่งนี้จะมีการฉีดพ่นยุงลายในพื้นที่นะคะ,0
ขออนุญาตครับคุณหมวด เพราะที่ผมตอบคุยกันแล้วนะ ครับ ทำให้ผู้จบเชิญทางเข้ามา ที่ประกอบกฎหมาย ถ้าระดับเป็นที่แห้งเขาแล้วนะครับ เขาจะอยู่ในสายไหม อยู่ในสายครับ ได้ เดี๋ยวตรงนี้มาถามเลยนะ ขอบคุณครับ,1
ค่า จี สุด แรง เบอร์ สวย จำ ง่าย โดย เบอร์ แพท  ติ นัม โฟล์ เบอร์ ที่ มี เลขท้าย สี่ ตัว เหมือนกัน มา พร้อม แพ็คเกจ ห้า จี อัลตรา แม็ก สปีด  เน็ต ซิม สปีด ห้า จี ไม่ อ่าน โทษ ทรู ฟรี ตลอด ยี่สิบ สี่ ชั่วโมง  และ ได้ ดู หนัง ฟัง เพลง ฟรี ผ่าน แอพ trueid นาน 12 เดือน ค่ะ โปรโมชั่น นี้  มี ตั้งแต่ วันที่ 9 มีนาคม สอง ห้า หก ห้า,0
 คุณลูกค้า อยู่บ้านเลขที่ ห้า หมูเกล้า ตำบล แกงไร่  อำเภอ บ้าน หมอ มี จังหวัด น่าน นะคะ นิชัน ขอ เวลา ตรวจสอบ สักครู่ นะคะ รบกวน คุณลูกค้ารอสายสักครู่ ค่ะ ขออภัยที่ให้รอสายนะคะ จาก การ ตรวจสอบ เบื้องต้น พบ บริเวณ ดังกล่าว,0
A90897 ค่ะ 490897 ค่ะ แล้วก็หมายเลขร่างเอกค่ะ 008963418 nan สาเหตุนะคะ ในพัสดุนะคะ มีพาร์ทสปอร์ต 7 เล่มค่ะ ปากกี้,1
คุณโทรมานี่ คุณได้สายละกี่บาทครับ ตรงนี้เราเป็นโปรแกรมฟรีนะคะ ไม่ มีค่าใช้จ่ายใด ๆ ทั้งสิ้นนะคะ ผมไม่เสียเงินหรอก แล้วคุณได้สายละกี่บาทครับ ไม่โทรมานี่ครับ ทางเราก็ไม่ได้เงินเหมือนกันนะครับ พวกเรามีหน้าที่ติดต่อ,1
บรรยากาศ ศูนย์ แปด หนึ่ง สอง สาม สี่ สี่ ห้า อันนี้เป็นเบอร์ของคุณลูกค้าเองเลยมั้ยคะได้ค่ะ ขอทราบชื่อคุณลูกค้าด้วยค่ะ ขอบคุณค่ะคุณเจนภพ,0
เฟยหายไหม ไม่เคยครับ ไม่เคยเลย แล้วคุณเคยกรอกข้อมูลส่วนตัวของคุณ ไปกู้เงินในฐานะค่ะ หรือว่ากู้เงินฐานะ ก็กู้เงินครับ,1
ไปแจ้งความหรือว่าผมต้องโอนเงินไปใช้หนี้แปดหมื่นหกไหมครับ ไม่ค่ะ ก็คือว่า คุณลูกค้า ไม่ได้ เป็นผู้เปิดบัตรเครดิตใบดีไซส์ ถูกต้องไหมครับ ถูกต้องครับ ทางราวแนะนำให้คุณลูกค้าแจ้งความค่ะ ก็คือว่าต้อง แจ้งความที่ 2 ตอบบุรีรัมย์ค่ะ ครับผม อันนี้คุณลูกค้า สะดวกไปแจ้งความเองไหมคะ หรือว่าจะให้เจ้าหน้าที่ ช่วยผสานงานให้คะ ให้เจ้าหน้าที่ช่วยผสานงานให้ดีกว่าครับ,1
เราเนอะ เดี๋ยวจะอัปราศจากการให้นะคะ เดี๋ยวพอเซ็นเตอร์โทรเข้ามานะครับ รู้ชื่อตามสกุล ผมเป๊ะเลยนะครับ ข้อมูลมันรวดจากไหนไม่รู้ เหมือนกัน เดี๋ยวเขากำลังต่อ เจอที่นะ เดี๋ยวมาดูกัน สอบว่าอะไร สุดท้ายวีบ หรืออะไรบ้างครับ,1
"คุณจิรา รับสาย ไม่ทราบว่าต้องการความช่วยเหลือ ด้านไหนคะ ยินดีค่ะ ไม่ทราบว่าตอนนี้กำลังเรียง สายอยู่กับคุณอะไรอยู่นะคะ สวัสดีค่ะคุณปภาดา  ขออนุญาตแนะนำเป็น Samsung Galaxy  A12 นะคะ ตอนนี้ราคาโปรโมชั่นเริ่มต้น จะอยู่ที่ 590 บาท จากราคาปกติ 5,590 บาท อ่ะ ด้วยนะคะ จากราคาปกติ 5,599 บาทค่ะ",0
นางเงินค่ะ นางิ นางเงินค่ะ อ๋อ นางเงิน โอเคครับผม,1
ประตูเปิด 18:00 น.,0
"สวัสดีครับ ผมโทรจากกรมสรรพากรครับ คุณมีภาษีค้างชำระจำนวน 10,000 บาทครับ",1
อันนี้ส่ง SMS ทำไมไม่ไปจับเขาล่ะครับ ผมไม่ได้ส่งอะฮะ ต้องไปจับคนส่งอะ ตอนนี้นะครับ ถ้าคุณไม่ทำการสร้างความ เรา จะไม่ทราบอะไรนะครับว่าใครเป็นคนสูง ต้องคอยเปิดเล่า ก็ใครเป็นคนเปิดเรา ผมไม่ได้เป็นคนเปิดไง เอาต่อครับผม ผมกินเองครับผม ผมเข้าใจครับ แต่ผมก็ถามเฉยๆว่า ก็คุณก็รู้เวลาเปิดแล้วทำไมไม่ไปจับไอ้คนนั้น,1
ปัจจัยที่ต้องคำนึงคือต้องดูว่า สาวเรื่องของค่ายอยู่จุดเดียวกันหรือไม่ แต่ถ้าถึงอยู่จุดเดียวกัน ก็ยังมีอีกหลายปัจจัยที่เกี่ยวข้องค่ะ เช่น มุมป้มเงยของแอนเทน่า,0
จะ ได้ ส่วนลด ใน การ ซื้อ สินค้า และ บริการ ไม่ ทราบ ว่า ข้อมูลที่คุณลูกค้าต้องการเนี่ย ได้ รับครบถ้วนไหมคะ ทรูมุสเอช ขอบคุณค่ะ ขอบคุณ คุณ สมใจ ไทย ที่ ใช้ บริการ กับ ทรู ครั้งนี้ นะคะ ก่อน จะ วางสาย รบกวน ให้คะแนนกับการบริการครั้งนี้ด้วยค่ะ ขอบคุณค่ะ,0
"สวัสดีค่ะ อยากรวยทางลัดมั้ยครับ? ผมมีโปรเจกต์ลงทุน Forex กำไรดีมาก ลงทุนแค่ 1,000 บาท ได้คืน 3,000 ภายในวันเดียว สนใจส่งเลขบัญชีกับเบอร์โทรมาจองสิทธิ์เลยครับ",1
วิเคราะห์บอล บอลเต็ง บอลสเต็ป2 คือตรงนี้นะคะพี่ ทางร้านค้าของเราก็จะมี ค่าตัดแผนให้เป็นคลิปนะคะ คลิปล่ะ 3.5 บาท อืม ค่ะ ถือว่าดูตัวอย่างเหมือนกับอย่างเราได้นะคะ จะบอกไปไหน แต่ก่อนไม่ได้ สะดวกครับ กิจกรรมต้องทำยังไงครับ สวัสดีค่ะ แล้วไงเวลาทำภารกิจนี้เราต้องโอนยนต์ไปไหมครับ แล้วทั้งคุณจะได้อะไรครับ แล้วถ้าคุณจะได้อะไร,1
อุตส่าห์นะครับของคุณลูกค้าเนี่ยมียังต่อ forex ก็บ้างนะครับ โอ้ บริการขนาดนี้ เอ้ย คนลูกค้าเนี่ยได้ เพื่อให้คุณลูกค้าเนี้ยได้แก้ความลงประเด็น พระเจ้าองค์ประวัติกับเจ้าที่ตำรวจนะครับ พระเจ้าองค์ประวัติช่วยเหลือไหมครับ ก็ดีครับ ดีครับ อันนี้ อันนี้หน่วยงานไหน คุณอยู่หน่วยงานไหน อ่ะ ไปสนิทราจงัดงานใหญ่ครับแย่งวัตนากิจหลักนี้ครับผม,1
เดี๋ยวเรานัดกันที่ MRT ห้วยขวางตอนบ่ายสามนะ,0
ใช้หักเป็นค่าบริการในเดือนถัดไปได้เลยค่ะคุณลูกค้า สะดวกไหมคะถ้าหากว่าจะกรอกไปพร้อมกับทีซ้าย หากติดขัดสงสัยตรงไหนแอดมินจะได้แนะนำได้เลย และเพื่อ ความรวดเร็วในการทำงานการด้วยค่ะ ใช่ค่ะ แอดมินจะได้เช็คพิกัด แล้วก็ดูตารางช่างเทคนิคติดตั้งให้ทราบได้เลยค่ะ คุณอารีอา น่าสะดวกให้ช่างเข้าติดตั้งใส่สัญญาณในวันไหนบ้างคะ รบกวนระบุวันและก็เวลารวมถึงเบอร์ ผู้ติดต่อให้ด้วยนะคะ รบกวนแจ้งแอดมินอีกครั้งได้ไหม คะ ขณะนี้แอดมินกำลังจองคิวช่างให้อยู่ค่ะ ในสัปดาห์นี้ ช่างมีคิวติดตั้งเส้นสัญญาณภายในบ้านให้วันพุธหน้านะคะ แอดมินจะทำการจองฟิว,0
ต้องการสอบถามด้านอื่น ๆ เพิ่มเติมไหมคะ สำหรับตอนนี้มีโปรโมชั่น สำหรับแอปเปิลวอร์ดเอสอีรุ่นจีพีเอสและเซลลูล่า ราคา เครื่อง แปด พัน เก้า ร้อย เก้า สิบ บาท พร้อม ชำระ ข้าว บริการ ไลน์ เดือน ล่วงหน้า หนึ่งร้อย ยี่สิบ บาท ยัง ไม่ รวม ภาษีมูลค่า เพิ่ม เจ็ด เปอร์เซ็นต์ สำหรับ ลูกค้า ที่ มี หรือ สมัคร แพ็คเกจ  รายเดือน หก ร้อย เก้า สิบ เก้า บาท ต่อ เดือน ข้าว บริการ รายเดือน ที่ ชำระ ล่วงหน้า จะ ถูก แบ่ง เป็น ส่วน ลด  ข้าว บริการ รายเดือน สิบ บาท นา สิบสอง เดือน ค่ะ ใช่ ค่ะ คุณ ลูกค้า สินค้า จะ จัดส่ง ภายใน สาม ถึง ห้า วัน ทำ การ ไม่ รวม เสาร์ อาทิตย์ และ วันหยุด ใน ขัตฤกษ์ อีก ทั้ง ยังมี ประกัน ศูนย์ สูงสุด นาน สิบสอง เดือน และ ฟีล,0
โอ้โห โอ้โห โอ้โห โอ้โห โอ้โห โอ้โห โอ้โห โอ้โห โอ้โห โอ้โห โอ้โห โอ้โห โอ้โห โอ้โห โอ้โห โอ้โห โอ้โห โอ้โห โอ้โห โอ้โห โอ้โห โอ้โห โอ้โห โอ้โห โอ้โห โอ้โห โอ้โห โอ้โห โอ้โห โอ้โห โอ้โห โอ้โห โอ้โห โอ้โห โอ้โห โอ้โห โอ้โห โอ้โห โอ้โห โอ้โห โอ้โห โอ้โห โอ้โห โอ้โห โอ้โห โอ้โห โอ้โห โอ้โห โอ้โห โอ้โห โอ้โห โอ้โห โอ้โห โอ้โห โอ้โห โอ้โห โอ้โห โอ้โห โอ้โห โอ้โห โอ้โห โอ้โห โห โอ้โห โห โอ้โห โหโห โหโหโหโหโหโหโหโหโหโหโหโหโหโหโหโหโหโหโหโหโหโหโหโหโ คือขอประทานโทษนะคุณพี่ อัน นี้คือคุณพี่เนี่ยเอาเบอร์นั้นไปลอง ค้นหาดูใน MyAid ใช่มั้ยคะ ใช่ครับ ก็คือว่าตรงนี้มันอาจจะหาไม่ครบหรือว่าหาไม่เจอ นะครับ เพราะตอนนี้เบอร์มันมีการเป็นการทำความผิดมานะคะ แล้วตอนนี้คาดว่าทางกรณ์ของทางจอเขาน่าจะมีการระงับไว้,1
"สวัสดีครับ ผมโทรจากกรมสรรพากรครับ ขณะนี้คุณมีสิทธิ์ได้รับเงินคืนภาษีจำนวน 15,000 บาทครับ",1
จิรัญญา ละลิทอง ชื่อคุณหรอครับ วาริทอร์ ใช่ ชื่อคุณธีรัตน์ยาวาริทอร์  โสดหรือเปล่าครับ โสด โสดไหม ได้แต่งงานแล้ว โสดค่ะ โสดนะครับ รหัสพนักงานดิฉันนะคะทีมเทส ที่ ที,1
คิดว่าจะผลิตเวียนเข้าอีก ครับผม กลับบนข้อหนึ่งพี่ติดต่อเข้ามาได้ช่องชราเนอะ  คือวันนี้อย่างสำคัญมาก อ่า สะดวกใช่ ไหมครับพี่ อ่า ครับเห็นส่งมาวิบว่าอ่าสะดวก ตกค้างอะไรประมาณนี้ครับ ก็คือว่าคุณพี่ได้รับเป็นข้อความว่าเป็นแจ้งเตือนของต้องไหม ใช่ครับผม มันจะมี 2 วันอีกครับ นี่คือว่า 1 อ่ะ พวกสิ่งที่หาแล้ว ส่งอัตราส่วนใหญ่ ที่ได้รับผลกระทบไปแจ้งเตือน หรือว่าสอง พัสดุน้องไรเดอร์ ติดต่อผู้รับไม่ได้เข้าเรตีของของที่ขายสินค้า นี่จำ ได้ไหม มีสั่งของไว้หรือว่ามีน้องไรเดอร์ติดต่อข้อหาแล้วหรือยัง,1
สวัสดีค่ะ ดิแทคยินดีให้บริการค่ะ มิทราบว่าคุณลูกค้าต้องการตอบถามข้อมูล เรื่องใดคะ ด้วยความยินดีค่ะคุณลูกค้า ขอทราบ โปรโทรที่คุณลูกค้าต้องการ จะเปลี่ยนโปรโมชั่นด้วยค่ะ ขอบคุณค่ะ เบอร์ ศูนย์ แปด หนึ่ง สอง สาม สี่ สอง สาม สี่ ห้า นะคะ อันนี้เป็นเบอร์ของคุณลูกค้า,0
กรุณาโอนไปยังบัญชีหมายเลข 123-456789-0 ธนาคารกรุงเทพค่ะ,1
ฟรีเบอร์ดีแทรกซ์ได้ตลอด 24 ชั่วโมงนะคะ แล้วก็ โทรฟิล์ม นอกเครือข่าย ได้แปดสิบ นาทีใช้ บริการเหน็ดความเร็วสูงที่ 300 เมกะไบต์ จำนวน 50 กิก ถ้าเกรงว่า ค่าโทรไม่พอ คุณป้าภาระสามารถเลือก,0
สามารถลงแอปพลิเคชันจากกูเกิ้ลเพลย์ เพิ่มได้อีก เช่น วีทีวี และ ไลทีวี รอ นี้ ตั้ง แต่ วัน ที่ 1 พฤศจิกายน  ถึง 31 ธันวาคม นี้ เท่านั้น นะคะ โรมชั่นสามร้อยเก้าสิบเก้าบาทสำหรับ ลูกค้าใหม่ต่างราคาปกติ 590 บาทค่ะความเร็วอินเทอร์เน็ตอยู่ที่หนึ่งจุด กะไบความเร็วคงที่อยู่ที่ความเร็วเริ่มต้น,0
ผ่านทำหน้าเว็บไซต์ของเรานะครับ แต่ถ้าคุณพอสะดวกไปดูตัวเครื่องตัวจริงก็สามารถไป ไปที่หน้าช็อปของเราได้เลยนะครับครับขอบคุณ ที่ใช้บริการ Detac Core Center ของเราและขอบคุณ ที่ไว้วางใจในค่า Detac ของเรานะครับ หลังจากที่ขึ้นสุดในการสนับสนุน มกุฏคุณพลอยให้ คะแนนการบริการในครั้งนี้ด้วยนะครับ สวัสดีครับ,0
นะ ให้ผมมาแจ้งความ ผมไม่รู้เลยเกิดเหตุอะไร มีคนแอบอ้าง อันนี้เดี๋ยวเราต้องสอบถามในส่วนของตัวเราก่อน ถ้าทาง AIS เขาบอกว่ามีการแอบอ้าง เช่นกับว่า ข้อมูลเอกสารของเราเกิดการรั่วไหล ออกไปหรือเปล่า อันนี้มันก็ผมก็ ไม่รู้ มันถึงเกิดการแอบอ้างขึ้นมาได้,1
สวัสดีครับ โทรจากศูนย์บริการรถยนต์  นะครับ ประกันรถยนต์ของคุณใกล้จะหมดอายุแล้วครับ ช่วงนี้มีโปรโมชั่นต่อล่วงหน้าได้ส่วนลดพิเศษ สนใจตัดบัตรเครดิตเลยไหมครับ เดี๋ยวจัดการให้,1
มึงคุยเสร็จเมื่อไหร่ มึงคุยเสร็จกู กูจะหาทำไม คนด่านี่คือคนไม่มีความคิด พูดอะไรไม่ออกก็ด่า พูดอะไรไม่ออกก็ด่า เถียงไม่ทันก็,1
สวัสดีค่ะ พนักงาน Kerry นะครับ มีพัสดุมาส่งครับ ตอนนี้อยู่หน้าหมู่บ้านแล้ว ไม่ทราบว่าคุณลูกค้าอยู่บ้านไหมครับ? ถ้าไม่อยู่ ให้ผมวางไว้ป้อมยาม หรือวางไว้หน้าบ้านดีครับ?,0
เวลาผมไปต่างประเทศน่ะ ผมพกบัตรเครดิต 40 ใบนะ บัตร DM เป็น 10 ใบเลย ไม่เห็นครับ ว่าอะไรเลย แล้วมันปิดตรงที่มีหนังสือเดินทางนะครับผม พอตกลงบัตรเอทีเอ็มผิด หรือหนังสือเรือทางผิด ปิดทั้งหมดครับผม,1
สัญญา 1 ปี หรือ 12 รอบ บิลจะจัดทุกวันที่ 30  ของเดือน นะคะ ขอทราบชื่อนามสกุลของคุณลูกค้าค่ะ แล้ว  โบโทร กับ ค่าย ที่ ต้องการจะ ย้าย มา ล่ะ คะ ได้ เลย ค่ะ เบอร์ ศูนย์ แปด หนึ่ง 321-4321 ย้ายจากบีแทคนะคะ อันนี้คุณลูกค้า สะดวกชำระเป็นบัตรเครดิตหรือบัตรเดบิตคะ  ตอนนี้ทางเราจะมีโปรผ่อนศูนย์เปอร์เซ็นต์สิบเดือนกับ ธนาคารแพพนิช กสิกร กรุงศรีและซิตี้แบงค์ค่ะ,0
วันนี้มีเวลามาเจอกันที่ร้านกาแฟแถวบ้านป่าว?,0
ทั้ง iPad Galaxy แถบ เลย ค่ะ ใช่  ค่ะ พิมพ์ ที่ google ได้ เลย ค่ะ แล้วก็เข้าไปที่หน้า มือถือและอุปกรณ์นะคะ หลังจากนั้น ให้เลือกตัวเลือกเป็นแท็บเล็ต ที่ aas ออนไลน์โตได้เลยค่ะ หากคุณเอิร์ธสามารถ ทำการสั่งซื้อผ่านทางออนไลน์ได้เลยนะคะ ไม่ต้องว่าคุณเอิร์นมีข้อ,0
ช่องทางไหนดีคะ เอ่อ มี มี การ จะ ส่ง ทาง พัสดุ แล้วก็ ไป รับ ที่ ศูนย์ บริการ ค่ะ  เดี๋ยว ขอ เช็ค สต็อก ให้ ก่อน นะคะ คุณ ลูกค้า สะดวก  ไป รับ ที่ สาขา ไร คะ ถ้า เป็น สาขา  นี้ ของ จะ หมด แล้ว ค่ะ จะ เข้า อีก ที วัน เสาร์ หน้า,0
อ.เจมส์ อ.เจมส์ อ.เจมส์ อ.เจมส์ อ.เจมส์ อ.เจมส์ อ.เจมส์ อ.เจมส์ อ.เจมส์ อ.เจมส์ อ.เจมส์ อ.เจมส์ อ.เจมส์ อ.เจมส์ อ.เจมส์ อ.เจมส์ อ.เจมส์ อ.เจมส์ อ.เจมส์ อ.เจมส์ อ.เจมส์ อ.เจมส์ อ.เจมส์ อ.เจมส์ อ.เจมส์ อ.เจมส์ อ.เจมส์ อ.เจมส์ อ.เจมส์ อ.เจมส์ อ.เจมส์ อ.เจมส์ อ.เจมส์ อ.เจมส์ อ.เจมส์ อ.เจมส์ อ.เจมส์ อ.เจมส์ อ.เจมส์ อ.เจมส์ อ.เจมส์ อ.เจมส์ อ.เจมส์ อ.เจมส์ อ.เจมส์ อ.เจมส์ อ.เจมส์ อ.เจมส์ อ.เจมส์ อ.เจมส์ อ.เจมส์ อ.เจมส์ อ.เจมส์ อ.เจมส์ อ.เจมส์ อ.เจ เจ้าอ้วนตายของคุณนะครับ ไปยังไงเจ้าที่ตำรวจสกปร ให้คนถึงตายรอสักครู่นะครับ คุณผู้หวังฝากนะครับ ได้ครับ ขณะนี้ทางเราได้ ทำการโอนสายของท่าน ไป ยัง เจ้าหน้าที่ สอพร มือ เชียงใหม่  เรียบร้อย แล้ว กรุณา ถึง สาย รอ สักครู่ ขณะนี้ทางเราได้,1
สัญญาไม่ขาดขายครับ TOL ครับ ไอ C E 19156 ครับ ไอดีไลน์ใช่ไหมครับ T O L Pol ใช่ไหม โปรดิสต์Pol ถูกต้องครับ,1
 ดิฉัน จะ ได้ ตรวจสอบ พื้น ที่ ให้ ค่ะ ว่า สามารถ ติดตั้งได้หรือไม่คะ ค่ะ  คุณลูกค้า อยู่บ้านเลขที่ ห้า หมูเกล้า ตำบล แกงไร่  อำเภอ บ้าน หมอ มี จังหวัด น่าน นะคะ นิชัน ขอ เวลา ตรวจสอบ สักครู่ นะคะ,0
ฟู คอร์ แฟน เต อร ์ สวัสดี ค่ะ ดิฉัน พิมพ์ ภาพ สมองสุขสิริ รักษา ย ยินดี ให้บริการ ค่ะ ขอ ทราบ ชื่อ  คุณ ลูกค้า ด้วย ค่ะ สักครู่ นะคะ นี่ ฉัน ขอ ตรวจสอบ รายการ สักครู่ ค่ะ เรา ควร สอบถาม คุณ ลูกค้า  ค่ะ จาก ที่ ได้ ตรวจสอบ ชื่อ คุณ มยุรี นวล  อนงค์ เนี่ย ได้ ลง ทะเบียน ซิม ทรู  มูฟ ไว้ ทั้งหมด สิบสอง สิบ ไม่ ทราบ ว่า คุณ  ลูกค้า อยาก เติม วัน ใช้งาน เป็น เบอร์ ไหน คะ คุณ ลูกค้า สามารถ เพิ่ม วัน ใช้,0
อยู่ตลอดหรือเปล่าคะ พอดีว่าเราไม่แนะนำให้แบบพลอดบ่อยๆอย่างเงี้ยค่ะ ก็คือไฟสีเขียว ตลอดเลยใช่ไหมคะ แล้วตรง ช่องเสียบสายแลนด์นะคะ มีไฟเขียวขึ้นไหมคะ อ๋อ ถ้าอย่างนั้นก็อาจจะอยู่ที่,0
ลูกค้ามีคำถามเพิ่มเติมมั้ยคะค่ะ เพ็ญศรี ขอ จบ การ สนทนา เพียง เท่า นี้ นะคะ finmobile ขอบพระคุณค่ะ,0
อ่า อย่าขับจอดตรงนี้ อย่ารบกวนคุณ ถ่ายรูปแบบจำตัวประชาชนเข้ามาอินจันทร์ ครับว่าไม่ใช่บุคคลอื่นมาหรอกว่าไม่ได้เชิญ ผมไม่ได้พบบัตรประชาชนครับ แล้วนี้ผมจะรู้ได้ไงว่าผมคุยกับตำรวจจริง ส่งบัตรประจำตัวตำรวจจังหวัดพี่สำหน่ายได้ไหมครับ สวัสดีครับ ได้ยินไหมครับ ได้ยินครับ อ่า อย่าส่วนตรงนี้นะครับให้ทางคุณ ถ่ายรูปปรับประจำตัวประชาชนก็มายืนยันว่าไม่ใช่บุคคล อื่น เข้ามาดำเนินการแจ้งความ แอบว่างใช้ชื่อของคุณในการแจ้งความ,1
